frame_pair,frame_idx,node,node_x_px,node_y_px,gt_dx,gt_dy,pred_dx,pred_dy,error_px
F1->F2,0,0,409.9315,403.2275,-0.132816,-0.375533,-0.470663,-0.176167,0.392285
F1->F2,0,1,418.3476,384.7786,-0.105391,-0.393748,-0.263339,0.018368,0.441347
F1->F2,0,2,425.5264,365.9869,-0.052923,-0.323861,0.008377,0.030042,0.359172
F1->F2,0,3,430.3619,346.5725,-0.003432,-0.257688,-0.281612,0.000797,0.379735
F1->F2,0,4,432.6155,326.6716,0.045211,-0.208542,-0.063829,0.121063,0.347173
F1->F2,0,5,432.4001,306.5886,0.090497,-0.17292,-0.271976,-0.169936,0.362485
F1->F2,0,6,429.8391,286.6223,0.144326,-0.152892,-0.346333,-0.082147,0.495732
F1->F2,0,7,425.3237,266.8902,0.213768,-0.143164,-0.237582,-0.137024,0.451391
F1->F2,0,8,419.5385,247.3112,0.269835,-0.129436,-0.202218,-0.249602,0.487107
F1->F2,0,9,413.1808,227.7945,0.295828,-0.109721,0.114978,0.169143,0.332373
F1->F2,0,10,406.5966,208.3319,0.288813,-0.082306,-0.092155,-0.207598,0.401042
F1->F2,0,11,399.415,189.0833,0.26043,-0.05867,0.003248,-0.091772,0.259303
F1->F2,0,12,391.1776,170.229,0.224108,-0.029933,0.162629,-0.019852,0.0623
F1->F2,0,13,381.4029,152.1285,0.197387,0.007763,0.045337,0.005096,0.152074
F1->F2,0,14,369.5294,135.7537,0.162998,0.044672,0.322739,0.105066,0.170777
F1->F2,0,15,354.9836,122.2068,0.117764,0.076802,0.159866,0.071793,0.042398
F1->F2,0,16,337.7215,112.4864,0.062076,0.102715,0.155634,0.103839,0.093564
F1->F2,0,17,318.7047,107.3955,0.006688,0.130699,0.073852,0.273744,0.158028
F1->F2,0,18,299.0324,107.6239,-0.035739,0.137352,0.041985,0.033936,0.129367
F1->F2,0,19,280.0245,113.0694,-0.061612,0.131049,-0.086937,0.253667,0.125205
F1->F2,0,20,263.1088,123.2199,-0.066086,0.121012,-0.071008,0.114518,0.008149
F1->F2,0,21,249.3336,137.3627,-0.042683,0.113232,-0.12223,0.119685,0.079808
F1->F2,0,22,239.1261,154.4626,-0.004059,0.106063,0.144841,0.125423,0.150154
F1->F2,0,23,232.6757,173.4812,0.032323,0.0872,-0.043569,0.068569,0.078145
F1->F2,0,24,228.8919,193.5668,0.082669,0.068253,-0.018812,0.118453,0.113218
F1->F2,0,25,226.1689,213.9652,0.133574,0.048912,-0.058756,0.006809,0.196885
F1->F2,0,26,223.7282,234.3101,0.179854,0.022252,0.350933,0.113289,0.193794
F1->F2,0,27,221.6138,254.62,0.199198,-0.017226,-0.04881,0.241295,0.358248
F1->F2,0,28,219.9001,274.9295,0.205691,-0.055453,0.152121,-0.005274,0.073401
F1->F2,0,29,218.6193,295.2723,0.19619,-0.089151,0.470162,-0.163872,0.283978
F1->F2,0,30,217.8055,315.6657,0.175986,-0.116257,-0.065358,-0.079029,0.244199
F1->F2,0,31,217.6771,336.0092,0.14855,-0.142914,0.190889,-0.10984,0.053727
F1->F2,0,32,218.58,356.1368,0.093542,-0.164819,0.514079,0.005585,0.45375
F1->F2,0,33,221.4295,375.7161,0.053386,-0.18253,0.466406,-0.080647,0.425401
F1->F2,0,34,227.2689,394.3853,0.000552,-0.186188,0.185256,-0.073155,0.216546
F1->F2,0,35,235.0917,412.4423,-0.0342,-0.159199,1.952459,0.012296,1.994048
F1->F2,0,36,416.1681,406.1487,-0.142232,-0.378689,-0.708623,-0.060568,0.649615
F1->F2,0,37,424.5625,387.4559,-0.122439,-0.381063,-1.001323,-0.090001,0.925826
F1->F2,0,38,431.8651,368.0277,-0.071392,-0.311228,0.023194,0.085021,0.407383
F1->F2,0,39,436.8139,347.7259,-0.013011,-0.24709,-0.397414,-0.01597,0.448533
F1->F2,0,40,439.1335,326.9965,0.054186,-0.190991,-0.289087,-0.07908,0.361055
F1->F2,0,41,439.0263,306.1229,0.098093,-0.156478,-0.092955,-0.114604,0.195583
F1->F2,0,42,436.8172,285.3406,0.14781,-0.134242,-0.179687,-0.166927,0.329124
F1->F2,0,43,432.967,264.8423,0.211711,-0.124578,-0.102932,-0.058669,0.321472
F1->F2,0,44,427.8835,244.6703,0.260268,-0.113371,0.285043,0.160187,0.274677
F1->F2,0,45,421.925,224.9114,0.27768,-0.094835,0.107083,0.18325,0.326243
F1->F2,0,46,415.301,205.2784,0.2669,-0.072145,-0.098415,-0.144846,0.372479
F1->F2,0,47,407.6769,185.7812,0.240559,-0.053448,-0.024752,-0.00465,0.269762
F1->F2,0,48,398.7933,166.5799,0.204536,-0.026724,-0.039132,-0.073068,0.248036
F1->F2,0,49,388.2393,147.9225,0.174851,0.008058,0.262744,0.165867,0.180635
F1->F2,0,50,375.3203,130.743,0.136667,0.04889,0.224413,0.177184,0.155431
F1->F2,0,51,359.2796,116.3646,0.092305,0.084422,0.125492,0.104048,0.038556
F1->F2,0,52,340.2979,106.229,0.048796,0.115423,0.110641,0.126253,0.062787
F1->F2,0,53,319.4758,101.4129,0.001074,0.143554,0.10215,0.156456,0.101896
F1->F2,0,54,298.2211,102.1904,-0.045502,0.148911,0.034802,0.038888,0.136212
F1->F2,0,55,277.8644,108.0884,-0.068367,0.141253,0.070144,0.207657,0.153606
F1->F2,0,56,259.7671,119.0331,-0.076349,0.132725,0.197892,0.12765,0.274288
F1->F2,0,57,245.4461,134.3994,-0.060696,0.122981,-0.062454,0.225444,0.102478
F1->F2,0,58,234.8006,152.4942,-0.010201,0.113849,0.138512,0.125814,0.149193
F1->F2,0,59,227.2525,172.1476,0.025996,0.09523,0.12056,-0.064871,0.185942
F1->F2,0,60,222.1063,192.5688,0.07589,0.076054,0.047412,0.12135,0.053504
F1->F2,0,61,218.4538,212.99,0.128529,0.056967,0.44507,-0.188149,0.40035
F1->F2,0,62,215.5606,233.3903,0.174312,0.028001,0.378579,-4e-06,0.206178
F1->F2,0,63,213.4376,253.8456,0.191549,-0.009782,-0.197626,0.213333,0.448596
F1->F2,0,64,211.9206,274.3415,0.1969,-0.048856,-0.007067,-0.18388,0.244609
F1->F2,0,65,210.8087,294.8657,0.188921,-0.084341,0.555317,0.158848,0.439757
F1->F2,0,66,210.0567,315.4679,0.167346,-0.114283,0.32674,-0.052223,0.171049
F1->F2,0,67,209.8198,336.131,0.136038,-0.141809,0.505236,-0.063469,0.377418
F1->F2,0,68,210.4439,356.8145,0.079423,-0.164174,1.35354,-0.077067,1.277091
F1->F2,0,69,212.9197,377.6051,0.034169,-0.174207,0.403336,-0.004072,0.406485
F1->F2,0,70,219.4692,397.4406,-0.00604,-0.185092,0.670801,-0.017117,0.697374
F1->F2,0,71,229.6962,414.8906,-0.029542,-0.162071,0.953129,0.02512,1.000342
F1->F2,0,72,422.4047,409.07,-0.149252,-0.376293,-0.95299,-0.105617,0.848092
F1->F2,0,73,430.7774,390.1332,-0.135603,-0.364204,-0.962196,-0.119064,0.862177
F1->F2,0,74,438.2037,370.0686,-0.091878,-0.300071,-0.162531,-0.074666,0.236219
F1->F2,0,75,443.2659,348.8792,-0.021831,-0.225015,-0.372504,-0.082166,0.378652
F1->F2,0,76,445.6514,327.3215,0.060369,-0.169074,-0.175235,-0.146499,0.236683
F1->F2,0,77,445.6526,305.6572,0.10633,-0.13733,-0.074616,-0.159104,0.182252
F1->F2,0,78,443.7954,284.0588,0.152197,-0.114847,0.090842,-0.105384,0.06208
F1->F2,0,79,440.6104,262.7944,0.209961,-0.104453,0.202606,0.103754,0.208337
F1->F2,0,80,436.2285,242.0293,0.248569,-0.0942,0.37073,0.227411,0.34403
F1->F2,0,81,430.6692,222.0282,0.26024,-0.080081,-0.008796,0.063632,0.305015
F1->F2,0,82,424.0054,202.2249,0.249895,-0.062763,0.140284,0.07189,0.173626
F1->F2,0,83,415.9389,182.4791,0.225628,-0.049337,0.13432,0.106163,0.180326
F1->F2,0,84,406.4089,162.9308,0.191899,-0.030548,-0.092703,0.115529,0.319901
F1->F2,0,85,395.0757,143.7165,0.151803,0.00286,0.263776,0.228111,0.251547
F1->F2,0,86,381.1111,125.7322,0.109148,0.045044,0.186097,-0.069896,0.138319
F1->F2,0,87,363.5756,110.5223,0.070315,0.08158,0.202467,0.063177,0.133427
F1->F2,0,88,342.8744,99.9715,0.034392,0.119462,0.099029,0.167669,0.080634
F1->F2,0,89,320.2468,95.4304,-0.007382,0.149415,0.108734,0.143259,0.116279
F1->F2,0,90,297.4098,96.7569,-0.048377,0.156794,0.016718,0.106385,0.082331
F1->F2,0,91,275.7043,103.1073,-0.072499,0.151289,0.031534,0.224202,0.12704
F1->F2,0,92,256.4255,114.8464,-0.083122,0.145365,0.128411,0.149164,0.211567
F1->F2,0,93,241.5586,131.4362,-0.077808,0.131598,-0.122227,0.237244,0.114604
F1->F2,0,94,230.4752,150.5258,-0.018452,0.12218,0.099267,0.198986,0.14056
F1->F2,0,95,221.8294,170.814,0.021107,0.102231,0.133053,-0.076332,0.210753
F1->F2,0,96,215.3206,191.5707,0.066407,0.083692,0.063923,0.137718,0.054083
F1->F2,0,97,210.7387,212.0149,0.119956,0.063204,0.232766,-0.139271,0.231781
F1->F2,0,98,207.3931,232.4704,0.164452,0.032214,0.584529,0.307945,0.502486
F1->F2,0,99,205.2615,253.0711,0.182882,-0.003825,0.066608,-0.019976,0.117391
F1->F2,0,100,203.941,273.7534,0.186801,-0.043119,0.339111,-0.356869,0.348765
F1->F2,0,101,202.9982,294.4591,0.177854,-0.082664,0.404717,-0.129074,0.231562
F1->F2,0,102,202.308,315.2701,0.156139,-0.112409,0.423736,-0.015543,0.28459
F1->F2,0,103,201.9625,336.2528,0.124018,-0.144535,0.321658,-0.320699,0.264755
F1->F2,0,104,202.3078,357.4923,0.068531,-0.163865,0.242647,-0.134086,0.176645
F1->F2,0,105,204.4098,379.4941,0.01423,-0.169357,0.788773,0.032413,0.800392
F1->F2,0,106,211.6695,400.4958,-0.017115,-0.18683,1.015929,-0.092772,1.037317
F1->F2,0,107,224.3007,417.3389,-0.023362,-0.164082,-0.15819,0.044262,0.248165
F1->F2,0,108,428.6414,411.9913,-0.155994,-0.364141,-0.813446,-0.208374,0.675652
F1->F2,0,109,436.9924,392.8104,-0.144277,-0.346504,-0.782913,-0.077173,0.693105
F1->F2,0,110,444.5424,372.1094,-0.108277,-0.283948,-0.58744,-0.111696,0.509184
F1->F2,0,111,449.7179,350.0325,-0.025201,-0.197859,-0.348187,-0.166436,0.324511
F1->F2,0,112,452.1693,327.6464,0.066426,-0.150291,-0.271775,-0.197191,0.341438
F1->F2,0,113,452.2788,305.1914,0.118413,-0.119088,-0.170523,-0.198721,0.299709
F1->F2,0,114,450.7735,282.7771,0.159005,-0.094742,-0.083212,-0.11278,0.242887
F1->F2,0,115,448.2537,260.7464,0.207081,-0.08366,0.309185,0.179847,0.282597
F1->F2,0,116,444.5735,239.3884,0.236026,-0.079653,0.18882,-0.009733,0.084363
F1->F2,0,117,439.4135,219.1451,0.245014,-0.067826,0.038084,0.010035,0.221093
F1->F2,0,118,432.7099,199.1713,0.233707,-0.056131,0.396535,0.198569,0.3023
F1->F2,0,119,424.2008,179.177,0.212935,-0.045051,0.296914,0.260994,0.317358
F1->F2,0,120,414.0245,159.2817,0.183154,-0.031637,0.372558,0.250356,0.339697
F1->F2,0,121,401.9121,139.5105,0.132151,-0.006868,0.213003,0.127018,0.156405
F1->F2,0,122,386.9019,120.7215,0.082846,0.03593,0.032682,-0.110604,0.154883
F1->F2,0,123,367.8717,104.6801,0.048963,0.078149,0.15088,0.018727,0.117976
F1->F2,0,124,345.4508,93.7141,0.016156,0.113564,0.151384,0.10309,0.135632
F1->F2,0,125,321.0179,89.4478,-0.025323,0.150774,0.094256,0.20417,0.130959
F1->F2,0,126,296.5985,91.3234,-0.04817,0.162795,-0.023734,0.202421,0.046554
F1->F2,0,127,273.5442,98.1263,-0.074773,0.161723,-0.014542,0.187869,0.065661
F1->F2,0,128,253.0838,110.6596,-0.087665,0.158339,0.147506,0.10023,0.242244
F1->F2,0,129,237.6711,128.473,-0.088913,0.142922,0.13462,0.200124,0.230736
F1->F2,0,130,226.1497,148.5574,-0.028817,0.131032,0.097264,0.234482,0.16309
F1->F2,0,131,216.4062,169.4804,0.017501,0.108305,0.108336,-0.04238,0.175946
F1->F2,0,132,208.5349,190.5726,0.056727,0.09108,-0.006095,0.16509,0.097078
F1->F2,0,133,203.0236,211.0397,0.108622,0.068956,0.534552,0.152814,0.434106
F1->F2,0,134,199.2255,231.5505,0.149435,0.035955,0.351399,0.075605,0.205819
F1->F2,0,135,197.0853,252.2966,0.167684,-0.001907,-0.033743,-0.049296,0.206926
F1->F2,0,136,195.9615,273.1654,0.17386,-0.040861,0.599285,-0.149727,0.439134
F1->F2,0,137,195.1876,294.0525,0.16614,-0.081226,0.352546,-0.119774,0.19035
F1->F2,0,138,194.5593,315.0723,0.143308,-0.113791,0.240909,-0.033089,0.126643
F1->F2,0,139,194.1052,336.3747,0.110028,-0.146239,0.317677,-0.25086,0.232515
F1->F2,0,140,194.1716,358.1701,0.059615,-0.167207,-0.257738,-0.050547,0.338117
F1->F2,0,141,195.8999,381.3831,-0.006314,-0.180688,0.115922,0.068181,0.277268
F1->F2,0,142,203.8698,403.5511,-0.021656,-0.202384,-0.901563,-0.791955,1.059165
F1->F2,0,143,218.9052,419.7871,-0.024384,-0.173677,-0.040035,0.117036,0.291134
F1->F2,0,144,434.878,414.9125,-0.160316,-0.345983,-0.504588,-0.177543,0.383269
F1->F2,0,145,443.2073,395.4877,-0.149579,-0.325265,-0.377864,-0.193237,0.263715
F1->F2,0,146,450.8811,374.1503,-0.117045,-0.25781,-1.023832,-0.061839,0.927722
F1->F2,0,147,456.1699,351.1859,-0.027463,-0.17674,-0.322795,-0.35533,0.345132
F1->F2,0,148,458.6872,327.9714,0.072571,-0.133652,-0.343716,-0.175639,0.4184
F1->F2,0,149,458.9051,304.7257,0.129145,-0.102955,-0.310125,-0.248331,0.462701
F1->F2,0,150,457.7516,281.4953,0.164293,-0.074427,-0.140356,-0.094002,0.305277
F1->F2,0,151,455.8971,258.6985,0.202387,-0.066403,0.15109,0.09922,0.173385
F1->F2,0,152,452.9186,236.7475,0.223781,-0.065889,-0.113298,-0.13003,0.343127
F1->F2,0,153,448.1577,216.2619,0.23007,-0.057729,0.373741,0.210617,0.304387
F1->F2,0,154,441.4143,196.1178,0.21881,-0.051416,0.251869,0.193335,0.246974
F1->F2,0,155,432.4628,175.875,0.2076,-0.04238,20.0,-20.0,28.107751
F1->F2,0,156,421.6402,155.6326,0.172271,-0.035827,19.498695,-15.499868,24.751711
F1->F2,0,157,408.7485,135.3045,0.116817,-0.01634,0.082487,0.001763,0.038811
F1->F2,0,158,392.6928,115.7108,0.058275,0.024481,0.001037,-0.001527,0.06287
F1->F2,0,159,372.1677,98.8379,0.024866,0.062978,0.106565,-0.021337,0.117403
F1->F2,0,160,348.0272,87.4567,-0.005166,0.100723,0.070389,0.003145,0.12341
F1->F2,0,161,321.789,83.4652,-0.034112,0.141096,0.041901,0.122083,0.078355
F1->F2,0,162,295.7873,85.8899,-0.044434,0.16446,-0.091732,0.201352,0.059984
F1->F2,0,163,271.3842,93.1452,-0.07224,0.171963,0.047355,0.187579,0.120611
F1->F2,0,164,249.7421,106.4728,-0.089593,0.171487,0.155598,0.105784,0.253842
F1->F2,0,165,233.7835,125.5097,-0.099838,0.154404,0.346721,0.03364,0.4626
F1->F2,0,166,221.8242,146.589,-0.037196,0.138393,0.106424,0.235061,0.173123
F1->F2,0,167,210.9831,168.1467,0.013789,0.114578,0.191739,0.030026,0.197015
F1->F2,0,168,201.7492,189.5745,0.049806,0.097005,-0.17758,0.227985,0.262412
F1->F2,0,169,195.3085,210.0645,0.096147,0.075481,0.052981,-0.083378,0.164619
F1->F2,0,170,191.0579,230.6306,0.130492,0.038895,0.30962,-0.132838,0.248152
F1->F2,0,171,188.9092,251.5221,0.148497,0.001578,0.129511,0.019881,0.026372
F1->F2,0,172,187.982,272.5773,0.159672,-0.040968,-0.889691,-0.821909,1.308065
F1->F2,0,173,187.3771,293.6459,0.152752,-0.081151,0.272391,-0.012229,0.138071
F1->F2,0,174,186.8106,314.8745,0.130673,-0.114777,0.473564,0.046237,0.378814
F1->F2,0,175,186.2479,336.4965,0.093994,-0.154663,0.169526,-0.241209,0.114871
F1->F2,0,176,186.0355,358.8478,0.051658,-0.17868,-0.279666,0.11069,0.439899
F1->F2,0,177,187.39,383.272,-0.02696,-0.204288,-7.723168,4.071355,8.804132
F1->F2,0,178,196.0701,406.6064,-0.033553,-0.229496,-0.01323,-0.814229,0.585086
F1->F2,0,179,213.5098,422.2354,-0.024029,-0.185019,-0.295429,0.191106,0.463819
F2->F3,1,0,409.7987,402.8519,0.878166,-1.015185,-1.042878,-0.271602,2.059934
F2->F3,1,1,418.2422,384.3849,0.807755,-0.653436,1.434737,-0.769288,0.637596
F2->F3,1,2,425.4735,365.663,0.878941,-0.641067,2.601324,-1.156532,1.797862
F2->F3,1,3,430.3585,346.3148,0.673565,-0.781732,1.543791,-1.198662,0.964948
F2->F3,1,4,432.6607,326.463,0.720134,-0.931287,0.301645,-1.274548,0.541259
F2->F3,1,5,432.4906,306.4157,0.865849,-0.986341,0.682799,-1.051341,0.194248
F2->F3,1,6,429.9835,286.4694,0.909223,-0.993436,0.716436,-1.024927,0.195343
F2->F3,1,7,425.5375,266.747,0.970387,-0.966269,0.827618,-1.034239,0.158123
F2->F3,1,8,419.8083,247.1817,0.924553,-0.882435,0.914034,-0.984927,0.10303
F2->F3,1,9,413.4766,227.6848,0.590129,-0.747914,0.623359,-1.158517,0.411946
F2->F3,1,10,406.8854,208.2496,0.124652,-0.616785,-0.919524,-0.059436,1.183614
F2->F3,1,11,399.6754,189.0246,-0.24075,-0.553226,-0.903624,-0.175704,0.762841
F2->F3,1,12,391.4017,170.1991,-0.482163,-0.473792,0.054306,-0.625696,0.557561
F2->F3,1,13,381.6003,152.1362,-0.589658,-0.404505,-0.214911,-0.599344,0.422371
F2->F3,1,14,369.6924,135.7984,-0.573648,-0.365919,-0.467464,-0.292069,0.12934
F2->F3,1,15,355.1014,122.2836,-0.451665,-0.398987,-0.187214,-0.602402,0.333635
F2->F3,1,16,337.7836,112.5891,-0.231274,-0.378115,-0.382164,-0.306443,0.167046
F2->F3,1,17,318.7114,107.5262,0.021627,-0.387401,-0.049482,-0.392586,0.071297
F2->F3,1,18,298.9966,107.7613,0.264571,-0.439597,0.084833,-0.564405,0.218821
F2->F3,1,19,279.9629,113.2005,0.385718,-0.516357,-0.225714,-0.557456,0.612812
F2->F3,1,20,263.0428,123.3409,0.452739,-0.563949,0.039191,-0.595464,0.414747
F2->F3,1,21,249.2909,137.4759,0.465338,-0.538506,0.4727,-0.742346,0.203973
F2->F3,1,22,239.1221,154.5686,0.437089,-0.528694,0.262897,-0.662389,0.219585
F2->F3,1,23,232.708,173.5684,0.523167,-0.487357,1.34214,-0.311972,0.837542
F2->F3,1,24,228.9746,193.6351,0.58016,-0.568154,0.388002,-0.999119,0.471863
F2->F3,1,25,226.3025,214.0141,0.827082,-0.627821,1.082834,-0.071834,0.611989
F2->F3,1,26,223.9081,234.3324,1.144943,-0.691788,0.607214,-0.768868,0.543225
F2->F3,1,27,221.813,254.6028,1.304143,-0.790529,1.179219,-0.887184,0.15795
F2->F3,1,28,220.1058,274.8741,1.277386,-0.841384,1.371601,-1.147268,0.320065
F2->F3,1,29,218.8155,295.1832,1.060356,-0.839816,0.250579,-0.948766,0.817074
F2->F3,1,30,217.9814,315.5494,0.939099,-0.81215,0.413069,-1.084573,0.592386
F2->F3,1,31,217.8256,335.8663,0.918945,-0.705575,0.215945,-1.013741,0.767578
F2->F3,1,32,218.6736,355.972,0.856566,-0.618657,0.393439,-1.158739,0.71146
F2->F3,1,33,221.4829,375.5336,0.69478,-0.710635,0.743722,-1.086017,0.37856
F2->F3,1,34,227.2695,394.1991,0.588359,-0.696653,0.635352,-1.041908,0.348438
F2->F3,1,35,235.0575,412.2831,0.46324,-1.033847,-0.259231,-1.036823,0.722477
F2->F3,1,36,416.0259,405.77,0.881853,-0.876753,-0.944583,-0.172666,1.957449
F2->F3,1,37,424.4401,387.0748,0.811249,-0.612071,1.171809,-0.900054,0.461452
F2->F3,1,38,431.7937,367.7165,0.701994,-0.716081,2.020213,-0.913141,1.332867
F2->F3,1,39,436.8009,347.4788,0.633895,-0.817281,1.59189,-1.136491,1.009777
F2->F3,1,40,439.1876,326.8055,0.737873,-0.904481,0.529563,-1.293709,0.441465
F2->F3,1,41,439.1244,305.9664,0.873864,-0.992579,0.553682,-1.117848,0.343815
F2->F3,1,42,436.9651,285.2063,0.893926,-1.020056,0.502358,-1.065243,0.394167
F2->F3,1,43,433.1788,264.7177,0.946708,-1.02402,0.80305,-1.026143,0.143674
F2->F3,1,44,428.1438,244.5569,0.87948,-0.963904,0.462797,-0.733015,0.476376
F2->F3,1,45,422.2027,224.8165,0.506854,-0.854848,0.37361,-0.782131,0.151795
F2->F3,1,46,415.5679,205.2062,0.061601,-0.744865,0.152534,-0.875323,0.159022
F2->F3,1,47,407.9175,185.7278,-0.293,-0.692312,0.173924,-0.860334,0.496236
F2->F3,1,48,398.9978,166.5532,-0.501211,-0.63478,-1.003432,-0.213336,0.655623
F2->F3,1,49,388.4141,147.9305,-0.563103,-0.58083,-0.562904,-0.666924,0.086094
F2->F3,1,50,375.4569,130.7919,-0.5661,-0.542558,-0.636282,-0.157871,0.391037
F2->F3,1,51,359.3719,116.449,-0.462788,-0.566089,-0.289095,-0.760787,0.260915
F2->F3,1,52,340.3467,106.3444,-0.260795,-0.526502,0.021017,-0.519836,0.281891
F2->F3,1,53,319.4768,101.5565,-0.001707,-0.521139,-0.058399,-0.430795,0.106659
F2->F3,1,54,298.1756,102.3393,0.278181,-0.552005,0.197255,-0.672468,0.145123
F2->F3,1,55,277.796,108.2296,0.381402,-0.629415,-0.059584,-0.741713,0.455059
F2->F3,1,56,259.6908,119.1659,0.448211,-0.612491,0.238438,-0.714438,0.233234
F2->F3,1,57,245.3854,134.5224,0.458631,-0.54018,0.508062,-0.616123,0.090614
F2->F3,1,58,234.7904,152.608,0.428291,-0.533604,0.301306,-0.732092,0.235633
F2->F3,1,59,227.2785,172.2428,0.467683,-0.488918,0.91707,-0.233136,0.517081
F2->F3,1,60,222.1821,192.6448,0.550917,-0.545637,0.873451,-0.705159,0.359827
F2->F3,1,61,218.5824,213.047,0.818765,-0.616066,1.327158,-0.196465,0.659188
F2->F3,1,62,215.735,233.4183,1.116918,-0.685363,0.673336,-0.633999,0.446546
F2->F3,1,63,213.6292,253.8358,1.24347,-0.798122,1.250157,-1.07675,0.278709
F2->F3,1,64,212.1175,274.2926,1.214264,-0.874614,1.130095,-1.055581,0.199583
F2->F3,1,65,210.9976,294.7814,1.025335,-0.886201,1.046828,-0.922414,0.04211
F2->F3,1,66,210.2241,315.3536,0.914634,-0.865424,0.584228,-0.877534,0.330628
F2->F3,1,67,209.9558,335.9892,0.910938,-0.760142,1.351968,-1.051578,0.528623
F2->F3,1,68,210.5233,356.6504,0.822246,-0.709494,3.50588,-0.100602,2.751844
F2->F3,1,69,212.9538,377.4309,0.627135,-0.805766,1.055226,-1.018148,0.477879
F2->F3,1,70,219.4632,397.2555,0.399902,-0.826854,0.517935,-0.832934,0.118189
F2->F3,1,71,229.6667,414.7285,0.374078,-1.11464,-0.056084,-1.168804,0.433558
F2->F3,1,72,422.2555,408.6937,0.904127,-0.712886,2.004834,-0.853791,1.109689
F2->F3,1,73,430.6418,389.7689,0.76979,-0.616345,2.134454,-1.128005,1.457431
F2->F3,1,74,438.1119,369.7685,0.596472,-0.74945,1.966959,-0.842634,1.373651
F2->F3,1,75,443.2441,348.6542,0.663674,-0.86144,0.070087,-0.050254,1.005171
F2->F3,1,76,445.7118,327.1524,0.795268,-0.929067,0.64293,-1.18946,0.301681
F2->F3,1,77,445.7589,305.5198,0.887409,-1.00211,0.767092,-1.133392,0.178076
F2->F3,1,78,443.9476,283.944,0.875874,-1.063667,0.40294,-0.876731,0.508539
F2->F3,1,79,440.8204,262.6899,0.930273,-1.081555,1.936007,-1.885577,1.287615
F2->F3,1,80,436.4771,241.9352,0.829915,-1.05058,0.260228,-0.846463,0.60515
F2->F3,1,81,430.9295,221.9481,0.446098,-0.949794,0.493144,-0.686787,0.267181
F2->F3,1,82,424.2553,202.1621,0.018069,-0.85685,-0.125427,-1.097947,0.280569
F2->F3,1,83,416.1645,182.4298,-0.340259,-0.81063,0.026073,-0.901404,0.377411
F2->F3,1,84,406.6008,162.9003,-0.522678,-0.761353,-2.534045,1.378686,2.936897
F2->F3,1,85,395.2275,143.7194,-0.536496,-0.726935,-0.5203,-0.762638,0.039205
F2->F3,1,86,381.2202,125.7773,-0.528347,-0.688849,-0.137579,-0.753583,0.396094
F2->F3,1,87,363.646,110.6039,-0.42696,-0.649073,-0.439813,-0.742317,0.094125
F2->F3,1,88,342.9088,100.091,-0.273881,-0.62046,-0.526513,-0.202622,0.488274
F2->F3,1,89,320.2395,95.5798,-0.024263,-0.588595,-0.069964,-0.461789,0.13479
F2->F3,1,90,297.3614,96.9137,0.248597,-0.649989,0.294421,-0.694202,0.063675
F2->F3,1,91,275.6318,103.2586,0.371565,-0.710421,0.128612,-0.834369,0.272744
F2->F3,1,92,256.3423,114.9917,0.44335,-0.663714,-0.226379,-0.570197,0.676227
F2->F3,1,93,241.4808,131.5678,0.487227,-0.541427,0.365696,-0.74385,0.236103
F2->F3,1,94,230.4567,150.648,0.421751,-0.499769,0.263594,-0.871502,0.403979
F2->F3,1,95,221.8505,170.9162,0.406276,-0.462114,0.581535,-0.093702,0.407974
F2->F3,1,96,215.387,191.6544,0.523217,-0.514096,0.792178,-0.74796,0.356416
F2->F3,1,97,210.8587,212.0781,0.799877,-0.58988,1.261203,-0.257612,0.568528
F2->F3,1,98,207.5575,232.5026,1.056515,-0.657578,0.320641,-1.14031,0.88008
F2->F3,1,99,205.4444,253.0672,1.163758,-0.787742,1.188853,-0.78858,0.025108
F2->F3,1,100,204.1278,273.7103,1.122674,-0.896987,0.560241,-0.971476,0.567345
F2->F3,1,101,203.176,294.3765,0.987068,-0.924528,0.937269,-1.005722,0.095249
F2->F3,1,102,202.4641,315.1577,0.88401,-0.918437,0.579962,-0.912985,0.304097
F2->F3,1,103,202.0865,336.1083,0.866034,-0.8563,0.849346,-1.174278,0.318416
F2->F3,1,104,202.3763,357.3284,0.783016,-0.824247,1.331073,-1.103043,0.614893
F2->F3,1,105,204.424,379.3247,0.535722,-0.924871,1.208,-1.05236,0.68426
F2->F3,1,106,211.6524,400.309,0.234987,-1.046085,0.463234,-1.048392,0.228259
F2->F3,1,107,224.2774,417.1748,0.298219,-1.19066,0.133418,-1.112933,0.182211
F2->F3,1,108,428.4854,411.6271,0.931311,-0.640207,2.342433,-0.982119,1.451954
F2->F3,1,109,436.8481,392.4639,0.719043,-0.635137,2.16485,-1.041379,1.501795
F2->F3,1,110,444.4341,371.8255,0.527149,-0.808015,1.471549,-0.706695,0.949819
F2->F3,1,111,449.6927,349.8347,0.714763,-0.925312,-0.027834,-0.12308,1.093173
F2->F3,1,112,452.2357,327.4961,0.82651,-0.95984,0.756319,-0.991039,0.076813
F2->F3,1,113,452.3972,305.0723,0.88612,-1.019085,0.752799,-1.110912,0.161885
F2->F3,1,114,450.9325,282.6823,0.865149,-1.097064,0.298442,-0.863747,0.612857
F2->F3,1,115,448.4608,260.6628,0.904591,-1.136338,2.142375,-1.795213,1.402222
F2->F3,1,116,444.8096,239.3088,0.777022,-1.113064,0.439896,-0.860157,0.421445
F2->F3,1,117,439.6585,219.0772,0.389918,-1.031358,0.295862,-0.840915,0.212403
F2->F3,1,118,432.9436,199.1152,-0.026844,-0.953898,-0.000359,-1.146866,0.194777
F2->F3,1,119,424.4138,179.132,-0.392614,-0.916941,-0.095035,-0.985752,0.305432
F2->F3,1,120,414.2077,159.2501,-0.545045,-0.877459,-0.336493,-1.237263,0.415876
F2->F3,1,121,402.0442,139.5036,-0.477593,-0.824203,-0.924197,-0.878946,0.449946
F2->F3,1,122,386.9848,120.7574,-0.439257,-0.758232,-0.333702,-0.826762,0.12585
F2->F3,1,123,367.9206,104.7583,-0.392975,-0.724055,-0.409149,-0.80676,0.084272
F2->F3,1,124,345.467,93.8277,-0.242111,-0.651261,0.013543,-0.54015,0.278755
F2->F3,1,125,320.9926,89.5986,-0.005784,-0.628128,-0.140149,-0.51945,0.172815
F2->F3,1,126,296.5504,91.4862,0.203382,-0.725208,0.122757,-0.652679,0.108448
F2->F3,1,127,273.4695,98.288,0.352676,-0.782919,0.12694,-0.847861,0.234892
F2->F3,1,128,252.9961,110.8179,0.430323,-0.692824,-0.285355,-0.79151,0.722451
F2->F3,1,129,237.5821,128.6159,0.482623,-0.530172,0.406084,-0.657371,0.148451
F2->F3,1,130,226.1209,148.6884,0.406838,-0.430879,0.089986,-0.949903,0.608097
F2->F3,1,131,216.4237,169.5887,0.34255,-0.374904,0.540011,0.011045,0.433529
F2->F3,1,132,208.5916,190.6637,0.502472,-0.459071,1.190879,-0.460913,0.688409
F2->F3,1,133,203.1323,211.1087,0.765514,-0.537224,1.316687,-0.290374,0.603925
F2->F3,1,134,199.3749,231.5864,0.976714,-0.638876,0.305653,-1.222346,0.889248
F2->F3,1,135,197.253,252.2947,1.048375,-0.750526,1.618103,-0.171319,0.812447
F2->F3,1,136,196.1354,273.1245,1.027264,-0.897767,0.361083,-1.078802,0.690341
F2->F3,1,137,195.3538,293.9713,0.937499,-0.956016,1.112204,-1.059274,0.202939
F2->F3,1,138,194.7026,314.9585,0.839512,-0.982671,1.158348,-1.008536,0.319883
F2->F3,1,139,194.2152,336.2284,0.810153,-0.951649,0.985948,-1.300024,0.390217
F2->F3,1,140,194.2313,358.0029,0.696864,-1.006995,-0.125371,-2.042802,1.322484
F2->F3,1,141,195.8936,381.2024,0.325199,-1.177505,0.315007,-1.203794,0.028195
F2->F3,1,142,203.8481,403.3487,0.14567,-1.300905,-0.534764,-1.021654,0.735508
F2->F3,1,143,218.8809,419.6134,0.244716,-1.256005,-0.04714,-1.059754,0.351701
F2->F3,1,144,434.7177,414.5666,0.947103,-0.598633,1.805222,-1.023382,0.957487
F2->F3,1,145,443.0577,395.1624,0.664814,-0.674222,1.521722,-1.137709,0.974223
F2->F3,1,146,450.764,373.8925,0.508885,-0.890848,1.387252,-0.925557,0.879053
F2->F3,1,147,456.1424,351.0092,0.729884,-0.97824,-0.201852,-0.237203,1.19049
F2->F3,1,148,458.7598,327.8377,0.83078,-1.000445,-1.011524,-0.084327,2.057512
F2->F3,1,149,459.0342,304.6227,0.857886,-1.046274,0.652243,-1.175702,0.242983
F2->F3,1,150,457.9159,281.4209,0.849801,-1.131254,0.234219,-0.853903,0.675177
F2->F3,1,151,456.0995,258.6321,0.879875,-1.180204,0.682377,-1.254874,0.211142
F2->F3,1,152,453.1423,236.6817,0.716959,-1.165506,0.021233,-0.945297,0.729744
F2->F3,1,153,448.3878,216.2042,0.333413,-1.109382,-0.056523,-1.055772,0.393604
F2->F3,1,154,441.6331,196.0664,-0.081008,-1.039258,-0.141311,-1.055908,0.06256
F2->F3,1,155,432.6704,175.8326,-0.461345,-0.992948,20.0,-20.0,27.927311
F2->F3,1,156,421.8125,155.5968,-0.535923,-0.943943,18.32186,-18.505688,25.768796
F2->F3,1,157,408.8653,135.2882,-0.418997,-0.884782,-0.746157,-0.881851,0.327174
F2->F3,1,158,392.751,115.7352,-0.353511,-0.797097,-0.618703,-0.887996,0.280337
F2->F3,1,159,372.1925,98.9009,-0.310254,-0.725932,-0.02414,-0.441454,0.403471
F2->F3,1,160,348.0221,87.5574,-0.177395,-0.634951,-0.277424,-0.494917,0.172092
F2->F3,1,161,321.7549,83.6063,-0.003414,-0.60618,-0.168176,-0.564434,0.169969
F2->F3,1,162,295.7428,86.0544,0.160836,-0.76622,0.172978,-0.649341,0.117508
F2->F3,1,163,271.3119,93.3172,0.305322,-0.839315,0.160764,-0.828222,0.144982
F2->F3,1,164,249.6525,106.6443,0.402091,-0.705254,-0.075829,-1.034544,0.580379
F2->F3,1,165,233.6837,125.6642,0.461727,-0.461232,0.491349,-0.483789,0.037233
F2->F3,1,166,221.787,146.7274,0.355711,-0.338574,-0.098292,-0.643845,0.547092
F2->F3,1,167,210.9969,168.2613,0.288311,-0.266981,0.57278,0.099019,0.46355
F2->F3,1,168,201.799,189.6715,0.457064,-0.355296,0.88561,-0.342103,0.428749
F2->F3,1,169,195.4047,210.14,0.708732,-0.444411,0.230982,-0.793787,0.591869
F2->F3,1,170,191.1884,230.6695,0.890675,-0.582517,0.098639,-1.019662,0.904664
F2->F3,1,171,189.0577,251.5237,0.935313,-0.718553,0.448219,-0.982896,0.5542
F2->F3,1,172,188.1416,272.5364,0.925044,-0.870521,0.273416,-1.064034,0.679755
F2->F3,1,173,187.5298,293.5648,0.867997,-0.969865,0.977632,-0.953769,0.11081
F2->F3,1,174,186.9412,314.7597,0.797409,-1.045736,1.138774,-1.049273,0.341384
F2->F3,1,175,186.3419,336.3418,0.73666,-1.114255,-0.86229,-1.98726,1.821751
F2->F3,1,176,186.0872,358.6692,0.647804,-1.216481,0.800778,-2.067975,0.865125
F2->F3,1,177,187.3631,383.0678,0.199113,-1.378087,0.359798,-1.910102,0.555751
F2->F3,1,178,196.0365,406.3769,0.217696,-1.412739,-0.167428,-0.736493,0.778221
F2->F3,1,179,213.4857,422.0504,0.206276,-1.359471,0.275927,-1.043214,0.323837
F3->F4,2,0,410.6768,401.8368,1.367283,-1.660945,3.547591,-3.111275,2.618625
F3->F4,2,1,419.05,383.7314,1.151745,-1.108708,-2.54217,8.089793,9.912489
F3->F4,2,2,426.3524,365.022,1.181957,-1.197395,3.183105,-2.009392,2.159613
F3->F4,2,3,431.032,345.5331,0.912601,-1.461823,1.493737,-1.720603,0.63615
F3->F4,2,4,433.3809,325.5317,1.039874,-1.700032,1.60441,-2.373458,0.878751
F3->F4,2,5,433.3564,305.4294,1.221454,-1.803959,2.798734,-3.084667,2.031754
F3->F4,2,6,430.8927,285.476,1.232133,-1.848099,0.836596,-2.062783,0.450043
F3->F4,2,7,426.5079,265.7808,1.307625,-1.850211,2.088926,-2.811654,1.238872
F3->F4,2,8,420.7329,246.2993,1.229907,-1.769735,1.087629,-1.931226,0.215227
F3->F4,2,9,414.0667,226.9369,0.658494,-1.585366,1.253884,-1.760256,0.620546
F3->F4,2,10,407.01,207.6328,-0.09373,-1.399706,0.286352,-1.914568,0.639957
F3->F4,2,11,399.4346,188.4714,-0.581743,-1.32339,0.131785,-1.920586,0.930465
F3->F4,2,12,390.9196,169.7253,-0.848516,-1.228288,-0.904772,-1.040371,0.196157
F3->F4,2,13,381.0106,151.7317,-0.981696,-1.144153,-1.006233,-1.214931,0.07491
F3->F4,2,14,369.1188,135.4325,-0.94208,-1.121245,-0.821087,-0.967276,0.19582
F3->F4,2,15,354.6497,121.8846,-0.713045,-1.198412,-0.826844,-1.083025,0.162063
F3->F4,2,16,337.5523,112.211,-0.315124,-1.173955,-0.277655,-1.059512,0.12042
F3->F4,2,17,318.733,107.1388,0.131344,-1.178398,-0.077312,-0.950828,0.308748
F3->F4,2,18,299.2612,107.3217,0.563129,-1.253654,0.279967,-0.974107,0.397904
F3->F4,2,19,280.3486,112.6841,0.792463,-1.347886,0.430664,-1.474338,0.383261
F3->F4,2,20,263.4955,122.777,0.913207,-1.379555,0.496029,-1.338622,0.419181
F3->F4,2,21,249.7563,136.9374,0.86173,-1.332781,0.686086,-1.165551,0.242521
F3->F4,2,22,239.5592,154.0399,0.681512,-1.346381,0.736895,-1.45489,0.121826
F3->F4,2,23,233.2312,173.0811,0.729698,-1.264224,1.376622,-1.410245,0.663198
F3->F4,2,24,229.5548,193.0669,0.681176,-1.404744,1.984428,-1.239406,1.313698
F3->F4,2,25,227.1296,213.3862,1.006605,-1.507465,1.309508,-1.816156,0.432481
F3->F4,2,26,225.053,233.6406,1.541772,-1.585215,1.42774,-1.872016,0.30864
F3->F4,2,27,223.1171,253.8123,1.871363,-1.694316,1.345831,-1.987408,0.601736
F3->F4,2,28,221.3832,274.0327,1.892605,-1.726659,1.687329,-1.773495,0.210551
F3->F4,2,29,219.8758,294.3433,1.499399,-1.672043,0.718335,2.203631,3.953594
F3->F4,2,30,218.9205,314.7373,1.228429,-1.585004,3.948756,-1.167387,2.752196
F3->F4,2,31,218.7446,335.1607,1.208255,-1.372955,0.635556,-0.942168,0.716632
F3->F4,2,32,219.5301,355.3533,1.117628,-1.196051,-0.654564,3.156903,4.69988
F3->F4,2,33,222.1777,374.8229,0.922697,-1.291275,1.718141,-0.773186,0.949288
F3->F4,2,34,227.8579,393.5025,0.817958,-1.211467,0.950233,-0.906199,0.332694
F3->F4,2,35,235.5207,411.2493,0.650377,-1.719328,0.479573,-1.802158,0.189829
F3->F4,2,36,416.9077,404.8933,1.420397,-1.477659,1.291292,-1.201516,0.304833
F3->F4,2,37,425.2513,386.4628,1.167212,-1.097288,-8.022522,8.852773,13.544553
F3->F4,2,38,432.4957,367.0004,0.905512,-1.388165,2.922824,-2.10369,2.14045
F3->F4,2,39,437.4348,346.6615,0.888445,-1.533221,1.719417,-1.994707,0.950517
F3->F4,2,40,439.9255,325.901,1.096902,-1.682344,1.090806,-2.07203,0.389734
F3->F4,2,41,439.9983,304.9738,1.264878,-1.832347,2.396435,-2.689363,1.419471
F3->F4,2,42,437.859,284.1863,1.233297,-1.89998,0.460477,-1.852189,0.774297
F3->F4,2,43,434.1255,263.6937,1.290522,-1.947433,0.257635,-1.941098,1.032907
F3->F4,2,44,429.0232,243.593,1.169231,-1.892569,0.746675,-2.236502,0.544834
F3->F4,2,45,422.7095,223.9617,0.529508,-1.741737,0.976543,-1.916676,0.480045
F3->F4,2,46,415.6295,204.4614,-0.188861,-1.582403,0.14988,-1.856264,0.435598
F3->F4,2,47,407.6245,185.0355,-0.653593,-1.523531,-0.264459,-1.957465,0.582859
F3->F4,2,48,398.4966,165.9184,-0.871063,-1.461487,-1.406241,-1.245974,0.576942
F3->F4,2,49,387.851,147.3497,-0.917359,-1.406699,-0.802562,-1.240985,0.201592
F3->F4,2,50,374.8908,130.2493,-0.904525,-1.397474,-0.916798,-1.074095,0.323612
F3->F4,2,51,358.9091,115.8829,-0.697736,-1.464668,-0.856642,-1.308663,0.222685
F3->F4,2,52,340.0859,105.8179,-0.343903,-1.407411,-0.355663,-1.335322,0.073042
F3->F4,2,53,319.4751,101.0353,0.102792,-1.391771,-0.017412,-1.227741,0.203359
F3->F4,2,54,298.4538,101.7873,0.593988,-1.440181,0.235317,-1.198957,0.432242
F3->F4,2,55,278.1774,107.6002,0.788727,-1.533487,0.675837,-1.333393,0.229743
F3->F4,2,56,260.139,118.5534,0.914265,-1.466587,0.885008,-1.271441,0.197327
F3->F4,2,57,245.844,133.9822,0.892995,-1.331014,0.760761,-0.993443,0.362547
F3->F4,2,58,235.2187,152.0744,0.695816,-1.354521,0.74648,-1.452632,0.11042
F3->F4,2,59,227.7462,171.7539,0.679712,-1.269065,1.406449,-1.458859,0.751112
F3->F4,2,60,222.7331,192.0992,0.68511,-1.370069,0.904065,-1.727604,0.419252
F3->F4,2,61,219.4011,212.4309,1.046627,-1.490784,1.900089,-1.206828,0.89946
F3->F4,2,62,216.8519,232.7329,1.541705,-1.58033,1.232376,-1.775688,0.365854
F3->F4,2,63,214.8726,253.0377,1.807881,-1.713929,1.157634,-1.990208,0.706506
F3->F4,2,64,213.3317,273.418,1.816557,-1.784505,1.065298,-1.797101,0.751364
F3->F4,2,65,212.023,293.8952,1.476895,-1.750504,0.820793,-1.821625,0.659946
F3->F4,2,66,211.1387,314.4882,1.224169,-1.671577,3.561782,-1.083242,2.410513
F3->F4,2,67,210.8668,335.2291,1.233235,-1.4571,1.397158,-1.248683,0.265157
F3->F4,2,68,211.3456,355.9409,1.096739,-1.335282,9.512666,7.133899,11.939634
F3->F4,2,69,213.581,376.6251,0.853154,-1.448168,3.644706,-0.861706,2.85249
F3->F4,2,70,219.8631,396.4286,0.537218,-1.453168,1.618162,-1.000092,1.172057
F3->F4,2,71,230.0407,413.6139,0.506398,-1.868957,0.637486,-1.991736,0.179607
F3->F4,2,72,423.1596,407.9808,1.489116,-1.263171,2.353922,-1.067741,0.886613
F3->F4,2,73,431.4116,389.1526,1.103144,-1.160772,0.726602,-5.044185,3.901626
F3->F4,2,74,438.7083,369.0191,0.752065,-1.456288,1.710897,-2.094977,1.152078
F3->F4,2,75,443.9077,347.7928,0.944649,-1.62088,1.472364,-1.717276,0.536447
F3->F4,2,76,446.507,326.2233,1.190925,-1.753426,1.244755,-1.941115,0.195256
F3->F4,2,77,446.6463,304.5177,1.304477,-1.86791,0.83567,-2.167084,0.556135
F3->F4,2,78,444.8234,282.8803,1.225902,-1.981629,0.329293,-2.010441,0.897072
F3->F4,2,79,441.7506,261.6083,1.283129,-2.042569,-1.01398,-1.049875,2.502429
F3->F4,2,80,437.307,240.8846,1.101865,-2.024491,0.176847,-2.001152,0.925313
F3->F4,2,81,431.3756,220.9983,0.447014,-1.87461,0.232324,-1.854079,0.21567
F3->F4,2,82,424.2734,201.3052,-0.234479,-1.734951,0.705479,-1.952939,0.964904
F3->F4,2,83,415.8242,181.6192,-0.711597,-1.681439,-1.279649,-1.277541,0.697006
F3->F4,2,84,406.0781,162.1389,-0.881992,-1.629289,-2.01921,-0.968231,1.315394
F3->F4,2,85,394.691,142.9924,-0.840233,-1.615516,-1.256819,-1.373823,0.481622
F3->F4,2,86,380.6919,125.0884,-0.807977,-1.611784,-1.180627,-1.37745,0.440204
F3->F4,2,87,363.219,109.9548,-0.617909,-1.575394,-0.526486,-1.163079,0.422329
F3->F4,2,88,342.6349,99.4705,-0.350858,-1.542713,-0.555444,-1.136554,0.454775
F3->F4,2,89,320.2152,94.9912,0.070272,-1.490229,-0.219231,-1.387129,0.307314
F3->F4,2,90,297.61,96.2637,0.544559,-1.590441,0.027562,-1.291196,0.597355
F3->F4,2,91,276.0034,102.5482,0.765875,-1.668663,0.435941,-1.574547,0.343095
F3->F4,2,92,256.7857,114.328,0.899166,-1.563843,1.184688,-1.295254,0.391999
F3->F4,2,93,241.968,131.0264,0.965851,-1.338836,0.802052,-0.968228,0.405191
F3->F4,2,94,230.8785,150.1482,0.711366,-1.306313,0.88615,-1.458204,0.231561
F3->F4,2,95,222.2568,170.4541,0.612411,-1.233739,0.795776,-1.247984,0.183917
F3->F4,2,96,215.9102,191.1403,0.697138,-1.320676,0.732163,-1.553634,0.235577
F3->F4,2,97,211.6586,211.4882,1.075999,-1.445462,1.765094,-1.060684,0.789245
F3->F4,2,98,208.614,231.845,1.507231,-1.536281,1.821154,-1.185882,0.470454
F3->F4,2,99,206.6081,252.2795,1.716283,-1.700968,1.189605,-1.894099,0.560972
F3->F4,2,100,205.2505,272.8133,1.685138,-1.824014,0.945909,-2.000362,0.759972
F3->F4,2,101,204.1631,293.4519,1.444696,-1.813925,0.52187,-1.810106,0.922833
F3->F4,2,102,203.3482,314.2392,1.215366,-1.755394,0.695271,-1.796533,0.52172
F3->F4,2,103,202.9525,335.252,1.190917,-1.594221,-0.214659,-1.727553,1.411887
F3->F4,2,104,203.1593,356.5042,1.069767,-1.509923,1.139663,-2.195278,0.68891
F3->F4,2,105,204.9597,378.3998,0.747597,-1.644002,0.288704,-2.01959,0.593001
F3->F4,2,106,211.8874,399.2629,0.284812,-1.822415,2.447118,-1.233283,2.241125
F3->F4,2,107,224.5756,415.9841,0.384488,-2.031365,0.665237,-2.089895,0.286785
F3->F4,2,108,429.4167,410.9869,1.571333,-1.169433,2.804808,-1.167226,1.233477
F3->F4,2,109,437.5671,391.8288,1.018925,-1.224412,1.170412,-0.956428,0.307838
F3->F4,2,110,444.9613,371.0175,0.657975,-1.556654,1.479968,-1.944465,0.908884
F3->F4,2,111,450.4074,348.9094,1.021271,-1.746474,0.084131,-1.114965,1.13006
F3->F4,2,112,453.0622,326.5363,1.247941,-1.835608,1.44624,-1.775193,0.207298
F3->F4,2,113,453.2833,304.0533,1.316265,-1.92025,0.65343,-2.221529,0.728093
F3->F4,2,114,451.7976,281.5852,1.23165,-2.049635,0.591367,-2.255141,0.672455
F3->F4,2,115,449.3654,259.5264,1.267288,-2.132371,0.683095,-2.117661,0.584378
F3->F4,2,116,445.5866,238.1957,1.032626,-2.113672,1.446076,-2.64866,0.676131
F3->F4,2,117,440.0484,218.0459,0.380964,-1.985784,1.622717,-3.097967,1.667004
F3->F4,2,118,432.9167,198.1613,-0.273028,-1.863953,0.465675,-1.576414,0.792692
F3->F4,2,119,424.0212,178.2151,-0.769904,-1.818251,-9.130755,3.102623,9.701486
F3->F4,2,120,413.6627,158.3726,-0.87521,-1.781894,-0.443704,-1.944448,0.461108
F3->F4,2,121,401.5666,138.6794,-0.706591,-1.743832,-1.314514,-1.38053,0.708208
F3->F4,2,122,386.5455,119.9992,-0.630577,-1.691036,-1.025546,-1.313129,0.546639
F3->F4,2,123,367.5276,104.0342,-0.541106,-1.672705,-0.369451,-1.607215,0.183724
F3->F4,2,124,345.2248,93.1764,-0.284727,-1.562921,-0.503008,-1.129091,0.485649
F3->F4,2,125,320.9868,88.9704,0.116437,-1.540623,-0.163387,-1.359639,0.333251
F3->F4,2,126,296.7538,90.761,0.464636,-1.700032,0.066971,-1.470137,0.459335
F3->F4,2,127,273.8221,97.5051,0.723379,-1.790725,0.54929,-1.578109,0.274796
F3->F4,2,128,253.4264,110.1251,0.860329,-1.634005,1.289494,-1.046169,0.727828
F3->F4,2,129,238.0648,128.0857,0.96746,-1.33717,0.495507,-1.169364,0.500898
F3->F4,2,130,226.5277,148.2575,0.713698,-1.206767,1.078945,-1.537527,0.492755
F3->F4,2,131,216.7663,169.2138,0.532174,-1.105606,0.227337,-1.104489,0.304839
F3->F4,2,132,209.0941,190.2046,0.726248,-1.231324,1.565206,-1.097784,0.849519
F3->F4,2,133,203.8978,210.5714,1.087795,-1.36032,1.756661,-1.129592,0.707543
F3->F4,2,134,200.3516,230.9476,1.426467,-1.497975,1.891954,-1.145996,0.583581
F3->F4,2,135,198.3014,251.5442,1.557913,-1.642494,1.216819,-2.12397,0.590055
F3->F4,2,136,197.1626,272.2268,1.547417,-1.825151,1.012602,-2.022354,0.570014
F3->F4,2,137,196.2913,293.0153,1.391469,-1.864854,3.220602,-1.191548,1.94912
F3->F4,2,138,195.5421,313.9758,1.180892,-1.853563,1.246701,-1.979538,0.142128
F3->F4,2,139,195.0253,335.2768,1.137943,-1.751573,1.326538,-1.929323,0.259159
F3->F4,2,140,194.9281,356.9959,0.977387,-1.784464,0.613944,-1.875313,0.374625
F3->F4,2,141,196.2188,380.0249,0.44094,-2.021983,-0.392688,-1.87179,0.84705
F3->F4,2,142,203.9938,402.0478,0.132699,-2.210484,-0.129495,-1.941016,0.375978
F3->F4,2,143,219.1256,418.3574,0.317884,-2.15102,0.610536,-2.06538,0.304925
F3->F4,2,144,435.6648,413.9679,1.633,-1.132662,1.061583,-1.174903,0.572977
F3->F4,2,145,443.7225,394.4882,0.942883,-1.316476,0.863162,-1.081195,0.24842
F3->F4,2,146,451.2729,373.0016,0.643826,-1.695037,1.205541,-1.866752,0.587375
F3->F4,2,147,456.8723,350.0309,1.052211,-1.85167,-0.036919,-1.015748,1.372941
F3->F4,2,148,459.5906,326.8373,1.256942,-1.930934,1.510177,-2.272728,0.425383
F3->F4,2,149,459.8921,303.5765,1.290729,-1.994269,0.594503,-2.266592,0.74759
F3->F4,2,150,458.7657,280.2896,1.234415,-2.114342,0.449073,-1.719518,0.879004
F3->F4,2,151,456.9793,257.4519,1.259262,-2.198294,0.345384,-1.887679,0.965222
F3->F4,2,152,453.8593,235.5162,0.962884,-2.183021,2.17868,-3.026679,1.479838
F3->F4,2,153,448.7212,215.0948,0.330791,-2.089066,0.374358,-1.835076,0.257699
F3->F4,2,154,441.5521,195.0271,-0.315218,-1.96849,0.035,-2.147744,0.393427
F3->F4,2,155,432.209,174.8396,-0.818201,-1.905737,20.0,-20.0,27.582601
F3->F4,2,156,421.2765,154.6528,-0.797617,-1.856868,20.0,-15.01023,24.607962
F3->F4,2,157,408.4463,134.4034,-0.568851,-1.812026,-0.950426,-1.214301,0.709137
F3->F4,2,158,392.3975,114.9381,-0.454789,-1.718721,-0.824844,-1.357061,0.517435
F3->F4,2,159,371.8823,98.175,-0.381828,-1.637166,20.0,-20.0,27.433785
F3->F4,2,160,347.8447,86.9225,-0.167078,-1.507165,-0.231145,-1.166218,0.346914
F3->F4,2,161,321.7515,83.0001,0.120368,-1.485157,0.074282,-1.21366,0.27538
F3->F4,2,162,295.9037,85.2881,0.383596,-1.749641,0.042349,-1.526079,0.407958
F3->F4,2,163,271.6172,92.4779,0.630299,-1.882363,0.519322,-1.459,0.437666
F3->F4,2,164,250.0546,105.939,0.797187,-1.674715,0.828907,-0.872816,0.802526
F3->F4,2,165,234.1454,125.2029,0.93471,-1.249399,0.239228,-1.038266,0.726823
F3->F4,2,166,222.1427,146.3888,0.639904,-1.072122,1.392933,-1.408525,0.824754
F3->F4,2,167,211.2852,167.9943,0.456534,-0.945263,0.597433,-0.71275,0.271873
F3->F4,2,168,202.2561,189.3162,0.705972,-1.068945,0.129916,-1.1947,0.589623
F3->F4,2,169,196.1134,209.6956,1.057263,-1.213451,0.18291,-1.867868,1.092133
F3->F4,2,170,192.079,230.087,1.343743,-1.404754,0.046878,-1.833312,1.365841
F3->F4,2,171,189.993,250.8051,1.41506,-1.592472,1.233949,-2.014726,0.459456
F3->F4,2,172,189.0667,271.6659,1.396729,-1.778181,0.946135,-1.873438,0.460552
F3->F4,2,173,188.3978,292.5949,1.306641,-1.883862,1.131397,-2.137694,0.308449
F3->F4,2,174,187.7386,313.714,1.143161,-1.953861,1.849692,-1.930356,0.706921
F3->F4,2,175,187.0785,335.2276,1.058926,-1.999182,0.966123,-2.247163,0.264777
F3->F4,2,176,186.735,357.4527,0.93756,-2.101957,-0.351971,9.1518,11.327398
F3->F4,2,177,187.5622,381.6897,0.258955,-2.313121,-0.100809,-1.855051,0.582459
F3->F4,2,178,196.2542,404.9641,0.260069,-2.38571,-0.1742,-2.040956,0.554478
F3->F4,2,179,213.692,420.6909,0.269156,-2.356049,-1.85883,-2.892906,2.194662
F4->F5,3,0,412.0441,400.1758,1.312903,-2.384124,1.561574,-2.332414,0.25399
F4->F5,3,1,420.2017,382.6227,0.896724,-1.845113,-3.944827,5.888765,9.124334
F4->F5,3,2,427.5344,363.8246,0.915456,-1.994984,2.1536,-1.954755,1.238798
F4->F5,3,3,431.9446,344.0713,0.74875,-2.271659,0.365197,-1.791003,0.614934
F4->F5,3,4,434.4207,323.8317,0.988331,-2.486493,-1.117069,-1.099766,2.521055
F4->F5,3,5,434.5779,303.6254,1.124787,-2.578136,0.831684,-2.951543,0.474701
F4->F5,3,6,432.1248,283.6279,1.090034,-2.647961,0.43191,-3.043696,0.767941
F4->F5,3,7,427.8155,263.9305,1.200965,-2.697356,0.858124,-3.142907,0.562188
F4->F5,3,8,421.9628,244.5295,1.118734,-2.65845,1.148115,-2.918006,0.261214
F4->F5,3,9,414.7252,225.3515,0.404291,-2.461771,0.607576,-3.310075,0.872322
F4->F5,3,10,406.9163,206.2331,-0.440146,-2.26382,-0.815184,-2.102731,0.408171
F4->F5,3,11,398.8529,187.148,-0.841404,-2.193626,-0.71159,-1.967784,0.260493
F4->F5,3,12,390.071,168.497,-0.988826,-2.109369,-0.729726,-2.359588,0.360197
F4->F5,3,13,380.0289,150.5876,-1.083382,-2.029518,-1.11508,-2.044052,0.034871
F4->F5,3,14,368.1767,134.3112,-1.030503,-2.036983,-0.681604,-2.153278,0.36777
F4->F5,3,15,353.9367,120.6862,-0.732583,-2.141431,-0.478247,-2.018656,0.282418
F4->F5,3,16,337.2372,111.037,-0.243537,-2.107837,-0.352303,-1.916529,0.220065
F4->F5,3,17,318.8643,105.9604,0.291561,-2.082051,0.15192,-1.750895,0.359394
F4->F5,3,18,299.8243,106.068,0.81944,-2.157228,0.485747,-2.014788,0.362823
F4->F5,3,19,281.141,111.3362,1.121739,-2.238068,0.641251,-2.082058,0.50518
F4->F5,3,20,264.4087,121.3974,1.291223,-2.209752,0.639921,-2.323556,0.66117
F4->F5,3,21,250.618,135.6046,1.175435,-2.129469,1.152003,-2.215477,0.089143
F4->F5,3,22,240.2407,152.6936,0.797507,-2.192045,1.268619,-2.029419,0.498392
F4->F5,3,23,233.9609,171.8169,0.742672,-2.08916,0.608475,-2.577112,0.506069
F4->F5,3,24,230.2359,191.6622,0.513372,-2.276595,1.697087,-2.250959,1.183993
F4->F5,3,25,228.1362,211.8788,0.772991,-2.438229,1.346772,-2.229868,0.610441
F4->F5,3,26,226.5948,232.0554,1.431935,-2.526606,2.061781,-2.378316,0.647066
F4->F5,3,27,224.9885,252.118,1.944331,-2.615119,2.070373,-2.215023,0.419479
F4->F5,3,28,223.2758,272.306,2.100348,-2.623674,2.485572,-2.20934,0.565748
F4->F5,3,29,221.3752,292.6713,1.600759,-2.521309,1.928378,-2.187947,0.467402
F4->F5,3,30,220.149,313.1523,1.126222,-2.390313,0.728144,-2.759086,0.542641
F4->F5,3,31,219.9528,333.7878,1.10451,-2.119521,2.962279,-1.822482,1.881365
F4->F5,3,32,220.6478,354.1573,0.974354,-1.888786,0.126823,1.796192,3.781186
F4->F5,3,33,223.1004,373.5317,0.826166,-1.938241,0.423486,-2.024268,0.411767
F4->F5,3,34,228.6758,392.291,0.77133,-1.768822,-0.428623,-2.052808,1.2331
F4->F5,3,35,236.1711,409.53,0.582335,-2.270995,3.833103,-2.278425,3.250776
F4->F5,3,36,418.3281,403.4156,1.428526,-2.235365,0.334716,-1.8996,1.144185
F4->F5,3,37,426.4185,385.3655,0.906477,-1.906344,-6.065906,6.106625,10.621761
F4->F5,3,38,433.4012,365.6123,0.604356,-2.304083,4.630597,-3.100645,4.104282
F4->F5,3,39,438.3232,345.1283,0.7519,-2.372171,0.260594,-1.935521,0.657301
F4->F5,3,40,441.0224,324.2187,1.098139,-2.491482,2.045599,-2.906786,1.034483
F4->F5,3,41,441.2631,303.1415,1.218677,-2.626768,1.372432,-3.025088,0.426966
F4->F5,3,42,439.0923,282.2863,1.134267,-2.706735,2.064231,-3.848164,1.472309
F4->F5,3,43,435.416,261.7462,1.212836,-2.80034,2.11134,-3.769082,1.321276
F4->F5,3,44,430.1925,241.7004,1.060983,-2.774628,2.315974,-3.774611,1.604671
F4->F5,3,45,423.239,222.2199,0.261791,-2.607917,0.396124,-2.803517,0.237286
F4->F5,3,46,415.4406,202.879,-0.544328,-2.432635,0.600152,-2.987959,1.272092
F4->F5,3,47,406.9709,183.5119,-0.910078,-2.390853,-0.685927,-1.880177,0.557703
F4->F5,3,48,397.6255,164.4569,-1.002504,-2.344439,-0.476173,-3.143653,0.956958
F4->F5,3,49,386.9337,145.943,-0.989303,-2.303975,-1.041741,-2.062706,0.246902
F4->F5,3,50,373.9863,128.8518,-0.958094,-2.34759,0.135444,-2.69713,1.148044
F4->F5,3,51,358.2114,114.4182,-0.677397,-2.441627,-0.581918,-2.023278,0.429106
F4->F5,3,52,339.742,104.4105,-0.25773,-2.358832,-0.412648,-2.09791,0.303447
F4->F5,3,53,319.5779,99.6436,0.267043,-2.313596,0.137662,-1.963985,0.372783
F4->F5,3,54,299.0477,100.3471,0.858861,-2.372679,0.414393,-2.15695,0.494055
F4->F5,3,55,278.9662,106.0667,1.108943,-2.453888,0.594585,-2.197508,0.574713
F4->F5,3,56,261.0533,117.0868,1.287187,-2.324053,0.941327,-2.420371,0.359021
F4->F5,3,57,246.737,132.6512,1.254203,-2.119374,0.990216,-2.432425,0.4095
F4->F5,3,58,235.9146,150.7199,0.849491,-2.19438,1.064051,-2.068066,0.248981
F4->F5,3,59,228.4259,170.4849,0.727089,-2.093268,1.15821,-2.296052,0.476432
F4->F5,3,60,223.4182,190.7291,0.578488,-2.234806,1.720728,-1.954355,1.176165
F4->F5,3,61,220.4477,210.9401,0.88114,-2.414421,1.439046,-2.087429,0.646671
F4->F5,3,62,218.3936,231.1526,1.485252,-2.522735,1.956576,-2.341637,0.504919
F4->F5,3,63,216.6805,251.3237,1.905732,-2.643201,1.526393,-2.716177,0.386295
F4->F5,3,64,215.1483,271.6335,2.023949,-2.689476,2.242132,-2.316019,0.43252
F4->F5,3,65,213.4999,292.1447,1.604138,-2.612087,2.548798,-1.997379,1.127053
F4->F5,3,66,212.3629,312.8166,1.155366,-2.487748,2.383426,-2.319477,1.239535
F4->F5,3,67,212.1,333.772,1.159867,-2.214129,1.642099,-2.1047,0.494491
F4->F5,3,68,212.4423,354.6056,0.983836,-2.039054,3.19322,-2.097987,2.21017
F4->F5,3,69,214.4341,375.1769,0.781669,-2.116384,2.451216,-2.046,1.67103
F4->F5,3,70,220.4003,394.9755,0.471294,-2.087365,-1.063403,-2.850948,1.714162
F4->F5,3,71,230.5471,411.7449,0.410999,-2.482683,2.099992,-2.27986,1.701128
F4->F5,3,72,424.6487,406.7177,1.544788,-2.056044,0.411311,-1.890333,1.145527
F4->F5,3,73,432.5148,387.9918,0.847713,-2.029053,1.505877,-7.247106,5.259396
F4->F5,3,74,439.4604,367.5628,0.420989,-2.404508,4.224716,-2.84651,3.829321
F4->F5,3,75,444.8524,346.1719,0.818977,-2.482493,2.602249,-3.086756,1.882868
F4->F5,3,76,447.6979,324.4699,1.211419,-2.60031,1.387664,-2.965645,0.405625
F4->F5,3,77,447.9508,302.6498,1.300382,-2.681689,0.940949,-3.145153,0.586508
F4->F5,3,78,446.0493,280.8987,1.165094,-2.802065,2.834005,-4.083229,2.103959
F4->F5,3,79,443.0338,259.5658,1.235795,-2.898413,0.475191,-2.736543,0.777638
F4->F5,3,80,438.4089,238.8601,0.995946,-2.900014,1.028544,-3.19435,0.296135
F4->F5,3,81,431.8226,219.1237,0.184154,-2.723821,0.184387,-2.855703,0.131882
F4->F5,3,82,424.0389,199.5703,-0.56687,-2.562745,0.226701,-2.887638,0.857502
F4->F5,3,83,415.1126,179.9377,-0.957375,-2.525061,-1.080535,-2.019244,0.520595
F4->F5,3,84,405.1961,160.5096,-0.976148,-2.496197,-0.813044,-2.760436,0.310524
F4->F5,3,85,393.8507,141.3769,-0.856851,-2.517778,-1.549004,-1.969018,0.883297
F4->F5,3,86,379.8839,123.4767,-0.808601,-2.572263,-1.058234,-2.221763,0.430311
F4->F5,3,87,362.6011,108.3795,-0.570189,-2.534658,-0.758876,-2.039955,0.529466
F4->F5,3,88,342.284,97.9278,-0.258265,-2.486915,-0.536173,-1.820185,0.722331
F4->F5,3,89,320.2855,93.5009,0.233779,-2.407126,0.02831,-1.956588,0.495179
F4->F5,3,90,298.1546,94.6733,0.79624,-2.52495,0.366662,-2.267689,0.500719
F4->F5,3,91,276.7693,100.8795,1.068071,-2.607988,0.708436,-2.317548,0.46227
F4->F5,3,92,257.6848,112.7642,1.241047,-2.46018,1.03682,-2.428064,0.206737
F4->F5,3,93,242.9338,129.6875,1.356685,-2.137566,0.960163,-2.227954,0.406694
F4->F5,3,94,231.5898,148.8419,0.90138,-2.140913,1.181999,-2.039148,0.298502
F4->F5,3,95,222.8692,169.2204,0.681063,-2.060977,1.14051,-2.25734,0.49965
F4->F5,3,96,216.6073,189.8196,0.653236,-2.176016,1.466018,-2.082866,0.818102
F4->F5,3,97,212.7346,210.0427,0.988737,-2.353631,1.232923,-2.05362,0.386825
F4->F5,3,98,210.1213,230.3087,1.52382,-2.473257,0.909324,-2.733874,0.667478
F4->F5,3,99,208.3244,250.5785,1.838478,-2.629117,1.607667,-2.625265,0.230844
F4->F5,3,100,206.9356,270.9893,1.875232,-2.735207,2.318884,-2.369819,0.574748
F4->F5,3,101,205.6078,291.638,1.583798,-2.686503,0.416173,-2.977982,1.203457
F4->F5,3,102,204.5635,312.4838,1.18229,-2.581345,2.512195,-1.994575,1.453598
F4->F5,3,103,204.1434,333.6578,1.144616,-2.344957,2.551211,-2.131887,1.422641
F4->F5,3,104,204.2291,354.9943,0.984781,-2.222872,3.61634,-1.973397,2.643358
F4->F5,3,105,205.7073,376.7558,0.701609,-2.34699,2.79612,-2.166571,2.102267
F4->F5,3,106,212.1722,397.4405,0.184506,-2.535755,-0.72338,-3.04253,1.039749
F4->F5,3,107,224.9601,413.9528,0.278399,-2.726876,1.718317,-2.044074,1.593606
F4->F5,3,108,430.988,409.8175,1.683769,-1.975093,3.73394,-2.992893,2.288912
F4->F5,3,109,438.5861,390.6044,0.733884,-2.139955,1.098011,-2.154381,0.364413
F4->F5,3,110,445.6192,369.4608,0.311858,-2.517569,0.637898,-2.127224,0.508597
F4->F5,3,111,451.4287,347.1629,0.892566,-2.641464,2.365065,-2.831236,1.484677
F4->F5,3,112,454.3102,324.7007,1.292416,-2.72488,0.467546,-2.911137,0.845637
F4->F5,3,113,454.5996,302.133,1.345954,-2.761313,0.299614,-2.965161,1.066012
F4->F5,3,114,453.0293,279.5356,1.213166,-2.883378,0.911836,-3.166889,0.413738
F4->F5,3,115,450.6327,257.3941,1.252011,-2.984849,1.865171,-3.936542,1.132115
F4->F5,3,116,446.6192,236.0821,0.931481,-2.974851,0.759195,-3.200181,0.283647
F4->F5,3,117,440.4294,216.0601,0.141942,-2.816324,-0.092734,-2.984482,0.288704
F4->F5,3,118,432.6437,196.2973,-0.571315,-2.667992,-0.020839,-3.081812,0.688672
F4->F5,3,119,423.2512,176.3968,-0.994263,-2.631314,-0.060586,-2.970079,0.993235
F4->F5,3,120,412.7874,156.5907,-0.90763,-2.626321,-1.176328,-3.02154,0.477909
F4->F5,3,121,400.86,136.9356,-0.657946,-2.63544,-1.99004,-2.120754,1.428067
F4->F5,3,122,385.9149,118.3082,-0.574329,-2.623068,-0.795072,-2.076944,0.589049
F4->F5,3,123,366.9865,102.3615,-0.466946,-2.615337,-0.802382,-2.0395,0.666412
F4->F5,3,124,344.9401,91.6135,-0.172869,-2.470314,-0.259694,-2.160954,0.321314
F4->F5,3,125,321.1032,87.4298,0.290989,-2.443136,0.225967,-2.171484,0.279325
F4->F5,3,126,297.2184,89.061,0.693422,-2.62754,0.423199,-2.266756,0.450761
F4->F5,3,127,274.5455,95.7144,1.000664,-2.747922,0.632009,-2.37945,0.521227
F4->F5,3,128,254.2867,108.4911,1.164713,-2.565773,1.333049,-1.918167,0.669127
F4->F5,3,129,239.0322,126.7486,1.356776,-2.157736,0.633186,-1.726769,0.842209
F4->F5,3,130,227.2414,147.0508,0.936459,-2.03472,1.200017,-2.119632,0.276899
F4->F5,3,131,217.2984,168.1082,0.608846,-1.922323,0.991918,-2.133585,0.437466
F4->F5,3,132,209.8203,188.9733,0.760848,-2.06569,1.405442,-1.973015,0.651221
F4->F5,3,133,204.9856,209.2111,1.086883,-2.252227,1.33236,-2.122138,0.277816
F4->F5,3,134,201.7781,229.4496,1.491693,-2.408748,0.614191,-2.756806,0.94401
F4->F5,3,135,199.8593,249.9017,1.67637,-2.570111,2.846861,-2.077302,1.270004
F4->F5,3,136,198.71,270.4016,1.714861,-2.734897,2.227692,-2.275778,0.688321
F4->F5,3,137,197.6827,291.1504,1.532667,-2.744543,1.13054,-2.813632,0.408019
F4->F5,3,138,196.723,312.1223,1.182291,-2.687553,1.76626,-2.01469,0.890934
F4->F5,3,139,196.1633,333.5252,1.110681,-2.527404,1.337657,-3.006152,0.529828
F4->F5,3,140,195.9055,355.2114,0.930097,-2.50985,1.401177,-2.031303,0.671508
F4->F5,3,141,196.6597,378.0029,0.376123,-2.744766,0.559255,-2.670176,0.19774
F4->F5,3,142,204.1265,399.8373,-0.028406,-2.947826,-0.014572,-2.942483,0.01483
F4->F5,3,143,219.4435,416.2064,0.233227,-2.902413,1.804153,-2.057389,1.78378
F4->F5,3,144,437.2978,412.8353,1.814774,-1.978962,3.957665,-2.336025,2.172435
F4->F5,3,145,444.6654,393.1717,0.65763,-2.274692,0.856633,-2.054366,0.296894
F4->F5,3,146,451.9167,371.3066,0.307568,-2.667408,-0.144559,-2.069885,0.749302
F4->F5,3,147,457.9245,348.1792,0.93615,-2.776633,2.130255,-2.854311,1.196629
F4->F5,3,148,460.8475,324.9063,1.314328,-2.861423,-0.042841,-2.905717,1.357892
F4->F5,3,149,461.1828,301.5822,1.357328,-2.872338,-0.410273,-3.273758,1.812609
F4->F5,3,150,460.0001,278.1753,1.261468,-2.95433,-0.878583,-2.044738,2.325333
F4->F5,3,151,458.2386,255.2536,1.282463,-3.043215,0.305117,-2.916656,0.985507
F4->F5,3,152,454.8222,233.3331,0.886839,-3.023978,0.563532,-3.162124,0.351584
F4->F5,3,153,449.052,213.0057,0.142811,-2.896887,-0.42153,-3.246343,0.663777
F4->F5,3,154,441.2369,193.0586,-0.558002,-2.740438,1.397105,-3.694549,2.175494
F4->F5,3,155,431.3908,172.9339,-0.960923,-2.682513,20.0,-20.0,27.189256
F4->F5,3,156,420.4789,152.796,-0.734267,-2.673193,20.0,-17.508501,25.495023
F4->F5,3,157,407.8774,132.5914,-0.44704,-2.678894,-1.811498,-2.062419,1.49726
F4->F5,3,158,391.9427,113.2194,-0.335336,-2.612354,-0.946145,-1.320845,1.428665
F4->F5,3,159,371.5005,96.5378,-0.264915,-2.530443,-0.706227,-1.472961,1.145873
F4->F5,3,160,347.6776,85.4153,-0.034315,-2.373422,-0.303731,-1.849699,0.588958
F4->F5,3,161,321.8718,81.515,0.290072,-2.360228,0.211248,-1.999368,0.369369
F4->F5,3,162,296.2873,83.5385,0.585072,-2.659721,0.43687,-2.340163,0.35225
F4->F5,3,163,272.2475,90.5955,0.869433,-2.843859,0.632087,-2.306867,0.587106
F4->F5,3,164,250.8517,104.2643,1.06703,-2.630212,-9.566295,-1.314063,10.714468
F4->F5,3,165,235.0801,123.9535,1.308127,-2.087725,0.353888,-1.677036,1.038864
F4->F5,3,166,222.7827,145.3167,0.856679,-1.896163,0.97112,-1.948951,0.126029
F4->F5,3,167,211.7417,167.0491,0.522197,-1.759968,1.1823,-1.975234,0.694317
F4->F5,3,168,202.962,188.2473,0.80284,-1.88697,1.132693,-2.03706,0.362395
F4->F5,3,169,197.1707,208.4822,1.123666,-2.088558,1.202774,-2.091712,0.079171
F4->F5,3,170,193.4228,228.6822,1.458943,-2.302533,0.332741,-3.020894,1.335804
F4->F5,3,171,191.4081,249.2127,1.555818,-2.510886,2.431081,-2.24094,0.915946
F4->F5,3,172,190.4634,269.8877,1.536766,-2.683361,-9.527578,-1.853185,11.095445
F4->F5,3,173,189.7045,290.711,1.445184,-2.762093,1.278002,-2.980924,0.275384
F4->F5,3,174,188.8818,311.7601,1.158736,-2.809064,-0.25842,-2.769965,1.417696
F4->F5,3,175,188.1374,333.2284,1.05837,-2.797781,-1.290825,-3.880936,2.586879
F4->F5,3,176,187.6725,355.3507,0.917674,-2.852713,7.224828,1.831333,7.856238
F4->F5,3,177,187.8211,379.3765,0.177033,-3.04695,0.019912,-2.892192,0.220538
F4->F5,3,178,196.5143,402.5784,0.110922,-3.153754,2.461374,-2.184813,2.542336
F4->F5,3,179,213.9612,418.3348,0.185216,-3.192554,3.119501,-2.052527,3.147966
F5->F6,4,0,413.357,397.7917,0.652988,-3.386165,-0.644868,-2.998426,1.354538
F5->F6,4,1,421.0984,380.7776,0.118669,-2.96687,1.524994,-5.112135,2.565134
F5->F6,4,2,428.4498,361.8296,0.196988,-3.003084,2.619761,-4.052215,2.640172
F5->F6,4,3,432.6934,341.7996,0.20573,-3.092909,-0.988297,-3.06309,1.194399
F5->F6,4,4,435.4091,321.3452,0.474563,-3.157081,-0.351108,-2.995736,0.841288
F5->F6,4,5,435.7027,301.0473,0.446447,-3.113779,2.226031,-3.983703,1.98083
F5->F6,4,6,433.2148,280.9799,0.352686,-3.111696,-1.017314,-2.861977,1.392572
F5->F6,4,7,429.0164,261.2332,0.477254,-3.122692,-0.440843,-3.232311,0.924617
F5->F6,4,8,423.0815,241.8711,0.336791,-3.046181,-0.800104,-2.906443,1.145451
F5->F6,4,9,415.1295,222.8897,-0.452419,-2.798067,-0.417417,-3.114091,0.317957
F5->F6,4,10,406.4761,203.9693,-1.17695,-2.583228,-0.543813,-2.838225,0.682558
F5->F6,4,11,398.0115,184.9544,-1.348342,-2.503217,-1.13143,-2.965733,0.510854
F5->F6,4,12,389.0822,166.3876,-1.332914,-2.419398,-1.353117,-2.395208,0.031517
F5->F6,4,13,378.9455,148.5581,-1.334421,-2.338932,-1.029042,-2.55114,0.371872
F5->F6,4,14,367.1462,132.2743,-1.19824,-2.383951,-0.920496,-2.313233,0.286605
F5->F6,4,15,353.2041,118.5447,-0.799497,-2.520112,-0.997399,-2.213888,0.364606
F5->F6,4,16,336.9937,108.9292,-0.238533,-2.505698,-0.549806,-1.9751,0.615163
F5->F6,4,17,319.1559,103.8783,0.340184,-2.487725,-0.172091,-2.165195,0.605352
F5->F6,4,18,300.6438,103.9108,0.902843,-2.567949,0.416265,-2.363817,0.527662
F5->F6,4,19,282.2628,109.0981,1.254058,-2.649627,0.468017,-2.992056,0.857391
F5->F6,4,20,265.6999,119.1877,1.480759,-2.575641,0.650127,-2.599234,0.830967
F5->F6,4,21,251.7934,133.4751,1.408944,-2.422789,1.128523,-2.685629,0.384344
F5->F6,4,22,241.0382,150.5015,0.974088,-2.488225,0.913284,-2.765845,0.2842
F5->F6,4,23,234.7035,169.7277,0.861993,-2.394182,0.71988,-2.534289,0.199564
F5->F6,4,24,230.7493,189.3856,0.525776,-2.609478,0.343899,-3.054778,0.481011
F5->F6,4,25,228.9092,209.4406,0.59858,-2.854938,1.104391,-2.930716,0.511456
F5->F6,4,26,228.0267,229.5288,1.194357,-3.008783,1.772601,-2.892895,0.589742
F5->F6,4,27,226.9328,249.5029,1.792577,-3.125905,1.678044,-2.978779,0.186451
F5->F6,4,28,225.3761,269.6823,2.103919,-3.185899,2.283437,-3.181101,0.179582
F5->F6,4,29,222.976,290.15,1.652434,-3.126973,1.113471,-2.977545,0.559294
F5->F6,4,30,221.2752,310.762,0.986472,-3.039529,0.619975,-2.956622,0.375757
F5->F6,4,31,221.0573,331.6682,0.988057,-2.828292,4.119609,-5.88713,4.377568
F5->F6,4,32,221.6221,352.2685,0.863773,-2.645624,4.810608,-8.262326,6.864754
F5->F6,4,33,223.9266,371.5934,0.785715,-2.689315,0.614944,-2.84632,0.231978
F5->F6,4,34,229.4471,390.5222,0.820932,-2.497525,-2.179626,-7.243204,5.614697
F5->F6,4,35,236.7534,407.259,0.511035,-2.897994,1.528764,-3.126411,1.043047
F5->F6,4,36,419.7567,401.1803,0.783217,-3.294905,-3.016994,-2.197798,3.955408
F5->F6,4,37,427.325,383.4591,0.095585,-3.098131,-6.22062,-2.110949,6.392885
F5->F6,4,38,434.0055,363.3082,-0.058266,-3.358123,2.553791,-4.182964,2.739198
F5->F6,4,39,439.0751,342.7561,0.244822,-3.239071,-0.677297,-2.924332,0.974353
F5->F6,4,40,442.1206,321.7272,0.651903,-3.191791,-0.290705,-3.024497,0.957339
F5->F6,4,41,442.4818,300.5147,0.611248,-3.176248,1.697947,-4.11627,1.436857
F5->F6,4,42,440.2265,279.5795,0.472041,-3.169574,-0.684038,-2.830298,1.204834
F5->F6,4,43,436.6288,258.9459,0.55515,-3.214673,-0.677328,-2.860814,1.282271
F5->F6,4,44,431.2535,238.9258,0.331948,-3.14259,-1.135512,-3.033082,1.471541
F5->F6,4,45,423.5008,219.612,-0.520237,-2.921818,-0.748442,-2.794904,0.261123
F5->F6,4,46,414.8963,200.4463,-1.204026,-2.728335,-1.143198,-3.138441,0.414592
F5->F6,4,47,406.0608,181.1211,-1.339411,-2.691852,-1.104735,-2.880157,0.300884
F5->F6,4,48,396.623,162.1125,-1.266204,-2.656328,-1.461161,-2.334237,0.376498
F5->F6,4,49,385.9444,143.639,-1.174972,-2.623361,-1.10852,-2.761305,0.153115
F5->F6,4,50,373.0282,126.5043,-1.061796,-2.718976,-1.3386,-2.355564,0.456825
F5->F6,4,51,357.534,111.9766,-0.685582,-2.836473,-0.973941,-2.346998,0.568099
F5->F6,4,52,339.4843,102.0516,-0.225708,-2.745434,-0.417889,-2.479584,0.328039
F5->F6,4,53,319.845,97.33,0.329116,-2.718753,-0.366228,-2.454292,0.743937
F5->F6,4,54,299.9066,97.9745,0.9453,-2.794064,0.530492,-2.587523,0.463384
F5->F6,4,55,280.0751,103.6128,1.228216,-2.888576,0.590871,-2.851526,0.638421
F5->F6,4,56,262.3405,114.7627,1.46075,-2.727401,0.937656,-2.758998,0.524047
F5->F6,4,57,247.9912,130.5318,1.491808,-2.428231,1.134714,-2.618958,0.404837
F5->F6,4,58,236.764,148.5255,1.030018,-2.484476,0.885712,-2.705481,0.263946
F5->F6,4,59,229.153,168.3916,0.821673,-2.403251,0.694482,-2.581647,0.219096
F5->F6,4,60,223.9967,188.4943,0.572254,-2.575528,0.340702,-2.93389,0.42666
F5->F6,4,61,221.3289,208.5257,0.692773,-2.829406,1.116347,-2.884996,0.427206
F5->F6,4,62,219.8788,228.6298,1.232005,-3.00067,1.562862,-2.798803,0.387577
F5->F6,4,63,218.5863,248.6805,1.717976,-3.15129,1.536233,-2.827054,0.371697
F5->F6,4,64,217.1722,268.944,1.950746,-3.239037,1.620377,-3.012851,0.400379
F5->F6,4,65,215.104,289.5326,1.592323,-3.205977,1.430884,-3.201031,0.161515
F5->F6,4,66,213.5182,310.3289,0.968801,-3.127547,1.189381,-3.052043,0.233144
F5->F6,4,67,213.2599,331.5578,0.98736,-2.906682,9.530031,-5.129145,8.827037
F5->F6,4,68,213.4262,352.5665,0.820633,-2.772843,9.513172,-7.208015,9.758637
F5->F6,4,69,215.2158,373.0606,0.707999,-2.840375,3.403941,-1.882816,2.860947
F5->F6,4,70,220.8716,392.8881,0.482828,-2.804253,2.222069,-2.918922,1.743017
F5->F6,4,71,230.9581,409.2622,0.318189,-3.1305,1.910569,-3.11869,1.592424
F5->F6,4,72,426.1935,404.6616,0.906169,-3.164404,-0.810331,-2.084107,2.028155
F5->F6,4,73,433.3625,385.9628,0.050018,-3.279984,-6.961108,-1.907486,7.144204
F5->F6,4,74,439.8814,365.1583,-0.268318,-3.508303,2.440398,-3.727283,2.717553
F5->F6,4,75,445.6714,343.6894,0.294394,-3.363776,-0.47011,-3.268039,0.770474
F5->F6,4,76,448.9094,321.8696,0.774904,-3.310591,-0.115586,-2.933894,0.966889
F5->F6,4,77,449.2512,299.9681,0.74403,-3.234036,-0.461822,-3.283831,1.20688
F5->F6,4,78,447.2144,278.0966,0.562798,-3.258289,1.220396,-3.788568,0.844767
F5->F6,4,79,444.2695,256.6674,0.633154,-3.300369,0.887168,-3.954389,0.701616
F5->F6,4,80,439.4048,235.9601,0.311429,-3.244638,-1.439508,-3.190501,1.751774
F5->F6,4,81,432.0067,216.3999,-0.537236,-3.01992,-0.955513,-2.925141,0.428881
F5->F6,4,82,423.472,197.0075,-1.166716,-2.838585,-1.258577,-3.102287,0.279244
F5->F6,4,83,414.1553,177.4127,-1.342166,-2.810056,-1.120672,-2.922073,0.248209
F5->F6,4,84,404.22,158.0134,-1.174544,-2.80733,-0.788607,-2.670155,0.40959
F5->F6,4,85,392.9939,138.8591,-0.978647,-2.848838,-1.067018,-2.876214,0.092514
F5->F6,4,86,379.0753,120.9044,-0.865556,-2.95253,-0.728111,-2.73664,0.255929
F5->F6,4,87,362.0309,105.8448,-0.563897,-2.918383,-0.95574,-2.39775,0.651613
F5->F6,4,88,342.0258,95.4409,-0.214377,-2.878871,-0.104009,-2.685839,0.222357
F5->F6,4,89,320.5192,91.0938,0.30426,-2.807783,-0.054467,-2.651964,0.391107
F5->F6,4,90,298.9508,92.1483,0.884164,-2.93578,0.477722,-2.550685,0.559904
F5->F6,4,91,277.8373,98.2715,1.180577,-3.048224,0.573589,-2.950475,0.614809
F5->F6,4,92,258.9259,110.304,1.377917,-2.904993,0.840001,-2.6878,0.580108
F5->F6,4,93,244.2905,127.55,1.595457,-2.466848,0.806527,-2.615025,0.802725
F5->F6,4,94,232.4912,146.701,1.092859,-2.433649,1.013836,-2.568674,0.156449
F5->F6,4,95,223.5502,167.1594,0.754138,-2.380812,0.557549,-2.526271,0.244551
F5->F6,4,96,217.2606,187.6436,0.621712,-2.517715,0.441433,-2.967927,0.484965
F5->F6,4,97,213.7233,207.6891,0.79543,-2.765024,0.774605,-2.790528,0.032927
F5->F6,4,98,211.6451,227.8355,1.272081,-2.960405,1.315213,-2.913558,0.06368
F5->F6,4,99,210.1629,247.9494,1.621591,-3.13593,1.623733,-2.79772,0.338217
F5->F6,4,100,208.8109,268.2541,1.739492,-3.278409,1.644913,-3.133394,0.173131
F5->F6,4,101,207.1916,288.9515,1.500639,-3.277092,-0.141833,-3.781757,1.718254
F5->F6,4,102,205.7458,309.9025,0.954147,-3.212231,-1.51021,-3.968442,2.577773
F5->F6,4,103,205.2881,331.3128,0.928707,-3.02256,-0.009385,-3.790431,1.212287
F5->F6,4,104,205.2139,352.7714,0.774289,-2.934979,-1.24847,-3.755837,2.182971
F5->F6,4,105,206.4089,374.4089,0.581277,-3.062337,-3.151874,-3.966626,3.841114
F5->F6,4,106,212.3567,394.9048,0.127294,-3.231785,1.802033,-3.151487,1.676663
F5->F6,4,107,225.2385,411.2259,0.169603,-3.401933,1.861596,-3.09676,1.719294
F5->F6,4,108,432.6718,407.8424,1.050881,-3.170993,2.084997,-3.049748,1.041199
F5->F6,4,109,439.3199,388.4644,-0.133691,-3.417666,1.858684,-3.143236,2.011185
F5->F6,4,110,445.9311,366.9432,-0.412701,-3.633237,0.321423,-2.792682,1.116006
F5->F6,4,111,452.3213,344.5214,0.333982,-3.533107,-0.485042,-3.210658,0.880211
F5->F6,4,112,455.6026,321.9758,0.868163,-3.438191,-1.00503,-2.994322,1.925064
F5->F6,4,113,455.9456,299.3717,0.829748,-3.306558,-0.38285,-3.259417,1.213515
F5->F6,4,114,454.2424,276.6522,0.661737,-3.326988,1.042214,-3.834648,0.634414
F5->F6,4,115,451.8847,254.4092,0.691836,-3.367649,0.949565,-4.083462,0.760797
F5->F6,4,116,447.5507,233.1072,0.287254,-3.301889,-0.724485,-2.878844,1.096623
F5->F6,4,117,440.5713,213.2438,-0.510815,-3.097996,0.67581,-4.245955,1.651026
F5->F6,4,118,432.0724,193.6293,-1.113467,-2.923038,0.692628,-4.143372,2.179723
F5->F6,4,119,422.257,173.7655,-1.33762,-2.897385,-1.136498,-2.863843,0.203901
F5->F6,4,120,411.8798,153.9644,-1.052764,-2.929129,-0.655448,-2.582347,0.527368
F5->F6,4,121,400.2021,134.3002,-0.740918,-2.970967,-1.236929,-2.344227,0.799268
F5->F6,4,122,385.3406,115.6851,-0.608624,-3.000746,-1.014087,-2.476413,0.662815
F5->F6,4,123,366.5196,99.7462,-0.446935,-2.99654,20.0,-20.0,26.593135
F5->F6,4,124,344.7672,89.1432,-0.122231,-2.849811,-0.046869,-2.629567,0.232781
F5->F6,4,125,321.3942,84.9867,0.361653,-2.836936,-0.383853,-2.530113,0.806175
F5->F6,4,126,297.9118,86.4334,0.780164,-3.029213,0.345954,-2.850308,0.469622
F5->F6,4,127,275.5462,92.9664,1.106949,-3.192433,0.63333,-2.891849,0.56095
F5->F6,4,128,255.4515,105.9253,1.28387,-3.02355,0.894371,-2.234427,0.880014
F5->F6,4,129,240.389,124.5908,1.584953,-2.51345,0.996592,-2.358178,0.608505
F5->F6,4,130,228.1779,145.0161,1.134585,-2.333966,1.399051,-2.439891,0.28489
F5->F6,4,131,217.9073,166.1858,0.651535,-2.26023,0.690312,-2.072706,0.191491
F5->F6,4,132,210.5812,186.9076,0.729855,-2.407267,0.327655,-2.921574,0.652899
F5->F6,4,133,206.0724,206.9589,0.904282,-2.670254,0.685879,-2.700281,0.220458
F5->F6,4,134,203.2698,227.0409,1.251305,-2.880703,1.258994,-2.856076,0.025799
F5->F6,4,135,201.5357,247.3315,1.421954,-3.094694,0.978199,-3.041214,0.446965
F5->F6,4,136,200.4249,267.6667,1.50134,-3.275999,1.487803,-3.256405,0.023816
F5->F6,4,137,199.2154,288.4059,1.370577,-3.331862,1.847612,-3.22976,0.48784
F5->F6,4,138,197.9053,309.4347,0.931632,-3.311005,1.828129,-2.960366,0.962629
F5->F6,4,139,197.274,330.9978,0.842632,-3.190166,0.952286,-3.887594,0.705996
F5->F6,4,140,196.8356,352.7016,0.690713,-3.181969,-1.260147,-3.932222,2.090152
F5->F6,4,141,197.0359,375.2581,0.247462,-3.408649,-4.942989,-5.194576,5.489109
F5->F6,4,142,204.0981,396.8895,-0.176916,-3.573004,1.208674,-3.060838,1.477218
F5->F6,4,143,219.6767,413.304,0.129231,-3.651062,2.165047,-3.119087,2.104173
F5->F6,4,144,439.1126,410.8563,1.20861,-3.185901,2.514026,-3.230558,1.30618
F5->F6,4,145,445.323,390.897,-0.207232,-3.575046,2.902391,-3.973142,3.135002
F5->F6,4,146,452.2243,368.6392,-0.435338,-3.796914,-0.524476,-2.825676,0.97532
F5->F6,4,147,458.8607,345.4026,0.372311,-3.6782,-0.363568,-3.204959,0.874915
F5->F6,4,148,462.1619,322.0449,0.903842,-3.567453,5.864132,-7.93664,6.610165
F5->F6,4,149,462.5401,298.7099,0.886565,-3.408233,0.113091,-2.937426,0.905495
F5->F6,4,150,461.2616,275.2209,0.755182,-3.381722,-1.84481,-1.96355,2.961617
F5->F6,4,151,459.5211,252.2104,0.760201,-3.415358,0.571904,-4.068244,0.679497
F5->F6,4,152,455.709,230.3092,0.294765,-3.337547,0.808046,-4.041858,0.871499
F5->F6,4,153,449.1948,210.1089,-0.442241,-3.161747,-0.811616,-3.073624,0.379741
F5->F6,4,154,440.6789,190.3182,-1.038909,-2.979085,0.291588,-3.65044,1.490282
F5->F6,4,155,430.4299,170.2514,-1.250902,-2.932941,19.493964,-20.0,26.863246
F5->F6,4,156,419.7446,150.1228,-0.833233,-2.970288,20.0,-19.499299,26.59383
F5->F6,4,157,407.4304,129.9125,-0.498448,-3.008522,-1.608963,-2.088227,1.442286
F5->F6,4,158,391.6074,110.6071,-0.345812,-2.983273,-1.35902,-1.500471,1.795909
F5->F6,4,159,371.2355,94.0073,-0.239339,-2.904651,-0.882234,-1.690918,1.373486
F5->F6,4,160,347.6433,83.0419,0.016327,-2.748293,-0.102819,-2.108393,0.650897
F5->F6,4,161,322.1619,79.1547,0.359663,-2.759394,-0.208205,-2.24088,0.76898
F5->F6,4,162,296.8723,80.8788,0.669646,-3.055963,0.313056,-2.803107,0.437142
F5->F6,4,163,273.117,87.7517,0.960319,-3.28149,0.533841,-2.688105,0.730745
F5->F6,4,164,251.9188,101.6341,1.176848,-3.089545,0.725086,-1.744375,1.419004
F5->F6,4,165,236.3883,121.8658,1.528947,-2.467786,0.657133,-2.131299,0.934496
F5->F6,4,166,223.6393,143.4205,1.051448,-2.210995,1.347656,-2.418983,0.361936
F5->F6,4,167,212.2639,165.2891,0.534038,-2.119434,0.668281,-2.002989,0.17771
F5->F6,4,168,203.7649,186.3603,0.772041,-2.252272,-0.471823,-2.563022,1.282093
F5->F6,4,169,198.2943,206.3936,0.945875,-2.523805,0.910516,-2.818822,0.297128
F5->F6,4,170,194.8817,226.3797,1.212122,-2.789316,2.100089,-2.338866,0.995685
F5->F6,4,171,192.9639,246.7018,1.295615,-3.041777,1.180618,-3.170569,0.172661
F5->F6,4,172,192.0002,267.2043,1.25688,-3.243584,1.425502,-3.087009,0.230107
F5->F6,4,173,191.1496,287.949,1.212077,-3.352377,0.463957,-4.077811,1.042084
F5->F6,4,174,190.0405,308.951,0.855438,-3.4388,2.242127,-2.80831,1.523294
F5->F6,4,175,189.1958,330.4306,0.751905,-3.434661,0.983366,-4.009661,0.619838
F5->F6,4,176,188.5902,352.498,0.632893,-3.492839,0.233139,-4.219241,0.829134
F5->F6,4,177,187.9982,376.3296,0.016307,-3.671788,-0.315874,-9.570712,5.908269
F5->F6,4,178,196.6252,399.4247,-0.085695,-3.755062,-5.07457,-8.033798,6.572401
F5->F6,4,179,214.1464,415.1423,0.079516,-3.914685,6.918663,5.959095,12.011056
F6->F7,5,0,414.01,394.4055,-0.460823,-3.766334,-0.989723,-2.739153,1.155351
F6->F7,5,1,421.2171,377.8107,-1.025936,-3.582226,-3.392767,9.548336,13.342172
F6->F7,5,2,428.6468,358.8265,-0.88958,-3.463077,-0.764462,-3.003293,0.476504
F6->F7,5,3,432.8991,338.7067,-0.802773,-3.261694,-1.858703,-3.105105,1.067478
F6->F7,5,4,435.8836,318.1881,-0.688483,-3.133616,-2.30962,-3.33208,1.633241
F6->F7,5,5,436.1491,297.9335,-1.009713,-2.900974,-2.102732,-3.15639,1.122464
F6->F7,5,6,433.5675,277.8682,-1.189397,-2.762304,0.035068,-3.791427,1.599502
F6->F7,5,7,429.4937,258.1105,-1.102262,-2.66604,-2.99033,-2.084571,1.975578
F6->F7,5,8,423.4183,238.8249,-1.300425,-2.495948,-1.791517,-2.919228,0.648334
F6->F7,5,9,414.6771,220.0917,-1.978604,-2.205373,-2.066086,-2.092602,0.142724
F6->F7,5,10,405.2992,201.3861,-2.382261,-1.987712,-2.569935,-1.893737,0.209887
F6->F7,5,11,396.6631,182.4512,-2.219267,-1.901371,-1.489751,-2.164757,0.775607
F6->F7,5,12,387.7493,163.9682,-1.985797,-1.817603,-1.873295,-1.773123,0.120976
F6->F7,5,13,377.6111,146.2191,-1.81239,-1.74518,-1.757841,-1.738234,0.05499
F6->F7,5,14,365.948,129.8903,-1.519939,-1.83082,-1.998752,-1.342065,0.68421
F6->F7,5,15,352.4046,116.0246,-0.997761,-2.015951,-0.762625,-1.593299,0.483657
F6->F7,5,16,336.7551,106.4235,-0.363132,-2.080913,-0.65957,-1.643262,0.528597
F6->F7,5,17,319.4961,101.3906,0.239528,-2.133543,-0.199432,-1.816992,0.541193
F6->F7,5,18,301.5466,101.3429,0.793234,-2.227296,0.183076,-1.953974,0.668579
F6->F7,5,19,283.5168,106.4485,1.165681,-2.328902,0.682363,-2.073002,0.546883
F6->F7,5,20,267.1807,116.612,1.424936,-2.241338,0.795172,-2.28053,0.630983
F6->F7,5,21,253.2024,131.0524,1.481647,-2.013505,0.93255,-2.143357,0.564242
F6->F7,5,22,242.0123,148.0133,1.235041,-2.01551,1.187055,-2.072789,0.074723
F6->F7,5,23,235.5655,167.3335,1.267459,-1.926891,1.427315,-2.210907,0.325913
F6->F7,5,24,231.2751,186.7761,1.096739,-2.119518,1.884865,-1.9219,0.812524
F6->F7,5,25,229.5078,206.5856,1.10713,-2.411991,2.019623,-2.27106,0.923312
F6->F7,5,26,229.2211,226.52,1.605673,-2.634215,2.279765,-2.359157,0.72805
F6->F7,5,27,228.7254,246.377,2.178465,-2.805673,2.569083,-2.170774,0.745439
F6->F7,5,28,227.48,266.4964,2.540983,-2.945186,1.956981,-2.884308,0.587166
F6->F7,5,29,224.6284,287.023,2.250007,-2.982754,1.772018,-2.71168,0.549504
F6->F7,5,30,222.2617,307.7225,1.513834,-2.980998,1.405817,-3.026013,0.117021
F6->F7,5,31,222.0454,328.84,1.485855,-2.896108,3.148643,-3.19792,1.689958
F6->F7,5,32,222.4859,349.6228,1.351501,-2.830492,0.221807,-4.058948,1.668925
F6->F7,5,33,224.7123,368.9041,1.214596,-2.931703,3.340922,-3.018969,2.128115
F6->F7,5,34,230.2681,388.0247,1.277085,-2.834287,0.599535,-3.124173,0.736958
F6->F7,5,35,237.2645,404.361,0.77106,-3.111821,1.044813,-3.356128,0.366915
F6->F7,5,36,420.5399,397.8854,-0.36544,-3.825654,-0.766946,-2.8893,1.018806
F6->F7,5,37,427.4206,380.361,-1.045039,-3.767378,-5.45617,-2.278117,4.655746
F6->F7,5,38,433.9473,359.9501,-0.980389,-3.748391,-1.422801,-3.156301,0.739121
F6->F7,5,39,439.32,339.517,-0.660932,-3.461941,-2.113307,-3.023931,1.516986
F6->F7,5,40,442.7725,318.5354,-0.45391,-3.214135,-2.76545,-3.055803,2.316957
F6->F7,5,41,443.0931,297.3385,-0.756001,-2.987119,-1.984518,-3.073136,1.231525
F6->F7,5,42,440.6986,276.41,-0.965,-2.829994,-1.669644,-2.862295,0.705385
F6->F7,5,43,437.184,255.7312,-0.925373,-2.747785,-1.662662,-2.687306,0.739766
F6->F7,5,44,431.5854,235.7832,-1.165597,-2.581427,0.147881,-3.824113,1.808174
F6->F7,5,45,422.9806,216.6902,-1.848514,-2.315825,-2.181404,-2.212114,0.348671
F6->F7,5,46,413.6923,197.718,-2.207935,-2.116005,-1.426072,-3.223787,1.355909
F6->F7,5,47,404.7214,178.4292,-2.01001,-2.08633,-1.656974,-1.884379,0.406716
F6->F7,5,48,395.3568,159.4561,-1.729171,-2.057673,-1.744593,-1.687039,0.370954
F6->F7,5,49,384.7694,141.0157,-1.549631,-2.035482,-1.810663,-1.939939,0.277968
F6->F7,5,50,371.9664,123.7853,-1.296973,-2.175299,-1.298329,-2.006757,0.168547
F6->F7,5,51,356.8484,109.1401,-0.812627,-2.337595,-0.795828,-1.954798,0.383165
F6->F7,5,52,339.2586,99.3062,-0.308879,-2.3263,-0.636447,-1.725317,0.684456
F6->F7,5,53,320.1741,94.6112,0.251463,-2.365362,-0.218492,-2.138991,0.521633
F6->F7,5,54,300.8519,95.1804,0.842158,-2.45994,0.416623,-2.115115,0.547708
F6->F7,5,55,281.3033,100.7243,1.142196,-2.582364,0.886243,-2.228433,0.436783
F6->F7,5,56,263.8012,112.0353,1.393712,-2.425844,0.943661,-2.317584,0.46289
F6->F7,5,57,249.483,128.1036,1.514624,-2.053622,0.947269,-2.219219,0.591029
F6->F7,5,58,237.7941,146.041,1.244927,-2.012823,1.004106,-2.213594,0.313534
F6->F7,5,59,229.9747,165.9883,1.135938,-1.946618,1.600881,-1.906539,0.466668
F6->F7,5,60,224.5689,185.9188,0.997318,-2.107266,1.905998,-1.988341,0.916429
F6->F7,5,61,222.0217,205.6963,1.083771,-2.389523,2.234631,-2.306757,1.153832
F6->F7,5,62,221.1108,225.6292,1.557973,-2.616705,1.164036,-2.855411,0.460617
F6->F7,5,63,220.3042,245.5292,2.037373,-2.812846,1.506114,-2.621018,0.564831
F6->F7,5,64,219.123,265.705,2.287098,-2.975334,1.354282,-3.045903,0.935482
F6->F7,5,65,216.6963,286.3266,2.045384,-3.034714,3.590316,-2.046319,1.83405
F6->F7,5,66,214.487,307.2013,1.373355,-3.051875,3.329897,-2.308885,2.092867
F6->F7,5,67,214.2472,328.6512,1.340844,-2.955391,2.492102,-3.120921,1.163097
F6->F7,5,68,214.2468,349.7937,1.167744,-2.929065,2.891271,-3.130849,1.735299
F6->F7,5,69,215.9238,370.2202,1.056066,-3.031085,3.099652,-3.149323,2.047003
F6->F7,5,70,221.3544,390.0839,0.845496,-3.032595,2.705667,-2.855724,1.868561
F6->F7,5,71,231.2763,406.1317,0.536408,-3.294598,2.563367,-3.165684,2.031054
F6->F7,5,72,427.0997,401.4972,-0.268291,-3.849802,-0.360306,-3.106549,0.748927
F6->F7,5,73,433.4125,382.6828,-1.082367,-3.973646,-9.091125,-2.807009,8.093283
F6->F7,5,74,439.6131,361.65,-1.160131,-3.924321,0.189035,-3.826401,1.352715
F6->F7,5,75,445.9658,340.3256,-0.667809,-3.591634,-2.436878,-3.209185,1.809937
F6->F7,5,76,449.6843,318.559,-0.339453,-3.334012,-2.273174,-3.178647,1.939952
F6->F7,5,77,449.9952,296.7341,-0.5709,-3.053074,-1.68078,-2.963501,1.113489
F6->F7,5,78,447.7772,274.8383,-0.787657,-2.911498,-1.635741,-2.77159,0.859547
F6->F7,5,79,444.9027,253.367,-0.750901,-2.818771,-1.481671,-3.25092,0.848986
F6->F7,5,80,439.7162,232.7154,-1.06013,-2.665067,-0.979078,-3.172614,0.513978
F6->F7,5,81,431.4695,213.38,-1.726463,-2.401731,-1.000191,-2.869403,0.863822
F6->F7,5,82,422.3053,194.169,-2.049048,-2.213159,-0.795767,-2.862264,1.4114
F6->F7,5,83,412.8131,174.6026,-1.910556,-2.185199,-1.688697,-1.87868,0.378385
F6->F7,5,84,403.0454,155.2061,-1.543022,-2.209293,-1.602215,-1.845014,0.369056
F6->F7,5,85,392.0152,136.0103,-1.284169,-2.253798,-1.603496,-1.962673,0.432115
F6->F7,5,86,378.2098,117.9519,-1.058267,-2.410527,-1.180861,-2.181802,0.259508
F6->F7,5,87,361.467,102.9264,-0.671695,-2.43601,-0.773837,-2.214017,0.244364
F6->F7,5,88,341.8114,92.562,-0.273802,-2.478875,-0.493382,-2.131935,0.410588
F6->F7,5,89,320.8235,88.286,0.247346,-2.474297,-0.142451,-2.235942,0.456897
F6->F7,5,90,299.835,89.2125,0.802543,-2.611594,0.398553,-2.287294,0.518052
F6->F7,5,91,279.0179,95.2233,1.10683,-2.746946,0.766251,-2.164776,0.674474
F6->F7,5,92,260.3038,107.399,1.303915,-2.61816,0.910276,-2.264887,0.528917
F6->F7,5,93,245.886,125.0831,1.596347,-2.106605,0.893507,-2.083513,0.703219
F6->F7,5,94,233.5841,144.2673,1.273281,-1.97546,0.607324,-2.265595,0.726414
F6->F7,5,95,224.3044,164.7786,0.998758,-1.932594,1.447284,-2.306078,0.583666
F6->F7,5,96,217.8823,185.1259,0.921382,-2.054492,1.444745,-2.120801,0.527547
F6->F7,5,97,214.5187,204.9241,1.085962,-2.329866,2.207172,-2.263742,1.123159
F6->F7,5,98,212.9172,224.8751,1.517292,-2.572256,2.476033,-2.313015,0.993172
F6->F7,5,99,211.7845,244.8135,1.869316,-2.797087,1.579228,-2.682253,0.31199
F6->F7,5,100,210.5504,264.9757,1.994467,-2.996373,1.575581,-2.915521,0.426618
F6->F7,5,101,208.6922,285.6744,1.822854,-3.091689,1.836743,-2.829881,0.262176
F6->F7,5,102,206.7,306.6903,1.243193,-3.122085,0.686973,-2.892588,0.601704
F6->F7,5,103,206.2168,328.2903,1.178518,-3.051936,2.631017,-2.844768,1.467199
F6->F7,5,104,205.9882,349.8364,1.008526,-3.057485,1.947448,-3.048161,0.938968
F6->F7,5,105,206.9902,371.3465,0.839375,-3.202547,1.688605,-2.999912,0.873071
F6->F7,5,106,212.484,391.673,0.413594,-3.33015,3.948288,-2.946663,3.555436
F6->F7,5,107,225.4081,407.8239,0.31107,-3.504067,-1.842984,-3.960124,2.201803
F6->F7,5,108,433.7227,404.6714,-0.16919,-3.849784,-0.693993,-2.914544,1.072423
F6->F7,5,109,439.1862,385.0467,-1.200053,-4.105838,0.785569,-4.226125,1.989262
F6->F7,5,110,445.5184,363.31,-1.339237,-4.046761,0.028606,-3.962318,1.370447
F6->F7,5,111,452.6553,340.9883,-0.694471,-3.745809,-0.868915,-3.796307,0.181606
F6->F7,5,112,456.4708,318.5376,-0.245079,-3.448731,-2.129067,-2.888104,1.965633
F6->F7,5,113,456.7753,296.0651,-0.434193,-3.117458,-1.507575,-2.797404,1.120082
F6->F7,5,114,454.9042,273.3252,-0.619631,-2.96759,-0.071317,-3.937387,1.114071
F6->F7,5,115,452.5765,251.0416,-0.608765,-2.876684,-0.910441,-3.058207,0.352077
F6->F7,5,116,447.838,229.8053,-0.973186,-2.715575,-0.860372,-3.119235,0.419127
F6->F7,5,117,440.0605,210.1458,-1.574572,-2.47238,-0.783139,-2.765219,0.843873
F6->F7,5,118,430.9589,190.7063,-1.896313,-2.279981,-0.85343,-2.853126,1.19
F6->F7,5,119,420.9194,170.8681,-1.812637,-2.268355,-1.753751,-2.092221,0.185717
F6->F7,5,120,410.827,151.0353,-1.380671,-2.316302,-1.480572,-2.362373,0.110012
F6->F7,5,121,399.4612,131.3292,-1.026801,-2.377431,-1.072913,-1.898564,0.481083
F6->F7,5,122,384.732,112.6843,-0.796593,-2.47843,-1.295341,-1.785856,0.853469
F6->F7,5,123,366.0727,96.7496,-0.531869,-2.533223,20.0,-20.0,26.956371
F6->F7,5,124,344.645,86.2934,-0.173314,-2.470427,-0.244198,-2.086883,0.390038
F6->F7,5,125,321.7559,82.1497,0.3084,-2.51665,0.104437,-2.083591,0.478686
F6->F7,5,126,298.692,83.4042,0.719237,-2.720281,0.381888,-2.573903,0.367738
F6->F7,5,127,276.6531,89.774,1.046019,-2.891849,0.849256,-2.192591,0.726414
F6->F7,5,128,256.7353,102.9018,1.227894,-2.716686,1.174294,-2.246084,0.473645
F6->F7,5,129,241.974,122.0774,1.579854,-2.162544,0.44385,-2.073331,1.139502
F6->F7,5,130,229.3125,142.6821,1.287906,-1.891979,0.679608,-2.056513,0.630158
F6->F7,5,131,218.5588,163.9256,0.843703,-1.825421,1.207556,-2.317483,0.611976
F6->F7,5,132,211.311,184.5003,0.934196,-1.964853,1.463003,-2.153498,0.561448
F6->F7,5,133,206.9767,204.2886,1.096569,-2.253003,2.06413,-2.172658,0.970891
F6->F7,5,134,204.5211,224.1601,1.421622,-2.51487,2.47713,-2.335498,1.070641
F6->F7,5,135,202.9576,244.2369,1.601906,-2.773189,1.275957,-3.063444,0.436454
F6->F7,5,136,201.9262,264.3907,1.665757,-2.993655,1.667491,-2.980327,0.01344
F6->F7,5,137,200.586,285.074,1.569525,-3.14066,1.537404,-2.685946,0.455847
F6->F7,5,138,198.8369,306.1237,1.141061,-3.209102,1.438917,-3.071535,0.32809
F6->F7,5,139,198.1166,327.8076,0.994945,-3.197694,2.545812,-2.754417,1.612974
F6->F7,5,140,197.5263,349.5196,0.827778,-3.252894,-9.512423,7.840833,15.165439
F6->F7,5,141,197.2833,371.8495,0.500796,-3.476547,2.770124,-2.741073,2.385534
F6->F7,5,142,203.9212,393.3165,0.04738,-3.560511,-1.557413,1.703593,5.503286
F6->F7,5,143,219.8059,409.6529,0.227268,-3.737745,0.634766,4.940345,8.687653
F6->F7,5,144,440.3212,407.6704,-0.007689,-3.870734,8.090699,-2.987686,8.146389
F6->F7,5,145,445.1158,387.322,-1.357429,-4.254374,-1.126345,-3.175265,1.103574
F6->F7,5,146,451.789,364.8422,-1.407048,-4.209514,0.031785,-3.956217,1.460959
F6->F7,5,147,459.233,341.7244,-0.703862,-3.883237,-1.238378,-3.995307,0.546138
F6->F7,5,148,463.0657,318.4774,-0.196026,-3.549655,9.552212,1.44111,10.951524
F6->F7,5,149,463.4267,295.3016,-0.329515,-3.194466,-1.281997,-3.197716,0.952487
F6->F7,5,150,462.0167,271.8392,-0.471434,-3.007691,-0.301865,-4.048895,1.054922
F6->F7,5,151,460.2813,248.7951,-0.47172,-2.919929,-0.946281,-2.953797,0.475768
F6->F7,5,152,456.0038,226.9716,-0.863049,-2.751435,-1.217254,-3.208626,0.578346
F6->F7,5,153,448.7525,206.9471,-1.406828,-2.52771,-0.754235,-2.92189,0.762401
F6->F7,5,154,439.64,187.3391,-1.737208,-2.331622,-0.960709,-2.886439,0.954344
F6->F7,5,155,429.179,167.3184,-1.68406,-2.297752,19.488928,-18.184818,26.470631
F6->F7,5,156,418.9114,147.1525,-1.161161,-2.351267,18.0,-20.0,26.050487
F6->F7,5,157,406.9319,126.904,-0.789415,-2.411763,-1.074589,-1.146864,1.296647
F6->F7,5,158,391.2616,107.6238,-0.535148,-2.473085,-1.025532,-1.235024,1.331642
F6->F7,5,159,370.9962,91.1027,-0.338067,-2.470924,-0.812625,-1.34574,1.221165
F6->F7,5,160,347.6596,80.2936,-0.034572,-2.398132,-0.075867,-1.733648,0.665766
F6->F7,5,161,322.5216,76.3953,0.314777,-2.471355,0.159795,-2.06425,0.435607
F6->F7,5,162,297.542,77.8228,0.626747,-2.76905,0.29773,-2.417992,0.481138
F6->F7,5,163,274.0773,84.4702,0.920744,-2.982336,0.676343,-2.15986,0.858021
F6->F7,5,164,253.0956,98.5445,1.142767,-2.759837,1.108319,-2.26772,0.493321
F6->F7,5,165,237.9172,119.398,1.537424,-2.12215,0.035774,-1.953604,1.511079
F6->F7,5,166,224.6908,141.2095,1.208966,-1.778214,0.843971,-1.935229,0.397335
F6->F7,5,167,212.7979,163.1697,0.690226,-1.705733,0.892402,-2.180949,0.516435
F6->F7,5,168,204.5369,184.1081,0.917236,-1.838117,0.946768,-1.908206,0.076057
F6->F7,5,169,199.2402,203.8698,1.063932,-2.12903,1.783011,-1.929801,0.746168
F6->F7,5,170,196.0939,223.5904,1.31137,-2.438966,0.753254,-2.600299,0.580967
F6->F7,5,171,194.2595,243.66,1.407332,-2.73266,1.128288,-3.082364,0.44739
F6->F7,5,172,193.257,263.9607,1.337524,-2.983801,1.496133,-3.158456,0.235926
F6->F7,5,173,192.3617,284.5966,1.301763,-3.17008,1.534585,-2.714263,0.511835
F6->F7,5,174,190.896,305.5122,0.966073,-3.338692,-0.907362,-3.937361,1.966765
F6->F7,5,175,189.9477,326.9959,0.816391,-3.405118,1.968856,-2.989447,1.225135
F6->F7,5,176,189.2231,349.0052,0.689254,-3.518718,1.876128,-2.79254,1.391403
F6->F7,5,177,188.0145,372.6578,0.256963,-3.700414,-0.558771,1.096375,4.865656
F6->F7,5,178,196.5395,395.6696,0.053183,-3.680508,4.968809,1.919029,7.451053
F6->F7,5,179,214.2259,411.2276,0.18962,-3.916801,3.161508,2.711609,7.264154
F7->F8,6,0,413.5492,390.6392,-1.538041,-2.976155,-1.702318,-2.128401,0.863525
F7->F8,6,1,420.1912,374.2285,-2.108773,-3.109106,-2.543706,-3.792345,0.809927
F7->F8,6,2,427.7572,355.3634,-2.039374,-2.937516,-1.43779,-3.015864,0.606664
F7->F8,6,3,432.0964,335.445,-2.038845,-2.520374,-2.332316,-3.030991,0.588944
F7->F8,6,4,435.1952,315.0545,-2.195589,-2.255628,-3.917339,-2.001128,1.740458
F7->F8,6,5,435.1394,295.0325,-2.805503,-1.878658,-3.194383,-2.07113,0.433905
F7->F8,6,6,432.3781,275.1059,-3.084009,-1.618254,-1.205842,-2.889129,2.267738
F7->F8,6,7,428.3914,255.4445,-3.087634,-1.408648,-3.039184,-2.003822,0.597143
F7->F8,6,8,422.1179,236.329,-3.261147,-1.169534,-4.157513,-1.133017,0.89711
F7->F8,6,9,412.6985,217.8863,-3.634069,-0.899766,-3.494662,-1.342408,0.464076
F7->F8,6,10,402.9169,199.3984,-3.639573,-0.715229,-2.344895,-1.00764,1.327288
F7->F8,6,11,394.4439,180.5498,-3.162302,-0.636898,-2.920385,-1.105302,0.527186
F7->F8,6,12,385.7635,162.1506,-2.71573,-0.562181,-3.011643,-0.389654,0.342535
F7->F8,6,13,375.7987,144.474,-2.313754,-0.521482,-2.020333,-0.726367,0.357874
F7->F8,6,14,364.428,128.0595,-1.851413,-0.635078,-1.886705,-0.877569,0.245046
F7->F8,6,15,351.4068,114.0087,-1.233461,-0.88612,-0.963022,-0.976068,0.285006
F7->F8,6,16,336.392,104.3426,-0.539978,-1.073919,-0.321064,-0.988071,0.235145
F7->F8,6,17,319.7356,99.2571,0.064477,-1.225472,0.01168,-1.042043,0.190877
F7->F8,6,18,302.3398,99.1156,0.580649,-1.327275,0.181617,-1.249724,0.406498
F7->F8,6,19,284.6825,104.1196,0.938867,-1.442279,0.690359,-1.463176,0.249385
F7->F8,6,20,268.6056,114.3707,1.182388,-1.35865,0.588978,-1.031779,0.67748
F7->F8,6,21,254.684,129.0388,1.358188,-1.102405,1.273143,-1.14606,0.095595
F7->F8,6,22,243.2473,145.9978,1.460487,-1.014198,1.793576,-1.015683,0.333092
F7->F8,6,23,236.833,165.4066,1.841325,-0.906076,1.97801,-0.839,0.152256
F7->F8,6,24,232.3718,184.6566,2.074746,-1.029104,2.14719,-0.93584,0.118094
F7->F8,6,25,230.6149,204.1736,2.246123,-1.291047,2.616653,-0.911297,0.530568
F7->F8,6,26,230.8268,223.8858,2.72826,-1.534654,3.278673,-1.450681,0.556782
F7->F8,6,27,230.9039,243.5713,3.213872,-1.738332,2.532606,-1.654569,0.686396
F7->F8,6,28,230.021,263.5513,3.523444,-1.923153,4.068131,-1.307932,0.821695
F7->F8,6,29,226.8784,284.0403,3.356561,-2.032805,2.823855,-2.185783,0.554236
F7->F8,6,30,223.7755,304.7415,2.734231,-2.096314,4.112015,-2.12719,1.37813
F7->F8,6,31,223.5313,325.9438,2.602926,-2.123731,2.609377,-1.98215,0.141728
F7->F8,6,32,223.8374,346.7924,2.395392,-2.179296,3.831931,-1.912662,1.461075
F7->F8,6,33,225.9269,365.9724,2.093595,-2.363226,4.187225,-2.120947,2.107602
F7->F8,6,34,231.5452,385.1904,1.993169,-2.4265,2.61782,-2.925003,0.799184
F7->F8,6,35,238.0355,401.2492,1.360447,-2.632794,2.025716,-3.219406,0.88696
F7->F8,6,36,420.1744,394.0597,-1.477121,-3.274427,-0.778496,-3.003957,0.749153
F7->F8,6,37,426.3756,376.5936,-2.076607,-3.341404,-9.176809,9.584968,14.748015
F7->F8,6,38,432.9669,356.2017,-1.8704,-3.143021,-1.726617,-2.815525,0.357669
F7->F8,6,39,438.659,336.0551,-1.697152,-2.7652,-2.267941,-3.012917,0.622225
F7->F8,6,40,442.3185,315.3213,-1.910066,-2.398043,-4.114668,-2.146879,2.218863
F7->F8,6,41,442.3371,294.3514,-2.457274,-2.003533,-3.316796,-2.204056,0.882602
F7->F8,6,42,439.7336,273.58,-2.759656,-1.706919,-3.077095,-2.104768,0.508971
F7->F8,6,43,436.2586,252.9834,-2.78533,-1.497275,-2.735295,-1.824742,0.331267
F7->F8,6,44,430.4198,233.2018,-2.919242,-1.263755,-2.264782,-2.21181,1.152009
F7->F8,6,45,421.1321,214.3744,-3.244927,-1.009142,-2.855922,-0.955313,0.392712
F7->F8,6,46,411.4843,195.602,-3.216784,-0.828744,-3.699861,-0.115178,0.861707
F7->F8,6,47,402.7114,176.3429,-2.691733,-0.814884,-2.890254,-1.106334,0.352638
F7->F8,6,48,393.6276,157.3985,-2.207123,-0.794372,-2.205623,-0.799231,0.005086
F7->F8,6,49,383.2198,138.9802,-1.936909,-0.788193,-1.779206,-0.749826,0.162303
F7->F8,6,50,370.6694,121.61,-1.555731,-0.965935,-1.55651,-0.74045,0.225486
F7->F8,6,51,356.0358,106.8025,-0.985206,-1.211035,-1.079092,-1.074547,0.165661
F7->F8,6,52,338.9497,96.9799,-0.442033,-1.338262,-0.468781,-1.403282,0.070307
F7->F8,6,53,320.4255,92.2459,0.104855,-1.467832,0.016105,-1.392502,0.11641
F7->F8,6,54,301.6941,92.7205,0.643481,-1.575283,0.240937,-1.365816,0.453782
F7->F8,6,55,282.4455,98.1419,0.933826,-1.690773,0.481304,-1.6883,0.452529
F7->F8,6,56,265.1949,109.6095,1.151811,-1.54929,0.647506,-1.275494,0.573836
F7->F8,6,57,250.9977,126.05,1.319504,-1.171508,1.354928,-1.310795,0.143721
F7->F8,6,58,239.039,144.0282,1.388009,-1.025761,1.754885,-1.144625,0.385651
F7->F8,6,59,231.1106,164.0417,1.592168,-0.935947,1.663905,-0.82165,0.134944
F7->F8,6,60,225.5662,183.8115,1.761429,-1.042849,2.05407,-0.788354,0.387823
F7->F8,6,61,223.1054,203.3068,2.029388,-1.280747,2.233986,-1.003545,0.344531
F7->F8,6,62,222.6688,223.0125,2.576678,-1.507608,3.357799,-1.456707,0.782778
F7->F8,6,63,222.3416,242.7164,3.036501,-1.723353,2.098785,-1.876607,0.950157
F7->F8,6,64,221.4101,262.7296,3.214564,-1.930175,2.131091,-1.879635,1.084651
F7->F8,6,65,218.7417,283.2919,3.007071,-2.056199,3.033823,-2.000475,0.061812
F7->F8,6,66,215.8604,304.1494,2.440675,-2.150888,3.770935,-2.086549,1.331815
F7->F8,6,67,215.5881,325.6958,2.295244,-2.170631,2.93061,-1.979643,0.66345
F7->F8,6,68,215.4145,346.8646,2.05299,-2.253908,3.757835,-1.984985,1.725924
F7->F8,6,69,216.9799,367.1891,1.818143,-2.406403,3.770657,-1.916084,2.013138
F7->F8,6,70,222.1999,387.0513,1.478797,-2.479938,1.364414,-3.942522,1.467049
F7->F8,6,71,231.8127,402.8371,1.090748,-2.73963,1.910833,-3.168826,0.925607
F7->F8,6,72,426.8314,397.6474,-1.410976,-3.41782,7.162812,3.697604,11.141773
F7->F8,6,73,432.3301,378.7091,-2.020629,-3.525999,-9.504449,9.578718,15.091096
F7->F8,6,74,438.4529,357.7256,-1.957074,-3.291537,-1.908351,-2.901399,0.393169
F7->F8,6,75,445.2979,336.734,-1.767972,-2.906588,-1.986926,-2.914162,0.219086
F7->F8,6,76,449.3448,315.225,-1.807314,-2.52555,-2.33039,-2.954712,0.676601
F7->F8,6,77,449.4243,293.681,-2.220611,-2.094036,-1.121818,-2.895804,1.360212
F7->F8,6,78,446.9896,271.9268,-2.489435,-1.789465,-0.887838,-2.777345,1.88176
F7->F8,6,79,444.1518,250.5482,-2.494073,-1.567791,-1.983883,-2.069711,0.715694
F7->F8,6,80,438.6561,230.0504,-2.63345,-1.34563,-1.947315,-2.165726,1.06927
F7->F8,6,81,429.743,210.9783,-2.943852,-1.086267,-2.975097,-0.988929,0.102231
F7->F8,6,82,420.2563,191.9558,-2.899612,-0.913798,-3.397696,-1.130074,0.543012
F7->F8,6,83,410.9025,172.4174,-2.451294,-0.894986,-2.561349,-0.774236,0.163378
F7->F8,6,84,401.5024,152.9968,-1.918343,-0.92517,-2.051481,-0.842198,0.156876
F7->F8,6,85,390.7311,133.7565,-1.624875,-0.96903,-1.837465,-0.717785,0.329118
F7->F8,6,86,377.1515,115.5413,-1.285429,-1.192164,-1.41466,-1.139932,0.139388
F7->F8,6,87,360.7953,100.4904,-0.820458,-1.33659,-0.655818,-1.077434,0.307031
F7->F8,6,88,341.5376,90.0832,-0.377149,-1.524775,-0.600918,-1.502937,0.224832
F7->F8,6,89,321.0709,85.8117,0.128921,-1.611897,0.100467,-1.580182,0.042608
F7->F8,6,90,300.6375,86.601,0.637996,-1.745685,0.302479,-1.521699,0.403412
F7->F8,6,91,280.1247,92.4764,0.923814,-1.854074,0.551992,-1.555797,0.476677
F7->F8,6,92,261.6077,104.7808,1.091383,-1.709455,0.95208,-1.421099,0.320241
F7->F8,6,93,247.4823,122.9765,1.372051,-1.219135,1.382337,-1.126933,0.092774
F7->F8,6,94,234.8574,142.2919,1.349092,-1.008872,1.559061,-1.040215,0.212296
F7->F8,6,95,225.3031,162.846,1.3678,-0.927203,1.09879,-1.020612,0.284766
F7->F8,6,96,218.8037,183.0714,1.505473,-1.012122,1.863259,-0.898445,0.37541
F7->F8,6,97,215.6047,202.5942,1.888155,-1.231428,2.278816,-0.970494,0.46979
F7->F8,6,98,214.4344,222.3028,2.422624,-1.464977,2.660438,-1.131762,0.409375
F7->F8,6,99,213.6538,242.0164,2.810612,-1.703063,1.581546,-1.707848,1.229076
F7->F8,6,100,212.5448,261.9793,2.882945,-1.932746,2.154676,-2.221163,0.7833
F7->F8,6,101,210.5151,282.5827,2.676167,-2.098295,2.209162,-2.010217,0.475238
F7->F8,6,102,207.9431,303.5682,2.169487,-2.212172,0.950125,-2.996967,1.450086
F7->F8,6,103,207.3953,325.2383,2.020394,-2.254164,2.983929,-1.910287,1.02306
F7->F8,6,104,206.9967,346.7789,1.774337,-2.354283,4.01717,-2.199467,2.24817
F7->F8,6,105,207.8296,368.144,1.509926,-2.523713,4.072226,-2.108624,2.595704
F7->F8,6,106,212.8976,388.3428,1.024285,-2.626314,0.655464,-3.720894,1.155047
F7->F8,6,107,225.7191,404.3199,0.782934,-2.836932,2.427831,-3.197993,1.684058
F7->F8,6,108,433.5535,400.8216,-1.330672,-3.444332,3.49697,1.941436,7.232747
F7->F8,6,109,437.9862,380.9409,-2.045698,-3.627286,-3.68733,-0.187276,3.811643
F7->F8,6,110,444.1792,359.2632,-2.124052,-3.393674,-2.079213,-3.003417,0.392824
F7->F8,6,111,451.9608,337.2425,-1.875091,-3.036824,-3.706551,-1.953962,2.127636
F7->F8,6,112,456.2257,315.0889,-1.716499,-2.63732,-2.294794,-3.074888,0.725183
F7->F8,6,113,456.3411,292.9477,-2.04054,-2.171568,-2.866236,-2.082147,0.830524
F7->F8,6,114,454.2845,270.3577,-2.243875,-1.853758,-2.14573,-2.119231,0.283033
F7->F8,6,115,451.9678,248.1649,-2.238239,-1.626964,-2.16006,-2.239736,0.617739
F7->F8,6,116,446.8648,227.0897,-2.397742,-1.397573,-1.817489,-1.913164,0.776227
F7->F8,6,117,438.4859,207.6734,-2.650183,-1.148943,-2.988581,-0.953649,0.390708
F7->F8,6,118,429.0626,188.4263,-2.629775,-0.961649,-3.371225,-1.29124,0.811405
F7->F8,6,119,419.1067,168.5997,-2.224857,-0.963148,-2.361541,-1.178773,0.255298
F7->F8,6,120,409.4464,148.719,-1.730983,-0.995351,-1.622913,-0.710127,0.305011
F7->F8,6,121,398.4344,128.9518,-1.357923,-1.072808,-1.026204,-1.139391,0.338336
F7->F8,6,122,383.9354,110.2059,-1.02452,-1.275319,-1.181435,-1.206611,0.171299
F7->F8,6,123,365.5408,94.2164,-0.65736,-1.465517,-0.716797,-1.158367,0.312849
F7->F8,6,124,344.4717,83.823,-0.261629,-1.550551,-0.681117,-1.3005,0.48836
F7->F8,6,125,322.0643,79.6331,0.20382,-1.681052,-0.064844,-1.689259,0.268789
F7->F8,6,126,299.4112,80.6839,0.587683,-1.880972,0.231837,-1.679421,0.408961
F7->F8,6,127,277.6992,86.8822,0.893083,-1.997771,0.578379,-1.631917,0.482583
F7->F8,6,128,257.9632,100.1851,1.05671,-1.763477,0.786138,-1.680707,0.282949
F7->F8,6,129,243.5538,119.9148,1.364391,-1.253982,1.424034,-0.954367,0.305493
F7->F8,6,130,230.6004,140.7901,1.325882,-0.94056,1.10326,-1.040216,0.243909
F7->F8,6,131,219.4025,162.1002,1.173926,-0.815984,0.98426,-0.827762,0.190031
F7->F8,6,132,212.2452,182.5355,1.373281,-0.937544,1.928665,-0.844855,0.563065
F7->F8,6,133,208.0733,202.0356,1.750874,-1.169613,1.979175,-1.080602,0.24504
F7->F8,6,134,205.9427,221.6453,2.205966,-1.417026,2.406776,-1.247441,0.262838
F7->F8,6,135,204.5595,241.4637,2.480284,-1.682647,1.037682,-1.926253,1.463025
F7->F8,6,136,203.592,261.3971,2.512336,-1.928688,2.110235,-2.054137,0.421215
F7->F8,6,137,202.1555,281.9334,2.337333,-2.141853,1.966132,-2.011845,0.39331
F7->F8,6,138,199.978,302.9146,1.95159,-2.29537,1.195574,-2.971097,1.013986
F7->F8,6,139,199.1115,324.6099,1.7484,-2.387737,2.132216,-2.124961,0.465152
F7->F8,6,140,198.3541,346.2667,1.506345,-2.509527,1.641164,-2.840751,0.357611
F7->F8,6,141,197.7841,368.3729,1.179892,-2.745711,0.890397,-2.972173,0.367549
F7->F8,6,142,203.9686,389.756,0.667006,-2.757627,8.686622,7.244044,12.819815
F7->F8,6,143,220.0332,405.9152,0.632909,-2.962717,2.213596,-3.166835,1.593811
F7->F8,6,144,440.3135,403.7997,-1.167937,-3.477522,2.848566,3.2346,7.822077
F7->F8,6,145,443.7584,383.0676,-2.161604,-3.730931,-1.470358,-3.155619,0.899336
F7->F8,6,146,450.3819,360.6327,-2.257634,-3.526136,-2.317509,-3.076453,0.453652
F7->F8,6,147,458.5291,337.8412,-1.958067,-3.154828,-1.986901,-2.857162,0.299059
F7->F8,6,148,462.8697,314.9278,-1.665118,-2.72059,-1.702711,-2.788579,0.07769
F7->F8,6,149,463.0972,292.1072,-1.894546,-2.243109,-3.28744,-1.970389,1.419341
F7->F8,6,150,461.5453,268.8315,-2.035053,-1.891701,-2.859321,-1.862457,0.824786
F7->F8,6,151,459.8095,245.8751,-1.993179,-1.678193,-2.060383,-1.980345,0.309536
F7->F8,6,152,455.1407,224.2202,-2.15557,-1.441533,-2.973877,-1.067784,0.899619
F7->F8,6,153,447.3457,204.4194,-2.367923,-1.194739,-2.707434,-0.773826,0.540774
F7->F8,6,154,437.9028,185.0075,-2.364386,-1.002703,-1.259528,-1.956897,1.459862
F7->F8,6,155,427.495,165.0207,-2.054847,-0.972825,20.0,-17.206297,27.385067
F7->F8,6,156,417.7503,144.8012,-1.533199,-1.000855,-1.126079,-1.174134,0.442462
F7->F8,6,157,406.1425,124.4922,-1.144415,-1.087832,-0.907071,-1.142503,0.243559
F7->F8,6,158,390.7264,105.1507,-0.774148,-1.278544,-1.001304,-1.157549,0.257371
F7->F8,6,159,370.6581,88.6318,-0.467191,-1.438207,-0.845407,-1.138526,0.482551
F7->F8,6,160,347.625,77.8955,-0.115325,-1.516757,20.0,-20.0,27.317697
F7->F8,6,161,322.8363,73.924,0.223367,-1.670952,0.043314,-1.385538,0.337461
F7->F8,6,162,298.1687,75.0538,0.519553,-1.955541,0.23462,-1.754126,0.348934
F7->F8,6,163,274.998,81.4878,0.805897,-2.08062,0.528808,-1.616677,0.540391
F7->F8,6,164,254.2384,95.7847,1.010414,-1.768748,0.438826,-1.792834,0.572096
F7->F8,6,165,239.4546,117.2759,1.350729,-1.191836,0.913903,-0.669743,0.680733
F7->F8,6,166,225.8997,139.4313,1.252164,-0.82366,0.96557,-0.813381,0.286779
F7->F8,6,167,213.4882,161.4639,0.997003,-0.701605,0.72237,-0.76945,0.28289
F7->F8,6,168,205.4542,182.2699,1.276119,-0.809757,1.619356,-0.741548,0.349948
F7->F8,6,169,200.3042,201.7408,1.613221,-1.051468,2.052869,-1.019083,0.440839
F7->F8,6,170,197.4052,221.1514,1.986934,-1.354709,2.050426,-1.127192,0.23621
F7->F8,6,171,195.6668,240.9273,2.184224,-1.649999,0.570993,-1.833623,1.623647
F7->F8,6,172,194.5946,260.9769,2.114138,-1.927798,2.428419,-2.101003,0.358849
F7->F8,6,173,193.6635,281.4265,1.988222,-2.179159,2.214624,-2.182434,0.226426
F7->F8,6,174,191.862,302.1735,1.703873,-2.42372,0.981714,-2.833166,0.830157
F7->F8,6,175,190.7641,323.5908,1.490764,-2.575647,0.367333,-3.072509,1.228401
F7->F8,6,176,189.9124,345.4865,1.296613,-2.751488,-4.485938,6.182083,10.641738
F7->F8,6,177,188.2714,368.9574,0.951093,-2.940705,-6.178659,-0.818831,7.438798
F7->F8,6,178,196.5927,391.9891,0.611549,-2.814519,-9.526168,-7.977359,11.376653
F7->F8,6,179,214.4155,407.3108,0.589009,-3.049968,1.166646,-2.962244,0.58426
F8->F9,7,0,412.0112,387.663,-1.558569,-2.121909,-0.658806,-1.819297,0.949288
F8->F9,7,1,418.0824,371.1194,-2.102053,-2.294758,0.074685,9.688056,12.178918
F8->F9,7,2,425.7179,352.4259,-2.190392,-2.201746,-5.327538,-1.254162,3.277132
F8->F9,7,3,430.0575,332.9246,-2.272114,-1.832931,-3.35475,-1.982677,1.092943
F8->F9,7,4,432.9996,312.7989,-2.542411,-1.591347,-3.923727,-1.803598,1.397528
F8->F9,7,5,432.3339,293.1539,-3.144481,-1.226267,-4.512202,-0.863105,1.415114
F8->F9,7,6,429.2941,273.4877,-3.393549,-0.973571,-3.902674,-0.892853,0.515484
F8->F9,7,7,425.3038,254.0358,-3.406393,-0.760082,-4.902894,-0.04387,1.659059
F8->F9,7,8,418.8567,235.1594,-3.55532,-0.530073,-3.210645,-0.873879,0.48683
F8->F9,7,9,409.0644,216.9865,-3.781147,-0.307128,-3.946105,-0.112708,0.254971
F8->F9,7,10,399.2774,198.6831,-3.645465,-0.162533,-4.1029,-0.192455,0.458413
F8->F9,7,11,391.2816,179.9129,-3.128735,-0.100419,-3.159459,0.017788,0.122135
F8->F9,7,12,383.0478,161.5884,-2.67617,-0.040968,-2.633296,0.151679,0.197361
F8->F9,7,13,373.485,143.9525,-2.221401,-0.029564,-2.266727,-0.074389,0.063748
F8->F9,7,14,362.5766,127.4244,-1.727188,-0.15635,-2.040019,-0.091805,0.31942
F8->F9,7,15,350.1734,113.1226,-1.137533,-0.412854,-0.851474,-0.558682,0.321086
F8->F9,7,16,335.852,103.2687,-0.490472,-0.621905,-1.027064,-0.424784,0.571654
F8->F9,7,17,319.8001,98.0316,0.05206,-0.77311,-0.008069,-0.693325,0.099906
F8->F9,7,18,302.9205,97.7883,0.50327,-0.836883,0.227055,-0.753897,0.288412
F8->F9,7,19,285.6214,102.6773,0.795035,-0.922294,0.487586,-0.661228,0.403337
F8->F9,7,20,269.788,113.0121,0.980466,-0.845264,1.237572,-0.494997,0.4345
F8->F9,7,21,256.0422,127.9364,1.161753,-0.619069,0.923135,-0.651219,0.240774
F8->F9,7,22,244.7078,144.9836,1.377848,-0.513424,1.865847,-0.154343,0.605873
F8->F9,7,23,238.6743,164.5006,1.858758,-0.399448,2.611808,-0.06724,0.823071
F8->F9,7,24,234.4466,183.6275,2.243998,-0.465862,2.991061,-0.316473,0.761853
F8->F9,7,25,232.861,202.8826,2.444728,-0.674036,2.881124,-0.719195,0.438726
F8->F9,7,26,233.555,222.3511,2.827738,-0.89712,3.092478,-0.746585,0.304545
F8->F9,7,27,234.1177,241.8329,3.202767,-1.088556,3.225225,-1.143459,0.059319
F8->F9,7,28,233.5445,261.6281,3.472664,-1.260919,3.474242,-1.230334,0.030626
F8->F9,7,29,230.235,282.0075,3.406314,-1.376797,2.931896,-1.109287,0.544641
F8->F9,7,30,226.5097,302.6451,2.933113,-1.447173,1.319389,-1.948023,1.689661
F8->F9,7,31,226.1342,323.8201,2.749705,-1.500123,3.8767,-1.121408,1.188925
F8->F9,7,32,226.2328,344.6131,2.547193,-1.587109,1.670071,-1.834784,0.91142
F8->F9,7,33,228.0205,363.6092,2.199345,-1.783196,2.485573,-1.822302,0.288887
F8->F9,7,34,233.5383,382.7639,2.030567,-1.882568,0.889621,-1.83169,1.14208
F8->F9,7,35,239.396,398.6164,1.448808,-2.039441,2.068097,-2.116054,0.62401
F8->F9,7,36,418.6973,390.7853,-1.49675,-2.503163,-2.53505,-1.752278,1.281364
F8->F9,7,37,424.299,373.2522,-2.032133,-2.56304,-4.828557,-0.976743,3.215016
F8->F9,7,38,431.0965,353.0587,-1.897062,-2.400608,-5.601339,-0.971791,3.970287
F8->F9,7,39,436.9619,333.2899,-1.801472,-2.096322,-3.346986,-2.009471,1.547952
F8->F9,7,40,440.4085,312.9232,-2.194494,-1.754625,-4.136284,-1.974378,1.954185
F8->F9,7,41,439.8798,292.3478,-2.769018,-1.362966,-2.833523,-0.924911,0.442779
F8->F9,7,42,436.9739,271.8731,-3.058225,-1.065245,-3.668374,-0.760849,0.681864
F8->F9,7,43,433.4733,251.4862,-3.081816,-0.848321,-4.648578,0.034185,1.79821
F8->F9,7,44,427.5006,231.938,-3.153233,-0.627774,-3.137309,-1.07274,0.445251
F8->F9,7,45,417.8871,213.3652,-3.321209,-0.415295,-3.958596,-0.142309,0.693386
F8->F9,7,46,408.2676,194.7733,-3.157446,-0.270486,-2.023407,-0.923881,1.308805
F8->F9,7,47,400.0196,175.528,-2.587512,-0.272085,-2.876846,0.088602,0.462395
F8->F9,7,48,391.4205,156.6041,-2.106363,-0.258687,-2.476572,-0.073474,0.413955
F8->F9,7,49,381.2829,138.192,-1.836422,-0.267394,-2.361556,-0.320619,0.527825
F8->F9,7,50,369.1137,120.644,-1.446211,-0.458514,-1.638028,-0.093438,0.4124
F8->F9,7,51,355.0506,105.5915,-0.897402,-0.712843,-1.050908,-0.654986,0.164048
F8->F9,7,52,338.5077,95.6416,-0.390853,-0.869395,-0.302975,-0.795303,0.114945
F8->F9,7,53,320.5304,90.778,0.102984,-0.992258,0.003306,-0.921177,0.122427
F8->F9,7,54,302.3375,91.1452,0.572133,-1.059114,0.276453,-0.906192,0.332884
F8->F9,7,55,283.3793,96.4511,0.794493,-1.109776,0.648014,-0.799186,0.343398
F8->F9,7,56,266.3467,108.0602,0.944863,-0.997573,0.958814,-0.76001,0.237972
F8->F9,7,57,252.3172,124.8785,1.097632,-0.688159,0.861313,-0.653717,0.238816
F8->F9,7,58,240.427,143.0025,1.27943,-0.531904,1.795656,-0.136742,0.65011
F8->F9,7,59,232.7028,163.1058,1.591229,-0.428817,2.552994,0.065553,1.081385
F8->F9,7,60,227.3277,182.7687,1.8698,-0.488759,2.812812,-0.084552,1.02599
F8->F9,7,61,225.1348,202.026,2.158569,-0.67608,3.160591,-0.391328,1.041697
F8->F9,7,62,225.2455,221.5048,2.657125,-0.871433,2.648307,-0.639459,0.232142
F8->F9,7,63,225.3781,240.993,3.04492,-1.066828,2.868044,-1.053522,0.177376
F8->F9,7,64,224.6246,260.7995,3.192038,-1.262104,3.128799,-1.266497,0.063391
F8->F9,7,65,221.7488,281.2357,3.040276,-1.391844,3.029644,-1.13408,0.257983
F8->F9,7,66,218.3011,301.9986,2.588133,-1.497324,1.785079,-1.768928,0.847741
F8->F9,7,67,217.8833,323.5251,2.408405,-1.546198,0.782457,-1.885065,1.660885
F8->F9,7,68,217.4675,344.6107,2.177133,-1.659286,2.21916,-1.922607,0.266653
F8->F9,7,69,218.798,364.7827,1.898149,-1.822632,2.881039,-1.851216,0.983305
F8->F9,7,70,223.6787,384.5713,1.551233,-1.906783,2.317043,-1.605536,0.822931
F8->F9,7,71,232.9035,400.0975,1.184314,-2.117108,2.564166,-1.939265,1.391265
F8->F9,7,72,425.4204,394.2296,-1.43299,-2.699049,-4.378687,-0.873287,3.465622
F8->F9,7,73,430.3095,375.1831,-1.920112,-2.760308,-2.392746,-2.307839,0.654302
F8->F9,7,74,436.4959,354.4341,-1.86485,-2.56417,-3.490452,-2.046169,1.706138
F8->F9,7,75,443.53,333.8274,-1.834795,-2.253912,-3.657496,-1.863323,1.864081
F8->F9,7,76,447.5375,312.6994,-2.064028,-1.888418,-3.879466,-1.857446,1.815702
F8->F9,7,77,447.2037,291.587,-2.516228,-1.460094,-2.855156,-1.057112,0.526562
F8->F9,7,78,444.5001,270.1373,-2.777377,-1.144114,-1.259949,-2.085382,1.785657
F8->F9,7,79,441.6577,248.9804,-2.776096,-0.914622,-2.898268,-0.847794,0.139255
F8->F9,7,80,436.0227,228.7047,-2.817883,-0.708637,-2.810537,-0.931287,0.222771
F8->F9,7,81,426.7992,209.892,-2.978276,-0.487164,-3.874366,-0.014639,1.013044
F8->F9,7,82,417.3567,191.042,-2.808996,-0.348309,-2.710673,0.071988,0.431644
F8->F9,7,83,408.4513,171.5224,-2.312985,-0.343528,-2.664987,0.093275,0.560982
F8->F9,7,84,399.5841,152.0716,-1.800825,-0.373746,-2.415528,-0.000296,0.719254
F8->F9,7,85,389.1062,132.7875,-1.538513,-0.42099,-2.120996,-0.202964,0.62195
F8->F9,7,86,375.8661,114.3492,-1.194786,-0.662806,-0.672397,-0.730039,0.526698
F8->F9,7,87,359.9748,99.1538,-0.744538,-0.837841,-0.990416,-0.843652,0.245946
F8->F9,7,88,341.1604,88.5584,-0.326048,-1.05471,-0.141965,-0.842296,0.281081
F8->F9,7,89,321.1998,84.1998,0.138249,-1.138048,0.027937,-1.028778,0.15527
F8->F9,7,90,301.2755,84.8553,0.587596,-1.197425,0.341833,-0.952614,0.346889
F8->F9,7,91,281.0486,90.6223,0.790658,-1.216898,0.522493,-0.838139,0.46408
F8->F9,7,92,262.6991,103.0714,0.890133,-1.094431,0.908791,-0.664661,0.430175
F8->F9,7,93,248.8544,121.7574,1.135571,-0.71804,0.616862,-0.574224,0.538276
F8->F9,7,94,236.2065,141.283,1.219107,-0.522741,1.743791,0.026146,0.759322
F8->F9,7,95,226.6709,161.9188,1.358703,-0.417539,2.016373,-0.144491,0.712099
F8->F9,7,96,220.3091,182.0593,1.553868,-0.470454,2.68578,0.105068,1.269823
F8->F9,7,97,217.4928,201.3628,1.969119,-0.637562,1.701264,-0.604119,0.269935
F8->F9,7,98,216.8571,220.8378,2.473536,-0.834734,2.383059,-0.872211,0.097932
F8->F9,7,99,216.4644,240.3133,2.832828,-1.047089,2.516272,-0.942877,0.333268
F8->F9,7,100,215.4278,260.0466,2.895976,-1.260299,1.98917,-1.303085,0.907815
F8->F9,7,101,213.1912,280.4844,2.704579,-1.428576,1.34738,-1.907869,1.439343
F8->F9,7,102,210.1126,301.356,2.279038,-1.555332,1.534552,-1.757772,0.771519
F8->F9,7,103,209.4157,322.9842,2.116753,-1.624822,1.374875,-2.000837,0.831727
F8->F9,7,104,208.771,344.4247,1.87607,-1.753262,1.938015,-2.036567,0.289999
F8->F9,7,105,209.3395,365.6203,1.583859,-1.931946,2.993297,-2.034053,1.413132
F8->F9,7,106,213.9219,385.7165,1.149831,-2.017165,0.371758,-1.863326,0.793135
F8->F9,7,107,226.5021,401.4829,0.881904,-2.177811,3.30383,-2.007017,2.427941
F8->F9,7,108,432.2228,397.3773,-1.368988,-2.78763,-3.481989,-1.122984,2.689948
F8->F9,7,109,435.9405,377.3136,-1.905902,-2.889013,-0.551475,-3.083567,1.368328
F8->F9,7,110,442.0551,355.8696,-1.974733,-2.676834,-3.051058,-2.040793,1.25021
F8->F9,7,111,450.0857,334.2057,-1.930734,-2.386574,-3.56013,-1.923216,1.693998
F8->F9,7,112,454.5092,312.4515,-1.954026,-2.003993,-2.359567,-2.322027,0.515374
F8->F9,7,113,454.3006,290.7761,-2.322797,-1.543527,-1.689254,-1.716567,0.656748
F8->F9,7,114,452.0407,268.5039,-2.513277,-1.209393,-1.673067,-1.841944,1.0517
F8->F9,7,115,449.7295,246.5379,-2.501359,-0.970739,-2.613161,-0.830187,0.179595
F8->F9,7,116,444.467,225.6922,-2.552592,-0.758066,-1.25336,-1.959423,1.769537
F8->F9,7,117,435.8357,206.5245,-2.657757,-0.543472,-2.193295,-1.221195,0.821605
F8->F9,7,118,426.4328,187.4647,-2.519162,-0.388213,-2.741696,-0.019862,0.430353
F8->F9,7,119,416.8819,167.6366,-2.058364,-0.40341,-1.350357,-1.104075,0.996095
F8->F9,7,120,407.7154,147.7236,-1.619384,-0.426313,-2.178696,0.013414,0.71147
F8->F9,7,121,397.0764,127.879,-1.290557,-0.507016,-1.114046,-0.931668,0.459875
F8->F9,7,122,382.9109,108.9306,-0.960498,-0.738171,-0.774874,-0.829821,0.207017
F8->F9,7,123,364.8834,92.7509,-0.593012,-0.972235,20.0,-20.0,28.037974
F8->F9,7,124,344.2101,82.2724,-0.217246,-1.089045,-0.045125,-0.958052,0.216297
F8->F9,7,125,322.2681,77.952,0.211714,-1.209046,0.090069,-1.090852,0.169608
F8->F9,7,126,299.9989,78.803,0.553718,-1.284358,0.490668,-1.170496,0.130154
F8->F9,7,127,278.5922,84.8844,0.769604,-1.301339,0.427387,-1.04781,0.425899
F8->F9,7,128,259.0199,98.4216,0.871699,-1.10128,0.724892,-0.692761,0.434097
F8->F9,7,129,244.9182,118.6608,1.127823,-0.726674,0.507248,-0.586045,0.63631
F8->F9,7,130,231.9263,139.8495,1.186194,-0.459844,1.777396,0.157073,0.854463
F8->F9,7,131,220.5765,161.2842,1.163583,-0.308507,1.989979,-0.142495,0.842906
F8->F9,7,132,213.6185,181.5979,1.367191,-0.402793,2.532297,0.206722,1.314907
F8->F9,7,133,209.8242,200.866,1.783238,-0.581088,1.31863,-0.85245,0.53805
F8->F9,7,134,208.1487,220.2283,2.235126,-0.791562,2.195086,-0.963007,0.176059
F8->F9,7,135,207.0398,239.781,2.521348,-1.028725,2.067513,-1.028472,0.453834
F8->F9,7,136,206.1043,259.4684,2.559694,-1.256342,1.897565,-1.218108,0.663232
F8->F9,7,137,204.4928,279.7915,2.372044,-1.471125,3.417224,-1.222727,1.074292
F8->F9,7,138,201.9296,300.6192,2.031761,-1.636508,3.819841,-1.106968,1.864844
F8->F9,7,139,200.8599,322.2222,1.836387,-1.752586,2.220519,-1.912903,0.416243
F8->F9,7,140,199.8604,343.7572,1.591325,-1.897622,-9.503522,3.920794,12.527953
F8->F9,7,141,198.964,365.6272,1.28681,-2.136688,1.772855,-1.831621,0.573851
F8->F9,7,142,204.6356,386.9984,0.826675,-2.107966,0.685411,-1.754341,0.380797
F8->F9,7,143,220.6661,402.9525,0.71567,-2.260717,-0.494818,-2.714144,1.292624
F8->F9,7,144,439.1455,400.3221,-1.223162,-2.859218,-3.78057,-1.10499,3.101234
F8->F9,7,145,441.5968,379.3367,-1.980941,-3.008013,-0.878058,-2.957942,1.104019
F8->F9,7,146,448.1243,357.1066,-2.106276,-2.821618,-3.025733,-2.032546,1.211626
F8->F9,7,147,456.571,334.6863,-2.016447,-2.508305,-1.721542,-2.853369,0.453914
F8->F9,7,148,461.2046,312.2072,-1.889721,-2.085971,-4.104324,-1.126604,2.413473
F8->F9,7,149,461.2026,289.864,-2.167038,-1.613931,-2.202305,-2.095944,0.483301
F8->F9,7,150,459.5103,266.9398,-2.294465,-1.243431,-3.208336,-1.213102,0.914374
F8->F9,7,151,457.8164,244.1969,-2.231954,-1.022376,-2.740229,-0.822098,0.54631
F8->F9,7,152,452.9852,222.7786,-2.285059,-0.799606,-1.270581,-2.070727,1.626319
F8->F9,7,153,444.9778,203.2247,-2.361033,-0.581614,-2.028095,-1.15726,0.664994
F8->F9,7,154,435.5384,184.0048,-2.241924,-0.419809,-2.614955,0.053231,0.602427
F8->F9,7,155,425.4401,164.0479,-1.887457,-0.401608,20.0,-19.198156,28.85084
F8->F9,7,156,416.2171,143.8004,-1.444603,-0.415245,-0.933656,-1.028885,0.798512
F8->F9,7,157,404.9981,123.4044,-1.102694,-0.508764,-0.892839,-1.001032,0.535133
F8->F9,7,158,389.9523,103.8722,-0.737285,-0.735857,-0.809112,-1.074503,0.34618
F8->F9,7,159,370.1909,87.1936,-0.421917,-0.950116,-0.076724,-0.096571,0.920705
F8->F9,7,160,347.5097,76.3787,-0.08342,-1.067775,20.0,-20.0,27.600233
F8->F9,7,161,323.0597,72.253,0.233235,-1.215065,0.278075,-1.066391,0.155289
F8->F9,7,162,298.6883,73.0982,0.501753,-1.31041,0.519562,-1.177834,0.133767
F8->F9,7,163,275.8039,79.4072,0.702423,-1.328879,0.470383,-1.074084,0.344621
F8->F9,7,164,255.2488,94.016,0.838299,-1.072888,0.876775,-0.65866,0.416011
F8->F9,7,165,240.8054,116.084,1.124156,-0.652649,0.659568,-0.578637,0.470447
F8->F9,7,166,227.1519,138.6077,1.119479,-0.346451,1.72218,0.184781,0.803403
F8->F9,7,167,214.4852,160.7623,0.989407,-0.196516,1.794287,-0.113978,0.809101
F8->F9,7,168,206.7303,181.4602,1.240658,-0.272872,1.966482,-0.011028,0.771611
F8->F9,7,169,201.9174,200.6893,1.616209,-0.472316,0.793206,-0.830059,0.897393
F8->F9,7,170,199.3922,219.7967,1.999361,-0.738567,2.152766,-1.124911,0.415685
F8->F9,7,171,197.851,239.2773,2.225276,-0.999308,1.762052,-0.714914,0.543559
F8->F9,7,172,196.7087,259.0491,2.176413,-1.258377,2.040395,-1.165672,0.164606
F8->F9,7,173,195.6517,279.2473,2.021288,-1.509442,2.902426,-1.074145,0.982796
F8->F9,7,174,193.5659,299.7498,1.781948,-1.76076,3.853357,-1.078442,2.180893
F8->F9,7,175,192.2549,321.0152,1.571674,-1.929312,2.562026,-1.766341,1.003671
F8->F9,7,176,191.209,342.735,1.366845,-2.124626,-4.259997,5.199915,9.236356
F8->F9,7,177,189.2225,366.0167,1.084798,-2.314191,1.371245,-1.308965,1.045242
F8->F9,7,178,197.2042,389.1746,0.738648,-2.132414,1.063991,-1.950598,0.3727
F8->F9,7,179,215.0045,404.2608,0.643031,-2.312633,2.33301,-2.12608,1.700244
F9->F10,8,0,410.4526,385.5411,-1.19685,-1.428939,-3.89546,-0.222539,2.955994
F9->F10,8,1,415.9803,368.8246,-1.731851,-1.56584,-1.069742,-1.946314,0.763642
F9->F10,8,2,423.5275,350.2242,-1.949891,-1.552304,-1.852504,-1.960627,0.419777
F9->F10,8,3,427.7854,331.0917,-2.081165,-1.302784,-1.411497,-2.121365,1.057605
F9->F10,8,4,430.4572,311.2075,-2.372381,-1.134753,-4.235301,-1.137607,1.862921
F9->F10,8,5,429.1894,291.9276,-2.857481,-0.834539,-2.944748,-0.795032,0.095793
F9->F10,8,6,425.9006,272.5141,-3.037995,-0.633292,-2.356369,-1.119035,0.836995
F9->F10,8,7,421.8974,253.2757,-3.035621,-0.455092,-3.834879,-0.025817,0.907243
F9->F10,8,8,415.3014,234.6294,-3.166928,-0.260883,-2.020643,-0.757623,1.249288
F9->F10,8,9,405.2833,216.6794,-3.333771,-0.084136,-3.120894,-0.159703,0.225892
F9->F10,8,10,395.6319,198.5206,-3.174913,0.02539,-3.192584,0.087542,0.064615
F9->F10,8,11,388.1528,179.8125,-2.719569,0.068983,-2.329415,-0.249653,0.503735
F9->F10,8,12,380.3716,161.5475,-2.332436,0.11112,-2.282639,0.019612,0.10418
F9->F10,8,13,371.2636,143.9229,-1.905373,0.101467,-1.917708,0.170528,0.070154
F9->F10,8,14,360.8494,127.2681,-1.447311,-0.023984,-1.650709,0.188973,0.294485
F9->F10,8,15,349.0358,112.7097,-0.937316,-0.253394,-0.663015,-0.179138,0.284174
F9->F10,8,16,335.3615,102.6468,-0.37962,-0.433782,-0.270249,-0.236381,0.225675
F9->F10,8,17,319.8522,97.2585,0.077366,-0.546701,-0.139924,-0.39078,0.267444
F9->F10,8,18,303.4237,96.9514,0.44849,-0.575051,0.380189,-0.488927,0.10992
F9->F10,8,19,286.4164,101.755,0.668826,-0.638693,0.721402,-0.465092,0.181389
F9->F10,8,20,270.7685,112.1668,0.80492,-0.58239,0.151665,-0.714156,0.666412
F9->F10,8,21,257.204,127.3174,0.956162,-0.39544,1.120097,-0.071171,0.363352
F9->F10,8,22,246.0856,144.4702,1.170594,-0.298843,1.481389,-0.181464,0.332223
F9->F10,8,23,240.5331,164.1011,1.625762,-0.185029,1.899748,-0.120385,0.281509
F9->F10,8,24,236.6906,183.1616,2.030662,-0.209255,2.219631,-0.155728,0.196404
F9->F10,8,25,235.3057,202.2085,2.207888,-0.363241,2.7679,-0.177809,0.589914
F9->F10,8,26,236.3828,221.454,2.482516,-0.551063,3.090354,-0.398629,0.62666
F9->F10,8,27,237.3205,240.7444,2.757284,-0.711088,3.353101,-0.384636,0.679388
F9->F10,8,28,237.0171,260.3672,2.978979,-0.853491,3.18143,-0.899244,0.207557
F9->F10,8,29,233.6413,280.6307,2.98498,-0.949887,3.490291,-1.406302,0.680921
F9->F10,8,30,229.4428,301.198,2.64998,-1.005654,2.868846,-0.807164,0.295467
F9->F10,8,31,228.8839,322.32,2.456468,-1.045602,2.567179,-0.87625,0.202329
F9->F10,8,32,228.78,343.0259,2.283714,-1.124341,0.537877,-1.841547,1.887413
F9->F10,8,33,230.2198,361.826,1.951416,-1.30038,0.054458,-1.688939,1.936344
F9->F10,8,34,235.5689,380.8813,1.765194,-1.385138,-0.905007,-9.52715,8.568683
F9->F10,8,35,240.8448,396.5769,1.277051,-1.514812,-0.206309,-2.053682,1.578207
F9->F10,8,36,417.2006,388.2821,-1.128756,-1.814584,-4.499678,-0.318081,3.688176
F9->F10,8,37,422.2668,370.6892,-1.636614,-1.834306,-1.386185,-2.096817,0.362805
F9->F10,8,38,429.1994,350.658,-1.63006,-1.763993,-2.117679,-2.05458,0.567638
F9->F10,8,39,435.1604,331.1936,-1.580092,-1.570702,-1.473941,-2.170347,0.608968
F9->F10,8,40,438.214,311.1686,-1.997819,-1.297531,-4.298368,-1.125881,2.306944
F9->F10,8,41,437.1108,290.9849,-2.502064,-0.968862,-4.301387,-0.25732,1.934904
F9->F10,8,42,433.9157,270.8078,-2.732604,-0.720025,-2.281642,-1.150559,0.623479
F9->F10,8,43,430.3915,250.6378,-2.734551,-0.538543,-4.010614,-0.126529,1.34093
F9->F10,8,44,424.3473,231.3102,-2.78072,-0.355883,-2.943656,-0.038952,0.356362
F9->F10,8,45,414.5659,212.9499,-2.889537,-0.189127,-2.753732,-0.028342,0.210463
F9->F10,8,46,405.1101,194.5028,-2.703401,-0.080034,-4.163035,0.681057,1.646144
F9->F10,8,47,397.4321,175.2559,-2.200943,-0.093842,-2.485296,-0.238124,0.318864
F9->F10,8,48,389.3142,156.3454,-1.796064,-0.088441,-2.15514,-0.245736,0.392017
F9->F10,8,49,379.4464,137.9246,-1.559755,-0.108462,-1.621682,0.255857,0.369545
F9->F10,8,50,367.6675,120.1855,-1.210639,-0.293364,-1.350001,-0.271464,0.141072
F9->F10,8,51,354.1532,104.8786,-0.730286,-0.516421,-0.954381,-0.195434,0.391473
F9->F10,8,52,338.1168,94.7722,-0.293451,-0.649294,-0.278445,-0.472861,0.17707
F9->F10,8,53,320.6334,89.7858,0.129329,-0.726698,0.212316,-0.537312,0.206771
F9->F10,8,54,302.9097,90.0861,0.515839,-0.749861,0.484378,-0.592238,0.160732
F9->F10,8,55,284.1738,95.3413,0.669413,-0.770883,0.653097,-0.443248,0.328041
F9->F10,8,56,267.2916,107.0626,0.768542,-0.69528,0.498481,-0.859619,0.316133
F9->F10,8,57,253.4148,124.1903,0.893568,-0.456576,1.117741,-0.085881,0.433207
F9->F10,8,58,241.7064,142.4706,1.079181,-0.318556,1.184874,-0.344757,0.108892
F9->F10,8,59,234.294,162.677,1.385107,-0.210311,2.110627,-0.060601,0.740806
F9->F10,8,60,229.1975,182.2799,1.675717,-0.230733,1.938129,-0.133325,0.279908
F9->F10,8,61,227.2934,201.3499,1.924697,-0.370295,2.719876,-0.205625,0.812051
F9->F10,8,62,227.9026,220.6334,2.318897,-0.530483,1.430886,-0.755925,0.916182
F9->F10,8,63,228.423,239.9262,2.623416,-0.692371,2.780406,-0.212761,0.50465
F9->F10,8,64,227.8167,259.5374,2.746368,-0.856384,2.754396,-0.676485,0.180079
F9->F10,8,65,224.7891,279.8438,2.654802,-0.966256,2.898608,-0.933302,0.246023
F9->F10,8,66,220.8892,300.5012,2.311398,-1.056226,4.50611,0.02975,2.448695
F9->F10,8,67,220.2917,321.9789,2.136125,-1.09618,3.239661,-1.054699,1.104315
F9->F10,8,68,219.6447,342.9514,1.944678,-1.203076,3.2966,-1.212445,1.351954
F9->F10,8,69,220.6962,362.9601,1.67161,-1.358376,0.395736,-2.023208,1.438698
F9->F10,8,70,225.23,382.6645,1.35455,-1.431064,1.004278,-7.412938,5.99212
F9->F10,8,71,234.0878,397.9804,1.04571,-1.587639,-0.195159,-2.07811,1.334285
F9->F10,8,72,423.9874,391.5305,-1.060869,-2.026591,-2.318015,-0.980596,1.635397
F9->F10,8,73,428.3894,372.4228,-1.501363,-2.047315,-1.135598,-2.279497,0.433235
F9->F10,8,74,434.631,351.8699,-1.513858,-1.948847,-2.129473,-2.050943,0.624024
F9->F10,8,75,441.6952,331.5735,-1.544475,-1.738247,-1.747077,-1.954314,0.296196
F9->F10,8,76,445.4735,310.811,-1.844055,-1.434911,-4.234959,-1.114811,2.412236
F9->F10,8,77,444.6874,290.1269,-2.25501,-1.063986,-2.787752,-0.941922,0.546547
F9->F10,8,78,441.7228,268.9932,-2.475393,-0.792573,-2.176308,-1.134472,0.454254
F9->F10,8,79,438.8816,248.0658,-2.455411,-0.598815,-2.021292,-1.033227,0.614144
F9->F10,8,80,433.2048,227.9961,-2.457494,-0.434274,-2.834938,-0.027553,0.554875
F9->F10,8,81,423.8209,209.4048,-2.565901,-0.257098,-1.138884,-0.897055,1.563944
F9->F10,8,82,414.5477,190.6937,-2.380669,-0.152277,-2.509743,0.140317,0.319798
F9->F10,8,83,406.1383,171.1789,-1.942499,-0.160034,-2.279571,0.086134,0.417393
F9->F10,8,84,397.7832,151.6979,-1.513547,-0.190508,-1.123011,-0.81202,0.734027
F9->F10,8,85,387.5677,132.3665,-1.297323,-0.240953,-1.523531,0.336671,0.620338
F9->F10,8,86,374.6713,113.6864,-0.995507,-0.471836,-1.265417,-0.499058,0.271279
F9->F10,8,87,359.2303,98.316,-0.601088,-0.628253,-0.316411,-0.835227,0.351965
F9->F10,8,88,340.8344,87.5037,-0.237199,-0.816427,-0.086172,-0.624194,0.244465
F9->F10,8,89,321.338,83.0618,0.168483,-0.852686,0.206498,-0.762595,0.097783
F9->F10,8,90,301.8631,83.6578,0.536842,-0.841014,0.444676,-0.750239,0.129363
F9->F10,8,91,281.8392,89.4054,0.663581,-0.830739,0.514723,-0.506067,0.35717
F9->F10,8,92,263.5892,101.9769,0.718103,-0.747501,0.711664,-0.547475,0.20013
F9->F10,8,93,249.99,121.0393,0.92591,-0.473054,1.043283,-0.132044,0.360644
F9->F10,8,94,237.4256,140.7602,1.021875,-0.312303,0.989761,-0.393453,0.087273
F9->F10,8,95,228.0296,161.5012,1.178467,-0.195951,1.566318,0.014217,0.441134
F9->F10,8,96,221.863,181.5888,1.367904,-0.216335,1.955632,-0.145875,0.591936
F9->F10,8,97,219.462,200.7252,1.731073,-0.341392,2.394697,-0.394604,0.665753
F9->F10,8,98,219.3306,220.0031,2.142764,-0.500252,1.272514,-0.88127,0.950006
F9->F10,8,99,219.2972,239.2662,2.44134,-0.676674,2.687281,0.038844,0.756606
F9->F10,8,100,218.3237,258.7863,2.501832,-0.856252,2.2786,-0.932529,0.235903
F9->F10,8,101,215.8958,279.0558,2.354376,-1.002561,2.173612,-0.921798,0.197986
F9->F10,8,102,212.3917,299.8007,2.011857,-1.113282,1.918626,-0.822469,0.305392
F9->F10,8,103,211.5324,321.3594,1.867466,-1.174529,3.190825,-1.17987,1.32337
F9->F10,8,104,210.6471,342.6714,1.665289,-1.299538,3.542053,-0.866009,1.926186
F9->F10,8,105,210.9234,363.6883,1.384627,-1.47885,1.394666,-1.875234,0.396511
F9->F10,8,106,215.0717,383.6993,1.026398,-1.552591,-3.140636,7.331359,9.812682
F9->F10,8,107,227.384,399.3051,0.781141,-1.64702,-0.147079,-1.921937,0.968076
F9->F10,8,108,430.8538,394.5897,-1.003043,-2.162709,0.240216,-1.972016,1.257798
F9->F10,8,109,434.0346,374.4246,-1.462009,-2.202539,-0.356207,-3.435881,1.656481
F9->F10,8,110,440.0804,353.1927,-1.561094,-2.076519,-2.196257,-2.064947,0.635268
F9->F10,8,111,448.155,331.8191,-1.60263,-1.880628,-1.959792,-2.04604,0.393606
F9->F10,8,112,452.5552,310.4476,-1.716511,-1.554198,-3.763974,-1.047592,2.109207
F9->F10,8,113,451.9778,289.2326,-2.066166,-1.148296,-3.093991,-1.137498,1.027882
F9->F10,8,114,449.5274,267.2945,-2.227184,-0.854967,-2.300068,-1.2226,0.374787
F9->F10,8,115,447.2282,245.5672,-2.202919,-0.650199,-1.966616,-0.939647,0.373656
F9->F10,8,116,441.9144,224.9341,-2.210678,-0.47985,-2.96996,-0.176052,0.817803
F9->F10,8,117,433.178,205.981,-2.268183,-0.308437,-2.661468,0.224336,0.662209
F9->F10,8,118,423.9137,187.0765,-2.113791,-0.187735,-2.339365,-0.331078,0.267266
F9->F10,8,119,414.8235,167.2332,-1.704921,-0.215178,-1.819642,0.083303,0.319769
F9->F10,8,120,406.096,147.2973,-1.349638,-0.233945,-0.701578,-0.573886,0.731807
F9->F10,8,121,395.7859,127.3719,-1.082476,-0.310266,-0.680751,-0.629958,0.513406
F9->F10,8,122,381.9504,108.1924,-0.797108,-0.530457,-0.640789,-0.574419,0.162384
F9->F10,8,123,364.2904,91.7787,-0.473297,-0.753389,20.0,-19.493487,27.755129
F9->F10,8,124,343.9928,81.1834,-0.141783,-0.847612,-0.112729,-0.638767,0.210856
F9->F10,8,125,322.4798,76.743,0.235581,-0.912449,0.045089,-0.701199,0.284454
F9->F10,8,126,300.5526,77.5186,0.508154,-0.875521,0.399916,-0.924504,0.118806
F9->F10,8,127,279.3618,83.5831,0.643885,-0.870653,0.578269,-0.59028,0.287949
F9->F10,8,128,259.8916,97.3203,0.704389,-0.72305,0.938885,-0.441907,0.366101
F9->F10,8,129,246.046,117.9342,0.918292,-0.466132,0.493735,-0.075738,0.576763
F9->F10,8,130,233.1125,139.3897,0.994355,-0.253365,1.183632,-0.434298,0.261844
F9->F10,8,131,221.74,160.9757,0.999533,-0.093359,1.205065,-0.003525,0.224307
F9->F10,8,132,214.9857,181.1952,1.173219,-0.155045,1.818781,-0.081684,0.649718
F9->F10,8,133,211.6074,200.2849,1.544009,-0.28952,2.047498,-0.259321,0.504395
F9->F10,8,134,210.3838,219.4367,1.925386,-0.461826,2.397735,-0.248929,0.51811
F9->F10,8,135,209.5612,238.7523,2.175819,-0.661021,1.78919,0.08585,0.84101
F9->F10,8,136,208.664,258.212,2.217938,-0.854861,2.240703,-0.817759,0.043529
F9->F10,8,137,206.8649,278.3204,2.060144,-1.045066,1.983635,-0.981447,0.099504
F9->F10,8,138,203.9613,298.9827,1.774872,-1.193372,2.090775,-1.033195,0.354192
F9->F10,8,139,202.6963,320.4696,1.610394,-1.299271,-0.02641,-1.966005,1.767388
F9->F10,8,140,201.4518,341.8596,1.398269,-1.44384,-3.984165,-6.052491,7.08592
F9->F10,8,141,200.2508,363.4905,1.126299,-1.681658,-6.520561,1.015683,8.108645
F9->F10,8,142,205.4622,384.8904,0.749709,-1.635701,4.221052,-1.128362,3.508222
F9->F10,8,143,221.3818,400.6918,0.623435,-1.722549,0.280307,-1.839174,0.362406
F9->F10,8,144,437.9224,397.4629,-0.887725,-2.270917,0.063262,-1.999688,0.988909
F9->F10,8,145,439.6158,376.3287,-1.517005,-2.354537,-0.594728,-3.230583,1.272027
F9->F10,8,146,446.018,354.285,-1.657897,-2.242365,-2.352066,-2.105193,0.707592
F9->F10,8,147,454.5546,332.178,-1.655713,-2.01046,-2.299003,-2.234326,0.68113
F9->F10,8,148,459.3148,310.1212,-1.636046,-1.639067,2.997065,-1.168827,4.656914
F9->F10,8,149,459.0356,288.2501,-1.912554,-1.217898,-2.791709,-1.012102,0.90292
F9->F10,8,150,457.2158,265.6964,-2.020726,-0.885579,-2.215189,-0.971153,0.212459
F9->F10,8,151,455.5844,243.1746,-1.953173,-0.697573,-3.164916,-0.101572,1.350384
F9->F10,8,152,450.7001,221.979,-1.964178,-0.517649,-2.712791,0.063144,0.947492
F9->F10,8,153,442.6167,202.643,-1.997423,-0.340629,-2.596933,0.246304,0.838989
F9->F10,8,154,433.2965,183.585,-1.861651,-0.213345,-2.016151,-0.028161,0.241171
F9->F10,8,155,423.5527,163.6463,-1.547406,-0.208149,20.0,-20.0,29.257616
F9->F10,8,156,414.7725,143.3851,-1.196231,-0.215291,-0.806017,-0.840721,0.737176
F9->F10,8,157,403.8954,122.8956,-0.919481,-0.303088,-0.804935,-0.964097,0.670861
F9->F10,8,158,389.215,103.1363,-0.605073,-0.517962,-0.123403,-0.077357,0.652793
F9->F10,8,159,369.769,86.2434,-0.324879,-0.727165,-0.035808,-0.154612,0.641389
F9->F10,8,160,347.4263,75.3109,-0.024891,-0.828558,20.0,-20.0,27.722562
F9->F10,8,161,323.2929,71.038,0.258452,-0.919753,-0.1608,-0.770496,0.445027
F9->F10,8,162,299.19,71.7878,0.466599,-0.853219,0.37013,-0.880228,0.100179
F9->F10,8,163,276.5064,78.0783,0.590159,-0.864161,0.494502,-0.618655,0.263483
F9->F10,8,164,256.0871,92.9431,0.674965,-0.670403,0.622947,-0.347134,0.327427
F9->F10,8,165,241.9295,115.4314,0.916801,-0.390955,0.176998,0.064471,0.868747
F9->F10,8,166,228.2714,138.2612,0.940063,-0.148085,1.214494,-0.483882,0.433673
F9->F10,8,167,215.4746,160.5658,0.844058,0.016957,1.072639,0.198271,0.291761
F9->F10,8,168,207.9709,181.1873,1.042852,-0.024581,1.939773,-0.14356,0.904778
F9->F10,8,169,203.5336,200.217,1.378322,-0.188844,1.899979,-0.139254,0.524009
F9->F10,8,170,201.3915,219.0581,1.709169,-0.416564,1.858408,0.051872,0.491635
F9->F10,8,171,200.0763,238.278,1.916073,-0.634575,1.907889,0.241411,0.876024
F9->F10,8,172,198.8851,257.7908,1.884586,-0.858748,2.21307,-1.007626,0.360647
F9->F10,8,173,197.673,277.7379,1.742119,-1.083978,1.85519,-0.878557,0.234484
F9->F10,8,174,195.3479,297.9891,1.54801,-1.313381,2.037003,-1.116316,0.527209
F9->F10,8,175,193.8265,319.0859,1.367803,-1.468405,0.303572,-2.020964,1.199128
F9->F10,8,176,192.5758,340.6103,1.183096,-1.661288,0.810934,-1.987682,0.495013
F9->F10,8,177,190.3073,363.7025,0.951043,-1.848925,-4.628167,5.016855,8.846837
F9->F10,8,178,197.9429,387.0422,0.651396,-1.647106,4.885123,-1.138571,4.264159
F9->F10,8,179,215.6476,401.9482,0.538343,-1.767543,9.502086,4.115049,10.72164
F10->F11,9,0,409.2557,384.1122,-1.084615,-0.86183,-0.035085,-1.851818,1.442772
F10->F11,9,1,414.2485,367.2588,-1.640226,-1.008609,-2.667365,-8.985813,8.043058
F10->F11,9,2,421.5776,348.6719,-1.960275,-1.040463,-2.858693,-0.976412,0.900699
F10->F11,9,3,425.7042,329.7889,-2.110929,-0.837922,-3.819741,-1.024218,1.718937
F10->F11,9,4,428.0848,310.0728,-2.420055,-0.703075,-3.131255,-0.977112,0.76217
F10->F11,9,5,426.3319,291.0931,-2.843615,-0.435612,-3.509121,-0.750206,0.736117
F10->F11,9,6,422.8626,271.8808,-2.991651,-0.257999,-2.675084,-0.884746,0.702158
F10->F11,9,7,418.8618,252.8206,-2.998872,-0.092803,-3.724274,0.238097,0.79731
F10->F11,9,8,412.1345,234.3685,-3.109902,0.080116,-3.671753,0.14999,0.566179
F10->F11,9,9,401.9495,216.5953,-3.20058,0.219935,-3.981799,0.794542,0.969782
F10->F11,9,10,392.457,198.546,-2.993485,0.3035,-2.111379,0.089732,0.907639
F10->F11,9,11,385.4333,179.8815,-2.553759,0.334813,-19.360905,20.0,25.868895
F10->F11,9,12,378.0392,161.6586,-2.185523,0.364796,-2.041598,0.417958,0.153429
F10->F11,9,13,369.3582,144.0244,-1.750672,0.342203,-1.687158,0.347453,0.063731
F10->F11,9,14,359.4021,127.2441,-1.310181,0.230085,-1.058104,0.271741,0.255496
F10->F11,9,15,348.0985,112.4563,-0.85563,0.019213,-0.743609,-0.050439,0.131909
F10->F11,9,16,334.9819,102.213,-0.364164,-0.146497,-0.689889,-0.07749,0.332955
F10->F11,9,17,319.9295,96.7118,0.026824,-0.25164,-0.168561,-0.275719,0.196863
F10->F11,9,18,303.8722,96.3764,0.328875,-0.279586,0.185908,-0.296934,0.144015
F10->F11,9,19,287.0852,101.1163,0.506985,-0.358818,0.487943,-0.451943,0.095053
F10->F11,9,20,271.5734,111.5844,0.629707,-0.334945,0.869901,-0.115945,0.325044
F10->F11,9,21,258.1601,126.9219,0.771507,-0.164847,0.864949,0.060375,0.243837
F10->F11,9,22,247.2562,144.1713,1.017924,-0.058213,0.986602,0.143703,0.204331
F10->F11,9,23,242.1588,163.9161,1.496996,0.061705,1.262498,0.120046,0.241646
F10->F11,9,24,238.7212,182.9524,1.954043,0.068946,1.870967,0.259361,0.207749
F10->F11,9,25,237.5136,201.8453,2.147974,-0.041054,2.117989,0.077572,0.122356
F10->F11,9,26,238.8653,220.9029,2.355168,-0.203316,2.979347,-0.156989,0.625895
F10->F11,9,27,240.0778,240.0333,2.548337,-0.344216,3.209918,-0.186276,0.680172
F10->F11,9,28,239.9961,259.5137,2.718196,-0.468336,3.117218,-0.042226,0.583771
F10->F11,9,29,236.6263,279.6808,2.771924,-0.555926,1.447452,-1.188555,1.467803
F10->F11,9,30,232.0928,300.1923,2.558211,-0.608352,1.307149,-1.229633,1.396834
F10->F11,9,31,231.3404,321.2744,2.366547,-0.649739,2.749438,-1.065817,0.565444
F10->F11,9,32,231.0637,341.9016,2.197302,-0.736647,2.603564,-1.033361,0.503078
F10->F11,9,33,232.1712,360.5256,1.868943,-0.90669,3.279552,-0.825982,1.412917
F10->F11,9,34,237.3341,379.4962,1.63581,-0.998194,1.005605,-1.207678,0.664109
F10->F11,9,35,242.1218,395.0621,1.189423,-1.106054,1.038034,-1.205045,0.180881
F10->F11,9,36,416.0718,386.4675,-1.014808,-1.261225,-1.226019,-0.927989,0.394534
F10->F11,9,37,420.6302,368.8549,-1.524812,-1.285159,-1.837138,-0.940209,0.465336
F10->F11,9,38,427.5694,348.8941,-1.598493,-1.255797,-2.361657,-1.21379,0.76432
F10->F11,9,39,433.5803,329.6229,-1.573683,-1.116157,-3.916609,-1.137132,2.34302
F10->F11,9,40,436.2162,309.8711,-2.022657,-0.874569,-3.417895,-1.003203,1.401155
F10->F11,9,41,434.6087,290.016,-2.493102,-0.574335,-3.541441,-0.841978,1.081965
F10->F11,9,42,431.1831,270.0878,-2.700873,-0.343876,-2.448358,-1.147407,0.842274
F10->F11,9,43,427.6569,250.0993,-2.699447,-0.175287,-3.26121,-0.048443,0.575906
F10->F11,9,44,421.5666,230.9544,-2.712956,-0.014249,-3.089775,-0.14394,0.398512
F10->F11,9,45,411.6764,212.7608,-2.736523,0.117318,-2.592561,0.337351,0.262945
F10->F11,9,46,402.4067,194.4227,-2.50397,0.201959,-2.165496,-0.14281,0.483146
F10->F11,9,47,395.2312,175.1621,-2.025877,0.18344,-2.165007,-0.001451,0.231391
F10->F11,9,48,387.5181,156.257,-1.647056,0.18382,-3.068716,0.762914,1.535078
F10->F11,9,49,377.8867,137.8161,-1.420787,0.163162,-1.272488,0.082358,0.168884
F10->F11,9,50,366.4569,119.8922,-1.096264,-0.008217,-0.980683,0.0624,0.135447
F10->F11,9,51,353.4229,104.3622,-0.664007,-0.213805,-0.816498,-0.103528,0.188187
F10->F11,9,52,337.8234,94.123,-0.277504,-0.344853,-0.315534,-0.240657,0.11092
F10->F11,9,53,320.7627,89.0591,0.08279,-0.404556,-0.144615,-0.402982,0.22741
F10->F11,9,54,303.4255,89.3362,0.39031,-0.425331,0.217642,-0.347851,0.189255
F10->F11,9,55,284.8432,94.5705,0.515308,-0.483855,0.24898,-0.458981,0.267487
F10->F11,9,56,268.0601,106.3673,0.607095,-0.439643,0.721107,-0.158332,0.303537
F10->F11,9,57,254.3084,123.7338,0.710847,-0.227415,0.974653,0.017307,0.359838
F10->F11,9,58,242.7856,142.152,0.923808,-0.084036,0.757917,0.135931,0.275508
F10->F11,9,59,235.6791,162.4667,1.264425,0.035593,1.163759,0.231833,0.220554
F10->F11,9,60,230.8732,182.0492,1.601238,0.047195,1.686888,0.293775,0.261032
F10->F11,9,61,229.2181,200.9796,1.858753,-0.050129,1.779128,0.138833,0.205053
F10->F11,9,62,230.2215,220.1029,2.184598,-0.185098,2.776659,-0.137783,0.593949
F10->F11,9,63,231.0464,239.2338,2.421699,-0.325097,2.795743,-0.229331,0.38611
F10->F11,9,64,230.563,258.681,2.507509,-0.469468,2.844767,0.12356,0.68222
F10->F11,9,65,227.4439,278.8776,2.450021,-0.569308,2.240833,-0.832789,0.336425
F10->F11,9,66,223.2006,299.445,2.207966,-0.655924,1.67094,-0.963707,0.618973
F10->F11,9,67,222.4278,320.8828,2.040842,-0.700591,2.0213,-1.179951,0.479758
F10->F11,9,68,221.5893,341.7484,1.863712,-0.812624,1.725434,-0.80997,0.138303
F10->F11,9,69,222.3678,361.6017,1.587219,-0.966927,2.375639,-0.976688,0.78848
F10->F11,9,70,226.5845,381.2335,1.258595,-1.04221,2.587941,-1.056088,1.329419
F10->F11,9,71,235.1335,396.3928,0.986079,-1.173913,2.23664,-1.075589,1.25442
F10->F11,9,72,422.9266,389.5039,-0.944739,-1.488497,-0.703599,-0.700538,0.824032
F10->F11,9,73,426.888,370.3755,-1.359717,-1.502573,-1.991165,-1.130178,0.733079
F10->F11,9,74,433.1171,349.9211,-1.404048,-1.447172,-0.311958,-1.960959,1.206912
F10->F11,9,75,440.1507,329.8352,-1.489451,-1.289776,-3.365265,-1.297924,1.875832
F10->F11,9,76,443.6294,309.3761,-1.860341,-1.01673,-3.164621,-0.903286,1.309204
F10->F11,9,77,442.4324,289.0629,-2.245802,-0.672945,-2.259591,-1.208154,0.535386
F10->F11,9,78,439.2474,268.2007,-2.45339,-0.414595,-2.235015,-1.016688,0.640472
F10->F11,9,79,436.4262,247.467,-2.425764,-0.233391,-2.971267,9.2e-05,0.593369
F10->F11,9,80,430.7473,227.5618,-2.377073,-0.091807,-2.971601,-0.033326,0.597397
F10->F11,9,81,421.255,209.1477,-2.404305,0.052835,-3.837494,0.956623,1.694361
F10->F11,9,82,412.167,190.5414,-2.181395,0.135525,-2.235321,-0.172838,0.313043
F10->F11,9,83,404.1958,171.0189,-1.760805,0.123676,-1.956619,0.01891,0.222078
F10->F11,9,84,396.2697,151.5074,-1.368746,0.096716,-1.529762,0.286648,0.248998
F10->F11,9,85,386.2704,132.1255,-1.178219,0.051053,-1.173412,0.089129,0.038378
F10->F11,9,86,373.6758,113.2145,-0.901338,-0.164689,-0.991375,-0.055081,0.141846
F10->F11,9,87,358.6292,97.6877,-0.544736,-0.319309,-0.527326,-0.129725,0.190381
F10->F11,9,88,340.5972,86.6873,-0.218658,-0.500496,-0.285819,-0.386015,0.132726
F10->F11,9,89,321.5065,82.2091,0.128241,-0.512081,-0.080689,-0.297225,0.299691
F10->F11,9,90,302.4,82.8168,0.407588,-0.491669,0.262032,-0.414117,0.164927
F10->F11,9,91,282.5028,88.5747,0.51318,-0.553626,0.336684,-0.600656,0.182654
F10->F11,9,92,264.3073,101.2294,0.579502,-0.485722,0.763553,-0.163216,0.371329
F10->F11,9,93,250.9159,120.5663,0.744261,-0.242085,1.004722,-0.073028,0.310515
F10->F11,9,94,238.4474,140.4479,0.863147,-0.085321,0.591996,-0.003886,0.283116
F10->F11,9,95,229.2081,161.3053,1.067507,0.047131,1.058246,0.161197,0.114441
F10->F11,9,96,223.2309,181.3725,1.285886,0.054696,2.417468,0.591876,1.252613
F10->F11,9,97,221.193,200.3838,1.645586,-0.031991,1.778012,0.302059,0.359341
F10->F11,9,98,221.4734,219.5028,2.003321,-0.160061,3.076498,0.640121,1.338656
F10->F11,9,99,221.7386,238.5896,2.251165,-0.311536,2.778787,-0.196502,0.540016
F10->F11,9,100,220.8256,257.93,2.293743,-0.468728,2.544135,-0.15762,0.399355
F10->F11,9,101,218.2502,278.0533,2.166435,-0.602879,0.918238,-0.999115,1.309579
F10->F11,9,102,214.4035,298.6874,1.901684,-0.709575,1.505823,-0.947475,0.461847
F10->F11,9,103,213.3999,320.1848,1.772547,-0.776172,2.140053,-1.005389,0.43313
F10->F11,9,104,212.3124,341.3719,1.587724,-0.904936,1.237789,-1.033647,0.372856
F10->F11,9,105,212.308,362.2095,1.305041,-1.08421,-0.67189,-1.917397,2.145334
F10->F11,9,106,216.0981,382.1468,0.975747,-1.15741,1.649109,-1.235765,0.677906
F10->F11,9,107,228.1651,397.6581,0.751582,-1.226589,1.561626,-0.977564,0.847458
F10->F11,9,108,429.8508,392.427,-0.883251,-1.654565,-2.757798,0.035781,2.524122
F10->F11,9,109,432.5726,372.2221,-1.292687,-1.667612,-1.789511,-1.197303,0.684123
F10->F11,9,110,438.5193,351.1162,-1.397044,-1.580373,-2.579285,-0.97714,1.327247
F10->F11,9,111,446.5523,329.9385,-1.534145,-1.436189,-3.401311,-1.213162,1.880439
F10->F11,9,112,450.8387,308.8934,-1.726375,-1.139142,-4.984939,-0.190039,3.393971
F10->F11,9,113,449.9116,288.0843,-2.060501,-0.760683,-2.503652,-0.749713,0.443287
F10->F11,9,114,447.3002,266.4395,-2.214387,-0.476492,-1.787595,-0.931178,0.623612
F10->F11,9,115,445.0253,244.917,-2.176251,-0.282663,-2.710285,0.051793,0.630121
F10->F11,9,116,439.7038,224.4543,-2.126513,-0.135143,-2.231258,-0.28528,0.183065
F10->F11,9,117,430.9098,205.6725,-2.11034,0.006066,-2.176131,-0.117803,0.140257
F10->F11,9,118,421.7999,186.8887,-1.916714,0.104375,-1.957111,0.034144,0.08102
F10->F11,9,119,413.1186,167.018,-1.518892,0.074398,-1.604903,0.104967,0.091282
F10->F11,9,120,404.7464,147.0633,-1.214391,0.064894,-1.352526,-0.06455,0.189306
F10->F11,9,121,394.7034,127.0617,-0.98624,-0.002709,-0.608945,-0.213793,0.432329
F10->F11,9,122,381.1533,107.662,-0.726478,-0.214956,-0.477519,-0.391652,0.30529
F10->F11,9,123,363.8171,91.0253,-0.426819,-0.440904,20.0,-18.98612,27.58949
F10->F11,9,124,343.851,80.3357,-0.127356,-0.533322,-0.412474,-0.459228,0.294587
F10->F11,9,125,322.7154,75.8305,0.196069,-0.563037,0.130177,-0.49975,0.091362
F10->F11,9,126,301.0608,76.6431,0.382939,-0.526692,0.284123,-0.47423,0.111879
F10->F11,9,127,280.0057,82.7124,0.499808,-0.607446,0.419686,-0.632555,0.083965
F10->F11,9,128,260.596,96.5973,0.574744,-0.455046,0.425423,-0.314043,0.205375
F10->F11,9,129,246.9643,117.468,0.746707,-0.233038,0.893529,-0.059184,0.227556
F10->F11,9,130,234.1068,139.1363,0.839187,-0.034831,0.525297,0.034288,0.32141
F10->F11,9,131,222.7396,160.8823,0.899119,0.141909,1.789283,0.853541,1.139654
F10->F11,9,132,216.1589,181.0401,1.076841,0.105859,2.009253,0.75388,1.135484
F10->F11,9,133,213.1514,199.9954,1.444687,0.013763,1.59257,0.24495,0.27444
F10->F11,9,134,212.3092,218.9749,1.790109,-0.127021,2.940329,0.956859,1.580444
F10->F11,9,135,211.737,238.0913,2.010337,-0.298126,1.203415,-1.046461,1.100513
F10->F11,9,136,210.882,257.3572,2.042396,-0.468593,0.781056,-0.749135,1.292161
F10->F11,9,137,208.925,277.2753,1.895151,-0.64368,3.03463,-0.120157,1.253989
F10->F11,9,138,205.7362,297.7893,1.660751,-0.786244,1.425477,-1.150938,0.433999
F10->F11,9,139,204.3067,319.1703,1.521432,-0.894652,1.539291,-0.893082,0.017928
F10->F11,9,140,202.85,340.4157,1.325729,-1.04312,-0.633079,-2.039238,2.197539
F10->F11,9,141,201.3771,361.8089,1.065004,-1.27718,-0.648159,-1.905679,1.824811
F10->F11,9,142,206.212,383.2547,0.739569,-1.230497,-1.447753,-1.642053,2.225703
F10->F11,9,143,222.0052,398.9692,0.605767,-1.287705,1.866142,-1.135929,1.269481
F10->F11,9,144,437.0347,395.192,-0.796394,-1.787206,-0.444032,-1.191544,0.692078
F10->F11,9,145,438.0988,373.9741,-1.316478,-1.830253,-1.944702,-1.160312,0.918415
F10->F11,9,146,444.3601,352.0426,-1.478066,-1.752484,-0.402466,-2.033193,1.111626
F10->F11,9,147,452.8989,330.1676,-1.576491,-1.567833,-3.229865,-1.097187,1.719057
F10->F11,9,148,457.6788,308.4822,-1.643414,-1.225217,-4.394537,3.819328,5.745964
F10->F11,9,149,457.1231,287.0322,-1.904313,-0.82999,-2.614658,-0.73706,0.716397
F10->F11,9,150,455.1951,264.8108,-2.011334,-0.508127,-1.791644,-0.858759,0.413771
F10->F11,9,151,453.6312,242.477,-1.932269,-0.328414,-1.026096,-0.877495,1.059547
F10->F11,9,152,448.7359,221.4614,-1.881241,-0.170963,-2.116741,-0.136185,0.238055
F10->F11,9,153,440.6193,202.3024,-1.84692,-0.020694,-0.119228,-0.901948,1.939466
F10->F11,9,154,431.4348,183.3716,-1.670397,0.084783,-1.760685,0.14425,0.108112
F10->F11,9,155,422.0052,163.4381,-1.366083,0.08667,20.0,-20.0,29.32548
F10->F11,9,156,413.5762,143.1698,-1.07998,0.092304,-0.704916,-0.664659,0.844787
F10->F11,9,157,402.9759,122.5925,-0.844481,0.011775,-0.176251,-0.063448,0.672451
F10->F11,9,158,388.6099,102.6183,-0.556536,-0.199531,-0.122039,-0.141123,0.438405
F10->F11,9,159,369.4441,85.5163,-0.291612,-0.4176,0.017684,-0.125212,0.425622
F10->F11,9,160,347.4014,74.4824,-0.016525,-0.520591,20.0,-20.0,27.930425
F10->F11,9,161,323.5514,70.1182,0.2269,-0.566581,0.220429,-0.473977,0.09283
F10->F11,9,162,299.6566,70.9346,0.349458,-0.513577,0.209588,-0.444212,0.156125
F10->F11,9,163,277.0965,77.2142,0.462669,-0.626093,0.543186,-0.540656,0.117399
F10->F11,9,164,256.7621,92.2727,0.555961,-0.391572,0.494568,-0.20664,0.194856
F10->F11,9,165,242.8463,115.0404,0.75159,-0.155937,0.839003,-0.249978,0.128393
F10->F11,9,166,229.2115,138.1131,0.794792,0.060766,0.439003,-0.144108,0.41056
F10->F11,9,167,216.3186,160.5828,0.757052,0.2484,1.534241,1.045942,1.113596
F10->F11,9,168,209.0138,181.1627,0.937443,0.235542,1.80586,0.760904,1.014964
F10->F11,9,169,204.9119,200.0281,1.267828,0.104873,1.801917,0.222873,0.54697
F10->F11,9,170,203.1007,218.6416,1.574222,-0.087301,0.921688,-0.006218,0.657552
F10->F11,9,171,201.9924,237.6434,1.766383,-0.27484,2.048226,-0.40054,0.308604
F10->F11,9,172,200.7697,256.932,1.742237,-0.474134,0.867719,-0.850008,0.951873
F10->F11,9,173,199.4151,276.6539,1.60206,-0.683324,0.934933,-0.906462,0.703455
F10->F11,9,174,196.8959,296.6757,1.440811,-0.901037,1.253248,-1.023737,0.224133
F10->F11,9,175,195.1943,317.6175,1.286967,-1.054033,1.716912,-0.99212,0.43438
F10->F11,9,176,193.7589,338.9491,1.115562,-1.247793,-0.625347,-2.139169,1.955842
F10->F11,9,177,191.2584,361.8536,0.90439,-1.434682,2.144761,-1.254293,1.253419
F10->F11,9,178,198.5943,385.3951,0.644375,-1.232785,0.953944,-1.116157,0.33081
F10->F11,9,179,216.1859,400.1807,0.516692,-1.31955,-0.146371,-1.889239,0.874185
F11->F12,10,0,408.1711,383.2503,-0.946892,-0.468621,-1.928478,-0.06232,1.062352
F11->F12,10,1,412.6083,366.2502,-1.517813,-0.606757,-4.025649,-0.269499,2.530411
F11->F12,10,2,419.6173,347.6314,-1.911745,-0.664659,-4.955941,-0.244375,3.073071
F11->F12,10,3,423.5933,328.951,-2.072424,-0.506904,-3.552201,0.275834,1.674043
F11->F12,10,4,425.6647,309.3697,-2.363659,-0.404745,-2.064134,-0.998747,0.665246
F11->F12,10,5,423.4883,290.6575,-2.722739,-0.172517,-3.357856,-0.180957,0.635173
F11->F12,10,6,419.8709,271.6228,-2.834526,-0.022566,-2.759459,0.087375,0.133124
F11->F12,10,7,415.8629,252.7278,-2.846788,0.125092,-2.682406,-0.020099,0.219321
F11->F12,10,8,409.0246,234.4486,-2.946203,0.277472,-2.312349,-0.003625,0.693388
F11->F12,10,9,398.7489,216.8152,-2.990768,0.387785,-2.401553,0.055074,0.676662
F11->F12,10,10,389.4635,198.8495,-2.764229,0.450688,-3.031926,0.735211,0.390659
F11->F12,10,11,382.8795,180.2163,-2.352935,0.471156,-20.0,20.0,26.320993
F11->F12,10,12,375.8536,162.0234,-2.010968,0.491032,-2.141015,0.943106,0.470407
F11->F12,10,13,367.6075,144.3666,-1.585731,0.458893,-1.824096,0.905794,0.506497
F11->F12,10,14,358.0919,127.4742,-1.174181,0.358997,-0.934654,0.388269,0.241309
F11->F12,10,15,347.2429,112.4755,-0.774003,0.166134,-0.392138,0.008623,0.413074
F11->F12,10,16,334.6178,102.0665,-0.34404,0.010545,-0.226797,-0.112169,0.169719
F11->F12,10,17,319.9563,96.4602,-0.00696,-0.096099,-0.083882,-0.006671,0.117959
F11->F12,10,18,304.2011,96.0968,0.247412,-0.131752,0.215174,-0.261273,0.133473
F11->F12,10,19,287.5922,100.7575,0.402928,-0.211853,0.485176,-0.298329,0.119344
F11->F12,10,20,272.2031,111.2495,0.506955,-0.190678,0.418841,-0.238329,0.100173
F11->F12,10,21,258.9316,126.7571,0.629128,-0.032567,0.701598,0.188161,0.232321
F11->F12,10,22,248.2742,144.1131,0.878516,0.078209,0.897428,0.174428,0.09806
F11->F12,10,23,243.6558,163.9778,1.350216,0.198935,1.321605,0.123546,0.080635
F11->F12,10,24,240.6753,183.0213,1.817869,0.224999,1.832397,0.306173,0.082465
F11->F12,10,25,239.6616,201.8042,2.011143,0.146152,1.776756,0.166449,0.235264
F11->F12,10,26,241.2204,220.6996,2.164459,0.006174,2.400962,-0.081643,0.25228
F11->F12,10,27,242.6261,239.6891,2.299133,-0.116969,2.830062,-0.006154,0.542371
F11->F12,10,28,242.7143,259.0454,2.430784,-0.223697,3.285115,0.019833,0.888363
F11->F12,10,29,239.3982,279.1248,2.512389,-0.300449,1.398608,-0.965767,1.297365
F11->F12,10,30,234.651,299.584,2.384457,-0.348116,3.139822,-0.123175,0.788147
F11->F12,10,31,233.7069,320.6247,2.20822,-0.385726,3.313133,0.020187,1.177114
F11->F12,10,32,233.261,341.165,2.044173,-0.473063,3.996027,-0.038011,1.999751
F11->F12,10,33,234.0402,359.6189,1.730344,-0.632636,1.552696,-1.165021,0.561242
F11->F12,10,34,238.9699,378.498,1.473699,-0.721307,0.40289,-5.768975,5.159999
F11->F12,10,35,243.3113,393.9561,1.06262,-0.810426,2.98433,-1.420721,2.016291
F11->F12,10,36,415.057,385.2063,-0.879011,-0.864035,-1.116834,-0.893063,0.239588
F11->F12,10,37,419.1054,367.5697,-1.393246,-0.88432,-4.611314,0.080904,3.359705
F11->F12,10,38,425.9709,347.6383,-1.535498,-0.88644,-1.751435,-0.947076,0.224289
F11->F12,10,39,432.0066,328.5067,-1.524933,-0.79165,-3.564983,0.10717,2.229278
F11->F12,10,40,434.1935,308.9965,-1.958535,-0.578796,-1.510494,-0.790306,0.495457
F11->F12,10,41,432.1156,289.4417,-2.387043,-0.311897,-3.17589,-0.074465,0.823805
F11->F12,10,42,428.4822,269.7439,-2.566682,-0.105276,-2.81357,0.094112,0.317347
F11->F12,10,43,424.9575,249.924,-2.557364,0.044713,-2.395734,-0.089715,0.210227
F11->F12,10,44,418.8537,230.9401,-2.552882,0.185187,-2.049957,0.057418,0.518901
F11->F12,10,45,408.9399,212.8781,-2.526465,0.288069,-2.288683,0.083701,0.313539
F11->F12,10,46,399.9027,194.6247,-2.276441,0.353513,-2.815474,0.752922,0.670882
F11->F12,10,47,393.2053,175.3455,-1.836991,0.332354,-2.591419,1.17572,1.13156
F11->F12,10,48,385.871,156.4408,-1.490169,0.328532,-2.322093,0.693049,0.908278
F11->F12,10,49,376.4659,137.9793,-1.277126,0.307019,-1.203402,0.229903,0.106687
F11->F12,10,50,365.3606,119.884,-0.982844,0.150003,-0.751843,0.27209,0.261279
F11->F12,10,51,352.7589,104.1484,-0.59933,-0.03862,-0.508914,0.161933,0.219993
F11->F12,10,52,337.5459,93.7781,-0.260458,-0.16874,-0.307059,-0.353624,0.190666
F11->F12,10,53,320.8455,88.6545,0.047234,-0.229654,-0.06526,-0.054708,0.207992
F11->F12,10,54,303.8158,88.9109,0.307562,-0.264773,0.321645,-0.317076,0.054166
F11->F12,10,55,285.3585,94.0866,0.42002,-0.326682,0.672817,-0.252038,0.263587
F11->F12,10,56,268.6672,105.9277,0.495403,-0.286288,0.534296,-0.062964,0.226685
F11->F12,10,57,255.0192,123.5063,0.574704,-0.093137,0.68578,0.282357,0.391579
F11->F12,10,58,243.7094,142.068,0.788448,0.048796,0.989467,0.161222,0.230322
F11->F12,10,59,236.9435,162.5022,1.132396,0.17222,1.233011,0.066123,0.146219
F11->F12,10,60,232.4744,182.0964,1.484445,0.205746,1.405078,0.026747,0.195805
F11->F12,10,61,231.0768,200.9295,1.733036,0.136891,1.873991,0.296385,0.212853
F11->F12,10,62,232.4061,219.9178,1.995287,0.021712,1.832734,0.15899,0.212765
F11->F12,10,63,233.4681,238.9087,2.177728,-0.099255,2.117913,-0.166432,0.089948
F11->F12,10,64,233.0706,258.2115,2.233769,-0.225263,3.032401,0.145185,0.880367
F11->F12,10,65,229.8939,278.3083,2.204898,-0.313161,3.146392,-0.233983,0.944817
F11->F12,10,66,225.4086,298.7891,2.038684,-0.393401,3.291591,-0.085125,1.290275
F11->F12,10,67,224.4687,320.1822,1.887481,-0.437621,3.238716,0.00559,1.422066
F11->F12,10,68,223.453,340.9357,1.725111,-0.547566,2.071802,-0.82353,0.443115
F11->F12,10,69,223.955,360.6348,1.457829,-0.696376,-2.285253,-1.74777,3.887941
F11->F12,10,70,227.8431,380.1913,1.128382,-0.768852,4.054431,-0.888649,2.9285
F11->F12,10,71,236.1196,395.2189,0.884875,-0.8773,4.596866,-1.183693,3.724614
F11->F12,10,72,421.9818,388.0155,-0.810388,-1.099437,-0.637718,-0.896951,0.266112
F11->F12,10,73,425.5283,368.873,-1.213537,-1.106608,-1.888533,-1.010185,0.681849
F11->F12,10,74,431.7131,348.4739,-1.290956,-1.084029,-1.657961,-0.855315,0.432439
F11->F12,10,75,438.6613,328.5454,-1.39255,-0.971126,-2.349115,-1.07103,0.961767
F11->F12,10,76,441.7691,308.3594,-1.789611,-0.724615,-1.610933,-0.578782,0.230636
F11->F12,10,77,440.1866,288.39,-2.143029,-0.412608,-3.126171,-0.165603,1.013696
F11->F12,10,78,436.794,267.7861,-2.332532,-0.174392,-2.382747,-0.130879,0.066445
F11->F12,10,79,434.0005,247.2336,-2.296363,-0.011596,-1.980281,-0.008455,0.316098
F11->F12,10,80,428.3702,227.47,-2.218034,0.109504,-2.091819,0.102711,0.126398
F11->F12,10,81,418.8507,209.2006,-2.197598,0.227187,-3.36811,0.802447,1.304232
F11->F12,10,82,409.9856,190.6769,-1.964589,0.292517,-2.702858,1.030612,1.043947
F11->F12,10,83,402.435,171.1425,-1.575981,0.278081,-2.621467,1.182116,1.382143
F11->F12,10,84,394.901,151.6041,-1.221867,0.253976,-1.100557,-0.015325,0.295362
F11->F12,10,85,385.0922,132.1766,-1.054557,0.212655,-1.088583,0.223684,0.035769
F11->F12,10,86,372.7744,113.0498,-0.807688,0.015059,-0.553703,0.083421,0.263024
F11->F12,10,87,358.0845,97.3684,-0.48988,-0.134812,-0.443012,-0.360868,0.230864
F11->F12,10,88,340.3785,86.1868,-0.201709,-0.309852,-0.233297,-0.371044,0.068864
F11->F12,10,89,321.6347,81.697,0.092104,-0.326888,-0.033565,-0.287036,0.131836
F11->F12,10,90,302.8076,82.3252,0.32745,-0.326589,0.289224,-0.393864,0.077377
F11->F12,10,91,283.016,88.021,0.424307,-0.39695,0.432495,-0.202159,0.194963
F11->F12,10,92,264.8868,100.7437,0.479941,-0.323638,0.447629,-0.093776,0.232122
F11->F12,10,93,251.6601,120.3242,0.609518,-0.106872,0.590555,0.245162,0.352544
F11->F12,10,94,239.3106,140.3626,0.729866,0.042347,0.949042,0.114716,0.230814
F11->F12,10,95,230.2756,161.3524,0.94809,0.178858,0.747659,0.097586,0.216282
F11->F12,10,96,224.5168,181.4272,1.179012,0.207871,1.001807,0.119524,0.198007
F11->F12,10,97,222.8386,200.3518,1.517416,0.148383,1.296225,0.131397,0.221842
F11->F12,10,98,223.4767,219.3428,1.819087,0.042806,1.487688,0.031094,0.331606
F11->F12,10,99,223.9897,238.278,2.017797,-0.088149,1.685986,0.037067,0.354651
F11->F12,10,100,223.1193,257.4613,2.044033,-0.225315,2.578365,0.052311,0.602151
F11->F12,10,101,220.4166,277.4504,1.940416,-0.345331,-0.021812,-0.721596,1.997978
F11->F12,10,102,216.3052,297.9778,1.737675,-0.444289,3.002713,-0.20872,1.286785
F11->F12,10,103,215.1724,319.4087,1.625268,-0.510545,0.664977,-0.806159,1.004762
F11->F12,10,104,213.9001,340.4669,1.459869,-0.63675,0.442878,-1.172726,1.149583
F11->F12,10,105,213.6131,361.1252,1.185941,-0.810808,0.947652,-0.913886,0.259628
F11->F12,10,106,217.0738,380.9893,0.883185,-0.883224,2.074879,-0.90388,1.191873
F11->F12,10,107,228.9167,396.4315,0.681153,-0.930522,-0.279639,-1.085114,0.97315
F11->F12,10,108,428.9675,390.7724,-0.749604,-1.286367,-0.761212,-0.887753,0.398783
F11->F12,10,109,431.2799,370.5545,-1.130848,-1.278681,-1.542952,-1.042791,0.474841
F11->F12,10,110,437.1222,349.5358,-1.234999,-1.219028,-1.950082,-0.96348,0.759374
F11->F12,10,111,445.0182,328.5023,-1.417953,-1.118133,-2.307773,-1.106341,0.889898
F11->F12,10,112,449.1123,307.7542,-1.654771,-0.849448,-1.713387,-0.802959,0.074813
F11->F12,10,113,447.8511,287.3236,-1.962151,-0.501553,-1.938522,-0.918024,0.417141
F11->F12,10,114,445.0858,265.963,-2.104099,-0.235383,-2.074541,0.003871,0.241073
F11->F12,10,115,442.849,244.6343,-2.060129,-0.057474,-1.96043,-0.057538,0.099698
F11->F12,10,116,437.5772,224.3191,-1.973687,0.068277,-1.590355,0.281714,0.438747
F11->F12,10,117,428.7994,205.6786,-1.913219,0.184163,-2.949773,0.919975,1.271165
F11->F12,10,118,419.8832,186.9931,-1.710494,0.264378,-1.638921,0.263512,0.071578
F11->F12,10,119,411.5997,167.0924,-1.338811,0.233767,-0.996058,0.101678,0.367324
F11->F12,10,120,403.532,147.1282,-1.076904,0.229973,-0.95779,0.132141,0.15414
F11->F12,10,121,393.7172,127.059,-0.882612,0.171483,-0.699156,0.026846,0.233615
F11->F12,10,122,380.4268,107.447,-0.652781,-0.026096,-0.054899,-0.194514,0.621151
F11->F12,10,123,363.3903,90.5844,-0.381996,-0.246517,18.498413,-20.0,27.325262
F11->F12,10,124,343.7237,79.8024,-0.116245,-0.340495,-0.135219,-0.454871,0.115938
F11->F12,10,125,322.9115,75.2675,0.155549,-0.366681,0.019577,-0.345478,0.137616
F11->F12,10,126,301.4437,76.1164,0.308514,-0.366202,0.248674,-0.343786,0.063901
F11->F12,10,127,280.5055,82.105,0.416998,-0.451899,0.382139,-0.330729,0.126085
F11->F12,10,128,261.1708,96.1422,0.481389,-0.292333,0.488083,-0.258153,0.03483
F11->F12,10,129,247.711,117.235,0.618471,-0.097791,0.492639,-0.046947,0.135716
F11->F12,10,130,234.946,139.1015,0.710241,0.085473,0.805801,0.159216,0.120705
F11->F12,10,131,223.6387,161.0242,0.794828,0.267029,0.594169,0.167032,0.224195
F11->F12,10,132,217.2358,181.146,0.969727,0.250504,0.83896,0.155595,0.161579
F11->F12,10,133,214.5961,200.0092,1.315224,0.187618,1.10845,0.087612,0.229688
F11->F12,10,134,214.0993,218.8478,1.617447,0.071112,1.284251,0.005988,0.339501
F11->F12,10,135,213.7473,237.7931,1.80157,-0.07718,1.435507,-0.126033,0.369309
F11->F12,10,136,212.9244,256.8886,1.821719,-0.226704,2.317412,-0.130548,0.504934
F11->F12,10,137,210.8202,276.6316,1.692017,-0.384808,0.291891,-0.940708,1.506446
F11->F12,10,138,207.397,297.0031,1.500424,-0.517423,1.150169,-0.975458,0.576606
F11->F12,10,139,205.8282,318.2757,1.384199,-0.622937,3.109391,-0.169212,1.78386
F11->F12,10,140,204.1758,339.3726,1.208745,-0.76856,-0.232679,-0.902272,1.447612
F11->F12,10,141,202.4421,360.5317,0.961963,-0.995276,0.735143,-0.706285,0.367373
F11->F12,10,142,206.9515,382.0242,0.678995,-0.953132,0.015626,-0.746658,0.694759
F11->F12,10,143,222.611,397.6815,0.54927,-0.985848,0.250511,-1.18271,0.357787
F11->F12,10,144,436.2383,393.4048,-0.678522,-1.44202,0.350091,-1.790514,1.086045
F11->F12,10,145,436.7823,372.1439,-1.13028,-1.454547,-1.245201,-1.215647,0.265103
F11->F12,10,146,442.882,350.2901,-1.300571,-1.39956,-1.985196,-1.026342,0.779746
F11->F12,10,147,451.3224,328.5997,-1.446502,-1.250593,-2.427314,-1.143991,0.986588
F11->F12,10,148,456.0354,307.2569,-1.568651,-0.936724,-1.884198,-0.936431,0.315547
F11->F12,10,149,455.2187,286.2022,-1.810169,-0.571076,-1.589984,-0.861397,0.364373
F11->F12,10,150,453.1837,264.3027,-1.908785,-0.267811,-2.119495,-0.039095,0.310982
F11->F12,10,151,451.699,242.1486,-1.827126,-0.101477,-1.943076,0.063146,0.201358
F11->F12,10,152,446.8547,221.2904,-1.737421,0.034143,-1.609176,0.241351,0.243684
F11->F12,10,153,438.7724,202.2817,-1.664616,0.160895,-2.659106,0.999822,1.30108
F11->F12,10,154,429.7644,183.4564,-1.476779,0.248668,-1.280751,-0.125112,0.422064
F11->F12,10,155,420.6392,163.5248,-1.192165,0.248777,20.0,-20.0,29.310763
F11->F12,10,156,412.4962,143.2621,-0.957498,0.262479,20.0,-13.496389,25.070365
F11->F12,10,157,402.1315,122.6043,-0.758553,0.191669,-0.206626,-0.195434,0.674145
F11->F12,10,158,388.0534,102.4188,-0.502208,-0.007397,0.007411,-0.034152,0.510321
F11->F12,10,159,369.1525,85.0987,-0.25902,-0.223363,-0.110087,-0.023849,0.248972
F11->F12,10,160,347.3849,73.9618,-0.011747,-0.32866,20.0,-20.0,28.061213
F11->F12,10,161,323.7783,69.5516,0.188611,-0.368404,-0.045375,-0.392548,0.235228
F11->F12,10,162,300.0061,70.421,0.281199,-0.365675,0.188876,-0.209784,0.181179
F11->F12,10,163,277.5592,76.5881,0.387898,-0.477172,0.308052,-0.270855,0.221229
F11->F12,10,164,257.318,91.8811,0.467981,-0.232996,0.606668,-0.289719,0.149838
F11->F12,10,165,243.5979,114.8845,0.627266,-0.023668,0.680996,0.26292,0.291581
F11->F12,10,166,230.0062,138.1739,0.674104,0.171165,0.511346,0.240864,0.177054
F11->F12,10,167,217.0757,160.8312,0.665662,0.367301,0.500718,0.249128,0.202907
F11->F12,10,168,209.9512,181.3983,0.830193,0.371252,0.518449,0.221926,0.345662
F11->F12,10,169,206.1797,200.133,1.137492,0.269835,0.941526,0.02199,0.315959
F11->F12,10,170,204.6749,218.5543,1.409358,0.106329,1.162908,-0.158148,0.361505
F11->F12,10,171,203.7588,237.3686,1.577698,-0.05697,1.563669,0.066772,0.124534
F11->F12,10,172,202.5119,256.4579,1.554993,-0.233495,2.314634,-0.12346,0.767569
F11->F12,10,173,201.0172,275.9706,1.425711,-0.424066,0.250258,-1.025202,1.320247
F11->F12,10,174,198.3367,295.7746,1.290834,-0.626175,0.987798,-0.996376,0.478414
F11->F12,10,175,196.4813,316.5634,1.161413,-0.772568,2.468277,-0.179047,1.435326
F11->F12,10,176,194.8745,337.7013,1.007365,-0.961639,-1.942337,-1.931557,3.105074
F11->F12,10,177,192.1628,360.4189,0.813168,-1.144194,-0.395486,-0.026498,1.646235
F11->F12,10,178,199.2387,384.1623,0.589944,-0.952905,1.077456,-0.77053,0.520508
F11->F12,10,179,216.7026,398.8611,0.462922,-1.013604,0.691189,-1.033186,0.229105
F12->F13,11,0,407.2242,382.7817,-0.785034,-0.194276,-2.273873,-0.178453,1.488924
F12->F13,11,1,411.0905,365.6434,-1.362669,-0.314337,-0.869247,-0.881817,0.751997
F12->F13,11,2,417.7056,346.9668,-1.803753,-0.382765,-1.48621,-1.003114,0.696898
F12->F13,11,3,421.5209,328.4441,-1.970481,-0.267729,-1.459627,-1.127162,0.999798
F12->F13,11,4,423.3011,308.965,-2.228883,-0.196529,-0.813304,-0.855105,1.561278
F12->F13,11,5,420.7656,290.4849,-2.524539,-7e-06,-2.842716,-0.002611,0.318188
F12->F13,11,6,417.0364,271.6002,-2.602599,0.121294,-2.733335,0.155715,0.135191
F12->F13,11,7,413.0161,252.8529,-2.617584,0.249009,-2.897771,0.038257,0.3506
F12->F13,11,8,406.0784,234.7261,-2.710974,0.381402,-3.791185,0.931665,1.212289
F12->F13,11,9,395.7581,217.203,-2.72728,0.466515,-3.214062,0.712905,0.545587
F12->F13,11,10,386.6993,199.3002,-2.499228,0.511739,-2.804509,0.787133,0.411142
F12->F13,11,11,380.5266,180.6874,-2.122838,0.522019,-1.57301,0.38362,0.566978
F12->F13,11,12,373.8427,162.5144,-1.809769,0.532069,-1.996746,0.584489,0.194186
F12->F13,11,13,366.0218,144.8255,-1.408853,0.493353,-1.863072,0.724708,0.509745
F12->F13,11,14,356.9177,127.8332,-1.032817,0.403706,-0.586036,0.231542,0.478805
F12->F13,11,15,346.4689,112.6417,-0.686491,0.226345,-0.471659,0.085788,0.256728
F12->F13,11,16,334.2737,102.077,-0.311859,0.081778,-0.079698,0.191279,0.256689
F12->F13,11,17,319.9494,96.3641,-0.020354,-0.026293,0.094679,-0.020047,0.115202
F12->F13,11,18,304.4485,95.965,0.198284,-0.065723,0.090155,0.147401,0.238984
F12->F13,11,19,287.9952,100.5457,0.336298,-0.139836,0.459425,-0.188044,0.132228
F12->F13,11,20,272.7101,111.0588,0.418287,-0.11163,0.574802,0.174287,0.325953
F12->F13,11,21,259.5608,126.7245,0.51859,0.035887,0.540959,0.196739,0.162399
F12->F13,11,22,249.1527,144.1913,0.751983,0.145445,0.762187,0.266426,0.12141
F12->F13,11,23,245.006,164.1767,1.195513,0.264221,0.721586,0.415013,0.497338
F12->F13,11,24,242.4932,183.2463,1.647223,0.301544,1.162074,0.099513,0.525534
F12->F13,11,25,241.6727,201.9504,1.829696,0.245724,2.801478,0.620109,1.041405
F12->F13,11,26,243.3849,220.7058,1.941933,0.126312,2.17036,0.244186,0.257047
F12->F13,11,27,244.9252,239.5721,2.036199,0.021224,2.066128,0.093269,0.078014
F12->F13,11,28,245.1451,258.8217,2.140221,-0.068336,2.083206,-0.017563,0.076346
F12->F13,11,29,241.9106,278.8244,2.235354,-0.132668,1.789961,0.097829,0.501502
F12->F13,11,30,237.0355,299.2358,2.166622,-0.172785,2.662621,-0.014904,0.520521
F12->F13,11,31,235.9151,320.2389,2.014002,-0.203376,2.271575,-0.163003,0.260718
F12->F13,11,32,235.3052,340.6919,1.859004,-0.285062,1.709554,0.035334,0.353538
F12->F13,11,33,235.7705,358.9863,1.564543,-0.429873,2.141843,0.082527,0.771899
F12->F13,11,34,240.4436,377.7767,1.302508,-0.511171,2.418017,-0.298115,1.135673
F12->F13,11,35,244.3739,393.1456,0.925471,-0.585842,1.037559,-0.950307,0.381311
F12->F13,11,36,414.178,384.3423,-0.72374,-0.575682,-2.477273,-0.279857,1.778311
F12->F13,11,37,417.7122,366.6854,-1.23803,-0.585838,-1.089171,-0.949439,0.392893
F12->F13,11,38,424.4354,346.7518,-1.43505,-0.610064,-1.692266,-0.760848,0.298154
F12->F13,11,39,430.4817,327.7151,-1.437389,-0.553777,-1.002946,-1.067512,0.672803
F12->F13,11,40,432.235,308.4177,-1.834716,-0.368979,-1.072735,-0.87414,0.914223
F12->F13,11,41,429.7286,289.1298,-2.208659,-0.137695,-0.70441,-0.814826,1.649628
F12->F13,11,42,425.9155,269.6386,-2.3599,0.042119,-4.187467,0.749533,1.959703
F12->F13,11,43,422.4001,249.9687,-2.343957,0.171504,-2.398867,-0.079528,0.256968
F12->F13,11,44,416.3008,231.1253,-2.33256,0.292153,-1.95343,0.074193,0.437317
F12->F13,11,45,406.4134,213.1662,-2.278985,0.3708,-2.032967,0.159031,0.324609
F12->F13,11,46,397.6263,194.9782,-2.028787,0.419994,-2.019048,0.090341,0.329797
F12->F13,11,47,391.3683,175.6779,-1.634161,0.396565,-1.261709,-0.024337,0.562031
F12->F13,11,48,384.3809,156.7693,-1.32257,0.388709,-1.991856,0.846916,0.811108
F12->F13,11,49,375.1888,138.2863,-1.125596,0.365344,-0.674555,0.444096,0.457864
F12->F13,11,50,364.3778,120.034,-0.863845,0.222161,-0.756095,0.20949,0.108493
F12->F13,11,51,352.1596,104.1098,-0.528196,0.050136,-0.48306,-0.016701,0.08065
F12->F13,11,52,337.2854,93.6094,-0.234,-0.077912,-0.047673,0.039695,0.220338
F12->F13,11,53,320.8927,88.4249,0.029773,-0.144982,0.063964,-0.145545,0.034195
F12->F13,11,54,304.1234,88.6461,0.257723,-0.191928,0.123683,-0.00631,0.228955
F12->F13,11,55,285.7786,93.7599,0.35975,-0.238535,0.231796,-0.174079,0.143272
F12->F13,11,56,269.1626,105.6414,0.414981,-0.195192,0.702,0.16575,0.46115
F12->F13,11,57,255.5939,123.4132,0.472864,-0.019936,0.740827,0.131954,0.308018
F12->F13,11,58,244.4979,142.1168,0.67065,0.115407,0.499748,0.033447,0.18954
F12->F13,11,59,238.0759,162.6745,1.00062,0.237011,1.416059,0.632052,0.573277
F12->F13,11,60,233.9589,182.3021,1.343224,0.285782,0.936707,0.260933,0.407276
F12->F13,11,61,232.8099,201.0664,1.573489,0.237665,2.017717,0.679185,0.626322
F12->F13,11,62,234.4014,219.9395,1.780063,0.139503,1.886075,0.25781,0.158856
F12->F13,11,63,235.6459,238.8095,1.919117,0.03636,1.896091,0.103628,0.0711
F12->F13,11,64,235.3043,257.9863,1.954521,-0.071054,1.464147,-0.215833,0.5113
F12->F13,11,65,232.0988,277.9951,1.947421,-0.145972,1.437645,0.032981,0.540274
F12->F13,11,66,227.4473,298.3957,1.838326,-0.216593,2.577454,0.148535,0.824396
F12->F13,11,67,226.3562,319.7446,1.707408,-0.256214,1.805262,-0.103027,0.181774
F12->F13,11,68,225.1782,340.3882,1.560869,-0.358711,2.671983,0.0237,1.17508
F12->F13,11,69,225.4128,359.9384,1.310269,-0.498116,2.352965,-0.154072,1.09799
F12->F13,11,70,228.9715,379.4224,0.988494,-0.565345,2.800084,-0.107211,1.868621
F12->F13,11,71,237.0045,394.3416,0.769427,-0.653303,0.768879,-0.979048,0.325746
F12->F13,11,72,421.1714,386.916,-0.658269,-0.811706,-2.010139,-0.080484,1.536958
F12->F13,11,73,424.3148,367.7663,-1.053813,-0.809382,-1.523068,-0.789551,0.469674
F12->F13,11,74,430.4221,347.3899,-1.169335,-0.812604,-1.81848,-0.948977,0.663315
F12->F13,11,75,437.2687,327.5743,-1.265936,-0.736103,-1.231406,-1.156883,0.422195
F12->F13,11,76,439.9795,307.6347,-1.661491,-0.515216,-1.252526,-1.001523,0.635411
F12->F13,11,77,438.0436,287.9773,-1.974147,-0.23873,-0.871159,-0.806814,1.240687
F12->F13,11,78,434.4614,267.6117,-2.142776,-0.025394,-1.610696,0.187002,0.572906
F12->F13,11,79,431.7041,247.222,-2.100899,0.117163,-1.894858,0.029437,0.223939
F12->F13,11,80,426.1522,227.5795,-2.009185,0.21898,-3.283928,0.750037,1.380938
F12->F13,11,81,416.6531,209.4277,-1.962862,0.313787,-3.030376,0.870815,1.204104
F12->F13,11,82,408.021,190.9695,-1.734602,0.364572,-1.381228,0.070473,0.459747
F12->F13,11,83,400.859,171.4206,-1.385037,0.347935,-1.022458,0.096346,0.441317
F12->F13,11,84,393.6791,151.8581,-1.069914,0.325746,-1.809404,0.874698,0.920974
F12->F13,11,85,384.0376,132.3892,-0.924298,0.287503,-0.645206,0.189263,0.295877
F12->F13,11,86,371.9667,113.0649,-0.708487,0.108108,-0.89006,0.174776,0.193426
F12->F13,11,87,357.5946,97.2336,-0.429559,-0.036321,-0.461004,-0.134808,0.103385
F12->F13,11,88,340.1768,85.8769,-0.177963,-0.203461,-0.034117,-0.053954,0.207471
F12->F13,11,89,321.7268,81.3701,0.072012,-0.235693,0.103406,-0.18593,0.058839
F12->F13,11,90,303.135,81.9986,0.282384,-0.253324,0.259504,-0.192651,0.064844
F12->F13,11,91,283.4403,87.6241,0.370687,-0.300872,0.270662,-0.31704,0.101324
F12->F13,11,92,265.3668,100.4201,0.404609,-0.223094,0.491961,0.042778,0.279853
F12->F13,11,93,252.2696,120.2173,0.507408,-0.033237,0.713699,0.253894,0.353553
F12->F13,11,94,240.0404,140.405,0.617706,0.10624,0.353966,0.001532,0.283765
F12->F13,11,95,231.2237,161.5313,0.828923,0.240858,1.093449,0.702386,0.531961
F12->F13,11,96,225.6958,181.635,1.059302,0.285008,0.714784,0.42064,0.370255
F12->F13,11,97,224.356,200.5002,1.367072,0.245441,1.200719,0.280591,0.170026
F12->F13,11,98,225.2958,219.3856,1.615841,0.157502,1.78387,0.196409,0.172475
F12->F13,11,99,226.0075,238.1899,1.771345,0.04531,1.988852,0.032124,0.217907
F12->F13,11,100,225.1634,257.236,1.785062,-0.072518,1.124248,-0.164358,0.667166
F12->F13,11,101,222.3571,277.1051,1.704245,-0.177099,1.749095,0.087908,0.268775
F12->F13,11,102,218.0429,297.5335,1.552708,-0.265217,-0.362249,-0.637032,1.95072
F12->F13,11,103,216.7977,318.8981,1.457747,-0.326279,2.360424,-0.064115,0.939976
F12->F13,11,104,215.36,339.8302,1.312248,-0.445379,3.446545,-0.177087,2.151093
F12->F13,11,105,214.799,360.3144,1.05441,-0.610416,0.084192,-0.697543,0.974122
F12->F13,11,106,217.957,380.1061,0.777052,-0.681037,0.786559,-0.977325,0.29644
F12->F13,11,107,229.5979,395.501,0.59414,-0.710346,0.038087,-0.864016,0.576896
F12->F13,11,108,428.2179,389.486,-0.597942,-1.009215,-1.934266,0.078632,1.723129
F12->F13,11,109,430.149,369.2758,-0.963928,-0.98568,-1.992455,-1.018302,1.029044
F12->F13,11,110,435.8872,348.3168,-1.075774,-0.949073,-1.941739,-1.097109,0.878528
F12->F13,11,111,443.6002,327.3842,-1.271431,-0.882858,-1.338174,-1.131351,0.257301
F12->F13,11,112,447.4575,306.9048,-1.523991,-0.642624,-2.081541,-1.260615,0.832331
F12->F13,11,113,445.889,286.8221,-1.801065,-0.32726,-2.269633,-0.235371,0.477493
F12->F13,11,114,442.9817,265.7277,-1.929027,-0.085437,-2.171434,-0.135134,0.247449
F12->F13,11,115,440.7889,244.5769,-1.880336,0.073868,-1.681201,0.127464,0.206221
F12->F13,11,116,435.6036,224.3874,-1.776731,0.179779,-1.719099,0.092979,0.104191
F12->F13,11,117,426.8862,205.8628,-1.693783,0.274423,-1.266891,-0.139977,0.594949
F12->F13,11,118,418.1727,187.2575,-1.496649,0.339678,-0.86876,0.176497,0.648747
F12->F13,11,119,410.2609,167.3262,-1.159323,0.308721,-0.836369,0.121018,0.373539
F12->F13,11,120,402.4551,147.3582,-0.934848,0.307797,-0.696389,0.348464,0.241902
F12->F13,11,121,392.8346,127.2305,-0.770684,0.257099,-0.45326,-0.093918,0.473256
F12->F13,11,122,379.774,107.4209,-0.571401,0.076922,-0.361251,-0.081887,0.263407
F12->F13,11,123,363.0083,90.3379,-0.332256,-0.132073,19.494177,-18.179853,26.810629
F12->F13,11,124,343.6074,79.4619,-0.099715,-0.229519,0.043607,-0.067175,0.216557
F12->F13,11,125,323.067,74.9008,0.129247,-0.265739,-0.048685,-0.178497,0.198169
F12->F13,11,126,301.7522,75.7502,0.26946,-0.293788,0.295434,-0.357672,0.068962
F12->F13,11,127,280.9225,81.6531,0.367962,-0.344411,0.226641,-0.259064,0.165093
F12->F13,11,128,261.6522,95.8499,0.409104,-0.191895,0.549814,0.232511,0.447125
F12->F13,11,129,248.3295,117.1372,0.519609,-0.024442,0.36106,-0.026887,0.158568
F12->F13,11,130,235.6562,139.187,0.602616,0.143026,0.385207,-0.039687,0.283991
F12->F13,11,131,224.4335,161.2913,0.692319,0.32177,1.017545,0.824322,0.598608
F12->F13,11,132,218.2055,181.3965,0.859133,0.320785,1.272342,0.705132,0.564326
F12->F13,11,133,215.9113,200.1968,1.1735,0.278822,0.809422,0.214696,0.369682
F12->F13,11,134,215.7167,218.919,1.431051,0.181708,1.590025,0.230191,0.166203
F12->F13,11,135,215.5489,237.716,1.580374,0.053983,1.531205,0.15421,0.111638
F12->F13,11,136,214.7461,256.6619,1.589636,-0.075337,0.96961,-0.20327,0.633088
F12->F13,11,137,212.5122,276.2468,1.479533,-0.215001,2.21369,-0.075021,0.747383
F12->F13,11,138,208.8974,296.4857,1.325725,-0.334385,1.960307,-0.087631,0.680868
F12->F13,11,139,207.2124,317.6528,1.231163,-0.432265,-1.22388,-0.787314,2.480584
F12->F13,11,140,205.3845,338.604,1.077088,-0.570528,0.219165,-1.03072,0.973555
F12->F13,11,141,203.4041,359.5364,0.847187,-0.786872,0.568023,-0.9553,0.326037
F12->F13,11,142,207.6305,381.0711,0.599256,-0.751469,-4.501941,4.621436,7.4088
F12->F13,11,143,223.1602,396.6957,0.47705,-0.764685,-0.262395,-0.845307,0.743826
F12->F13,11,144,435.5597,391.9628,-0.540235,-1.178009,0.607384,-1.026223,1.157613
F12->F13,11,145,435.6521,370.6893,-0.950943,-1.169667,-2.201415,-1.191717,1.250666
F12->F13,11,146,441.5815,348.8906,-1.121972,-1.131798,-1.963562,-0.999269,0.85196
F12->F13,11,147,449.8759,327.3492,-1.282895,-1.013582,-1.288258,-1.113874,0.100436
F12->F13,11,148,454.4667,306.3202,-1.435767,-0.730948,-0.387297,-2.21258,1.815082
F12->F13,11,149,453.4086,285.6312,-1.655204,-0.397786,-2.204091,-0.268429,0.563924
F12->F13,11,150,451.2749,264.0349,-1.743921,-0.119865,-2.284793,-0.269453,0.561177
F12->F13,11,151,449.8718,242.0471,-1.661366,0.031216,-1.723329,0.262493,0.239434
F12->F13,11,152,445.1173,221.3246,-1.554089,0.147437,-1.887609,-0.02569,0.375777
F12->F13,11,153,437.1078,202.4426,-1.463187,0.254572,-1.268919,0.069206,0.268515
F12->F13,11,154,428.2876,183.7051,-1.27852,0.327407,-0.8358,0.178493,0.467093
F12->F13,11,155,419.447,163.7736,-1.02054,0.3257,20.0,-20.0,29.240335
F12->F13,11,156,411.5387,143.5246,-0.828278,0.342966,-0.168099,-0.132323,0.813471
F12->F13,11,157,401.3729,122.796,-0.661365,0.281418,-0.018767,-0.026071,0.712377
F12->F13,11,158,387.5512,102.4114,-0.438411,0.099208,-0.121788,0.000343,0.331699
F12->F13,11,159,368.8935,84.8753,-0.221311,-0.10767,0.064016,-0.101539,0.285393
F12->F13,11,160,347.3731,73.6331,-0.003313,-0.215678,20.0,-20.0,28.134532
F12->F13,11,161,323.9669,69.1832,0.16068,-0.267299,-0.146323,-0.145094,0.330432
F12->F13,11,162,300.2873,70.0553,0.24679,-0.299779,0.200427,-0.137094,0.169163
F12->F13,11,163,277.9471,76.1109,0.342433,-0.356294,0.280853,-0.128552,0.235921
F12->F13,11,164,257.786,91.6481,0.398072,-0.139685,0.840727,0.285071,0.613483
F12->F13,11,165,244.2252,114.8608,0.5298,0.044366,0.37958,0.13968,0.177907
F12->F13,11,166,230.6803,138.345,0.573835,0.219122,0.550472,0.279529,0.064767
F12->F13,11,167,217.7413,161.1985,0.577131,0.414154,1.085039,0.716711,0.591194
F12->F13,11,168,210.7814,181.7695,0.726051,0.42957,1.321766,0.785828,0.694115
F12->F13,11,169,207.3172,200.4028,1.002877,0.352758,0.748847,0.22719,0.28337
F12->F13,11,170,206.0843,218.6606,1.236923,0.212824,0.918189,-0.079098,0.432215
F12->F13,11,171,205.3365,237.3116,1.379019,0.070633,1.261142,-0.044214,0.164575
F12->F13,11,172,204.0669,256.2244,1.356286,-0.083065,1.053395,-0.242125,0.342116
F12->F13,11,173,202.4429,275.5465,1.241631,-0.253066,-0.00492,-0.880948,1.395752
F12->F13,11,174,199.6275,295.1485,1.12991,-0.436517,0.220559,-0.874675,1.009406
F12->F13,11,175,197.6427,315.7909,1.02378,-0.571824,-0.450548,-0.707759,1.480581
F12->F13,11,176,195.8818,336.7396,0.888083,-0.751694,0.681426,-0.91393,0.262731
F12->F13,11,177,192.9759,359.2747,0.709755,-0.927639,-3.164884,-1.880144,3.989999
F12->F13,11,178,199.8286,383.2094,0.518288,-0.752005,-2.722301,2.251336,4.418311
F12->F13,11,179,217.1655,397.8475,0.396925,-0.79259,-0.256445,-0.73213,0.656161
F13->F14,12,0,406.4392,382.5875,-0.64242,0.009975,-1.413041,-0.286523,0.825692
F13->F14,12,1,409.7278,365.3291,-1.220319,-0.093622,-3.127242,1.299046,2.36133
F13->F14,12,2,415.9018,346.584,-1.691141,-0.164351,-0.681677,-0.895375,1.24636
F13->F14,12,3,419.5504,328.1764,-1.859043,-0.081718,-1.757126,-0.776107,0.701828
F13->F14,12,4,421.0722,308.7684,-2.086314,-0.034428,-3.239816,-0.128246,1.157311
F13->F14,12,5,418.241,290.4849,-2.327929,0.131529,-2.184553,0.045184,0.167368
F13->F14,12,6,414.4338,271.7215,-2.379452,0.229592,-2.293228,-0.169968,0.408758
F13->F14,12,7,410.3985,253.1019,-2.398421,0.340987,-1.330908,0.008485,1.118097
F13->F14,12,8,403.3674,235.1075,-2.486598,0.456875,-3.168186,0.865206,0.794542
F13->F14,12,9,393.0309,217.6695,-2.48126,0.522316,-3.033806,0.766937,0.604273
F13->F14,12,10,384.2,199.8119,-2.25776,0.554166,-2.912071,0.804875,0.700698
F13->F14,12,11,378.4037,181.2095,-1.91483,0.556635,-2.080801,0.835409,0.324441
F13->F14,12,12,372.0329,163.0465,-1.628082,0.559226,-1.875895,0.797886,0.344049
F13->F14,12,13,364.6129,145.3188,-1.253086,0.516048,-1.580359,0.901823,0.505895
F13->F14,12,14,355.8849,128.2369,-0.91122,0.43788,-0.641284,0.429981,0.270051
F13->F14,12,15,345.7824,112.868,-0.611637,0.275072,-0.459572,0.311278,0.156315
F13->F14,12,16,333.9619,102.1588,-0.283778,0.140204,-0.400952,0.012662,0.173196
F13->F14,12,17,319.929,96.3378,-0.029509,0.033132,-0.074769,0.100671,0.081301
F13->F14,12,18,304.6468,95.8993,0.159391,-0.006846,0.139029,0.045127,0.055819
F13->F14,12,19,288.3315,100.4058,0.278931,-0.077304,0.172784,-0.218857,0.17693
F13->F14,12,20,273.1283,110.9471,0.345064,-0.050261,-0.030628,-0.030381,0.376218
F13->F14,12,21,260.0794,126.7604,0.428782,0.087767,0.514404,0.210588,0.14972
F13->F14,12,22,249.9047,144.3367,0.647825,0.196259,0.710422,0.153878,0.075594
F13->F14,12,23,246.2016,164.4409,1.064604,0.313204,1.936961,0.605476,0.920016
F13->F14,12,24,244.1404,183.5479,1.497397,0.358106,1.818312,0.913759,0.641667
F13->F14,12,25,243.5024,202.1961,1.669636,0.320269,2.029758,0.679434,0.508613
F13->F14,12,26,245.3268,220.8321,1.750938,0.21825,1.207551,0.321046,0.553024
F13->F14,12,27,246.9614,239.5933,1.81345,0.128887,2.155103,0.125242,0.341673
F13->F14,12,28,247.2853,258.7533,1.894274,0.053193,2.175928,0.165796,0.303329
F13->F14,12,29,244.1459,278.6917,1.994302,-0.001225,1.712352,0.038962,0.2848
F13->F14,12,30,239.2021,299.0631,1.968947,-0.034545,1.648327,0.044466,0.330212
F13->F14,12,31,237.9291,320.0356,1.841436,-0.060175,2.509918,0.050044,0.677508
F13->F14,12,32,237.1642,340.4068,1.695803,-0.136883,1.792526,-0.039172,0.137487
F13->F14,12,33,237.3351,358.5564,1.419507,-0.267784,-0.668695,-0.923347,2.188687
F13->F14,12,34,241.7461,377.2655,1.158309,-0.343577,1.134158,-0.07689,0.267778
F13->F14,12,35,245.2994,392.5598,0.809235,-0.40786,1.607337,0.068315,0.92936
F13->F14,12,36,413.4543,383.7666,-0.590463,-0.355546,-2.459946,-0.211251,1.875043
F13->F14,12,37,416.4741,366.0995,-1.101305,-0.357471,-0.346683,-0.093206,0.799556
F13->F14,12,38,423.0003,346.1418,-1.339577,-0.392956,-0.735149,-0.89045,0.782837
F13->F14,12,39,429.0443,327.1613,-1.352095,-0.365607,-3.558105,0.018896,2.239269
F13->F14,12,40,430.4003,308.0487,-1.713006,-0.204173,-3.012046,0.017435,1.317807
F13->F14,12,41,427.5199,288.9921,-2.030608,-0.003463,-1.950254,0.142416,0.166547
F13->F14,12,42,423.5556,269.6808,-2.158444,0.153461,-2.384879,0.027562,0.259082
F13->F14,12,43,420.0561,250.1402,-2.140328,0.266175,-3.15171,0.823348,1.154702
F13->F14,12,44,413.9682,231.4174,-2.125714,0.370784,-3.007297,0.829743,0.993897
F13->F14,12,45,404.1344,213.537,-2.053085,0.431026,-1.260833,0.123107,0.849987
F13->F14,12,46,395.5975,195.3982,-1.808655,0.467926,-1.61201,0.910236,0.484053
F13->F14,12,47,389.7342,176.0744,-1.455785,0.443389,-2.124309,0.792679,0.754274
F13->F14,12,48,383.0583,157.158,-1.175028,0.432532,-2.498109,0.737179,1.357701
F13->F14,12,49,374.0632,138.6517,-0.993181,0.408361,-1.854111,0.874273,0.978915
F13->F14,12,50,363.5139,120.2561,-0.76154,0.280173,-0.460127,0.038475,0.386352
F13->F14,12,51,351.6314,104.1599,-0.467995,0.122808,-0.584639,0.265361,0.184193
F13->F14,12,52,337.0514,93.5315,-0.211032,-0.003604,-0.363827,-0.203692,0.251757
F13->F14,12,53,320.9225,88.2799,0.018262,-0.0744,-0.148187,-0.028047,0.172783
F13->F14,12,54,304.3811,88.4542,0.2166,-0.123975,0.161285,-0.049375,0.092871
F13->F14,12,55,286.1383,93.5214,0.305432,-0.164426,0.143788,-0.043008,0.202165
F13->F14,12,56,269.5776,105.4462,0.348386,-0.125322,0.12762,-0.142021,0.221397
F13->F14,12,57,256.0668,123.3933,0.390768,0.035795,0.477175,-0.135805,0.192127
F13->F14,12,58,245.1685,142.2322,0.574112,0.166242,0.980244,0.326483,0.436601
F13->F14,12,59,239.0766,162.9115,0.889626,0.285325,1.982038,0.760943,1.191459
F13->F14,12,60,235.3021,182.5879,1.220719,0.344846,1.587617,0.851731,0.625737
F13->F14,12,61,234.3834,201.3041,1.435059,0.313401,0.867366,0.203441,0.578244
F13->F14,12,62,236.1815,220.079,1.596661,0.229576,0.511631,0.345283,1.091182
F13->F14,12,63,237.565,238.8458,1.698585,0.140879,1.355795,0.119784,0.343439
F13->F14,12,64,237.2588,257.9152,1.717174,0.049395,2.433319,0.085027,0.717031
F13->F14,12,65,234.0462,277.8491,1.724295,-0.015063,2.180496,-0.100082,0.464056
F13->F14,12,66,229.2856,298.1791,1.66047,-0.077199,2.132742,-0.034911,0.474161
F13->F14,12,67,228.0636,319.4883,1.55016,-0.112905,3.034063,0.044125,1.492188
F13->F14,12,68,226.739,340.0295,1.417513,-0.208318,1.831469,-0.001369,0.462803
F13->F14,12,69,226.7231,359.4403,1.184062,-0.338428,-0.360192,-0.792242,1.609555
F13->F14,12,70,229.96,378.8571,0.871536,-0.401554,2.292545,0.119912,1.513668
F13->F14,12,71,237.7739,393.6883,0.672543,-0.474297,2.186549,-0.144531,1.549502
F13->F14,12,72,420.5132,386.1043,-0.52649,-0.588848,-1.921152,-0.055455,1.493181
F13->F14,12,73,423.261,366.957,-0.917914,-0.579017,-0.550816,0.06824,0.744111
F13->F14,12,74,429.2528,346.5773,-1.071066,-0.596773,-1.141991,-0.987762,0.397369
F13->F14,12,75,436.0028,326.8382,-1.155275,-0.548256,-2.769303,-0.091278,1.677474
F13->F14,12,76,438.318,307.1195,-1.538265,-0.348024,-3.350351,-0.086157,1.83091
F13->F14,12,77,436.0695,287.7386,-1.80867,-0.103658,-2.086908,0.041356,0.31376
F13->F14,12,78,432.3187,267.5863,-1.959319,0.087597,-1.791214,0.2842,0.258674
F13->F14,12,79,429.6032,247.3392,-1.915164,0.213678,-1.598786,0.296845,0.327126
F13->F14,12,80,424.143,227.7985,-1.816339,0.300127,-1.413911,-0.223842,0.660675
F13->F14,12,81,414.6902,209.7415,-1.751048,0.377036,-1.043732,0.074717,0.769216
F13->F14,12,82,406.2864,191.334,-1.531607,0.416986,-1.968567,0.80953,0.587387
F13->F14,12,83,399.4739,171.7686,-1.219379,0.399466,-2.12225,0.863506,1.01514
F13->F14,12,84,392.6092,152.1838,-0.938048,0.37927,-1.617052,1.103579,0.99281
F13->F14,12,85,383.1133,132.6767,-0.81111,0.344877,-0.728706,0.476176,0.155016
F13->F14,12,86,371.2583,113.173,-0.623683,0.183881,-0.398856,-0.081166,0.347559
F13->F14,12,87,357.165,97.1973,-0.379269,0.044842,-0.443327,-0.276523,0.327687
F13->F14,12,88,339.9989,85.6735,-0.158049,-0.116739,-0.104208,-0.279903,0.171817
F13->F14,12,89,321.7989,81.1344,0.059939,-0.159233,-0.028894,-0.179713,0.091163
F13->F14,12,90,303.4174,81.7452,0.243256,-0.180613,0.233274,-0.138237,0.043536
F13->F14,12,91,283.811,87.3232,0.320876,-0.220647,0.13814,-0.095012,0.221758
F13->F14,12,92,265.7714,100.197,0.342976,-0.148503,0.198044,-0.08206,0.159437
F13->F14,12,93,252.7771,120.1841,0.424627,0.021936,0.46287,-0.154404,0.18044
F13->F14,12,94,240.6582,140.5112,0.526136,0.154867,0.815513,0.450655,0.413799
F13->F14,12,95,232.0526,161.7721,0.729382,0.286628,0.537648,0.379256,0.212936
F13->F14,12,96,226.7551,181.9201,0.958414,0.342092,1.730092,0.77842,0.886492
F13->F14,12,97,225.7231,200.7456,1.239545,0.318309,2.010136,0.711108,0.864929
F13->F14,12,98,226.9116,219.5431,1.44482,0.244786,0.67309,0.300107,0.77371
F13->F14,12,99,227.7789,238.2352,1.562652,0.148446,1.596328,0.202923,0.064045
F13->F14,12,100,226.9484,257.1635,1.564577,0.046796,2.105656,-0.057066,0.550957
F13->F14,12,101,224.0613,276.928,1.500173,-0.044898,1.598701,-0.014363,0.103151
F13->F14,12,102,219.5956,297.2683,1.392018,-0.123783,1.745133,0.046376,0.391975
F13->F14,12,103,218.2555,318.5718,1.313615,-0.18013,2.944404,0.089767,1.652972
F13->F14,12,104,216.6722,339.3848,1.184918,-0.292249,1.206141,-0.250208,0.047094
F13->F14,12,105,215.8534,359.704,0.944425,-0.44744,-0.482603,-0.621834,1.437644
F13->F14,12,106,218.7341,379.4251,0.687666,-0.515888,1.290843,0.144141,0.894126
F13->F14,12,107,230.192,394.7907,0.520834,-0.533746,-0.176486,-0.82748,0.75666
F13->F14,12,108,427.62,388.4768,-0.468458,-0.790039,-2.040382,-0.027132,1.747276
F13->F14,12,109,429.1851,368.2901,-0.827351,-0.758066,-0.015364,-0.789317,0.812589
F13->F14,12,110,434.8115,347.3677,-0.946571,-0.734927,-1.581792,-0.883578,0.652383
F13->F14,12,111,442.3288,326.5013,-1.143451,-0.693277,-2.509867,0.040497,1.550973
F13->F14,12,112,445.9335,306.2621,-1.394046,-0.477411,-2.919403,0.094576,1.629074
F13->F14,12,113,444.0879,286.4948,-1.645739,-0.191182,-2.180791,-0.116401,0.540252
F13->F14,12,114,441.0527,265.6422,-1.763537,0.028888,-1.096731,0.330688,0.731924
F13->F14,12,115,438.9085,244.6507,-1.707584,0.172205,-1.509238,0.255971,0.215308
F13->F14,12,116,433.8268,224.5672,-1.595474,0.262513,-0.912717,0.031329,0.720835
F13->F14,12,117,425.1924,206.1372,-1.498924,0.340257,-1.215183,0.049043,0.406589
F13->F14,12,118,416.676,187.5972,-1.309602,0.394464,-0.909295,0.049037,0.528739
F13->F14,12,119,409.1016,167.6349,-1.005569,0.364399,-1.967254,0.832581,1.069594
F13->F14,12,120,401.5202,147.666,-0.812337,0.366139,-0.199909,0.096635,0.669103
F13->F14,12,121,392.0639,127.4876,-0.673588,0.323017,-0.448223,0.025973,0.37286
F13->F14,12,122,379.2026,107.4978,-0.501701,0.160078,-0.10583,-0.122839,0.486575
F13->F14,12,123,362.676,90.2058,-0.2913,-0.037748,20.0,-20.0,28.464511
F13->F14,12,124,343.5077,79.2324,-0.08624,-0.139455,-0.059628,-0.152532,0.029651
F13->F14,12,125,323.1963,74.6351,0.113857,-0.185884,0.209503,-0.187705,0.095663
F13->F14,12,126,302.0217,75.4564,0.234746,-0.220006,0.198506,-0.100664,0.124723
F13->F14,12,127,281.2905,81.3086,0.321827,-0.253209,0.195492,-0.100812,0.197953
F13->F14,12,128,262.0613,95.658,0.349002,-0.118062,0.27472,-0.061512,0.093358
F13->F14,12,129,248.8491,117.1128,0.43929,0.029786,0.366112,-0.007822,0.082276
F13->F14,12,130,236.2589,139.33,0.514623,0.185827,1.240854,0.625004,0.848698
F13->F14,12,131,225.1258,161.613,0.607105,0.360249,1.11871,0.729132,0.630725
F13->F14,12,132,219.0646,181.7173,0.769084,0.37211,0.564916,0.303634,0.215345
F13->F14,12,133,217.0848,200.4756,1.056618,0.34686,0.859148,0.83886,0.53015
F13->F14,12,134,217.1478,219.1007,1.275239,0.265335,2.04857,0.885943,0.991562
F13->F14,12,135,217.1293,237.7699,1.394025,0.155093,1.047602,-0.18114,0.482765
F13->F14,12,136,216.3357,256.5865,1.392188,0.042775,1.296809,0.010893,0.100566
F13->F14,12,137,213.9917,276.0318,1.296737,-0.080955,1.014206,0.068342,0.319552
F13->F14,12,138,210.2231,296.1513,1.176415,-0.188705,1.797094,0.057901,0.667875
F13->F14,12,139,208.4435,317.2205,1.101289,-0.279623,0.08948,-0.844419,1.158772
F13->F14,12,140,206.4616,338.0335,0.965861,-0.410416,-1.400008,-0.806785,2.398842
F13->F14,12,141,204.2513,358.7495,0.753109,-0.615323,-6.738894,-4.272895,8.337142
F13->F14,12,142,208.2298,380.3196,0.532109,-0.586761,1.868829,-0.01972,1.452018
F13->F14,12,143,223.6373,395.931,0.41718,-0.586765,1.655805,-0.054924,1.347978
F13->F14,12,144,435.0195,390.7848,-0.421843,-0.965834,-1.043786,-0.038209,1.116826
F13->F14,12,145,434.7011,369.5197,-0.806219,-0.943041,-0.630419,-0.793729,0.230651
F13->F14,12,146,440.4595,347.7588,-0.972677,-0.913661,-1.749328,-1.211415,0.831772
F13->F14,12,147,448.593,326.3356,-1.141452,-0.820941,-3.098422,-0.076074,2.093934
F13->F14,12,148,453.031,305.5893,-1.307872,-0.565785,-0.390865,-1.158353,1.091805
F13->F14,12,149,451.7534,285.2334,-1.506925,-0.262343,-1.970723,-0.089243,0.495048
F13->F14,12,150,449.531,263.915,-1.588673,-0.008115,-2.738606,1.173357,1.648704
F13->F14,12,151,448.2105,242.0783,-1.502842,0.130757,-1.298145,-0.041359,0.267442
F13->F14,12,152,443.5632,221.472,-1.386529,0.231518,-0.839427,0.128191,0.556774
F13->F14,12,153,435.6446,202.6972,-1.284894,0.322756,-1.051677,-0.069793,0.456601
F13->F14,12,154,427.0091,184.0325,-1.105355,0.384145,-1.869539,0.823313,0.881388
F13->F14,12,155,418.4265,164.0993,-0.874186,0.381799,20.0,-20.0,29.174464
F13->F14,12,156,410.7105,143.8676,-0.716787,0.40209,20.0,-15.476492,26.102004
F13->F14,12,157,400.7115,123.0774,-0.577129,0.349592,-0.08549,-0.007219,0.607474
F13->F14,12,158,387.1128,102.5106,-0.383738,0.183913,0.056828,0.049221,0.460695
F13->F14,12,159,368.6722,84.7677,-0.190993,-0.01312,-0.026847,-0.089115,0.180885
F13->F14,12,160,347.3698,73.4174,0.002265,-0.1247,20.0,-19.18658,27.627245
F13->F14,12,161,324.1276,68.9159,0.143556,-0.187467,0.414713,-0.304114,0.295182
F13->F14,12,162,300.5341,69.7556,0.21558,-0.229164,0.257802,-0.226358,0.042316
F13->F14,12,163,278.2895,75.7546,0.300176,-0.247473,0.303455,-0.263321,0.016184
F13->F14,12,164,258.1841,91.5084,0.341058,-0.068386,0.190982,-0.136504,0.164812
F13->F14,12,165,244.755,114.9052,0.449826,0.093794,0.481734,-0.062067,0.159094
F13->F14,12,166,231.2542,138.5642,0.491691,0.253365,1.154312,0.703981,0.801325
F13->F14,12,167,218.3185,161.6126,0.504243,0.444752,0.767975,0.820595,0.459143
F13->F14,12,168,211.5075,182.1991,0.642634,0.469673,0.37554,-0.006642,0.546091
F13->F14,12,169,208.3201,200.7556,0.893845,0.413858,1.117107,1.250618,0.866033
F13->F14,12,170,207.3212,218.8734,1.094349,0.292486,1.786624,1.023848,1.007042
F13->F14,12,171,206.7155,237.3823,1.213101,0.168429,1.035347,0.091784,0.193574
F13->F14,12,172,205.4232,256.1413,1.188248,0.034132,1.109946,-0.01369,0.09175
F13->F14,12,173,203.6845,275.2935,1.085523,-0.117845,2.535099,1.10618,1.897236
F13->F14,12,174,200.7574,294.712,0.994049,-0.284221,1.807291,0.111158,0.904261
F13->F14,12,175,198.6665,315.219,0.908806,-0.409396,0.381484,-1.016297,0.803988
F13->F14,12,176,196.7699,335.9879,0.789703,-0.579684,-0.922246,-0.892607,1.740313
F13->F14,12,177,193.6857,358.3471,0.625655,-0.748576,-2.661689,-6.856535,6.93641
F13->F14,12,178,200.3469,382.4574,0.459825,-0.589344,-1.539706,-4.366723,4.273958
F13->F14,12,179,217.5624,397.0549,0.344569,-0.615005,1.658241,0.066395,1.479879
F14->F15,13,0,405.7968,382.5974,-0.515768,0.143369,0.760761,-0.91874,1.660603
F14->F15,13,1,408.5075,365.2355,-1.084249,0.055548,-1.791553,0.416144,0.79392
F14->F15,13,2,414.2107,346.4196,-1.568771,-0.015046,-2.434315,-0.243512,0.895189
F14->F15,13,3,417.6913,328.0947,-1.734947,0.039799,-3.121182,-0.006928,1.387021
F14->F15,13,4,418.9859,308.734,-1.932774,0.066661,-2.727232,-0.021651,0.799351
F14->F15,13,5,415.9131,290.6165,-2.123355,0.204873,-2.068082,-0.090426,0.300428
F14->F15,13,6,412.0544,271.9511,-2.147803,0.284768,-1.82718,0.162015,0.343318
F14->F15,13,7,408.0001,253.4429,-2.163326,0.383674,-3.376435,0.87156,1.307543
F14->F15,13,8,400.8808,235.5643,-2.242449,0.488894,-2.77728,0.913443,0.682851
F14->F15,13,9,390.5496,218.1918,-2.229857,0.546897,-2.559105,1.258196,0.783805
F14->F15,13,10,381.9423,200.3661,-2.028547,0.575557,-2.279592,0.645355,0.260567
F14->F15,13,11,376.4889,181.7661,-1.728633,0.576075,-2.023452,0.948377,0.474897
F14->F15,13,12,370.4048,163.6057,-1.47384,0.575987,-1.306693,0.512259,0.178884
F14->F15,13,13,363.3599,145.8349,-1.130191,0.53358,-1.696924,0.837,0.642846
F14->F15,13,14,354.9737,128.6747,-0.823508,0.468536,-0.163957,0.191171,0.715499
F14->F15,13,15,345.1707,113.1431,-0.564331,0.322072,-0.212179,0.15777,0.388595
F14->F15,13,16,333.6781,102.299,-0.272984,0.196047,-0.017323,0.142883,0.26113
F14->F15,13,17,319.8995,96.3709,-0.044627,0.089142,-0.023645,0.050525,0.043949
F14->F15,13,18,304.8062,95.8924,0.124412,0.047251,0.108009,-0.075764,0.124104
F14->F15,13,19,288.6104,100.3285,0.232317,-0.021715,0.156277,-0.109912,0.11645
F14->F15,13,20,273.4734,110.8969,0.287321,0.00377,0.373891,-0.025996,0.091545
F14->F15,13,21,260.5081,126.8482,0.35774,0.133881,-0.019655,0.290308,0.408529
F14->F15,13,22,250.5525,144.533,0.566096,0.241016,0.843501,0.528657,0.399614
F14->F15,13,23,247.2662,164.7541,0.958541,0.354579,0.893702,0.483708,0.144493
F14->F15,13,24,245.6378,183.906,1.368033,0.402691,1.138946,0.333479,0.239314
F14->F15,13,25,245.1721,202.5164,1.525986,0.376033,1.11935,-0.031523,0.575721
F14->F15,13,26,247.0778,221.0504,1.578269,0.286155,1.658891,0.04705,0.252331
F14->F15,13,27,248.7749,239.7222,1.610579,0.206478,1.399237,0.112681,0.231222
F14->F15,13,28,249.1796,258.8065,1.66835,0.138728,1.395242,0.009003,0.302351
F14->F15,13,29,246.1402,278.6905,1.764618,0.089092,0.114097,-0.860668,1.904275
F14->F15,13,30,241.1711,299.0285,1.764914,0.057213,1.383014,-0.245151,0.487105
F14->F15,13,31,239.7706,319.9754,1.65847,0.033601,2.713011,0.044889,1.054602
F14->F15,13,32,238.86,340.27,1.523219,-0.041272,2.394522,-0.077753,0.872066
F14->F15,13,33,238.7546,358.2886,1.265096,-0.162335,1.077162,0.197451,0.405912
F14->F15,13,34,242.9044,376.9219,1.014085,-0.232202,0.332878,-0.755836,0.859206
F14->F15,13,35,246.1086,392.1519,0.690434,-0.282471,2.374142,-0.070809,1.696961
F14->F15,13,36,412.8638,383.4111,-0.474659,-0.205271,-0.65646,-0.026721,0.254818
F14->F15,13,37,415.3728,365.7421,-0.974581,-0.200426,-6.853568,2.053356,6.296191
F14->F15,13,38,421.6607,345.7488,-1.242135,-0.241924,-2.520657,0.084543,1.319545
F14->F15,13,39,427.6922,326.7957,-1.264438,-0.238232,-2.385057,-0.164651,1.123032
F14->F15,13,40,428.6873,307.8446,-1.583487,-0.09704,-2.959816,0.095101,1.389676
F14->F15,13,41,425.4893,288.9886,-1.849018,0.076036,-0.53381,-0.782384,1.57056
F14->F15,13,42,421.3972,269.8342,-1.948495,0.21362,-1.703914,0.184807,0.246272
F14->F15,13,43,417.9158,250.4064,-1.922623,0.312663,-2.913577,0.967308,1.187666
F14->F15,13,44,411.8425,231.7882,-1.903954,0.407002,-2.675481,0.971939,0.956247
F14->F15,13,45,402.0813,213.968,-1.827568,0.459574,-2.950525,0.813464,1.1774
F14->F15,13,46,393.7889,195.8661,-1.606786,0.491925,-2.414548,0.643528,0.821865
F14->F15,13,47,388.2784,176.5178,-1.303377,0.469629,-1.674972,0.888364,0.559841
F14->F15,13,48,381.8833,157.5906,-1.057373,0.459112,-1.686767,0.844549,0.738037
F14->F15,13,49,373.07,139.06,-0.892909,0.437567,-1.598572,1.036475,0.925555
F14->F15,13,50,362.7524,120.5363,-0.691065,0.326525,-0.311705,0.046877,0.471293
F14->F15,13,51,351.1634,104.2827,-0.434316,0.185925,-0.164799,0.122721,0.27683
F14->F15,13,52,336.8404,93.5278,-0.205165,0.062565,-0.030478,0.227239,0.240068
F14->F15,13,53,320.9408,88.2055,0.000709,-0.011825,0.021197,-0.025507,0.024636
F14->F15,13,54,304.5977,88.3302,0.179869,-0.064818,0.203216,-0.109985,0.050844
F14->F15,13,55,286.4438,93.357,0.261151,-0.102525,0.284876,0.019878,0.124682
F14->F15,13,56,269.926,105.3209,0.296739,-0.066878,0.288138,-0.111999,0.045933
F14->F15,13,57,256.4576,123.4291,0.325669,0.084332,0.073651,0.169378,0.265981
F14->F15,13,58,245.7426,142.3984,0.498861,0.210111,0.383884,0.167109,0.122756
F14->F15,13,59,239.9662,163.1968,0.798005,0.325211,0.815527,0.352099,0.032094
F14->F15,13,60,236.5228,182.9327,1.114926,0.389957,0.98576,0.308634,0.152634
F14->F15,13,61,235.8184,201.6175,1.309273,0.369396,0.675176,0.380304,0.63419
F14->F15,13,62,237.7781,220.3086,1.429068,0.294697,0.907812,0.027639,0.585686
F14->F15,13,63,239.2636,238.9867,1.495287,0.214498,1.125798,0.083055,0.392173
F14->F15,13,64,238.976,257.9646,1.495641,0.131914,0.548608,0.176605,0.948086
F14->F15,13,65,235.7705,277.8341,1.510735,0.073088,1.859939,-0.160061,0.419883
F14->F15,13,66,230.9461,298.1019,1.477834,0.014107,1.9369,0.029809,0.459335
F14->F15,13,67,229.6137,319.3754,1.382984,-0.020048,2.789331,-0.107993,1.409094
F14->F15,13,68,228.1565,339.8211,1.264447,-0.111375,3.140384,-0.06242,1.876576
F14->F15,13,69,227.9071,359.1018,1.048813,-0.235157,2.246075,0.0386,1.228161
F14->F15,13,70,230.8315,378.4555,0.754093,-0.293205,3.401197,-0.209349,2.648432
F14->F15,13,71,238.4464,393.214,0.570398,-0.347205,1.475728,-0.156654,0.925166
F14->F15,13,72,419.9867,385.5155,-0.415167,-0.435988,-0.50351,0.105989,0.549129
F14->F15,13,73,422.3431,366.3779,-0.800431,-0.420003,-0.086437,-0.886306,0.852776
F14->F15,13,74,428.1817,345.9805,-0.9836,-0.444408,-2.581226,0.157018,1.70708
F14->F15,13,75,434.8475,326.29,-1.05339,-0.418619,-2.478957,-0.252879,1.43517
F14->F15,13,76,436.7797,306.7715,-1.40736,-0.23788,-2.197638,0.06176,0.845177
F14->F15,13,77,434.2608,287.635,-1.642768,-0.019295,-0.432161,-1.065116,1.599785
F14->F15,13,78,430.3593,267.6739,-1.767036,0.152241,-1.29382,-0.105273,0.538746
F14->F15,13,79,427.688,247.5529,-1.717541,0.264116,-1.334928,-0.134659,0.552644
F14->F15,13,80,422.3267,228.0986,-1.613949,0.339877,-2.678416,1.131727,1.326694
F14->F15,13,81,412.9392,210.1186,-1.544393,0.406114,-3.286449,0.791911,1.784264
F14->F15,13,82,404.7548,191.751,-1.34981,0.441149,-2.114517,0.828808,0.857354
F14->F15,13,83,398.2546,172.168,-1.083085,0.425082,-1.744226,0.929098,0.831348
F14->F15,13,84,391.6711,152.5631,-0.837028,0.408838,-0.442814,-0.032536,0.591791
F14->F15,13,85,382.3022,133.0216,-0.72853,0.381509,-0.97937,0.708979,0.412501
F14->F15,13,86,370.6346,113.3569,-0.56867,0.240676,-0.37448,-0.12333,0.412565
F14->F15,13,87,356.7858,97.2421,-0.354058,0.111624,-0.135343,-0.063411,0.280131
F14->F15,13,88,339.8408,85.5567,-0.155334,-0.04292,-0.044895,0.20891,0.274982
F14->F15,13,89,321.8588,80.9752,0.041475,-0.093647,0.000498,-0.048406,0.06104
F14->F15,13,90,303.6607,81.5646,0.207608,-0.120398,0.237877,-0.135451,0.033806
F14->F15,13,91,284.1318,87.1026,0.280619,-0.157386,0.360286,-0.025155,0.154376
F14->F15,13,92,266.1144,100.0485,0.296828,-0.088214,0.277512,-0.10868,0.028142
F14->F15,13,93,253.2017,120.206,0.359434,0.069308,0.115688,0.048807,0.244607
F14->F15,13,94,241.1843,140.6661,0.455018,0.1963,0.340661,0.094658,0.152999
F14->F15,13,95,232.782,162.0588,0.649684,0.323448,0.176872,0.453423,0.490352
F14->F15,13,96,227.7135,182.2621,0.872371,0.385333,1.640372,0.745283,0.848169
F14->F15,13,97,226.9627,201.064,1.123033,0.371383,0.674057,0.407389,0.450418
F14->F15,13,98,228.3564,219.7879,1.286193,0.307054,0.776858,0.189341,0.52276
F14->F15,13,99,229.3415,238.3836,1.366478,0.219467,0.582313,0.402966,0.805348
F14->F15,13,100,228.513,257.2103,1.353742,0.126813,0.56909,0.272222,0.798012
F14->F15,13,101,225.5615,276.8831,1.30236,0.042545,1.718778,-0.014189,0.420266
F14->F15,13,102,220.9876,297.1445,1.226284,-0.032008,1.394629,-0.18036,0.224384
F14->F15,13,103,219.5691,318.3917,1.159462,-0.087069,1.836669,-0.158314,0.680945
F14->F15,13,104,217.8571,339.0925,1.046458,-0.194762,2.17254,-0.13897,1.127464
F14->F15,13,105,216.7978,359.2566,0.825442,-0.341938,3.072706,-0.002796,2.27271
F14->F15,13,106,219.4218,378.9092,0.59178,-0.405907,-5.863059,-3.15325,7.015186
F14->F15,13,107,230.7128,394.2569,0.439578,-0.40891,1.101243,-0.046663,0.754336
F14->F15,13,108,427.1515,387.6868,-0.361376,-0.638898,-0.784395,0.024962,0.787181
F14->F15,13,109,428.3578,367.532,-0.716809,-0.601964,-1.34585,-0.103638,0.802509
F14->F15,13,110,433.8649,346.6328,-0.839409,-0.586109,-2.767614,0.061881,2.034175
F14->F15,13,111,441.1854,325.808,-1.02846,-0.560613,-1.020916,-0.864057,0.303538
F14->F15,13,112,444.5395,305.7847,-1.267095,-0.364427,-1.413431,-0.303559,0.15849
F14->F15,13,113,442.4422,286.3036,-1.489661,-0.10274,-1.910511,-0.04185,0.425232
F14->F15,13,114,439.2892,265.6711,-1.588462,0.098025,-2.053555,-0.010781,0.477651
F14->F15,13,115,437.201,244.8229,-1.529969,0.226513,-1.241482,-0.079201,0.420341
F14->F15,13,116,432.2313,224.8297,-1.410854,0.303318,-0.207432,0.145565,1.213718
F14->F15,13,117,423.6935,206.4775,-1.31195,0.368045,-0.922047,0.157495,0.443121
F14->F15,13,118,415.3664,187.9916,-1.147451,0.415925,-1.941749,1.001424,0.986773
F14->F15,13,119,408.096,167.9993,-0.884073,0.388843,-0.438204,-0.170169,0.715048
F14->F15,13,120,400.7079,148.0321,-0.720301,0.394893,-1.645136,1.047947,1.132166
F14->F15,13,121,391.3903,127.8106,-0.604588,0.362434,-0.307472,0.096055,0.399043
F14->F15,13,122,378.7009,107.6579,-0.459461,0.218652,-0.050428,0.081616,0.431378
F14->F15,13,123,362.3847,90.168,-0.274065,0.035784,20.0,-18.198284,27.267544
F14->F15,13,124,343.4215,79.093,-0.088401,-0.065577,-0.047129,0.058815,0.13106
F14->F15,13,125,323.3101,74.4492,0.093033,-0.119008,0.059888,-0.071465,0.057956
F14->F15,13,126,302.2564,75.2364,0.202489,-0.160692,0.003596,-0.278153,0.230988
F14->F15,13,127,281.6123,81.0554,0.284703,-0.186625,0.294111,-0.051263,0.135689
F14->F15,13,128,262.4103,95.5399,0.305294,-0.059986,0.1655,-0.153679,0.168288
F14->F15,13,129,249.2884,117.1426,0.376834,0.075342,0.138858,0.09449,0.238746
F14->F15,13,130,236.7735,139.5158,0.445925,0.222314,0.421513,0.045375,0.178614
F14->F15,13,131,225.7329,161.9733,0.538144,0.391199,0.79875,0.707992,0.410212
F14->F15,13,132,219.8337,182.0894,0.691834,0.409726,1.342421,0.639594,0.690002
F14->F15,13,133,218.1415,200.8225,0.949246,0.395918,1.074583,0.33689,0.138541
F14->F15,13,134,218.423,219.366,1.126515,0.324271,0.913511,0.196743,0.248262
F14->F15,13,135,218.5233,237.925,1.21312,0.223335,1.948079,0.858571,0.971437
F14->F15,13,136,217.7279,256.6293,1.197797,0.120474,0.30177,-0.014212,0.906093
F14->F15,13,137,215.2885,275.9509,1.115477,0.006295,1.25365,-0.076428,0.161043
F14->F15,13,138,211.3995,295.9626,1.021088,-0.094989,1.487511,-0.13198,0.467887
F14->F15,13,139,209.5448,316.9409,0.959123,-0.183551,1.006071,-0.196539,0.048712
F14->F15,13,140,207.4275,337.6231,0.841236,-0.30924,-1.074362,-0.809286,1.979788
F14->F15,13,141,205.0044,358.1342,0.648421,-0.50383,-5.516541,-8.253159,9.902467
F14->F15,13,142,208.7619,379.7328,0.453385,-0.478834,-3.059432,-1.934559,3.802501
F14->F15,13,143,224.0545,395.3442,0.34784,-0.462539,-1.130011,-0.963715,1.560519
F14->F15,13,144,434.5977,389.8189,-0.326742,-0.819814,1.867728,-1.027728,2.204297
F14->F15,13,145,433.8949,368.5766,-0.689518,-0.786122,-1.605179,0.065558,1.250518
F14->F15,13,146,439.4868,346.8451,-0.848829,-0.760657,-2.995617,0.010522,2.281099
F14->F15,13,147,447.4515,325.5146,-1.014898,-0.684338,-1.294923,-1.051647,0.461876
F14->F15,13,148,451.7231,305.0235,-1.183297,-0.450954,0.004552,-0.799364,1.237892
F14->F15,13,149,450.2464,284.971,-1.357983,-0.172053,-1.517877,0.145158,0.35523
F14->F15,13,150,447.9424,263.9069,-1.427323,0.061744,-2.056174,-0.032267,0.635839
F14->F15,13,151,446.7076,242.2091,-1.3449,0.188861,-1.190596,0.005688,0.239504
F14->F15,13,152,442.1767,221.7035,-1.221087,0.27243,-0.892716,0.162922,0.34615
F14->F15,13,153,434.3597,203.0199,-1.119185,0.346584,-0.940636,0.245453,0.2052
F14->F15,13,154,425.9038,184.4166,-0.961555,0.400479,-1.57065,1.089412,0.919579
F14->F15,13,155,417.5523,164.4811,-0.760035,0.400481,20.0,-20.0,29.10599
F14->F15,13,156,409.9937,144.2697,-0.632344,0.427772,20.0,-17.499216,27.33259
F14->F15,13,157,400.1344,123.427,-0.51818,0.387752,0.008116,0.026771,0.638196
F14->F15,13,158,386.7291,102.6945,-0.353889,0.240605,-0.009067,-0.008814,0.425573
F14->F15,13,159,368.4812,84.7545,-0.183131,0.057077,0.005862,0.039981,0.189765
F14->F15,13,160,347.3721,73.2927,-0.005579,-0.053019,19.497072,-20.0,27.896872
F14->F15,13,161,324.2711,68.7285,0.121504,-0.120366,0.038269,-0.1143,0.083456
F14->F15,13,162,300.7497,69.5264,0.186358,-0.173342,0.049663,-0.244085,0.153916
F14->F15,13,163,278.5897,75.5072,0.265273,-0.174576,0.251939,-0.043757,0.131497
F14->F15,13,164,258.5251,91.44,0.300286,-0.013629,0.401817,-0.278144,0.283332
F14->F15,13,165,245.2048,114.999,0.388389,0.135164,0.187094,0.042853,0.221451
F14->F15,13,166,231.7459,138.8175,0.426589,0.283503,0.557137,0.423466,0.191396
F14->F15,13,167,218.8227,162.0574,0.443937,0.46953,0.794312,0.810355,0.488799
F14->F15,13,168,212.1501,182.6688,0.56952,0.49931,0.205626,0.131944,0.517085
F14->F15,13,169,209.2139,201.1695,0.790665,0.457692,1.94795,0.690289,1.180428
F14->F15,13,170,208.4155,219.1659,0.954919,0.347054,0.5727,0.34983,0.38223
F14->F15,13,171,207.9286,237.5507,1.047212,0.233408,0.764714,0.117832,0.305227
F14->F15,13,172,206.6115,256.1754,1.016352,0.110075,0.18925,-0.042697,0.841092
F14->F15,13,173,204.77,275.1756,0.924609,-0.030726,-0.692454,-0.98109,1.875655
F14->F15,13,174,201.7515,294.4277,0.849863,-0.187175,1.139148,-0.075056,0.310252
F14->F15,13,175,199.5753,314.8096,0.778171,-0.307578,0.520545,0.111508,0.491939
F14->F15,13,176,197.5596,335.4082,0.675876,-0.471692,-1.714324,-0.990196,2.445792
F14->F15,13,177,194.3114,357.5985,0.530106,-0.633701,0.160318,-0.269874,0.518761
F14->F15,13,178,200.8067,381.868,0.386134,-0.48709,7.074392,9.566346,12.074948
F14->F15,13,179,217.907,396.4399,0.281691,-0.493821,-0.263716,-0.985278,0.734165
F15->F16,14,0,405.281,382.7408,-0.401533,0.280626,1.175025,0.040674,1.594714
F15->F16,14,1,407.4232,365.291,-0.960588,0.210117,-3.329285,-0.137243,2.39403
F15->F16,14,2,412.6419,346.4046,-1.444914,0.14242,-2.182033,-0.136478,0.788118
F15->F16,14,3,415.9564,328.1345,-1.610301,0.179683,-1.842567,0.076867,0.254005
F15->F16,14,4,417.0531,308.8007,-1.788262,0.191161,-2.119603,0.089865,0.346479
F15->F16,14,5,413.7897,290.8213,-1.949012,0.307399,-1.360784,-0.101417,0.71634
F15->F16,14,6,409.9066,272.2359,-1.971758,0.367187,-1.269119,-0.047498,0.815884
F15->F16,14,7,405.8368,253.8266,-2.003177,0.450038,-0.880243,0.178602,1.155275
F15->F16,14,8,398.6383,236.0532,-2.082271,0.534634,-2.600992,1.174867,0.823996
F15->F16,14,9,388.3197,218.7387,-2.048331,0.565699,-2.123107,0.828435,0.273169
F15->F16,14,10,379.9137,200.9417,-1.83874,0.573544,-2.629824,0.839055,0.834452
F15->F16,14,11,374.7603,182.3422,-1.548973,0.561538,-2.008256,0.815042,0.524599
F15->F16,14,12,368.931,164.1817,-1.30603,0.552683,-1.533579,0.781507,0.322706
F15->F16,14,13,362.2297,146.3685,-0.985426,0.504532,-0.525553,0.47239,0.460995
F15->F16,14,14,354.1502,129.1433,-0.705905,0.44305,-1.116061,0.57481,0.4308
F15->F16,14,15,344.6064,113.4651,-0.482755,0.308742,-0.315854,0.23662,0.181818
F15->F16,14,16,333.4051,102.495,-0.231862,0.191294,-0.125824,0.100761,0.139429
F15->F16,14,17,319.8549,96.46,-0.040056,0.09167,0.201962,-0.076499,0.29471
F15->F16,14,18,304.9306,95.9397,0.098466,0.050999,0.090737,0.092914,0.042622
F15->F16,14,19,288.8427,100.3068,0.187384,-0.009581,0.209594,-0.059532,0.054666
F15->F16,14,20,273.7607,110.9007,0.226633,0.017797,0.07527,-0.01626,0.155147
F15->F16,14,21,260.8659,126.9821,0.277646,0.137289,0.539886,0.305817,0.311724
F15->F16,14,22,251.1186,144.774,0.458891,0.240658,0.266005,0.277128,0.196304
F15->F16,14,23,248.2247,165.1087,0.80799,0.347415,-0.049858,0.301013,0.859102
F15->F16,14,24,247.0058,184.3087,1.184294,0.399312,0.99347,0.434156,0.193979
F15->F16,14,25,246.6981,202.8924,1.331481,0.386226,1.954895,0.991221,0.868714
F15->F16,14,26,248.656,221.3365,1.3746,0.316046,1.505223,0.425487,0.170411
F15->F16,14,27,250.3855,239.9287,1.396353,0.254719,1.635532,0.417131,0.28911
F15->F16,14,28,250.8479,258.9452,1.443724,0.205735,1.345063,0.053943,0.181038
F15->F16,14,29,247.9049,278.7796,1.53784,0.171419,3.692926,1.317038,2.440664
F15->F16,14,30,242.936,299.0857,1.561944,0.152125,0.812358,0.071757,0.753882
F15->F16,14,31,241.429,320.009,1.484915,0.139726,1.796139,0.050912,0.323648
F15->F16,14,32,240.3832,340.2287,1.36225,0.078324,0.481418,-0.022334,0.886564
F15->F16,14,33,240.0197,358.1263,1.124411,-0.023564,2.052948,-0.123273,0.933875
F15->F16,14,34,243.9185,376.6897,0.879927,-0.086171,1.229759,-0.175413,0.361035
F15->F16,14,35,246.799,391.8695,0.585103,-0.141737,3.099567,0.025632,2.520029
F15->F16,14,36,412.3891,383.2058,-0.372567,-0.050431,3.129092,-0.987955,3.624992
F15->F16,14,37,414.3982,365.5416,-0.858629,-0.034633,0.14372,-1.087824,1.45393
F15->F16,14,38,420.4186,345.5069,-1.141353,-0.081301,-2.222621,-0.227092,1.091052
F15->F16,14,39,426.4278,326.5574,-1.172439,-0.0925,-2.288294,-0.193546,1.12042
F15->F16,14,40,427.1038,307.7475,-1.460902,0.029711,-4.241531,0.842476,2.896979
F15->F16,14,41,423.6403,289.0646,-1.691276,0.177433,-1.601783,0.327251,0.174513
F15->F16,14,42,419.4487,270.0478,-1.785745,0.294356,-2.970469,0.89727,1.329314
F15->F16,14,43,415.9932,250.7191,-1.775789,0.378884,-0.94714,0.249466,0.838694
F15->F16,14,44,409.9386,232.1952,-1.764253,0.455319,-0.908282,0.054002,0.945379
F15->F16,14,45,400.2538,214.4276,-1.67284,0.484715,-1.967899,0.886742,0.498684
F15->F16,14,46,392.1821,196.3581,-1.442308,0.500653,-2.347805,0.689313,0.924942
F15->F16,14,47,386.975,176.9875,-1.154199,0.474168,-1.792409,0.944772,0.792957
F15->F16,14,48,380.8259,158.0497,-0.922845,0.458017,-1.510074,0.891251,0.729746
F15->F16,14,49,372.1771,139.4976,-0.767499,0.431953,-1.159555,0.733629,0.494687
F15->F16,14,50,362.0613,120.8628,-0.586176,0.329074,-1.101347,0.560123,0.564611
F15->F16,14,51,350.7291,104.4687,-0.363154,0.198494,-0.261596,0.206455,0.101869
F15->F16,14,52,336.6352,93.5904,-0.166612,0.077829,-0.216567,-0.10342,0.188008
F15->F16,14,53,320.9415,88.1937,0.003311,0.006139,0.124152,-0.102125,0.162245
F15->F16,14,54,304.7776,88.2654,0.151568,-0.045447,0.062766,-0.051453,0.089005
F15->F16,14,55,286.7049,93.2544,0.216273,-0.076977,0.20047,-0.006555,0.072173
F15->F16,14,56,270.2227,105.254,0.238902,-0.041054,0.270515,0.060073,0.105953
F15->F16,14,57,256.7832,123.5134,0.254534,0.094274,0.629864,0.378918,0.471057
F15->F16,14,58,246.2415,142.6085,0.402338,0.213086,0.284969,0.116834,0.151789
F15->F16,14,59,240.7642,163.522,0.668193,0.321801,-0.101814,0.37636,0.771937
F15->F16,14,60,237.6377,183.3227,0.96402,0.390894,0.523619,0.494809,0.452495
F15->F16,14,61,237.1277,201.9869,1.145045,0.382996,1.13332,0.721626,0.338833
F15->F16,14,62,239.2072,220.6033,1.240558,0.324713,2.286292,0.651002,1.095457
F15->F16,14,63,240.7589,239.2012,1.289534,0.261906,0.717211,0.337259,0.577263
F15->F16,14,64,240.4717,258.0965,1.283776,0.199999,1.211069,0.144799,0.091287
F15->F16,14,65,237.2812,277.9072,1.307644,0.156601,3.078275,1.043431,1.980303
F15->F16,14,66,232.4239,298.116,1.306242,0.112462,0.671599,0.072255,0.635915
F15->F16,14,67,230.9967,319.3554,1.234315,0.087923,1.259798,-0.232001,0.320937
F15->F16,14,68,229.421,339.7098,1.129902,0.011173,1.34211,0.041301,0.214336
F15->F16,14,69,228.956,358.8667,0.932511,-0.098209,1.706893,0.009591,0.78185
F15->F16,14,70,231.5856,378.1623,0.64875,-0.152966,1.753138,-0.235323,1.107455
F15->F16,14,71,239.0168,392.8668,0.480145,-0.20567,-3.414756,-2.730518,4.641672
F15->F16,14,72,419.5715,385.0795,-0.315942,-0.273597,4.198855,-1.939065,4.81219
F15->F16,14,73,421.5426,365.9579,-0.691963,-0.248041,1.053202,-1.189461,1.982895
F15->F16,14,74,427.1981,345.5361,-0.894927,-0.280083,-2.301454,-0.226579,1.407544
F15->F16,14,75,433.7941,325.8713,-0.958802,-0.271177,-2.462698,-0.287195,1.503981
F15->F16,14,76,435.3723,306.5336,-1.287219,-0.111761,-2.0502,0.090217,0.789262
F15->F16,14,77,432.618,287.6157,-1.497926,0.07926,-1.203423,0.008864,0.3028
F15->F16,14,78,428.5923,267.8261,-1.616153,0.230225,-2.287559,0.833286,0.90248
F15->F16,14,79,425.9705,247.817,-1.583739,0.328618,-0.771894,0.12211,0.837698
F15->F16,14,80,420.7127,228.4385,-1.490486,0.390389,-0.882923,0.167269,0.647237
F15->F16,14,81,411.3948,210.5247,-1.403298,0.438811,-1.886054,0.981967,0.726685
F15->F16,14,82,403.405,192.1922,-1.198521,0.460008,-1.85614,0.883141,0.781986
F15->F16,14,83,397.1715,172.5931,-0.945295,0.442495,-1.94504,0.907537,1.102612
F15->F16,14,84,390.8341,152.9719,-0.717527,0.423824,-0.096754,-0.028443,0.768053
F15->F16,14,85,381.5737,133.4031,-0.618391,0.3947,-0.422315,0.087004,0.36486
F15->F16,14,86,370.0659,113.5976,-0.475756,0.265155,-0.206074,0.106432,0.312924
F15->F16,14,87,356.4317,97.3537,-0.28973,0.139513,-0.288514,0.014652,0.124867
F15->F16,14,88,339.6855,85.5138,-0.118384,-0.010622,0.002681,-0.080272,0.13967
F15->F16,14,89,321.9003,80.8816,0.042144,-0.064377,0.086246,0.022972,0.097851
F15->F16,14,90,303.8683,81.4442,0.179026,-0.094197,0.105384,-0.109561,0.075228
F15->F16,14,91,284.4125,86.9452,0.234984,-0.123028,0.095562,-0.066078,0.150605
F15->F16,14,92,266.4112,99.9603,0.239234,-0.05552,0.381167,0.249586,0.336504
F15->F16,14,93,253.5611,120.2753,0.286842,0.080599,0.416187,0.090633,0.129734
F15->F16,14,94,241.6393,140.8624,0.36575,0.200004,0.313333,0.132886,0.085161
F15->F16,14,95,233.4317,162.3822,0.539891,0.319726,0.159004,0.245629,0.388027
F15->F16,14,96,228.5859,182.6475,0.753479,0.388178,1.187463,0.51735,0.4528
F15->F16,14,97,228.0857,201.4353,0.981276,0.384979,0.99922,0.7007,0.31623
F15->F16,14,98,229.6426,220.0949,1.117334,0.336205,1.79893,0.896118,0.882086
F15->F16,14,99,230.708,238.6031,1.177037,0.267131,0.376808,-0.013624,0.84805
F15->F16,14,100,229.8667,257.3371,1.160658,0.195899,0.924434,0.145847,0.241468
F15->F16,14,101,226.8638,276.9256,1.122834,0.129473,0.384561,-0.040733,0.757639
F15->F16,14,102,222.2139,297.1125,1.080127,0.071064,0.555759,0.034946,0.525611
F15->F16,14,103,220.7285,318.3046,1.032466,0.027334,1.445034,-0.224785,0.483505
F15->F16,14,104,218.9036,338.8978,0.933517,-0.066777,1.301501,-0.027763,0.370046
F15->F16,14,105,217.6233,358.9146,0.730283,-0.199709,2.077915,0.00592,1.36323
F15->F16,14,106,220.0135,378.5033,0.509831,-0.266256,0.872718,-0.757827,0.611006
F15->F16,14,107,231.1524,393.848,0.368339,-0.269825,-2.041219,-1.785107,2.846409
F15->F16,14,108,426.7902,387.0479,-0.262583,-0.470438,0.98514,-0.832742,1.29926
F15->F16,14,109,427.641,366.9301,-0.612728,-0.425456,-1.146929,-0.09247,0.629484
F15->F16,14,110,433.0255,346.0467,-0.74242,-0.418181,-2.525889,0.029635,1.838831
F15->F16,14,111,440.1569,325.2474,-0.925699,-0.411207,-2.397192,-0.251954,1.480086
F15->F16,14,112,443.2724,305.4203,-1.152903,-0.239157,-1.167011,-0.074745,0.165016
F15->F16,14,113,440.9525,286.2009,-1.353557,-0.006238,-1.207019,-0.04433,0.151407
F15->F16,14,114,437.7007,265.7691,-1.449585,0.172599,-0.613115,0.134702,0.837328
F15->F16,14,115,435.671,245.0494,-1.406151,0.288502,-0.629874,0.137019,0.790919
F15->F16,14,116,430.8205,225.133,-1.294326,0.356519,-0.622472,0.235835,0.682606
F15->F16,14,117,422.3816,206.8455,-1.180908,0.409387,-2.089052,0.918293,1.041015
F15->F16,14,118,414.219,188.4075,-1.006743,0.446039,-0.39832,-0.220415,0.902408
F15->F16,14,119,407.2119,168.3881,-0.756295,0.418609,-1.52925,1.19238,1.093701
F15->F16,14,120,399.9876,148.427,-0.608348,0.42134,-0.137156,0.081892,0.58073
F15->F16,14,121,390.7857,128.173,-0.507282,0.388253,-1.130493,0.593327,0.656085
F15->F16,14,122,378.2415,107.8766,-0.378337,0.256085,-0.139024,-0.053707,0.391462
F15->F16,14,123,362.1107,90.2038,-0.216192,0.081331,20.0,-18.492818,27.453477
F15->F16,14,124,343.3331,79.0274,-0.058142,-0.02442,-0.063573,-0.099892,0.075667
F15->F16,14,125,323.4032,74.3302,0.089973,-0.083152,0.032316,-0.089956,0.058057
F15->F16,14,126,302.4589,75.0757,0.177351,-0.128487,0.188225,-0.197194,0.069563
F15->F16,14,127,281.897,80.8688,0.238873,-0.14513,0.117578,-0.117791,0.124339
F15->F16,14,128,262.7156,95.4799,0.246907,-0.027832,0.348081,0.227306,0.274466
F15->F16,14,129,249.6652,117.2179,0.303864,0.086429,0.165199,0.031909,0.148998
F15->F16,14,130,237.2194,139.7381,0.360031,0.220996,0.3113,0.073187,0.155635
F15->F16,14,131,226.2711,162.3645,0.446431,0.378363,1.02506,0.662328,0.644552
F15->F16,14,132,220.5255,182.4991,0.594323,0.408332,0.70805,0.41895,0.114222
F15->F16,14,133,219.0907,201.2184,0.829954,0.406203,0.450232,0.22309,0.421569
F15->F16,14,134,219.5495,219.6903,0.980255,0.351065,0.193257,0.089396,0.82936
F15->F16,14,135,219.7364,238.1484,1.048625,0.270962,0.228581,0.103183,0.837031
F15->F16,14,136,218.9257,256.7498,1.029818,0.190483,0.435142,-0.028202,0.633611
F15->F16,14,137,216.4039,275.9572,0.960724,0.097485,1.253118,0.038776,0.29823
F15->F16,14,138,212.4206,295.8676,0.894454,0.015671,0.680776,0.053941,0.217078
F15->F16,14,139,210.5039,316.7573,0.854365,-0.057633,1.530376,0.136206,0.703253
F15->F16,14,140,208.2687,337.3139,0.749925,-0.169565,2.228053,-0.131349,1.478622
F15->F16,14,141,205.6528,357.6304,0.56989,-0.349999,1.696341,0.0995,1.212824
F15->F16,14,142,209.2153,379.254,0.390463,-0.338154,1.674865,-0.040155,1.318519
F15->F16,14,143,224.4023,394.8817,0.289777,-0.324002,-0.899748,-1.833652,1.921982
F15->F16,14,144,434.2709,388.9991,-0.233807,-0.647409,-0.482021,-0.276641,0.446183
F15->F16,14,145,433.2054,367.7905,-0.577762,-0.602293,-1.509442,0.167126,1.208318
F15->F16,14,146,438.638,346.0845,-0.737524,-0.586093,-2.121676,-0.270685,1.419633
F15->F16,14,147,446.4366,324.8303,-0.904385,-0.531996,-2.401772,-0.160135,1.542871
F15->F16,14,148,450.5398,304.5725,-1.074258,-0.326037,-1.050091,0.017589,0.344475
F15->F16,14,149,448.8885,284.799,-1.231214,-0.077885,-1.360428,-0.090984,0.129877
F15->F16,14,150,446.515,263.9686,-1.29885,0.130374,-0.984867,0.039221,0.326947
F15->F16,14,151,445.3627,242.3979,-1.230864,0.247366,-0.638904,0.206671,0.593358
F15->F16,14,152,440.9556,221.9759,-1.109004,0.329188,-0.824463,0.151044,0.335706
F15->F16,14,153,433.2405,203.3665,-0.996183,0.399826,-1.304246,0.701211,0.430971
F15->F16,14,154,424.9422,184.8171,-0.829871,0.443749,-0.423687,-0.063844,0.650105
F15->F16,14,155,416.7922,164.8815,-0.639572,0.439412,-1.411296,0.653337,0.800826
F15->F16,14,156,409.3613,144.6974,-0.531673,0.459295,20.0,-18.487711,27.938122
F15->F16,14,157,399.6162,123.8147,-0.432316,0.418976,-0.071994,0.079556,0.495013
F15->F16,14,158,386.3752,102.9351,-0.28516,0.283564,-0.018618,-0.01876,0.403044
F15->F16,14,159,368.2981,84.8116,-0.134084,0.108427,-0.01038,0.006662,0.160183
F15->F16,14,160,347.3665,73.2397,0.015056,-0.006446,20.0,-19.185951,27.699303
F15->F16,14,161,324.3927,68.6081,0.117077,-0.080015,0.015986,-0.090578,0.101641
F15->F16,14,162,300.936,69.3531,0.164532,-0.139823,0.187749,-0.043208,0.099365
F15->F16,14,163,278.855,75.3326,0.221672,-0.129523,0.188121,-0.095872,0.04752
F15->F16,14,164,258.8254,91.4264,0.24195,0.015647,0.735515,0.693998,0.838907
F15->F16,14,165,245.5932,115.1341,0.313373,0.139285,0.257304,0.07688,0.083894
F15->F16,14,166,232.1725,139.101,0.347041,0.272023,0.405313,0.132499,0.151203
F15->F16,14,167,219.2666,162.5269,0.367016,0.446342,0.406898,0.169934,0.279271
F15->F16,14,168,212.7196,183.1681,0.486611,0.484378,0.333469,0.185932,0.335444
F15->F16,14,169,210.0046,201.6272,0.690012,0.459976,0.927071,0.17985,0.36697
F15->F16,14,170,209.3705,219.513,0.832891,0.370124,0.525311,0.264902,0.32508
F15->F16,14,171,208.9758,237.7841,0.909192,0.279254,0.449262,0.119004,0.487048
F15->F16,14,172,207.6278,256.2855,0.881723,0.181373,0.758594,0.104197,0.145317
F15->F16,14,173,205.6946,275.1449,0.801589,0.065293,0.948086,0.106259,0.152117
F15->F16,14,174,202.6013,294.2406,0.744179,-0.065624,0.456249,-0.14322,0.298203
F15->F16,14,175,200.3535,314.5021,0.6959,-0.165705,1.51671,-0.047244,0.829315
F15->F16,14,176,198.2355,334.9366,0.602669,-0.313397,-0.997018,-2.008612,2.330827
F15->F16,14,177,194.8415,356.9648,0.461753,-0.466831,-1.091943,-0.859103,1.602451
F15->F16,14,178,201.1929,381.3809,0.335424,-0.344797,1.774063,0.130612,1.515155
F15->F16,14,179,218.1887,395.9461,0.234244,-0.353243,2.123787,-0.848695,1.953419
F16->F17,15,0,404.8795,383.0214,-0.252173,0.647426,-0.230114,0.903774,0.257295
F16->F17,15,1,406.4626,365.5011,-0.809977,0.563003,-0.140047,1.194392,0.920575
F16->F17,15,2,411.197,346.547,-1.311891,0.473225,-0.664932,0.181909,0.709522
F16->F17,15,3,414.3461,328.3141,-1.485819,0.477172,-0.856347,0.123163,0.72219
F16->F17,15,4,415.2648,308.9918,-1.651195,0.466466,-0.968557,0.141354,0.756103
F16->F17,15,5,411.8407,291.1287,-1.792548,0.543986,-2.756111,1.00716,1.069104
F16->F17,15,6,407.9348,272.6031,-1.821542,0.561652,-0.239595,-0.11027,1.718731
F16->F17,15,7,403.8336,254.2766,-1.855811,0.597424,-2.756551,0.939245,0.963418
F16->F17,15,8,396.5561,236.5879,-1.891218,0.618019,-2.667462,1.003582,0.866725
F16->F17,15,9,386.2714,219.3044,-1.763255,0.573355,-2.53818,1.230675,1.016158
F16->F17,15,10,378.075,201.5152,-1.491943,0.529526,-2.064497,0.69497,0.595978
F16->F17,15,11,373.2113,182.9037,-1.182317,0.490732,-1.625441,1.01656,0.687644
F16->F17,15,12,367.625,164.7344,-0.943058,0.46115,-1.030882,0.6959,0.25064
F16->F17,15,13,361.2442,146.873,-0.66238,0.395547,-0.529862,0.452683,0.144311
F16->F17,15,14,353.4443,129.5863,-0.432241,0.327044,-0.235835,0.153607,0.262022
F16->F17,15,15,344.1237,113.7739,-0.277076,0.213103,-0.099019,0.087149,0.218102
F16->F17,15,16,333.1732,102.6863,-0.106983,0.107416,-0.012782,0.152127,0.104274
F16->F17,15,17,319.8148,96.5517,0.000734,0.034311,0.099435,-0.046241,0.1274
F16->F17,15,18,305.0291,95.9907,0.068024,0.008367,0.069448,-0.056353,0.064736
F16->F17,15,19,289.0301,100.2972,0.108628,-0.022354,0.266885,-0.228282,0.259714
F16->F17,15,20,273.9874,110.9185,0.117598,0.011433,0.132236,-0.196556,0.208503
F16->F17,15,21,261.1435,127.1193,0.133237,0.10717,0.184417,0.031804,0.091101
F16->F17,15,22,251.5775,145.0147,0.253665,0.206442,0.303379,0.112105,0.106635
F16->F17,15,23,249.0327,165.4561,0.49678,0.296768,0.812454,0.430208,0.342719
F16->F17,15,24,248.1901,184.708,0.785912,0.358003,1.351838,0.732758,0.678759
F16->F17,15,25,248.0295,203.2786,0.90726,0.379162,0.46522,-0.015625,0.592669
F16->F17,15,26,250.0306,221.6526,0.944474,0.357938,0.446481,0.26558,0.506485
F16->F17,15,27,251.7818,240.1834,0.945641,0.341444,0.543377,0.442608,0.414789
F16->F17,15,28,252.2917,259.151,0.967264,0.338153,0.521891,0.228345,0.458711
F16->F17,15,29,249.4427,278.951,1.040266,0.341091,0.279614,0.08542,0.802471
F16->F17,15,30,244.4979,299.2379,1.10031,0.353507,0.343088,-0.099216,0.882238
F16->F17,15,31,242.9139,320.1487,1.079802,0.366091,1.909257,0.271245,0.834859
F16->F17,15,32,241.7454,340.307,0.98364,0.341169,-0.384761,0.263147,1.370624
F16->F17,15,33,241.1441,358.1027,0.804993,0.289519,-0.034205,0.10574,0.859086
F16->F17,15,34,244.7984,376.6036,0.574631,0.2504,0.893554,0.094975,0.35478
F16->F17,15,35,247.3841,391.7277,0.339104,0.191626,0.175495,-0.087682,0.323698
F16->F17,15,36,412.0166,383.1553,-0.233559,0.333193,-1.342283,0.979054,1.283124
F16->F17,15,37,413.5396,365.507,-0.720714,0.324116,1.641173,-0.056586,2.392372
F16->F17,15,38,419.2772,345.4256,-1.036151,0.248184,-1.166125,0.071995,0.218942
F16->F17,15,39,425.2553,326.4649,-1.082365,0.20915,-0.952073,0.198614,0.130718
F16->F17,15,40,425.6429,307.7772,-1.352332,0.303169,-2.651562,1.225439,1.593292
F16->F17,15,41,421.949,289.2421,-1.55757,0.417583,-1.224764,0.094934,0.463533
F16->F17,15,42,417.663,270.3422,-1.655895,0.498046,-0.498798,-0.214329,1.358805
F16->F17,15,43,414.2174,251.098,-1.655132,0.544958,-2.897279,0.915773,1.296315
F16->F17,15,44,408.1743,232.6505,-1.608746,0.564353,-2.034152,0.943876,0.570095
F16->F17,15,45,398.5809,214.9123,-1.434945,0.52554,-0.448041,0.018659,1.109463
F16->F17,15,46,390.7398,196.8587,-1.146171,0.499055,-1.661944,0.955115,0.688486
F16->F17,15,47,385.8208,177.4616,-0.848108,0.458162,-0.334963,-0.010951,0.695258
F16->F17,15,48,379.9031,158.5077,-0.624343,0.423031,-1.667002,1.011507,1.197264
F16->F17,15,49,371.4096,139.9296,-0.483315,0.377713,-0.40807,0.057165,0.329261
F16->F17,15,50,361.4751,121.1919,-0.334578,0.277228,0.12561,0.138455,0.480658
F16->F17,15,51,350.3659,104.6672,-0.179344,0.15526,-0.059579,0.035322,0.169495
F16->F17,15,52,336.4686,93.6682,-0.049337,0.039866,0.117203,0.081335,0.171626
F16->F17,15,53,320.9448,88.1998,0.038406,-0.014518,-0.001851,-0.031352,0.043635
F16->F17,15,54,304.9292,88.2199,0.109896,-0.046865,0.133565,-0.105555,0.063282
F16->F17,15,55,286.9212,93.1775,0.128719,-0.057412,0.116892,-0.129422,0.072975
F16->F17,15,56,270.4616,105.213,0.126085,-0.017017,0.352229,-0.179998,0.278754
F16->F17,15,57,257.0378,123.6077,0.12541,0.079992,0.281615,0.073374,0.156345
F16->F17,15,58,246.6438,142.8216,0.216734,0.189953,0.391179,-0.022222,0.27468
F16->F17,15,59,241.4324,163.8438,0.400686,0.285675,0.818079,0.251034,0.418828
F16->F17,15,60,238.6018,183.7136,0.634954,0.359403,0.848506,0.716169,0.415796
F16->F17,15,61,238.2727,202.3699,0.787009,0.382821,0.348187,-0.008368,0.587872
F16->F17,15,62,240.4477,220.928,0.853065,0.369201,0.395205,0.062727,0.550964
F16->F17,15,63,242.0484,239.4631,0.870258,0.351393,0.264208,-0.028315,0.715175
F16->F17,15,64,241.7554,258.2965,0.848524,0.339527,0.239553,0.176333,0.630458
F16->F17,15,65,238.5889,278.0638,0.86722,0.33451,1.266871,0.70194,0.542886
F16->F17,15,66,233.7301,298.2285,0.918581,0.327803,1.430517,0.004653,0.605396
F16->F17,15,67,232.231,319.4433,0.894611,0.324127,0.165016,0.221268,0.73681
F16->F17,15,68,230.5509,339.7209,0.813803,0.285328,3.78902,0.748859,3.01111
F16->F17,15,69,229.8885,358.7685,0.662691,0.220078,0.33454,-0.059681,0.431217
F16->F17,15,70,232.2344,378.0093,0.412667,0.182587,1.114444,0.241711,0.704263
F16->F17,15,71,239.497,392.6611,0.268689,0.131731,-0.261434,0.049907,0.5364
F16->F17,15,72,419.2556,384.8059,-0.176924,0.113332,-2.470289,0.901046,2.424874
F16->F17,15,73,420.8507,365.7099,-0.565122,0.116281,0.07604,-0.031316,0.657931
F16->F17,15,74,426.3032,345.256,-0.805698,0.052991,-1.328343,-0.029922,0.52918
F16->F17,15,75,432.8353,325.6002,-0.882696,0.031387,-1.001951,0.187599,0.19653
F16->F17,15,76,434.0851,306.4219,-1.194002,0.160998,-0.674613,0.185729,0.519977
F16->F17,15,77,431.1201,287.6949,-1.383082,0.319032,-0.988466,0.074835,0.464063
F16->F17,15,78,426.9762,268.0563,-1.50489,0.44119,-0.874251,-0.112627,0.839297
F16->F17,15,79,424.3868,248.1456,-1.48336,0.509873,-0.848028,0.073762,0.770611
F16->F17,15,80,419.2222,228.8289,-1.361403,0.525505,-0.295766,-0.130485,1.251361
F16->F17,15,81,409.9915,210.9635,-1.187489,0.517769,-0.065222,0.049036,1.216221
F16->F17,15,82,402.2065,192.6522,-0.923653,0.499175,-0.392149,-0.126121,0.820665
F16->F17,15,83,396.2262,173.0356,-0.663494,0.470597,0.050233,0.287242,0.736902
F16->F17,15,84,390.1166,153.3957,-0.456392,0.434793,-0.759806,0.937823,0.587451
F16->F17,15,85,380.9553,133.7978,-0.366024,0.386958,-0.158437,0.262599,0.241987
F16->F17,15,86,369.5902,113.8627,-0.247069,0.263657,-0.065743,0.16189,0.207932
F16->F17,15,87,356.142,97.4933,-0.121073,0.134551,-0.027254,-0.023859,0.184108
F16->F17,15,88,339.5671,85.5032,-0.006213,-0.00837,0.164627,0.056965,0.182907
F16->F17,15,89,321.9424,80.8172,0.070805,-0.05517,0.06315,-0.120258,0.065537
F16->F17,15,90,304.0473,81.35,0.132364,-0.072941,0.179745,-0.04515,0.05493
F16->F17,15,91,284.6474,86.8222,0.137363,-0.077049,0.168442,-0.113411,0.047833
F16->F17,15,92,266.6504,99.9048,0.116135,-0.012097,0.383776,-0.270914,0.372315
F16->F17,15,93,253.848,120.3559,0.14926,0.076194,0.303292,0.074935,0.154037
F16->F17,15,94,242.0051,141.0624,0.192421,0.183329,0.322035,0.016582,0.211197
F16->F17,15,95,233.9716,162.7019,0.315033,0.287057,-0.128088,0.45746,0.474756
F16->F17,15,96,229.3394,183.0357,0.491271,0.36136,0.604775,0.763434,0.417787
F16->F17,15,97,229.067,201.8203,0.680153,0.386179,0.221912,0.143983,0.518309
F16->F17,15,98,230.76,220.4311,0.775958,0.378861,0.543996,0.138983,0.333688
F16->F17,15,99,231.885,238.8702,0.799538,0.358906,-0.007799,0.088281,0.851488
F16->F17,15,100,231.0274,257.533,0.771609,0.340959,-0.176012,-0.056169,1.027471
F16->F17,15,101,227.9867,277.0551,0.741307,0.320256,1.087694,0.679862,0.4993
F16->F17,15,102,223.294,297.1836,0.759231,0.302212,0.522959,0.0636,0.335797
F16->F17,15,103,221.761,318.332,0.751615,0.286193,0.147086,0.150017,0.619677
F16->F17,15,104,219.8371,338.831,0.673173,0.229291,0.217176,-0.101474,0.563328
F16->F17,15,105,218.3536,358.7149,0.515518,0.141697,0.598866,0.137803,0.08344
F16->F17,15,106,220.5234,378.237,0.320153,0.076315,0.726971,0.894624,0.913855
F16->F17,15,107,231.5208,393.5782,0.195946,0.069163,-0.394182,0.152193,0.59594
F16->F17,15,108,426.5276,386.5774,-0.117979,-0.078337,0.135469,0.187888,0.367575
F16->F17,15,109,427.0282,366.5046,-0.485416,-0.055062,-1.059086,-0.19049,0.589439
F16->F17,15,110,432.2831,345.6285,-0.647232,-0.082373,-1.246848,0.04589,0.613181
F16->F17,15,111,439.2312,324.8362,-0.852285,-0.10606,-1.032613,-0.019397,0.200072
F16->F17,15,112,442.1195,305.1811,-1.073966,0.033276,-1.239136,-0.059746,0.189564
F16->F17,15,113,439.5989,286.1946,-1.253096,0.23527,-2.485747,0.690559,1.314046
F16->F17,15,114,436.2511,265.9417,-1.355887,0.390286,-0.97411,-0.005963,0.550243
F16->F17,15,115,434.2648,245.3379,-1.314499,0.488063,-2.250545,0.753439,0.972937
F16->F17,15,116,429.5262,225.4895,-1.17011,0.523395,-0.211135,-0.057174,1.121023
F16->F17,15,117,421.2007,207.2549,-0.980889,0.531378,-0.268136,-0.190708,1.014607
F16->F17,15,118,413.2122,188.8536,-0.746817,0.528276,-0.213811,0.09878,0.684516
F16->F17,15,119,406.4556,168.8067,-0.495769,0.489246,-1.037624,0.862937,0.658219
F16->F17,15,120,399.3792,148.8484,-0.366635,0.468547,-0.012148,0.323169,0.383139
F16->F17,15,121,390.2784,128.5613,-0.284209,0.413288,0.051875,0.401874,0.336278
F16->F17,15,122,377.8631,108.1327,-0.178797,0.284459,18.48495,-20.0,27.564375
F16->F17,15,123,361.8945,90.2851,-0.062616,0.115017,20.0,-18.492647,27.363364
F16->F17,15,124,343.2749,79.003,0.033585,-0.001671,0.191357,0.185193,0.244561
F16->F17,15,125,323.4931,74.247,0.10556,-0.062584,0.173791,-0.168374,0.125885
F16->F17,15,126,302.6363,74.9472,0.135601,-0.090046,0.079722,-0.130876,0.069206
F16->F17,15,127,282.1359,80.7237,0.135298,-0.078708,0.0872,-0.089375,0.049267
F16->F17,15,128,262.9625,95.4521,0.115126,0.016177,0.258835,-0.229064,0.284245
F16->F17,15,129,249.9691,117.3043,0.158493,0.086869,0.33412,-0.120144,0.271476
F16->F17,15,130,237.5794,139.9591,0.189594,0.197459,0.186324,0.10015,0.097364
F16->F17,15,131,226.7175,162.7428,0.261225,0.321484,0.250546,0.730081,0.408737
F16->F17,15,132,221.1199,182.9074,0.385703,0.37264,0.479152,0.50457,0.161674
F16->F17,15,133,219.9207,201.6246,0.580787,0.397086,-0.100102,0.315115,0.685806
F16->F17,15,134,220.5298,220.0413,0.692784,0.386463,0.434312,-0.09481,0.546289
F16->F17,15,135,220.785,238.4193,0.726801,0.363685,-0.019555,0.199837,0.764129
F16->F17,15,136,219.9555,256.9403,0.697283,0.340144,-0.069523,-0.106377,0.887341
F16->F17,15,137,217.3647,276.0547,0.640384,0.302808,-0.087686,0.233574,0.731354
F16->F17,15,138,213.3151,295.8833,0.629853,0.270675,0.628303,0.038664,0.232016
F16->F17,15,139,211.3583,316.6997,0.634702,0.238132,0.28937,-0.054211,0.452458
F16->F17,15,140,209.0186,337.1443,0.547462,0.1649,1.296263,0.704908,0.923207
F16->F17,15,141,206.2227,357.2804,0.397706,0.031875,2.987555,0.76627,2.691961
F16->F17,15,142,209.6057,378.9159,0.246852,0.014933,2.105787,1.016476,2.11157
F16->F17,15,143,224.6921,394.5577,0.152439,0.020201,0.888416,0.180621,0.753258
F16->F17,15,144,434.0371,388.3517,-0.086856,-0.254674,-1.447847,-0.181437,1.36296
F16->F17,15,145,432.6276,367.1882,-0.436885,-0.221968,-1.508701,-0.076414,1.081654
F16->F17,15,146,437.9005,345.4984,-0.632369,-0.242955,-0.93574,0.073916,0.438681
F16->F17,15,147,445.5323,324.2983,-0.83297,-0.222663,0.526469,-1.2394,1.697595
F16->F17,15,148,449.4655,304.2465,-1.002187,-0.051084,-0.223964,-1.238804,1.419969
F16->F17,15,149,447.6572,284.7211,-1.140709,0.165011,-0.914094,0.133047,0.228857
F16->F17,15,150,445.2162,264.099,-1.212959,0.353964,-0.871093,0.197377,0.376021
F16->F17,15,151,444.1319,242.6453,-1.148045,0.463722,-1.840884,1.043472,0.903403
F16->F17,15,152,439.8466,222.3051,-0.986241,0.531138,-0.027155,0.089681,1.055808
F16->F17,15,153,432.2443,203.7664,-0.805512,0.571434,-0.239732,-0.077746,0.861128
F16->F17,15,154,424.1123,185.2608,-0.586101,0.573387,-1.359936,0.867321,0.827779
F16->F17,15,155,416.1527,165.3209,-0.399776,0.542819,-0.269715,0.037723,0.521573
F16->F17,15,156,408.8297,145.1567,-0.321655,0.524436,20.0,-18.181222,27.620125
F16->F17,15,157,399.1839,124.2337,-0.238321,0.458553,0.081699,0.066188,0.506323
F16->F17,15,158,386.09,103.2187,-0.118279,0.323167,0.001027,0.064163,0.285161
F16->F17,15,159,368.164,84.92,-0.007602,0.1522,0.030333,0.012476,0.144782
F16->F17,15,160,347.3816,73.2333,0.078747,0.025549,20.0,-19.180578,27.671856
F16->F17,15,161,324.5097,68.5281,0.126351,-0.051316,0.081516,-0.079666,0.053047
F16->F17,15,162,301.1006,69.2132,0.129422,-0.093942,0.09055,-0.084889,0.039913
F16->F17,15,163,279.0766,75.2031,0.120563,-0.054538,0.066958,-0.093397,0.066208
F16->F17,15,164,259.0674,91.4421,0.105794,0.054528,-0.028574,-0.213858,0.300143
F16->F17,15,165,245.9066,115.2734,0.159473,0.124536,0.443019,0.023609,0.300972
F16->F17,15,166,232.5195,139.3731,0.189786,0.225194,0.151342,0.035856,0.193201
F16->F17,15,167,219.6337,162.9732,0.216401,0.360404,0.252342,0.726165,0.367522
F16->F17,15,168,213.2062,183.6525,0.315805,0.410592,-0.121526,0.371932,0.439036
F16->F17,15,169,210.6946,202.0871,0.490757,0.424441,-0.113784,0.324061,0.612818
F16->F17,15,170,210.2033,219.8831,0.602132,0.395768,-0.037849,0.202685,0.668474
F16->F17,15,171,209.885,238.0634,0.649612,0.367689,0.159774,0.188226,0.521679
F16->F17,15,172,208.5095,256.4669,0.625883,0.336283,-0.056537,0.017121,0.753367
F16->F17,15,173,206.4962,275.2102,0.558106,0.286454,0.021482,0.158278,0.55172
F16->F17,15,174,203.3455,294.1749,0.535182,0.225395,0.78818,0.005417,0.335257
F16->F17,15,175,201.0494,314.3364,0.536968,0.181059,0.041788,-0.014815,0.532513
F16->F17,15,176,198.8382,334.6232,0.451073,0.081636,0.581683,0.188339,0.168655
F16->F17,15,177,195.3032,356.4979,0.314042,-0.042596,1.532499,1.436365,1.916236
F16->F17,15,178,201.5283,381.0361,0.22463,0.014563,8.454954,9.503219,12.560765
F16->F17,15,179,218.4229,395.5928,0.125352,-0.00243,1.507231,0.210592,1.398202
F17->F18,16,0,404.6273,383.6688,0.024198,1.63301,-0.639548,1.0841,0.861314
F17->F18,16,1,405.6527,366.0642,-0.532092,1.420275,-1.920355,0.774905,1.53094
F17->F18,16,2,409.8851,347.0202,-1.137729,1.219429,-1.150807,1.068807,0.151189
F17->F18,16,3,412.8603,328.7913,-1.339158,1.107051,-3.156983,1.870053,1.971462
F17->F18,16,4,413.6136,309.4583,-1.481663,1.038276,-0.359777,0.033124,1.506306
F17->F18,16,5,410.0482,291.6727,-1.555837,1.004307,-1.345506,0.921026,0.226219
F17->F18,16,6,406.1133,273.1647,-1.517346,0.926706,-1.864692,1.111793,0.393583
F17->F18,16,7,401.9778,254.8741,-1.428602,0.839974,-1.457175,0.818032,0.036026
F17->F18,16,8,394.6649,237.2059,-1.236974,0.708042,-1.503514,1.251464,0.60527
F17->F18,16,9,384.5082,219.8778,-0.867965,0.532402,0.046214,0.250183,0.95675
F17->F18,16,10,376.583,202.0447,-0.521535,0.427109,0.070756,0.243759,0.620021
F17->F18,16,11,372.029,183.3944,-0.245864,0.367496,0.203146,0.222042,0.471982
F17->F18,16,12,366.6819,165.1955,-0.078151,0.311562,0.165255,0.249217,0.251263
F17->F18,16,13,360.5819,147.2685,0.070553,0.222668,0.043994,0.248562,0.037093
F17->F18,16,14,353.012,129.9134,0.149466,0.154757,-0.100562,-0.078726,0.342094
F17->F18,16,15,343.8466,113.987,0.131683,0.104298,0.133357,0.207697,0.103413
F17->F18,16,16,333.0663,102.7938,0.123788,0.018402,0.048861,0.01276,0.075139
F17->F18,16,17,319.8156,96.586,0.064289,-0.000455,0.237183,-0.033458,0.176015
F17->F18,16,18,305.0971,95.9991,-0.008239,0.010053,-0.058897,-0.00447,0.052699
F17->F18,16,19,289.1387,100.2749,-0.065856,0.051667,-0.191162,0.068665,0.126453
F17->F18,16,20,274.105,110.9299,-0.107596,0.095502,-0.057214,0.134032,0.063426
F17->F18,16,21,261.2768,127.2265,-0.146067,0.141911,0.050847,0.190537,0.202829
F17->F18,16,22,251.8311,145.2211,-0.118909,0.244466,-0.107743,0.156443,0.088728
F17->F18,16,23,249.5295,165.7529,-0.095296,0.299406,-0.340244,0.304952,0.24501
F17->F18,16,24,248.976,185.066,-0.028772,0.379936,-0.207159,0.176359,0.270676
F17->F18,16,25,248.9368,203.6578,-0.006272,0.478853,-0.484803,0.406871,0.483915
F17->F18,16,26,250.9751,222.0105,-0.042063,0.56033,0.34166,0.673185,0.399975
F17->F18,16,27,252.7275,240.5249,-0.173615,0.627026,0.379883,0.717501,0.560844
F17->F18,16,28,253.2589,259.4891,-0.278571,0.701641,0.788575,0.828112,1.074615
F17->F18,16,29,250.483,279.2921,-0.306503,0.760609,-0.06871,0.966229,0.314365
F17->F18,16,30,245.5982,299.5914,-0.192794,0.811516,0.095309,0.896975,0.300511
F17->F18,16,31,243.9938,320.5148,-0.11565,0.85107,-0.67559,1.216953,0.668882
F17->F18,16,32,242.7291,340.6482,-0.14661,0.881605,-0.23079,0.879794,0.0842
F17->F18,16,33,241.9491,358.3922,-0.1509,0.93335,0.034872,1.135435,0.274499
F17->F18,16,34,245.3731,376.854,-0.318468,0.962703,-1.274277,0.847192,0.962764
F17->F18,16,35,247.7232,391.9193,-0.409611,0.99344,0.923191,1.745544,1.530367
F17->F18,16,36,411.783,383.4885,0.041524,1.33369,-1.221574,1.017583,1.302052
F17->F18,16,37,412.8189,365.8311,-0.485792,1.159928,0.546515,-0.110084,1.636639
F17->F18,16,38,418.2411,345.6738,-0.924122,0.980161,-0.796847,0.988323,0.127536
F17->F18,16,39,424.173,326.6741,-1.008391,0.847181,-1.638171,1.230231,0.737123
F17->F18,16,40,424.2905,308.0804,-1.248706,0.881601,-0.869933,0.090984,0.876666
F17->F18,16,41,420.3914,289.6597,-1.397783,0.93165,-1.247603,0.818905,0.187791
F17->F18,16,42,416.0071,270.8402,-1.426455,0.935688,-2.053497,1.05066,0.637495
F17->F18,16,43,412.5623,251.6429,-1.315092,0.881062,-1.792893,1.097221,0.524422
F17->F18,16,44,406.5656,233.2149,-1.052938,0.760076,-1.249695,0.889399,0.235452
F17->F18,16,45,397.146,215.4379,-0.656334,0.591566,-1.149887,0.983824,0.630446
F17->F18,16,46,389.5936,197.3578,-0.323495,0.500427,0.2055,0.196766,0.609955
F17->F18,16,47,384.9727,177.9198,-0.088177,0.443882,0.33276,0.348816,0.431538
F17->F18,16,48,379.2787,158.9307,0.061664,0.376565,-0.612555,0.923302,0.86804
F17->F18,16,49,370.9263,140.3073,0.13672,0.29915,0.25935,0.172452,0.176325
F17->F18,16,50,361.1405,121.4691,0.181558,0.22045,-0.10873,0.090416,0.318081
F17->F18,16,51,350.1866,104.8224,0.159888,0.134486,0.145193,0.241211,0.107732
F17->F18,16,52,336.4193,93.7081,0.153726,0.030981,0.0474,0.099625,0.126559
F17->F18,16,53,320.9832,88.1853,0.082219,0.011878,0.253587,0.039074,0.173513
F17->F18,16,54,305.039,88.1731,-0.002932,0.03091,0.06197,0.030677,0.064902
F17->F18,16,55,287.0499,93.12,-0.073869,0.072228,-0.07962,0.080991,0.010482
F17->F18,16,56,270.5877,105.196,-0.11198,0.119807,0.005219,0.086652,0.121798
F17->F18,16,57,257.1632,123.6877,-0.134841,0.140349,-0.099791,0.112679,0.044656
F17->F18,16,58,246.8606,143.0116,-0.12722,0.245405,-0.105003,0.188964,0.060656
F17->F18,16,59,241.8331,164.1295,-0.110121,0.314308,-0.447169,0.396302,0.346878
F17->F18,16,60,239.2367,184.073,-0.042999,0.388696,-0.089812,0.336825,0.069872
F17->F18,16,61,239.0597,202.7527,-0.003264,0.486588,-0.942269,0.281083,0.96123
F17->F18,16,62,241.3008,221.2972,-0.050277,0.569046,-0.322419,0.75958,0.332211
F17->F18,16,63,242.9187,239.8145,-0.184296,0.637338,-0.00608,0.778686,0.227465
F17->F18,16,64,242.604,258.636,-0.303802,0.710023,0.25711,0.796501,0.56754
F17->F18,16,65,239.4561,278.3983,-0.349791,0.768528,-0.532896,0.143667,0.651136
F17->F18,16,66,234.6487,298.5563,-0.202282,0.814656,0.493653,0.939336,0.707015
F17->F18,16,67,233.1256,319.7674,-0.144994,0.830918,-0.297356,1.063696,0.278208
F17->F18,16,68,231.3647,340.0063,-0.172595,0.855085,0.526496,0.918192,0.701933
F17->F18,16,69,230.5512,358.9886,-0.189506,0.889771,0.174214,0.9262,0.36554
F17->F18,16,70,232.647,378.1919,-0.292654,0.921097,0.623451,0.742924,0.93327
F17->F18,16,71,239.7657,392.7928,-0.377092,0.950102,-0.51371,1.143696,0.236945
F17->F18,16,72,419.0787,384.9192,0.099303,1.092095,-3.044214,1.882226,3.241297
F17->F18,16,73,420.2855,365.8262,-0.375599,0.942756,-0.885953,0.694221,0.567654
F17->F18,16,74,425.4975,345.309,-0.728552,0.781933,-1.272045,0.849922,0.547729
F17->F18,16,75,431.9526,325.6316,-0.849826,0.67597,-2.088001,0.909836,1.260068
F17->F18,16,76,432.8911,306.5829,-1.143951,0.758969,-2.320904,0.758456,1.176953
F17->F18,16,77,429.737,288.014,-1.278197,0.878628,-1.154568,0.870393,0.123903
F17->F18,16,78,425.4713,268.4975,-1.336723,0.950851,-1.084555,1.130554,0.309648
F17->F18,16,79,422.9034,248.6555,-1.218389,0.939423,-0.915593,1.109052,0.347073
F17->F18,16,80,417.8608,229.3544,-0.889265,0.829282,-1.245328,0.880723,0.35976
F17->F18,16,81,408.804,211.4813,-0.490529,0.68532,-0.884639,0.972299,0.487523
F17->F18,16,82,401.2828,193.1514,-0.182078,0.589885,-0.35219,0.675437,0.190414
F17->F18,16,83,395.5627,173.5062,0.007088,0.535238,-0.922159,0.868444,0.987181
F17->F18,16,84,389.6602,153.8305,0.118406,0.463165,-1.054117,0.81989,1.225587
F17->F18,16,85,380.5892,134.1848,0.164437,0.385215,0.098819,0.013463,0.377499
F17->F18,16,86,369.3431,114.1264,0.200421,0.290564,0.443072,0.406978,0.269131
F17->F18,16,87,356.0209,97.6278,0.173134,0.166732,0.228152,0.245727,0.096266
F17->F18,16,88,339.5609,85.4948,0.174465,0.051117,0.162136,0.071842,0.024115
F17->F18,16,89,322.0132,80.762,0.094978,0.020894,0.116105,0.11469,0.096146
F17->F18,16,90,304.1797,81.2771,0.00295,0.043518,0.133857,-0.003035,0.138938
F17->F18,16,91,284.7848,86.7451,-0.08732,0.09714,-0.050404,0.064002,0.049608
F17->F18,16,92,266.7666,99.8927,-0.143635,0.159538,0.005491,0.134814,0.151162
F17->F18,16,93,253.9972,120.4321,-0.137007,0.161018,-0.184093,0.32593,0.171502
F17->F18,16,94,242.1975,141.2457,-0.13815,0.249883,-0.140539,0.164449,0.085468
F17->F18,16,95,234.2866,162.989,-0.116365,0.31905,-0.359837,0.289542,0.245253
F17->F18,16,96,229.8306,183.397,-0.061171,0.38819,-0.059457,0.445321,0.057157
F17->F18,16,97,229.7471,202.2065,-0.001571,0.483276,-0.150937,0.720121,0.28001
F17->F18,16,98,231.5359,220.81,-0.048012,0.565643,-0.2687,0.933153,0.42868
F17->F18,16,99,232.6846,239.2292,-0.178345,0.640462,0.10917,0.892636,0.382434
F17->F18,16,100,231.799,257.8739,-0.288997,0.714706,0.343479,0.878936,0.653451
F17->F18,16,101,228.728,277.3754,-0.340496,0.77693,-0.863343,0.272327,0.726631
F17->F18,16,102,224.0533,297.4858,-0.202102,0.820291,-0.212739,0.892566,0.073053
F17->F18,16,103,222.5126,318.6182,-0.147372,0.837484,0.411865,0.755746,0.565178
F17->F18,16,104,220.5103,339.0603,-0.179673,0.848704,0.051646,0.863622,0.231799
F17->F18,16,105,218.8691,358.8566,-0.195093,0.876256,0.175349,0.927015,0.373904
F17->F18,16,106,220.8435,378.3133,-0.279855,0.857887,1.972522,0.654667,2.261526
F17->F18,16,107,231.7167,393.6473,-0.341145,0.905812,-0.405732,1.196763,0.298033
F17->F18,16,108,426.4096,386.4991,0.164024,0.877108,-0.483508,0.978258,0.655385
F17->F18,16,109,426.5428,366.4496,-0.299685,0.760544,-0.996301,0.740677,0.6969
F17->F18,16,110,431.6358,345.5461,-0.551789,0.619946,0.140583,0.18829,0.815908
F17->F18,16,111,438.3789,324.7302,-0.845787,0.550549,-2.308331,0.751162,1.476239
F17->F18,16,112,441.0455,305.2144,-1.06821,0.653843,-1.843186,1.0426,0.867018
F17->F18,16,113,438.3458,286.4299,-1.183433,0.839181,-1.301578,0.808535,0.122055
F17->F18,16,114,434.8952,266.332,-1.242038,0.975507,-0.322411,0.833851,0.930473
F17->F18,16,115,432.9503,245.826,-1.108975,1.028191,-0.439024,0.759533,0.721811
F17->F18,16,116,428.3561,226.0129,-0.754563,0.940727,-0.114061,0.825824,0.650727
F17->F18,16,117,420.2198,207.7863,-0.363533,0.802394,-0.048351,0.843918,0.317905
F17->F18,16,118,412.4654,189.3819,-0.077339,0.696364,-0.367936,0.620048,0.300451
F17->F18,16,119,405.9599,169.296,0.094983,0.627471,-0.610348,1.053476,0.823997
F17->F18,16,120,399.0126,149.3169,0.144059,0.553673,-0.080247,0.54811,0.224375
F17->F18,16,121,389.9942,128.9745,0.166853,0.458195,0.304516,0.322427,0.19335
F17->F18,16,122,377.6843,108.4171,0.184886,0.339754,0.455153,0.414562,0.280429
F17->F18,16,123,361.8319,90.4002,0.185734,0.198107,20.0,-18.18339,27.027478
F17->F18,16,124,343.3085,79.0013,0.159528,0.074332,0.155527,-0.003436,0.077871
F17->F18,16,125,323.5987,74.1844,0.094019,0.017845,0.12332,0.025635,0.030319
F17->F18,16,126,302.7719,74.8572,0.015418,0.049736,0.02023,-0.095497,0.145312
F17->F18,16,127,282.2712,80.645,-0.100936,0.128099,-0.149507,0.072916,0.073514
F17->F18,16,128,263.0776,95.4683,-0.163603,0.182455,-0.134232,0.132011,0.058372
F17->F18,16,129,250.1276,117.3912,-0.147245,0.183743,-0.13499,0.254876,0.072181
F17->F18,16,130,237.769,140.1566,-0.146482,0.252144,-0.062752,0.224448,0.088192
F17->F18,16,131,226.9787,163.0643,-0.099469,0.296476,-0.031796,0.033676,0.271373
F17->F18,16,132,221.5056,183.2801,-0.066142,0.371297,-0.141551,0.402828,0.081735
F17->F18,16,133,220.5014,202.0217,-0.013378,0.45998,-0.605226,0.247811,0.628729
F17->F18,16,134,221.2226,220.4278,-0.038411,0.546556,0.28668,0.913114,0.489948
F17->F18,16,135,221.5118,238.783,-0.151205,0.63655,0.327995,0.963275,0.579985
F17->F18,16,136,220.6528,257.2804,-0.252885,0.715426,0.207264,0.836362,0.475775
F17->F18,16,137,218.005,276.3575,-0.305002,0.784953,0.474175,0.684384,0.785641
F17->F18,16,138,213.9449,296.1539,-0.197645,0.837287,-0.424849,1.1117,0.356265
F17->F18,16,139,211.993,316.9378,-0.125431,0.865321,0.179033,0.811122,0.309251
F17->F18,16,140,209.5661,337.3092,-0.167485,0.86899,-2.56015,0.060055,2.525712
F17->F18,16,141,206.6204,357.3123,-0.196846,0.871216,-9.219749,1.131524,9.026657
F17->F18,16,142,209.8526,378.9308,-0.230287,0.823594,-8.007977,-7.056599,11.072032
F17->F18,16,143,224.8445,394.5779,-0.293004,0.875247,-0.085112,0.90206,0.209614
F17->F18,16,144,433.9503,388.097,0.202246,0.659537,-0.1209,3.672273,3.030017
F17->F18,16,145,432.1907,366.9662,-0.229796,0.590631,-1.078066,0.829626,0.881295
F17->F18,16,146,437.2681,345.2554,-0.535285,0.461488,-0.029144,0.045243,0.655316
F17->F18,16,147,444.6993,324.0756,-0.845685,0.447762,0.882299,-1.03165,2.274772
F17->F18,16,148,448.4633,304.1954,-1.002773,0.59433,0.234674,0.234713,1.288642
F17->F18,16,149,446.5165,284.8861,-1.080583,0.805538,-1.149609,0.898352,0.115667
F17->F18,16,150,444.0032,264.453,-1.124344,1.012884,-2.132356,1.869582,1.322883
F17->F18,16,151,442.9838,243.109,-1.000629,1.115639,-0.395651,0.935492,0.63123
F17->F18,16,152,438.8603,222.8363,-0.634473,1.064985,-0.018375,1.063949,0.616098
F17->F18,16,153,431.4388,204.3378,-0.265023,0.934482,0.240679,1.006105,0.510749
F17->F18,16,154,423.5262,185.8342,-0.000911,0.810157,0.506662,0.048768,0.915064
F17->F18,16,155,415.7529,165.8638,0.128632,0.716971,-0.163587,0.82786,0.312551
F17->F18,16,156,408.508,145.6812,0.114707,0.627766,20.0,-19.497933,28.292554
F17->F18,16,157,398.9456,124.6922,0.137587,0.513492,20.0,-20.0,28.553788
F17->F18,16,158,385.9717,103.5419,0.153241,0.371475,0.065623,0.172996,0.216959
F17->F18,16,159,368.1564,85.0722,0.155153,0.215699,0.049861,0.054305,0.192703
F17->F18,16,160,347.4603,73.2588,0.137931,0.086821,19.495616,-20.0,27.896242
F17->F18,16,161,324.6361,68.4768,0.094542,0.032033,0.080198,0.023597,0.016641
F17->F18,16,162,301.23,69.1193,0.024822,0.05157,0.004874,-0.116312,0.169063
F17->F18,16,163,279.1972,75.1485,-0.115747,0.165388,-0.20433,0.14917,0.090055
F17->F18,16,164,259.1732,91.4966,-0.180374,0.203983,-0.106489,0.083893,0.140998
F17->F18,16,165,246.066,115.398,-0.161568,0.19212,0.049723,0.298111,0.236385
F17->F18,16,166,232.7093,139.5983,-0.1256,0.233066,-0.207546,0.279037,0.09396
F17->F18,16,167,219.8501,163.3336,-0.079162,0.26581,0.061817,-0.071038,0.36516
F17->F18,16,168,213.522,184.063,-0.074051,0.319995,-0.196412,0.367534,0.131271
F17->F18,16,169,211.1854,202.5116,-0.022258,0.41685,-0.269719,0.443214,0.248861
F17->F18,16,170,210.8055,220.2789,-0.03566,0.523433,0.05614,0.572043,0.103876
F17->F18,16,171,210.5346,238.431,-0.111074,0.622246,0.622595,0.796844,0.754158
F17->F18,16,172,209.1354,256.8032,-0.169463,0.715073,-0.807812,0.127905,0.867327
F17->F18,16,173,207.0543,275.4966,-0.226408,0.796756,-0.017688,0.913889,0.239341
F17->F18,16,174,203.8807,294.4003,-0.169738,0.86995,-0.198262,1.28407,0.415102
F17->F18,16,175,201.5864,314.5174,-0.091992,0.922135,0.296116,0.997859,0.395427
F17->F18,16,176,199.2892,334.7048,-0.143293,0.923634,-0.727453,0.857353,0.587908
F17->F18,16,177,195.6173,356.4553,-0.218738,0.885949,-5.612241,1.74569,5.461596
F17->F18,16,178,201.7529,381.0507,-0.189225,0.809357,9.504864,7.974124,12.054429
F17->F18,16,179,218.5483,395.5904,-0.251926,0.855438,-1.035339,0.072791,1.107372
F18->F19,17,0,404.6515,385.3019,0.143051,2.646148,-3.008921,2.800828,3.155765
F18->F19,17,1,405.1206,367.4844,-0.312171,2.271695,-1.114561,1.905725,0.881909
F18->F19,17,2,408.7474,348.2397,-1.006803,1.957042,-1.433918,1.862907,0.437366
F18->F19,17,3,411.5211,329.8984,-1.18878,1.768604,-2.317504,1.802523,1.129233
F18->F19,17,4,412.132,310.4966,-1.287129,1.661263,-2.2091,1.941807,0.963709
F18->F19,17,5,408.4923,292.677,-1.295435,1.534379,0.975563,1.251577,2.288538
F18->F19,17,6,404.5959,274.0914,-1.215796,1.391034,-1.812354,1.976853,0.836101
F18->F19,17,7,400.5492,255.714,-1.090933,1.224688,-1.744928,2.010194,1.022119
F18->F19,17,8,393.4279,237.9139,-0.790375,1.001574,-0.556621,1.218134,0.318652
F18->F19,17,9,383.6402,220.4102,-0.288807,0.744562,-0.520221,1.108458,0.431245
F18->F19,17,10,376.0615,202.4718,0.075451,0.588099,-0.080944,0.624423,0.160558
F18->F19,17,11,371.7831,183.7619,0.289473,0.504429,-0.463731,0.682507,0.773969
F18->F19,17,12,366.6038,165.5071,0.408926,0.417141,0.771895,0.31584,0.37684
F18->F19,17,13,360.6524,147.4912,0.482734,0.301906,1.014136,0.401616,0.540676
F18->F19,17,14,353.1615,130.0681,0.472615,0.238515,0.609414,0.330682,0.164951
F18->F19,17,15,343.9783,114.0913,0.343078,0.219228,0.52312,0.092975,0.219898
F18->F19,17,16,333.19,102.8122,0.218202,0.115834,0.254776,0.098982,0.04027
F18->F19,17,17,319.8799,96.5856,0.049766,0.105264,0.00735,0.198553,0.10248
F18->F19,17,18,305.0889,96.0091,-0.116017,0.125951,0.086975,0.260108,0.243319
F18->F19,17,19,289.0729,100.3266,-0.231353,0.217905,-0.23719,0.147809,0.070339
F18->F19,17,20,273.9974,111.0254,-0.302625,0.274048,-0.16675,0.360294,0.160936
F18->F19,17,21,261.1307,127.3684,-0.36549,0.297365,-0.563472,0.227061,0.210095
F18->F19,17,22,251.7122,145.4656,-0.356313,0.419846,-0.614564,0.359199,0.265276
F18->F19,17,23,249.4342,166.0523,-0.446126,0.45256,0.084232,0.861251,0.669558
F18->F19,17,24,248.9472,185.4459,-0.503784,0.555886,0.319627,1.036919,0.953623
F18->F19,17,25,248.9305,204.1367,-0.547227,0.720583,0.082605,0.830966,0.639432
F18->F19,17,26,250.9331,222.5708,-0.663102,0.878934,-0.257585,0.999752,0.423133
F18->F19,17,27,252.5539,241.1519,-0.934196,1.001993,-0.825252,1.007717,0.109095
F18->F19,17,28,252.9804,260.1908,-1.152651,1.124075,-1.007992,1.030065,0.172522
F18->F19,17,29,250.1765,280.0527,-1.236961,1.213282,-2.111935,1.069159,0.886765
F18->F19,17,30,245.4054,300.4029,-1.059546,1.278549,-0.122994,1.715285,1.033377
F18->F19,17,31,243.8781,321.3659,-0.935634,1.317995,-0.833396,0.921227,0.409728
F18->F19,17,32,242.5825,341.5298,-0.927571,1.355393,-2.713595,1.24024,1.789733
F18->F19,17,33,241.7982,359.3256,-0.80741,1.469193,0.174626,1.652987,0.999086
F18->F19,17,34,245.0546,377.8167,-0.953261,1.524812,0.729524,1.842934,1.712591
F18->F19,17,35,247.3136,392.9128,-0.914844,1.666418,0.274659,1.980975,1.230391
F18->F19,17,36,411.8245,384.8222,0.173175,2.411958,1.218868,0.981841,1.77164
F18->F19,17,37,412.3331,366.9911,-0.320127,2.021489,1.346502,1.173001,1.870182
F18->F19,17,38,417.317,346.6539,-0.838739,1.741841,-1.866046,2.004238,1.060288
F18->F19,17,39,423.1646,327.5213,-0.924099,1.543309,-1.983017,1.884987,1.112678
F18->F19,17,40,423.0418,308.962,-1.120593,1.522232,0.27016,1.392015,1.396835
F18->F19,17,41,418.9937,290.5913,-1.208695,1.509559,-1.016187,2.007232,0.533609
F18->F19,17,42,414.5806,271.7759,-1.192567,1.445837,-1.823212,1.979637,0.82623
F18->F19,17,43,411.2472,252.524,-1.057994,1.322917,-1.186912,1.879731,0.571543
F18->F19,17,44,405.5126,233.975,-0.696469,1.116212,-0.260645,0.914236,0.480351
F18->F19,17,45,396.4897,216.0294,-0.166311,0.864317,-0.089847,0.775596,0.117124
F18->F19,17,46,389.2701,197.8582,0.165271,0.720778,0.277179,0.867789,0.184759
F18->F19,17,47,384.8845,178.3637,0.327507,0.647649,-0.023414,1.027422,0.517082
F18->F19,17,48,379.3404,159.3073,0.434461,0.547997,0.522594,0.094925,0.461564
F18->F19,17,49,371.063,140.6064,0.47763,0.448641,0.17731,0.892967,0.5363
F18->F19,17,50,361.3221,121.6896,0.460922,0.390714,0.493357,0.481586,0.096487
F18->F19,17,51,350.3464,104.9569,0.322361,0.311736,0.421726,0.342896,0.104136
F18->F19,17,52,336.573,93.7391,0.230866,0.179178,0.23976,0.207663,0.029841
F18->F19,17,53,321.0654,88.1972,0.055683,0.148586,-0.093418,0.132686,0.149946
F18->F19,17,54,305.0361,88.204,-0.135345,0.190248,-0.026185,0.289101,0.147268
F18->F19,17,55,286.976,93.1923,-0.25578,0.267976,-0.19763,0.239945,0.064554
F18->F19,17,56,270.4757,105.3158,-0.308392,0.325421,-0.216322,0.316813,0.092472
F18->F19,17,57,257.0283,123.828,-0.348668,0.307415,-0.396338,0.299865,0.048264
F18->F19,17,58,246.7333,143.257,-0.358521,0.427702,-0.119758,0.572082,0.279022
F18->F19,17,59,241.7229,164.4438,-0.423257,0.480008,0.422295,0.635024,0.859644
F18->F19,17,60,239.1937,184.4617,-0.443621,0.563285,-0.341148,0.886884,0.339437
F18->F19,17,61,239.0565,203.2393,-0.48109,0.728202,-0.164813,0.978433,0.403295
F18->F19,17,62,241.2505,221.8663,-0.636975,0.886127,-0.479446,1.109489,0.273324
F18->F19,17,63,242.7344,240.4519,-0.919128,1.013332,-0.47986,1.05336,0.441088
F18->F19,17,64,242.3002,259.3461,-1.13162,1.140757,-1.18183,0.960496,0.187123
F18->F19,17,65,239.1063,279.1668,-1.21601,1.237176,-0.695879,1.722191,0.71118
F18->F19,17,66,234.4464,299.3709,-0.974151,1.307936,0.484754,1.68726,1.507412
F18->F19,17,67,232.9806,320.5984,-0.889859,1.315902,-1.112903,1.204219,0.249442
F18->F19,17,68,231.1921,340.8614,-0.887199,1.361125,-0.113681,1.672368,0.833789
F18->F19,17,69,230.3616,359.8783,-0.809271,1.459956,0.605957,1.92883,1.490876
F18->F19,17,70,232.3544,379.113,-0.799328,1.536251,0.906318,1.765202,1.720944
F18->F19,17,71,239.3886,393.7429,-0.793619,1.652646,-0.355344,1.932234,0.51986
F18->F19,17,72,419.178,386.0113,0.224919,2.182247,6.551888,-1.08035,7.118643
F18->F19,17,73,419.9099,366.7689,-0.259768,1.832014,0.656115,1.040957,1.210212
F18->F19,17,74,424.769,346.0909,-0.66828,1.576755,-0.543165,1.148443,0.446212
F18->F19,17,75,431.1028,326.3075,-0.810086,1.401798,0.405071,1.29375,1.219952
F18->F19,17,76,431.7472,307.3418,-1.091258,1.438096,0.165177,1.104935,1.299856
F18->F19,17,77,428.4588,288.8926,-1.158848,1.50221,0.291484,1.307476,1.463347
F18->F19,17,78,424.1345,269.4484,-1.172665,1.513924,-1.356789,1.656523,0.232886
F18->F19,17,79,421.685,249.5949,-1.035089,1.432897,0.157377,1.147554,1.226131
F18->F19,17,80,416.9716,230.1837,-0.610158,1.245678,0.363683,1.222286,0.974122
F18->F19,17,81,408.3135,212.1666,-0.069815,1.00404,0.41955,1.075703,0.494584
F18->F19,17,82,401.1007,193.7412,0.240977,0.851336,0.353751,1.171903,0.339825
F18->F19,17,83,395.5698,174.0414,0.365777,0.774576,0.020873,1.155335,0.513747
F18->F19,17,84,389.7786,154.2937,0.42264,0.675891,0.776661,0.082887,0.690641
F18->F19,17,85,380.7537,134.57,0.444277,0.585914,0.118232,0.664673,0.335423
F18->F19,17,86,369.5435,114.4169,0.429521,0.518306,0.105508,0.711011,0.376987
F18->F19,17,87,356.194,97.7945,0.30319,0.371171,0.519987,0.07297,0.36868
F18->F19,17,88,339.7353,85.5459,0.23804,0.241337,0.176162,0.210141,0.069297
F18->F19,17,89,322.1082,80.7829,0.056615,0.182793,-0.047604,0.003104,0.207726
F18->F19,17,90,304.1826,81.3206,-0.137882,0.21864,-0.23125,0.223153,0.093477
F18->F19,17,91,284.6975,86.8422,-0.278531,0.314311,-0.226503,0.198781,0.126705
F18->F19,17,92,266.6229,100.0522,-0.343938,0.384647,-0.294401,0.252136,0.141468
F18->F19,17,93,253.8602,120.5932,-0.370116,0.343362,-0.299979,0.343636,0.070137
F18->F19,17,94,242.0593,141.4956,-0.370991,0.434207,0.039169,0.639124,0.4585
F18->F19,17,95,234.1702,163.308,-0.389344,0.481489,-0.769881,0.162346,0.49665
F18->F19,17,96,229.7695,183.7852,-0.399799,0.552533,-0.258453,0.767,0.256855
F18->F19,17,97,229.7455,202.6898,-0.428446,0.714573,0.034857,0.814336,0.473922
F18->F19,17,98,231.4879,221.3756,-0.59909,0.870918,0.012441,0.761665,0.621214
F18->F19,17,99,232.5062,239.8696,-0.876691,1.012916,-0.379847,1.139979,0.512834
F18->F19,17,100,231.51,258.5886,-1.066669,1.148682,-1.06818,0.990181,0.158508
F18->F19,17,101,228.3875,278.1523,-1.127007,1.263561,-0.347064,1.849844,0.975725
F18->F19,17,102,223.8512,298.3061,-0.885115,1.337308,-1.794709,1.110628,0.937414
F18->F19,17,103,222.3652,319.4556,-0.819255,1.358187,0.398658,1.609484,1.243568
F18->F19,17,104,220.3306,339.909,-0.824588,1.399577,-2.615884,1.044159,1.826215
F18->F19,17,105,218.674,359.7329,-0.737481,1.512777,0.664085,2.128362,1.530794
F18->F19,17,106,220.5637,379.1712,-0.705124,1.550684,0.661795,1.995995,1.437627
F18->F19,17,107,231.3756,394.5531,-0.665086,1.64792,-1.147198,2.058929,0.633531
F18->F19,17,108,426.5736,387.3762,0.279185,1.963434,6.078055,-0.835789,6.439142
F18->F19,17,109,426.2431,367.2101,-0.189861,1.670987,0.410669,1.141959,0.800318
F18->F19,17,110,431.0841,346.1661,-0.468153,1.41117,-0.540609,1.137096,0.28349
F18->F19,17,111,437.5331,325.2807,-0.85277,1.306887,0.407553,1.288564,1.260457
F18->F19,17,112,439.9773,305.8683,-1.093304,1.375738,-0.241295,0.937027,0.958325
F18->F19,17,113,437.1624,287.2691,-1.131121,1.513051,-0.163604,1.121506,1.043741
F18->F19,17,114,433.6532,267.3075,-1.15135,1.593808,-1.640857,2.155017,0.744696
F18->F19,17,115,431.8414,246.8542,-1.000735,1.576322,-1.059816,1.777903,0.21006
F18->F19,17,116,427.6015,226.9536,-0.537445,1.402342,1.006845,1.035223,1.587328
F18->F19,17,117,419.8562,208.5887,-0.017733,1.158884,-0.0364,1.030133,0.130098
F18->F19,17,118,412.3881,190.0782,0.285861,0.981577,-0.550194,2.047021,1.354311
F18->F19,17,119,406.0548,169.9235,0.404448,0.896945,0.232079,1.202468,0.350793
F18->F19,17,120,399.1567,149.8706,0.405306,0.795373,-0.090851,0.834355,0.497686
F18->F19,17,121,390.1611,129.4327,0.38769,0.685,0.923702,0.150342,0.757079
F18->F19,17,122,377.8692,108.7569,0.349146,0.571343,19.488051,-20.0,28.097648
F18->F19,17,123,362.0176,90.5983,0.284477,0.429233,20.0,-19.174417,27.802966
F18->F19,17,124,343.4681,79.0756,0.185311,0.265736,0.114152,0.186611,0.106415
F18->F19,17,125,323.6927,74.2023,0.033936,0.169294,-0.013849,0.027391,0.149733
F18->F19,17,126,302.7873,74.9069,-0.112323,0.228894,-0.054446,0.390774,0.171915
F18->F19,17,127,282.1703,80.7731,-0.293427,0.362589,-0.17775,0.221028,0.182813
F18->F19,17,128,262.914,95.6507,-0.373731,0.402158,-0.237754,0.312449,0.162903
F18->F19,17,129,249.9803,117.5749,-0.389629,0.372227,-0.417439,0.35764,0.031403
F18->F19,17,130,237.6225,140.4087,-0.388,0.423215,-0.121323,0.686967,0.375075
F18->F19,17,131,226.8793,163.3608,-0.331992,0.413728,-0.006396,0.635394,0.393889
F18->F19,17,132,221.4394,183.6514,-0.356407,0.50816,-1.113779,0.40477,0.764396
F18->F19,17,133,220.4881,202.4817,-0.403302,0.659443,-0.335849,0.850728,0.202829
F18->F19,17,134,221.1842,220.9744,-0.543339,0.829346,-1.671128,-0.082996,1.450612
F18->F19,17,135,221.3606,239.4196,-0.78974,1.000145,-1.258035,0.967007,0.469466
F18->F19,17,136,220.3999,257.9958,-0.960085,1.149764,-0.80122,1.0728,0.176526
F18->F19,17,137,217.7,277.1424,-1.007334,1.290401,0.627786,2.059935,1.807152
F18->F19,17,138,213.7473,296.9912,-0.811453,1.38965,0.159047,1.766538,1.041112
F18->F19,17,139,211.8676,317.8031,-0.724331,1.440531,-2.147439,1.179312,1.446883
F18->F19,17,140,209.3986,338.1782,-0.731603,1.491446,-0.212827,1.973862,0.708417
F18->F19,17,141,206.4236,358.1835,-0.652466,1.608635,-0.426319,2.23061,0.661812
F18->F19,17,142,209.6223,379.7544,-0.540503,1.559026,-8.921854,5.84849,9.415229
F18->F19,17,143,224.5515,395.4531,-0.558805,1.659238,-0.642862,2.011468,0.36212
F18->F19,17,144,434.1525,388.7566,0.334371,1.747641,1.062999,3.92838,2.299244
F18->F19,17,145,431.9609,367.5569,-0.092349,1.543663,0.175708,1.110531,0.509369
F18->F19,17,146,436.7328,345.7169,-0.460273,1.281983,-0.527284,1.156456,0.142293
F18->F19,17,147,443.8536,324.5234,-0.900008,1.239015,0.20213,1.100639,1.110791
F18->F19,17,148,447.4606,304.7897,-1.082061,1.357838,-0.153615,0.881344,1.04358
F18->F19,17,149,445.436,285.6916,-1.08845,1.52777,-0.121055,1.147575,1.039423
F18->F19,17,150,442.8789,265.4659,-1.109619,1.681314,-1.469983,1.896547,0.419747
F18->F19,17,151,441.9832,244.2247,-0.97145,1.720719,-1.36056,1.88483,0.422302
F18->F19,17,152,438.2258,223.9013,-0.49035,1.56661,-0.940881,1.912997,0.568298
F18->F19,17,153,431.1738,205.2723,0.004491,1.313087,-0.918536,1.885606,1.086166
F18->F19,17,154,423.5253,186.6444,0.294303,1.107787,-0.385059,1.706618,0.905611
F18->F19,17,155,415.8815,166.5807,0.397194,0.985378,0.254561,1.261427,0.31072
F18->F19,17,156,408.6227,146.3089,0.319799,0.868983,20.0,-19.499763,28.323067
F18->F19,17,157,399.0832,125.2057,0.297712,0.738092,0.279099,0.366565,0.371992
F18->F19,17,158,386.125,103.9133,0.245925,0.581596,0.13755,0.1405,0.454215
F18->F19,17,159,368.3115,85.2879,0.187416,0.415862,0.059108,0.056123,0.381936
F18->F19,17,160,347.5982,73.3457,0.116236,0.254434,19.497114,-19.199325,27.460283
F18->F19,17,161,324.7306,68.5088,0.021973,0.180846,-0.044192,0.085599,0.115973
F18->F19,17,162,301.2548,69.1709,-0.086234,0.22276,0.017454,0.485503,0.282462
F18->F19,17,163,279.0815,75.3139,-0.305391,0.415446,-0.123545,0.160796,0.312913
F18->F19,17,164,258.9928,91.7006,-0.388935,0.412808,0.145357,0.511828,0.54339
F18->F19,17,165,245.9045,115.5901,-0.407941,0.361784,-0.494608,0.243562,0.146587
F18->F19,17,166,232.5837,139.8313,-0.354112,0.368526,-0.048043,0.716777,0.463634
F18->F19,17,167,219.7709,163.5995,-0.273976,0.330405,-0.064776,0.608897,0.348314
F18->F19,17,168,213.448,184.383,-0.339271,0.386174,-1.095638,0.170962,0.78639
F18->F19,17,169,211.1631,202.9284,-0.382306,0.558689,-0.338486,0.876439,0.320757
F18->F19,17,170,210.7698,220.8023,-0.493916,0.777467,-2.009796,0.321595,1.582945
F18->F19,17,171,210.4235,239.0533,-0.692051,0.969435,-1.310262,1.085177,0.628953
F18->F19,17,172,208.966,257.5182,-0.780524,1.148359,-0.453998,1.224994,0.335399
F18->F19,17,173,206.8279,276.2934,-0.824366,1.3191,-1.447713,1.244028,0.627851
F18->F19,17,174,203.711,295.2703,-0.712604,1.478291,0.218433,1.752404,0.97055
F18->F19,17,175,201.4944,315.4395,-0.620772,1.584499,-2.25656,1.132628,1.697054
F18->F19,17,176,199.146,335.6284,-0.634172,1.657399,-0.257315,1.914864,0.456409
F18->F19,17,177,195.3985,357.3413,-0.634526,1.6942,3.306882,-1.934028,5.357121
F18->F19,17,178,201.5637,381.8601,-0.455643,1.540728,-9.504845,0.044355,9.172088
F18->F19,17,179,218.2964,396.4459,-0.473278,1.660281,-0.287613,2.215973,0.585888
F19->F20,18,0,404.7946,387.948,0.026317,3.260201,1.382165,1.737079,2.039173
F19->F20,18,1,404.8084,369.7561,-0.212035,2.767556,-0.611702,9.322911,6.567526
F19->F20,18,2,407.7405,350.1967,-0.893871,2.398949,-0.91777,1.866806,0.53268
F19->F20,18,3,410.3323,331.667,-0.99393,2.218285,-0.612279,2.007427,0.436025
F19->F20,18,4,410.8448,312.1578,-1.033434,2.116838,-0.538343,2.045058,0.500268
F19->F20,18,5,407.1969,294.2114,-1.023632,1.963509,-0.585543,2.273302,0.536558
F19->F20,18,6,403.3801,275.4825,-0.98957,1.816689,-0.837649,2.019907,0.253728
F19->F20,18,7,399.4583,256.9387,-0.990275,1.656401,-1.056579,1.795631,0.154212
F19->F20,18,8,392.6375,238.9155,-0.804869,1.451806,-1.122486,1.801871,0.472679
F19->F20,18,9,383.3514,221.1547,-0.364405,1.196025,-0.656529,1.876749,0.740757
F19->F20,18,10,376.137,203.0599,-0.046348,1.006736,0.184162,1.005054,0.230516
F19->F20,18,11,372.0726,184.2664,0.115329,0.891536,-0.245342,0.826536,0.366482
F19->F20,18,12,367.0127,165.9242,0.250262,0.769777,0.073252,0.586771,0.254605
F19->F20,18,13,361.1351,147.7931,0.351448,0.6334,-0.634405,0.859698,1.011493
F19->F20,18,14,353.6341,130.3066,0.369318,0.573987,0.363113,0.334005,0.240061
F19->F20,18,15,344.3213,114.3105,0.250189,0.531458,0.340085,0.452891,0.11939
F19->F20,18,16,333.4082,102.928,0.123177,0.376997,0.063384,0.331865,0.074914
F19->F20,18,17,319.9296,96.6908,-0.046405,0.316216,0.138088,0.348967,0.187377
F19->F20,18,18,304.9728,96.1351,-0.216229,0.308403,-0.1263,0.240736,0.112543
F19->F20,18,19,288.8415,100.5445,-0.31684,0.404175,0.01497,0.330063,0.339986
F19->F20,18,20,273.6947,111.2994,-0.382433,0.477487,-0.575451,0.246103,0.301322
F19->F20,18,21,260.7652,127.6658,-0.424763,0.518388,0.008769,0.556138,0.435172
F19->F20,18,22,251.3559,145.8854,-0.331184,0.668126,-0.240304,0.81634,0.173857
F19->F20,18,23,248.9881,166.5049,-0.345478,0.703482,-0.217098,0.784077,0.151581
F19->F20,18,24,248.4435,186.0018,-0.328753,0.829147,-0.922033,0.764034,0.596842
F19->F20,18,25,248.3833,204.8572,-0.339815,1.021043,-0.427504,1.022173,0.087697
F19->F20,18,26,250.27,223.4498,-0.488105,1.196798,-0.562009,1.041679,0.171825
F19->F20,18,27,251.6197,242.1539,-0.804408,1.328942,-0.905606,1.201535,0.162707
F19->F20,18,28,251.8277,261.3148,-1.05005,1.451805,-1.497739,1.202599,0.512375
F19->F20,18,29,248.9395,281.266,-1.079496,1.536202,0.882633,1.674941,1.967028
F19->F20,18,30,244.3459,301.6814,-0.8531,1.593408,0.047116,1.741485,0.912313
F19->F20,18,31,242.9425,322.6839,-0.770885,1.606329,0.153374,2.022815,1.013763
F19->F20,18,32,241.6549,342.8852,-0.793372,1.60501,0.732237,1.744209,1.531946
F19->F20,18,33,240.9908,360.7948,-0.695297,1.706422,-1.846033,2.200824,1.252448
F19->F20,18,34,244.1013,379.3415,-0.914849,1.719989,-1.199716,1.761709,0.287906
F19->F20,18,35,246.3988,394.5792,-0.819514,1.922582,-1.638371,1.900465,0.819156
F19->F20,18,36,411.9977,387.2342,0.078464,3.154345,0.703238,1.706035,1.577322
F19->F20,18,37,412.013,369.0125,-0.26493,2.590146,0.462345,2.220881,0.81565
F19->F20,18,38,416.4782,348.3958,-0.747531,2.25949,-0.035821,1.84256,0.824841
F19->F20,18,39,422.2405,329.0646,-0.776995,2.063246,0.241517,1.210439,1.3284
F19->F20,18,40,421.9212,310.4842,-0.922343,2.009161,-1.29265,1.919177,0.381083
F19->F20,18,41,417.785,292.1009,-0.978119,1.952689,-1.256118,1.997763,0.28163
F19->F20,18,42,413.388,273.2218,-0.997016,1.85241,-2.499583,2.747509,1.748974
F19->F20,18,43,410.1892,253.8469,-1.000396,1.731719,-0.844441,1.961961,0.278089
F19->F20,18,44,404.8161,235.0912,-0.764499,1.542284,-1.037158,1.884056,0.437208
F19->F20,18,45,396.3233,216.8937,-0.274303,1.290246,-1.093873,1.942056,1.047164
F19->F20,18,46,389.4354,198.579,0.026809,1.117376,-0.231353,0.991474,0.287227
F19->F20,18,47,385.212,179.0113,0.148696,1.027364,-0.005496,1.006603,0.155584
F19->F20,18,48,379.7748,159.8553,0.281349,0.907027,0.088751,1.034102,0.230743
F19->F20,18,49,371.5406,141.0551,0.35249,0.79926,0.01017,0.759843,0.344582
F19->F20,18,50,361.783,122.0803,0.359583,0.751005,0.659189,0.247456,0.585939
F19->F20,18,51,350.6688,105.2686,0.227364,0.639087,-0.051187,0.663512,0.27962
F19->F20,18,52,336.8039,93.9183,0.138267,0.442709,0.185697,0.472773,0.056156
F19->F20,18,53,321.1211,88.3457,-0.03944,0.3483,0.042395,0.375061,0.086099
F19->F20,18,54,304.9008,88.3942,-0.236342,0.364372,-0.108594,0.273105,0.157001
F19->F20,18,55,286.7202,93.4602,-0.3364,0.446333,-0.221555,0.451542,0.114964
F19->F20,18,56,270.1674,105.6412,-0.37681,0.52153,-0.595772,0.289126,0.319305
F19->F20,18,57,256.6797,124.1354,-0.422561,0.523213,-0.129823,0.669117,0.327084
F19->F20,18,58,246.3748,143.6847,-0.356411,0.671346,-0.247883,0.834222,0.195721
F19->F20,18,59,241.2997,164.9238,-0.351077,0.72449,0.007464,0.709446,0.358856
F19->F20,18,60,238.7501,185.025,-0.293935,0.831096,-0.795697,0.789866,0.503454
F19->F20,18,61,238.5754,203.9675,-0.300971,1.027414,-0.298629,0.974234,0.053231
F19->F20,18,62,240.6136,222.7524,-0.48108,1.208601,-0.234005,1.227247,0.247777
F19->F20,18,63,241.8152,241.4652,-0.811705,1.349567,-1.151598,1.194374,0.373647
F19->F20,18,64,241.1685,260.4868,-1.051782,1.48048,0.167403,1.766003,1.252172
F19->F20,18,65,237.8903,280.404,-1.099093,1.575876,1.019214,1.854846,2.136597
F19->F20,18,66,233.4723,300.6788,-0.805216,1.637702,-1.539668,1.045507,0.943458
F19->F20,18,67,232.0908,321.9143,-0.778404,1.620754,-1.096397,1.83652,0.384284
F19->F20,18,68,230.3049,342.2225,-0.800736,1.637132,2.80225,1.250855,3.623633
F19->F20,18,69,229.5524,361.3383,-0.740077,1.73378,-0.511716,2.237934,0.553462
F19->F20,18,70,231.555,380.6493,-0.749646,1.791713,-0.430819,2.225093,0.538023
F19->F20,18,71,238.595,395.3956,-0.672864,1.947372,-1.490662,1.979074,0.818412
F19->F20,18,72,419.4029,388.1935,0.109611,2.986646,1.328086,1.880154,1.645905
F19->F20,18,73,419.6502,368.601,-0.238796,2.487541,0.354535,2.191306,0.663172
F19->F20,18,74,424.1007,347.6677,-0.589107,2.176947,-0.470086,1.797049,0.398106
F19->F20,18,75,430.2927,327.7093,-0.701885,1.981674,-1.690879,1.995867,0.989096
F19->F20,18,76,430.6559,308.7799,-0.970729,1.973619,-3.268215,2.784886,2.436514
F19->F20,18,77,427.3,290.3948,-0.993793,1.960611,-0.98677,2.13013,0.169664
F19->F20,18,78,422.9619,270.9623,-1.030726,1.915747,-2.0124,2.871351,1.369986
F19->F20,18,79,420.6499,251.0278,-1.021931,1.806962,-0.99296,1.987848,0.183191
F19->F20,18,80,416.3614,231.4294,-0.719004,1.637194,-1.269781,1.877937,0.601093
F19->F20,18,81,408.2437,213.1706,-0.200021,1.384082,0.707158,1.081989,0.956155
F19->F20,18,82,401.3417,194.5926,0.084528,1.21458,-0.178124,1.166525,0.267012
F19->F20,18,83,395.9356,174.816,0.197312,1.128445,0.255713,1.122857,0.058668
F19->F20,18,84,390.2012,154.9696,0.282653,1.023106,0.03185,1.044973,0.251754
F19->F20,18,85,381.198,135.1559,0.324091,0.943694,0.203181,1.019886,0.142914
F19->F20,18,86,369.973,114.9352,0.321503,0.887637,-0.176208,0.59986,0.574919
F19->F20,18,87,356.4972,98.1657,0.203214,0.691984,-0.206988,0.538031,0.43814
F19->F20,18,88,339.9734,85.7873,0.148756,0.504312,0.224005,0.39468,0.132972
F19->F20,18,89,322.1648,80.9657,-0.037032,0.373163,-0.044643,0.441551,0.06881
F19->F20,18,90,304.0447,81.5393,-0.23414,0.37768,-0.142655,0.318505,0.108955
F19->F20,18,91,284.419,87.1566,-0.350506,0.481104,-0.10412,0.544409,0.254389
F19->F20,18,92,266.279,100.4368,-0.394948,0.584831,-0.339507,0.455792,0.140445
F19->F20,18,93,253.4901,120.9365,-0.450457,0.560594,-0.081897,0.53855,0.369219
F19->F20,18,94,241.6883,141.9298,-0.387671,0.670535,-0.141821,0.798605,0.277208
F19->F20,18,95,233.7809,163.7895,-0.338386,0.718501,-0.163168,0.821591,0.203295
F19->F20,18,96,229.3697,184.3377,-0.286587,0.80868,-0.517066,0.783387,0.231863
F19->F20,18,97,229.3171,203.4043,-0.281902,1.008628,-0.48373,1.140415,0.241044
F19->F20,18,98,230.8888,222.2466,-0.463315,1.192976,0.363332,1.599893,0.921372
F19->F20,18,99,231.6295,240.8825,-0.777771,1.348928,0.623934,1.883466,1.500169
F19->F20,18,100,230.4433,259.7373,-0.99467,1.496218,-0.120905,1.813245,0.929501
F19->F20,18,101,227.2605,279.4158,-1.032212,1.611918,-1.551434,1.235018,0.641595
F19->F20,18,102,222.966,299.6434,-0.749898,1.678018,-2.549079,1.005504,1.920763
F19->F20,18,103,221.546,320.8138,-0.741731,1.676614,-0.152387,1.899183,0.629971
F19->F20,18,104,219.506,341.3086,-0.772727,1.699538,-2.181485,1.262157,1.475094
F19->F20,18,105,217.9365,361.2457,-0.709331,1.824425,-1.000473,2.128988,0.421334
F19->F20,18,106,219.8585,380.7219,-0.640892,1.893945,2.161774,2.726665,2.923758
F19->F20,18,107,230.7105,396.2011,-0.51805,1.992523,-2.25384,1.893456,1.738614
F19->F20,18,108,426.8528,389.3396,0.130921,2.80589,0.994936,1.877081,1.268545
F19->F20,18,109,426.0533,368.8811,-0.175859,2.390574,-0.194861,1.9467,0.44428
F19->F20,18,110,430.6159,347.5773,-0.372827,2.061829,-0.878677,1.955104,0.516986
F19->F20,18,111,436.6804,326.5876,-0.792471,1.941445,-1.675269,2.182416,0.915095
F19->F20,18,112,438.884,307.244,-1.062234,1.961169,-2.818926,3.105034,2.096281
F19->F20,18,113,436.0313,288.7821,-1.052029,1.996253,-2.216414,2.775026,1.400814
F19->F20,18,114,432.5018,268.9013,-1.077589,1.983131,-0.429925,1.797802,0.673658
F19->F20,18,115,430.8406,248.4305,-1.042068,1.897173,-0.56642,2.119887,0.525207
F19->F20,18,116,427.0641,228.356,-0.677907,1.727797,-0.78358,2.081742,0.369383
F19->F20,18,117,419.8385,209.7475,-0.177271,1.478666,-1.102357,1.965309,1.045278
F19->F20,18,118,412.6739,191.0598,0.112777,1.29922,0.105026,1.142335,0.157077
F19->F20,18,119,406.4593,170.8204,0.246839,1.221627,0.393046,1.239548,0.147301
F19->F20,18,120,399.562,150.666,0.270281,1.131606,0.131874,1.124675,0.138581
F19->F20,18,121,390.5488,130.1177,0.255996,1.039849,0.227651,1.215511,0.177934
F19->F20,18,122,378.2184,109.3282,0.227976,0.924078,0.25737,0.553364,0.371877
F19->F20,18,123,362.3021,91.0275,0.184606,0.746251,19.481091,-20.0,28.333042
F19->F20,18,124,343.6534,79.3414,0.09583,0.517196,0.050124,0.415771,0.111248
F19->F20,18,125,323.7266,74.3716,-0.055004,0.343617,0.046105,0.425088,0.129848
F19->F20,18,126,302.675,75.1358,-0.195495,0.37077,-0.140328,0.11652,0.260166
F19->F20,18,127,281.8768,81.1357,-0.355932,0.52291,-0.162591,0.540803,0.194167
F19->F20,18,128,262.5403,96.0529,-0.420464,0.609317,-0.264617,0.537312,0.171677
F19->F20,18,129,249.5907,117.9472,-0.465991,0.590058,-0.291207,0.477669,0.2078
F19->F20,18,130,237.2345,140.832,-0.414036,0.650624,-0.902748,0.233856,0.642289
F19->F20,18,131,226.5473,163.7745,-0.291365,0.640955,0.037163,0.702574,0.334257
F19->F20,18,132,221.083,184.1595,-0.276579,0.752184,0.07399,1.067582,0.471566
F19->F20,18,133,220.0848,203.1411,-0.287288,0.943519,-0.475008,1.132456,0.266338
F19->F20,18,134,220.6408,221.8037,-0.427145,1.149266,0.403591,1.747307,1.023609
F19->F20,18,135,220.5709,240.4197,-0.690125,1.335656,-1.170043,1.327446,0.479988
F19->F20,18,136,219.4398,259.1456,-0.882163,1.500546,-0.163536,1.837857,0.793854
F19->F20,18,137,216.6927,278.4328,-0.9267,1.644309,0.219034,1.87979,1.169682
F19->F20,18,138,212.9358,298.3809,-0.71525,1.739286,-0.095854,2.049182,0.692594
F19->F20,18,139,211.1432,319.2437,-0.677702,1.768388,-0.558783,2.058275,0.313331
F19->F20,18,140,208.667,339.6696,-0.695452,1.822045,-7.432906,-9.173962,12.895947
F19->F20,18,141,205.7711,359.7921,-0.606205,1.971895,3.980638,-9.075246,11.96154
F19->F20,18,142,209.0818,381.3134,-0.41808,1.947522,-1.285521,2.097512,0.880312
F19->F20,18,143,223.9927,397.1124,-0.424186,2.059137,-2.101593,1.763317,1.703291
F19->F20,18,144,434.4869,390.5042,0.198692,2.660862,2.818589,1.006005,3.098776
F19->F20,18,145,431.8686,369.1005,-0.049328,2.365133,-0.489208,1.863351,0.667293
F19->F20,18,146,436.2725,346.9989,-0.3742,2.008844,1.225762,0.977521,1.903551
F19->F20,18,147,442.9536,325.7624,-0.899052,1.925637,-3.16776,2.919038,2.476667
F19->F20,18,148,446.3785,306.1476,-1.15266,1.984367,-2.109656,2.780836,1.245072
F19->F20,18,149,444.3475,287.2194,-1.109996,2.042605,-0.274892,1.953324,0.839863
F19->F20,18,150,441.7693,267.1472,-1.142026,2.05742,-2.018407,2.921821,1.230948
F19->F20,18,151,441.0117,245.9454,-1.078183,1.989521,-0.316023,2.012298,0.7625
F19->F20,18,152,437.7355,225.4679,-0.671528,1.812233,-0.236707,1.96236,0.460008
F19->F20,18,153,431.1783,206.5854,-0.186396,1.56545,-0.958346,2.00874,0.890175
F19->F20,18,154,423.8196,187.7522,0.110552,1.372963,0.211194,1.404505,0.105469
F19->F20,18,155,416.2787,167.5661,0.244669,1.273241,0.281181,1.004983,0.270731
F19->F20,18,156,408.9425,147.1779,0.174262,1.187448,20.0,-20.0,29.016682
F19->F20,18,157,399.3809,125.9438,0.149468,1.083266,0.771156,0.810858,0.67875
F19->F20,18,158,386.3709,104.4949,0.110041,0.911949,0.145299,0.120888,0.791846
F19->F20,18,159,368.499,85.7038,0.077316,0.710004,0.199934,0.014425,0.706304
F19->F20,18,160,347.7145,73.6001,0.023006,0.488731,19.496654,-20.0,28.266784
F19->F20,18,161,324.7526,68.6896,-0.064434,0.348007,-0.007566,0.372253,0.061821
F19->F20,18,162,301.1686,69.3936,-0.158595,0.345618,-0.031491,0.046298,0.325189
F19->F20,18,163,278.7761,75.7293,-0.361534,0.585523,-0.305032,0.259198,0.33118
F19->F20,18,164,258.6039,92.1134,-0.427816,0.630785,-0.380765,0.601566,0.055386
F19->F20,18,165,245.4965,115.9519,-0.475239,0.582474,0.097981,0.309553,0.634875
F19->F20,18,166,232.2296,140.1998,-0.382078,0.58916,-0.837247,0.15497,0.629046
F19->F20,18,167,219.4969,163.9299,-0.242273,0.550319,-0.089457,0.802435,0.294814
F19->F20,18,168,213.1087,184.7692,-0.283608,0.615879,0.107163,0.935503,0.504838
F19->F20,18,169,210.7808,203.4871,-0.300029,0.833264,-0.42406,1.246735,0.431673
F19->F20,18,170,210.2759,221.5798,-0.398981,1.091995,-2.106699,0.19025,1.931176
F19->F20,18,171,209.7315,240.0227,-0.623554,1.303829,-1.166024,1.310541,0.542512
F19->F20,18,172,208.1854,258.6666,-0.709635,1.497498,-1.787514,1.089685,1.152447
F19->F20,18,173,206.0036,277.6125,-0.749437,1.675151,0.95983,2.167514,1.778768
F19->F20,18,174,202.9984,296.7486,-0.634153,1.834812,-0.484606,2.197687,0.392482
F19->F20,18,175,200.8736,317.024,-0.60404,1.930511,-0.861098,2.017934,0.271517
F19->F20,18,176,198.5118,337.2858,-0.61278,2.013301,2.677035,9.592723,8.262597
F19->F20,18,177,194.764,359.0355,-0.583111,2.074479,0.201458,-9.710183,11.810749
F19->F20,18,178,201.108,383.4008,-0.331133,1.941637,-4.558558,-2.877645,6.410663
F19->F20,18,179,217.8231,398.1061,-0.336383,2.100481,-2.272444,1.873941,1.949269
F20->F21,19,0,404.8209,391.2082,-0.054505,3.503345,1.437784,2.191014,1.987244
F20->F21,19,1,404.5964,372.5237,-0.068026,2.97533,0.338831,2.442833,0.670139
F20->F21,19,2,406.8467,352.5957,-0.626511,2.580943,-0.833975,2.751046,0.268284
F20->F21,19,3,409.3384,333.8853,-0.64444,2.401124,0.597785,2.024823,1.29797
F20->F21,19,4,409.8114,314.2747,-0.640993,2.311215,-1.009356,2.861099,0.661865
F20->F21,19,5,406.1733,296.1749,-0.680684,2.154938,-0.09962,2.094564,0.584192
F20->F21,19,6,402.3905,277.2992,-0.747551,2.009745,-0.206632,1.831746,0.569454
F20->F21,19,7,398.468,258.5951,-0.871042,1.85344,-0.765308,2.080904,0.250838
F20->F21,19,8,391.8326,240.3673,-0.774334,1.655272,-1.188642,1.785262,0.434222
F20->F21,19,9,382.987,222.3508,-0.373249,1.393525,-0.049568,1.129663,0.417603
F20->F21,19,10,376.0906,204.0667,-0.080778,1.182346,-0.088998,1.070508,0.11214
F20->F21,19,11,372.1879,185.1579,0.059404,1.047123,0.189045,1.003773,0.136697
F20->F21,19,12,367.2629,166.694,0.202311,0.905721,0.094156,1.141995,0.259852
F20->F21,19,13,361.4866,148.4265,0.30796,0.760262,0.288988,1.159841,0.400029
F20->F21,19,14,354.0034,130.8806,0.336341,0.704222,0.092649,0.674482,0.245499
F20->F21,19,15,344.5715,114.842,0.224678,0.647305,0.193042,0.533869,0.117765
F20->F21,19,16,333.5314,103.305,0.088686,0.482673,0.109062,0.326727,0.157271
F20->F21,19,17,319.8832,97.007,-0.081316,0.397861,0.165445,0.345562,0.252242
F20->F21,19,18,304.7566,96.4435,-0.247125,0.370386,-0.021882,0.292654,0.238279
F20->F21,19,19,288.5247,100.9486,-0.328449,0.468865,-0.100438,0.507328,0.231233
F20->F21,19,20,273.3123,111.7769,-0.385907,0.569908,-0.11159,0.586234,0.274803
F20->F21,19,21,260.3404,128.1842,-0.402469,0.620559,-0.159178,0.901142,0.371373
F20->F21,19,22,251.0247,146.5536,-0.225085,0.770005,-0.290851,0.916228,0.160332
F20->F21,19,23,248.6426,167.2084,-0.126428,0.808989,-0.129226,0.806582,0.003691
F20->F21,19,24,248.1147,186.831,0.02244,0.955771,0.142736,1.080383,0.173203
F20->F21,19,25,248.0435,205.8783,0.118537,1.162666,0.02483,1.065758,0.134804
F20->F21,19,26,249.7819,224.6466,0.023786,1.345843,-0.336225,1.11281,0.42885
F20->F21,19,27,250.8153,243.4828,-0.234124,1.493921,-0.203841,1.417878,0.081851
F20->F21,19,28,250.7777,262.7667,-0.439005,1.62131,0.278352,1.781227,0.734966
F20->F21,19,29,247.86,282.8022,-0.36748,1.712461,-0.885237,2.109927,0.652726
F20->F21,19,30,243.4928,303.2748,-0.117383,1.782096,0.090854,1.775067,0.208356
F20->F21,19,31,242.1716,324.2902,-0.125337,1.798628,1.81002,1.837828,1.935754
F20->F21,19,32,240.8615,344.4902,-0.23295,1.793834,-0.697742,1.740815,0.467806
F20->F21,19,33,240.2955,362.5012,-0.248842,1.882948,-0.173156,1.709,0.1897
F20->F21,19,34,243.1865,381.0615,-0.603828,1.860007,0.696036,2.044794,1.312933
F20->F21,19,35,245.5793,396.5018,-0.497987,2.054685,1.067231,2.042545,1.565265
F20->F21,19,36,412.0762,390.3885,-0.005031,3.491447,1.015596,2.085733,1.737156
F20->F21,19,37,411.7481,371.6027,-0.143762,2.897144,0.57581,2.124094,1.056121
F20->F21,19,38,415.7307,350.6552,-0.538487,2.512586,0.154197,2.241519,0.743833
F20->F21,19,39,421.4635,331.1278,-0.502402,2.33061,-0.988774,2.824696,0.69331
F20->F21,19,40,420.9989,312.4934,-0.602077,2.247419,-1.212018,2.905354,0.897166
F20->F21,19,41,416.8068,294.0536,-0.680672,2.151004,-2.444109,2.721151,1.853315
F20->F21,19,42,412.391,275.0742,-0.780252,2.025924,-0.455339,1.649539,0.497227
F20->F21,19,43,409.1888,255.5786,-0.919309,1.906462,-0.92267,2.082307,0.175877
F20->F21,19,44,404.0516,236.6335,-0.786955,1.725154,-1.152359,1.915865,0.412178
F20->F21,19,45,396.049,218.184,-0.333271,1.472322,0.316572,1.226754,0.694694
F20->F21,19,46,389.4622,199.6963,-0.034739,1.27786,0.128294,1.010619,0.313046
F20->F21,19,47,385.3607,180.0387,0.067295,1.177876,0.107471,1.359968,0.186472
F20->F21,19,48,380.0562,160.7623,0.215706,1.04692,0.168014,1.227731,0.186995
F20->F21,19,49,371.8931,141.8543,0.297186,0.933487,0.45799,1.313016,0.41219
F20->F21,19,50,362.1426,122.8313,0.318966,0.89096,-0.08627,0.881983,0.405336
F20->F21,19,51,350.8962,105.9077,0.192712,0.767308,-0.050949,0.629449,0.279957
F20->F21,19,52,336.9421,94.361,0.097132,0.556343,-0.010462,0.547785,0.107935
F20->F21,19,53,321.0817,88.694,-0.082295,0.430916,0.11239,0.358665,0.207659
F20->F21,19,54,304.6644,88.7586,-0.274255,0.423614,-0.071731,0.38707,0.205795
F20->F21,19,55,286.3838,93.9066,-0.349872,0.513047,-0.121623,0.531818,0.229019
F20->F21,19,56,269.7905,106.1627,-0.384748,0.62326,-0.033266,0.57505,0.354773
F20->F21,19,57,256.2571,124.6586,-0.423863,0.631252,-0.03979,0.733174,0.397367
F20->F21,19,58,246.0184,144.356,-0.272127,0.777018,-0.352494,0.838823,0.101384
F20->F21,19,59,240.9486,165.6483,-0.15143,0.829429,0.080401,0.934372,0.254478
F20->F21,19,60,238.4562,185.8561,0.042787,0.963766,-0.223403,1.241759,0.384886
F20->F21,19,61,238.2744,204.9949,0.14813,1.175686,-1.305157,1.221757,1.454017
F20->F21,19,62,240.1325,223.961,0.060748,1.368656,-0.531849,1.09837,0.651326
F20->F21,19,63,241.0035,242.8148,-0.203809,1.526561,0.345937,1.586932,0.553051
F20->F21,19,64,240.1168,261.9673,-0.421873,1.66892,0.588974,1.798696,1.019144
F20->F21,19,65,236.7912,281.9799,-0.401996,1.770002,0.128306,1.953464,0.56114
F20->F21,19,66,232.6671,302.3166,-0.092181,1.843702,0.182283,1.843182,0.274465
F20->F21,19,67,231.3124,323.535,-0.149905,1.837927,0.790047,1.975219,0.949925
F20->F21,19,68,229.5042,343.8596,-0.25225,1.852361,-0.140229,2.129351,0.298785
F20->F21,19,69,228.8123,363.0721,-0.311666,1.940683,-0.519939,1.991147,0.2143
F20->F21,19,70,230.8054,382.441,-0.431594,1.953341,0.224617,2.126071,0.678565
F20->F21,19,71,237.9221,397.3429,-0.353921,2.102006,2.034529,2.137752,2.388718
F20->F21,19,72,419.5125,391.1802,0.017132,3.414945,1.073492,2.161117,1.639507
F20->F21,19,73,419.4114,371.0885,-0.150762,2.879548,0.933587,1.931137,1.44059
F20->F21,19,74,423.5116,349.8446,-0.410528,2.522639,0.204562,2.164597,0.71171
F20->F21,19,75,429.5908,329.691,-0.474572,2.325938,-1.000308,2.946584,0.813387
F20->F21,19,76,429.6852,310.7536,-0.72054,2.254209,-2.974641,3.958562,2.825914
F20->F21,19,77,426.3062,292.3554,-0.749639,2.155415,-0.629946,2.215583,0.133965
F20->F21,19,78,421.9312,272.8781,-0.846992,2.070562,-0.429162,1.749929,0.526676
F20->F21,19,79,419.628,252.8347,-0.97413,1.953204,-0.437807,1.738966,0.577529
F20->F21,19,80,415.6424,233.0665,-0.780957,1.794252,-0.967018,1.8981,0.21308
F20->F21,19,81,408.0436,214.5547,-0.279069,1.538372,-1.038656,1.895394,0.839308
F20->F21,19,82,401.4263,195.8072,0.003517,1.357704,-0.241776,1.686043,0.409848
F20->F21,19,83,396.1329,175.9445,0.114717,1.268679,-0.92774,1.852491,1.194802
F20->F21,19,84,390.4839,155.9927,0.21448,1.156623,0.486409,1.272057,0.295416
F20->F21,19,85,381.522,136.0996,0.270479,1.080824,0.427301,1.206437,0.200927
F20->F21,19,86,370.2945,115.8229,0.273797,1.03236,0.169534,1.059087,0.107634
F20->F21,19,87,356.7005,98.8577,0.161377,0.819329,0.31299,0.854133,0.155556
F20->F21,19,88,340.1221,86.2916,0.104183,0.620175,0.115718,0.60779,0.016925
F20->F21,19,89,322.1278,81.3389,-0.085304,0.454803,0.009334,0.466525,0.095361
F20->F21,19,90,303.8106,81.9169,-0.273867,0.429969,-0.100324,0.44552,0.174238
F20->F21,19,91,284.0684,87.6377,-0.364498,0.54275,-0.248989,0.687374,0.18509
F20->F21,19,92,265.884,101.0217,-0.400283,0.719376,-0.087103,0.567608,0.348016
F20->F21,19,93,253.0396,121.4971,-0.469915,0.679999,-0.106997,0.930631,0.441051
F20->F21,19,94,241.3007,142.6003,-0.322412,0.777372,-0.168759,0.890794,0.190981
F20->F21,19,95,233.4425,164.508,-0.156241,0.825704,-0.066168,0.872193,0.101363
F20->F21,19,96,229.0831,185.1464,0.024312,0.941027,-0.330001,1.148832,0.410756
F20->F21,19,97,229.0352,204.413,0.154258,1.165379,-0.959823,0.996934,1.126743
F20->F21,19,98,230.4255,223.4395,0.090136,1.365578,0.496169,1.632846,0.486102
F20->F21,19,99,230.8518,242.2315,-0.135716,1.535149,0.549895,1.943801,0.79816
F20->F21,19,100,229.4487,261.2335,-0.338137,1.700564,0.610996,1.974521,0.98788
F20->F21,19,101,226.2283,281.0278,-0.353208,1.820078,0.404091,1.730022,0.762635
F20->F21,19,102,222.2161,301.3214,-0.058918,1.899338,-0.295032,1.996858,0.25546
F20->F21,19,103,220.8043,322.4904,-0.122996,1.905468,0.085966,2.189093,0.35229
F20->F21,19,104,218.7333,343.0081,-0.234278,1.930375,-0.469516,2.350086,0.481138
F20->F21,19,105,217.2272,363.0701,-0.305638,2.045993,1.885684,2.876103,2.343282
F20->F21,19,106,219.2176,382.6159,-0.315734,2.111205,-9.113418,-0.981722,9.325527
F20->F21,19,107,230.1924,398.1936,-0.199763,2.178172,0.568719,2.987086,1.115753
F20->F21,19,108,426.9837,392.1455,0.009439,3.291767,-0.033089,2.059064,1.233436
F20->F21,19,109,425.8774,371.2717,-0.096813,2.839989,0.112425,2.154358,0.716847
F20->F21,19,110,430.2431,349.6391,-0.201715,2.496532,-1.67532,3.181294,1.624933
F20->F21,19,111,435.8879,328.529,-0.581256,2.351594,-1.081999,2.894372,0.738479
F20->F21,19,112,437.8218,309.2052,-0.866802,2.276007,-9.584846,1.718357,8.735861
F20->F21,19,113,434.9793,290.7784,-0.861533,2.184887,-0.616396,2.13879,0.249434
F20->F21,19,114,431.4243,270.8845,-0.935633,2.110628,-0.006223,2.090916,0.929619
F20->F21,19,115,429.7986,250.3277,-1.020633,2.002162,-0.410381,1.666905,0.69628
F20->F21,19,116,426.3861,230.0838,-0.757425,1.845129,0.398117,1.325374,1.267053
F20->F21,19,117,419.6612,211.2262,-0.271842,1.599359,-0.972182,1.879306,0.754219
F20->F21,19,118,412.7867,192.359,0.019338,1.423176,-0.563355,2.156325,0.936504
F20->F21,19,119,406.7061,172.042,0.164509,1.345316,0.419164,1.273828,0.264499
F20->F21,19,120,399.8323,151.7976,0.20338,1.258986,0.367859,1.457008,0.257423
F20->F21,19,121,390.8047,131.1576,0.194015,1.175559,0.321053,1.266415,0.156185
F20->F21,19,122,378.4463,110.2523,0.174238,1.064428,0.228101,0.834837,0.235825
F20->F21,19,123,362.4867,91.7738,0.140074,0.877,20.0,-20.0,28.814334
F20->F21,19,124,343.7492,79.8586,0.053459,0.627958,0.049438,0.678693,0.050893
F20->F21,19,125,323.6716,74.7152,-0.10276,0.430464,0.045357,0.512874,0.1695
F20->F21,19,126,302.4795,75.5066,-0.23201,0.416588,-0.209215,0.45604,0.045563
F20->F21,19,127,281.5209,81.6586,-0.369998,0.576939,-0.295863,0.585472,0.074624
F20->F21,19,128,262.1198,96.6622,-0.425604,0.776939,-0.384952,0.468136,0.311467
F20->F21,19,129,249.1247,118.5372,-0.494493,0.723506,-0.149874,0.773546,0.348233
F20->F21,19,130,236.8205,141.4826,-0.361959,0.759146,0.02487,0.912836,0.416242
F20->F21,19,131,226.2559,164.4155,-0.122672,0.755865,0.138701,0.769699,0.261739
F20->F21,19,132,220.8064,184.9117,0.00422,0.887199,-0.187549,0.867511,0.192777
F20->F21,19,133,219.7975,204.0846,0.140422,1.112125,-0.254326,1.034653,0.402278
F20->F21,19,134,220.2137,222.953,0.124106,1.335783,-0.917158,1.167021,1.054851
F20->F21,19,135,219.8808,241.7554,-0.024223,1.532518,0.62429,1.904162,0.747454
F20->F21,19,136,218.5577,260.6461,-0.200889,1.715901,0.581751,2.050852,0.851304
F20->F21,19,137,215.766,280.0771,-0.262784,1.864142,0.903021,1.922487,1.167264
F20->F21,19,138,212.2206,300.1202,-0.045995,1.967623,0.066335,1.998273,0.116435
F20->F21,19,139,210.4655,321.0121,-0.066437,1.998179,-0.584564,2.183074,0.550129
F20->F21,19,140,207.9715,341.4917,-0.154825,2.063047,-0.324534,2.128633,0.181941
F20->F21,19,141,205.1649,361.764,-0.168609,2.21074,5.55895,4.039752,6.012506
F20->F21,19,142,208.6637,383.2609,-0.062876,2.191733,-0.209558,2.044432,0.207877
F20->F21,19,143,223.5685,399.1715,-0.141926,2.28273,0.287089,3.109152,0.931143
F20->F21,19,144,434.6856,393.1651,0.058521,3.207113,2.437076,0.86608,3.337359
F20->F21,19,145,431.8193,371.4657,0.057436,2.914902,-0.028017,2.123239,0.796262
F20->F21,19,146,435.8983,349.0077,-0.183166,2.545816,-1.574102,3.147081,1.515329
F20->F21,19,147,442.0545,327.688,-0.716023,2.382699,0.886455,2.032875,1.640218
F20->F21,19,148,445.2258,308.1319,-1.034156,2.313335,-0.993851,5.050884,2.737845
F20->F21,19,149,443.2375,289.262,-0.989094,2.228611,-0.574737,2.168398,0.418709
F20->F21,19,150,440.6272,269.2046,-1.047243,2.142987,-1.827217,3.102837,1.236799
F20->F21,19,151,439.9336,247.9349,-1.085897,2.05035,-0.563797,2.186989,0.539684
F20->F21,19,152,437.064,227.2801,-0.766254,1.885287,-0.029473,1.106676,1.071952
F20->F21,19,153,430.9919,208.1508,-0.292896,1.653311,-0.604028,2.126588,0.566387
F20->F21,19,154,423.9302,189.1251,0.013362,1.472608,-0.933823,1.883708,1.032551
F20->F21,19,155,416.5234,168.8394,0.168352,1.381853,0.417943,1.350765,0.25152
F20->F21,19,156,409.1168,148.3654,0.110019,1.307469,0.21749,1.353069,0.116745
F20->F21,19,157,399.5304,127.0271,0.084055,1.217313,20.0,-19.474961,28.719594
F20->F21,19,158,386.4809,105.4069,0.055,1.047654,0.127438,0.268831,0.782184
F20->F21,19,159,368.5763,86.4138,0.036236,0.834923,0.01169,0.201242,0.634156
F20->F21,19,160,347.7375,74.0888,-0.016545,0.595273,20.0,-19.167549,28.128833
F20->F21,19,161,324.6882,69.0377,-0.114121,0.427241,-0.012551,0.485828,0.117256
F20->F21,19,162,301.01,69.7392,-0.192897,0.383834,-0.139131,0.424097,0.06717
F20->F21,19,163,278.4145,76.3149,-0.372565,0.631354,-0.227293,0.575781,0.155539
F20->F21,19,164,258.176,92.7442,-0.441435,0.832715,-0.261532,0.370438,0.49605
F20->F21,19,165,245.0213,116.5343,-0.504853,0.726612,-0.096525,0.88858,0.439278
F20->F21,19,166,231.8475,140.789,-0.339948,0.704778,0.006837,0.721585,0.347192
F20->F21,19,167,219.2547,164.4802,-0.08265,0.677163,-0.00787,0.673068,0.074892
F20->F21,19,168,212.8251,185.3851,-0.011141,0.767159,-0.149518,0.731808,0.142822
F20->F21,19,169,210.4808,204.3204,0.118108,1.020899,0.099581,1.072653,0.05497
F20->F21,19,170,209.8769,222.6718,0.146321,1.296005,-0.489751,1.460113,0.656902
F20->F21,19,171,209.1079,241.3266,0.039738,1.51458,0.802997,2.030819,0.921448
F20->F21,19,172,207.4758,260.1641,-0.036183,1.720652,0.847887,1.854927,0.894209
F20->F21,19,173,205.2541,279.2876,-0.099552,1.898054,0.580199,2.260561,0.770373
F20->F21,19,174,202.3642,298.5834,0.021985,2.056335,0.111034,1.994507,0.108409
F20->F21,19,175,200.2695,318.9546,0.003962,2.154485,-1.125785,1.933036,1.151246
F20->F21,19,176,197.899,339.2991,-0.072366,2.239858,-0.547554,2.000819,0.531923
F20->F21,19,177,194.1809,361.11,-0.118834,2.295199,-9.507941,-8.947108,14.647348
F20->F21,19,178,200.7769,385.3424,0.012845,2.186472,0.365306,2.0308,0.385308
F20->F21,19,179,217.4867,400.2066,-0.051379,2.361052,0.052397,-1.857628,4.219956
F21->F22,20,0,404.7664,394.7116,-0.233902,3.537088,-1.633378,2.923717,1.527992
F21->F22,20,1,404.5283,375.499,-0.079771,3.041386,2.173589,2.124293,2.432837
F21->F22,20,2,406.2202,355.1766,-0.525578,2.621767,-4.105004,3.843418,3.782158
F21->F22,20,3,408.694,336.2864,-0.502913,2.433989,-1.979171,2.876165,1.541057
F21->F22,20,4,409.1704,316.5859,-0.482741,2.35615,0.283664,2.071645,0.817509
F21->F22,20,5,405.4926,298.3299,-0.574576,2.206154,0.431382,2.155863,1.007214
F21->F22,20,6,401.643,279.3089,-0.707124,2.061406,-0.188096,2.07282,0.519153
F21->F22,20,7,397.597,260.4486,-0.883023,1.902684,-0.312094,1.967811,0.574632
F21->F22,20,8,391.0583,242.0226,-0.826209,1.702216,-1.329092,1.790707,0.510609
F21->F22,20,9,382.6137,223.7443,-0.433744,1.43586,-1.448397,1.69246,1.046597
F21->F22,20,10,376.0098,205.249,-0.123458,1.211564,0.437034,1.12059,0.567827
F21->F22,20,11,372.2473,186.205,0.032994,1.069514,0.375412,1.156171,0.353213
F21->F22,20,12,367.4653,167.5997,0.198415,0.919985,0.310637,1.06928,0.186769
F21->F22,20,13,361.7946,149.1868,0.312914,0.773587,-0.107434,0.779647,0.420392
F21->F22,20,14,354.3398,131.5849,0.355022,0.719499,-0.177561,0.759107,0.534054
F21->F22,20,15,344.7962,115.4893,0.255997,0.65474,0.010085,0.551877,0.266558
F21->F22,20,16,333.6201,103.7877,0.115499,0.498534,0.2696,0.445594,0.162941
F21->F22,20,17,319.8019,97.4049,-0.051825,0.407648,0.021256,0.243129,0.180021
F21->F22,20,18,304.5095,96.8139,-0.210922,0.376,-0.213632,0.424064,0.048141
F21->F22,20,19,288.1962,101.4175,-0.278898,0.478033,-0.330274,0.371828,0.117979
F21->F22,20,20,272.9264,112.3468,-0.334534,0.59206,0.487793,0.698333,0.829165
F21->F22,20,21,259.938,128.8047,-0.328286,0.629938,-0.189175,0.937673,0.337717
F21->F22,20,22,250.7996,147.3236,-0.090366,0.753076,-0.040231,0.705835,0.068886
F21->F22,20,23,248.5161,168.0173,0.114763,0.786674,0.373173,0.973828,0.319065
F21->F22,20,24,248.1371,187.7867,0.385853,0.939142,0.262769,0.94658,0.123308
F21->F22,20,25,248.162,207.041,0.595804,1.138277,0.100918,1.308219,0.523252
F21->F22,20,26,249.8056,225.9924,0.587076,1.312663,0.178177,1.203588,0.423197
F21->F22,20,27,250.5811,244.9768,0.427842,1.469905,0.356131,1.173145,0.305301
F21->F22,20,28,250.3386,264.388,0.297848,1.599169,0.480784,1.228325,0.41351
F21->F22,20,29,247.4925,284.5147,0.45494,1.699914,0.909421,1.714715,0.454722
F21->F22,20,30,243.3754,305.0569,0.677845,1.788943,0.816058,1.769577,0.139563
F21->F22,20,31,242.0462,326.0888,0.559417,1.821952,1.243958,1.735499,0.689979
F21->F22,20,32,240.6286,346.284,0.336155,1.828824,1.56533,1.834642,1.229189
F21->F22,20,33,240.0466,364.3842,0.165261,1.911906,1.25174,1.858924,1.087771
F21->F22,20,34,242.5827,382.9215,-0.330506,1.867856,-0.163339,2.215181,0.385461
F21->F22,20,35,245.0813,398.5565,-0.280598,2.053205,-0.172644,1.906949,0.181782
F21->F22,20,36,412.0711,393.88,-0.204575,3.54182,-2.42864,2.949855,2.301497
F21->F22,20,37,411.6043,374.4998,-0.157673,3.017586,2.206013,2.30252,2.46948
F21->F22,20,38,415.1922,353.1678,-0.487583,2.589767,-1.651056,3.132217,1.283715
F21->F22,20,39,420.9611,333.4584,-0.402839,2.418363,-1.824465,2.826943,1.479175
F21->F22,20,40,420.3968,314.7408,-0.478705,2.31987,0.319557,2.027748,0.850035
F21->F22,20,41,416.1262,296.2046,-0.604644,2.204989,0.190317,2.166476,0.795893
F21->F22,20,42,411.6108,277.1001,-0.756601,2.066319,-2.14349,2.867015,1.60143
F21->F22,20,43,408.2695,257.4851,-0.962927,1.949322,-0.269713,1.730988,0.726784
F21->F22,20,44,403.2647,238.3586,-0.882775,1.767762,0.816844,1.09028,1.829668
F21->F22,20,45,395.7158,219.6563,-0.441337,1.515105,-1.058666,1.814715,0.686193
F21->F22,20,46,389.4274,200.9742,-0.105361,1.307506,0.302054,1.292252,0.4077
F21->F22,20,47,385.428,181.2166,0.016669,1.203087,0.176408,1.143454,0.170507
F21->F22,20,48,380.2719,161.8092,0.185498,1.068065,0.103423,1.179771,0.138617
F21->F22,20,49,372.1903,142.7878,0.286712,0.951005,-0.222581,1.036778,0.516465
F21->F22,20,50,362.4616,123.7222,0.327981,0.910261,0.01672,0.789363,0.333916
F21->F22,20,51,351.0889,106.675,0.214414,0.785519,0.186563,0.822368,0.046191
F21->F22,20,52,337.0393,94.9173,0.116299,0.581001,-0.018532,0.671553,0.162416
F21->F22,20,53,320.9994,89.125,-0.060547,0.447088,0.047667,0.323794,0.164047
F21->F22,20,54,304.3902,89.1822,-0.243996,0.425097,-0.261237,0.379991,0.048289
F21->F22,20,55,286.034,94.4196,-0.303021,0.525324,-0.309979,0.359728,0.165742
F21->F22,20,56,269.4058,106.786,-0.345143,0.65524,0.157569,0.779758,0.517904
F21->F22,20,57,255.8332,125.2899,-0.370861,0.646671,-0.27705,1.025266,0.390044
F21->F22,20,58,245.7463,145.133,-0.154528,0.762654,-0.019889,0.739788,0.136567
F21->F22,20,59,240.7972,166.4777,0.079697,0.804969,0.220789,0.910384,0.176123
F21->F22,20,60,238.4989,186.8198,0.401543,0.95292,0.013372,0.618676,0.512245
F21->F22,20,61,238.4226,206.1706,0.62587,1.156603,0.489909,1.057936,0.16799
F21->F22,20,62,240.1932,225.3297,0.670473,1.34331,-0.10161,1.342781,0.772083
F21->F22,20,63,240.7997,244.3413,0.50807,1.510175,0.200662,1.290253,0.377975
F21->F22,20,64,239.6949,263.6362,0.338145,1.659699,-0.075636,1.351914,0.5157
F21->F22,20,65,236.3892,283.7499,0.423968,1.766956,1.416515,1.903547,1.001901
F21->F22,20,66,232.5749,304.1603,0.695805,1.858948,0.457593,1.851942,0.238315
F21->F22,20,67,231.1625,325.3729,0.539253,1.87615,0.446442,1.814037,0.111678
F21->F22,20,68,229.2519,345.712,0.324551,1.900603,0.811268,1.966556,0.491166
F21->F22,20,69,228.5006,365.0127,0.099891,1.981631,-3.567917,0.837052,3.842249
F21->F22,20,70,230.3738,384.3943,-0.152718,1.954569,0.223737,2.241119,0.473106
F21->F22,20,71,237.5682,399.4449,-0.147012,2.104117,0.337082,1.957518,0.505805
F21->F22,20,72,419.5296,394.5951,-0.193234,3.515089,-0.354518,2.82239,0.711228
F21->F22,20,73,419.2606,373.968,-0.190476,3.032073,1.420286,2.260005,1.786238
F21->F22,20,74,423.101,352.3673,-0.354396,2.649267,-0.051695,1.947797,0.763994
F21->F22,20,75,429.1162,332.0169,-0.385492,2.464645,0.494168,2.297909,0.895323
F21->F22,20,76,428.9646,313.0078,-0.61833,2.347387,0.279953,2.075154,0.938628
F21->F22,20,77,425.5565,294.5108,-0.69515,2.203725,0.323421,2.283732,1.021709
F21->F22,20,78,421.0842,274.9486,-0.836163,2.101206,-2.041568,2.836201,1.411814
F21->F22,20,79,418.6539,254.7879,-1.038339,1.985595,-0.315263,1.828838,0.739873
F21->F22,20,80,414.8614,234.8608,-0.904278,1.829073,-1.2248,1.823777,0.320566
F21->F22,20,81,407.7646,216.0931,-0.397989,1.573651,-1.024805,1.924538,0.718345
F21->F22,20,82,401.4298,197.1649,-0.079352,1.38665,-0.833207,1.891662,0.907378
F21->F22,20,83,396.2476,177.2131,0.058022,1.295223,0.287084,1.295772,0.229063
F21->F22,20,84,390.6984,157.1493,0.182464,1.178944,0.252633,1.310059,0.14871
F21->F22,20,85,381.7925,137.1804,0.260594,1.101617,0.314804,1.256855,0.164432
F21->F22,20,86,370.5683,116.8552,0.2773,1.054918,0.19756,1.010108,0.091468
F21->F22,20,87,356.8618,99.677,0.178656,0.840539,0.370231,0.760578,0.207593
F21->F22,20,88,340.2263,86.9117,0.119048,0.648209,0.022487,0.758743,0.146771
F21->F22,20,89,322.0425,81.7937,-0.070268,0.472053,0.077213,0.529685,0.158342
F21->F22,20,90,303.5367,82.3469,-0.246373,0.422302,-0.4162,0.465139,0.175146
F21->F22,20,91,283.704,88.1804,-0.317121,0.554541,-0.287068,0.412533,0.145153
F21->F22,20,92,265.4838,101.7411,-0.365248,0.77179,-0.037009,0.850729,0.337597
F21->F22,20,93,252.5697,122.1771,-0.43448,0.700234,-0.177957,1.263739,0.619146
F21->F22,20,94,240.9783,143.3777,-0.219422,0.763614,0.011932,0.865925,0.252966
F21->F22,20,95,233.2863,165.3337,0.060153,0.8033,-0.016006,1.041066,0.249666
F21->F22,20,96,229.1074,186.0874,0.366066,0.929787,0.160213,0.861697,0.216822
F21->F22,20,97,229.1895,205.5783,0.637145,1.153691,0.514439,1.105935,0.131672
F21->F22,20,98,230.5156,224.8051,0.727601,1.353912,0.671417,1.893695,0.542699
F21->F22,20,99,230.7161,243.7666,0.62173,1.527307,0.900824,1.723656,0.341243
F21->F22,20,100,229.1105,262.9341,0.448684,1.704107,0.070207,1.226087,0.609711
F21->F22,20,101,225.875,282.8478,0.453091,1.824666,0.642576,2.02181,0.273442
F21->F22,20,102,222.1572,303.2208,0.720276,1.922592,-1.810764,3.692273,3.088354
F21->F22,20,103,220.6813,324.3959,0.567023,1.945561,0.81902,2.13143,0.313129
F21->F22,20,104,218.499,344.9385,0.345969,1.979545,0.359461,1.624138,0.355663
F21->F22,20,105,216.9215,365.1161,0.09368,2.08094,-3.968683,0.996534,4.204609
F21->F22,20,106,218.9019,384.7271,-0.037526,2.127985,-4.722815,5.813736,5.961266
F21->F22,20,107,229.9927,400.3718,0.001134,2.186329,-1.891562,6.975972,5.150046
F21->F22,20,108,426.9932,395.4373,-0.212877,3.431888,-0.006798,3.202439,0.308408
F21->F22,20,109,425.7806,374.1116,-0.135999,3.02093,0.400836,2.389324,0.828925
F21->F22,20,110,430.0414,352.1356,-0.151181,2.695205,0.188546,2.051264,0.728063
F21->F22,20,111,435.3066,330.8806,-0.484408,2.530984,-1.053553,2.934776,0.697836
F21->F22,20,112,436.955,311.4812,-0.796274,2.384725,-2.222243,2.787688,1.481812
F21->F22,20,113,434.1177,292.9633,-0.830741,2.220369,-1.010283,2.935923,0.737735
F21->F22,20,114,430.4886,272.9951,-0.942675,2.121372,0.396943,2.198769,1.341852
F21->F22,20,115,428.7779,252.3299,-1.097339,2.015671,-0.232293,1.983239,0.865655
F21->F22,20,116,425.6287,231.9289,-0.892679,1.866749,-0.688988,2.018434,0.253966
F21->F22,20,117,419.3894,212.8256,-0.39359,1.626009,-0.849703,2.067129,0.634529
F21->F22,20,118,412.806,193.7822,-0.069795,1.452927,0.325729,1.206206,0.466166
F21->F22,20,119,406.8706,173.3874,0.105128,1.370021,0.215976,1.292261,0.135402
F21->F22,20,120,400.0356,153.0566,0.172664,1.280881,0.291846,1.411656,0.176937
F21->F22,20,121,390.9988,132.3331,0.180142,1.198088,0.169496,1.126343,0.07253
F21->F22,20,122,378.6206,111.3167,0.175301,1.089861,0.260652,0.838309,0.265637
F21->F22,20,123,362.6268,92.6508,0.150387,0.901393,20.0,-20.0,28.824908
F21->F22,20,124,343.8027,80.4865,0.070094,0.653422,-0.125041,0.554089,0.218963
F21->F22,20,125,323.5689,75.1457,-0.092169,0.458534,0.080672,0.357266,0.200323
F21->F22,20,126,302.2475,75.9231,-0.208145,0.408197,-0.330723,0.434878,0.125448
F21->F22,20,127,281.1509,82.2355,-0.323534,0.592837,0.081752,0.524913,0.410939
F21->F22,20,128,261.6942,97.4392,-0.387883,0.844595,-0.32637,0.792215,0.080793
F21->F22,20,129,248.6302,119.2607,-0.468275,0.750783,-0.03443,1.19221,0.618934
F21->F22,20,130,236.4585,142.2417,-0.268786,0.746812,0.09266,0.787353,0.363713
F21->F22,20,131,226.1332,165.1714,0.079047,0.741624,0.028008,1.01906,0.282092
F21->F22,20,132,220.8107,185.7989,0.327736,0.880526,0.287814,0.75584,0.130921
F21->F22,20,133,219.9379,205.1967,0.630269,1.119492,0.648824,1.064425,0.058109
F21->F22,20,134,220.3378,224.2888,0.769811,1.340009,-0.002655,1.200168,0.785021
F21->F22,20,135,219.8565,243.2879,0.752149,1.535354,-0.035172,1.232371,0.843607
F21->F22,20,136,218.3568,262.362,0.594306,1.726027,1.781212,1.854737,1.193864
F21->F22,20,137,215.5032,281.9413,0.520409,1.875089,0.722394,2.181175,0.366724
F21->F22,20,138,212.1746,302.0878,0.726536,1.987901,0.62238,2.267078,0.297973
F21->F22,20,139,210.3991,323.0102,0.621371,2.028709,1.052166,1.945581,0.438742
F21->F22,20,140,207.8167,343.5547,0.434945,2.104485,0.920694,1.702419,0.630563
F21->F22,20,141,204.9963,363.9747,0.263878,2.234239,-2.955546,1.21066,3.378225
F21->F22,20,142,208.6008,385.4527,0.212612,2.218159,-1.856434,2.051303,2.075764
F21->F22,20,143,223.4266,401.4542,0.023223,2.297635,2.624822,7.093993,5.456498
F21->F22,20,144,434.7441,396.3722,-0.208127,3.359715,-2.274802,3.915813,2.140185
F21->F22,20,145,431.8767,374.3806,0.045431,3.138443,-1.359382,2.806992,1.443384
F21->F22,20,146,435.7152,351.5535,-0.082571,2.821769,-0.900688,2.867762,0.819409
F21->F22,20,147,441.3385,330.0707,-0.624107,2.590599,-0.546269,3.204852,0.619165
F21->F22,20,148,444.1917,310.4453,-1.008655,2.423143,-0.208686,1.644707,1.116205
F21->F22,20,149,442.2484,291.4906,-0.998284,2.250627,0.119846,2.20856,1.118921
F21->F22,20,150,439.58,271.3476,-1.061444,2.123535,-1.197156,2.973201,0.860436
F21->F22,20,151,438.8477,249.9852,-1.168922,2.042781,-0.393394,1.886816,0.791056
F21->F22,20,152,436.2977,229.1654,-0.899468,1.89264,-0.543212,1.97415,0.365462
F21->F22,20,153,430.699,209.8041,-0.413333,1.673808,-0.587832,2.06762,0.430741
F21->F22,20,154,423.9435,190.5977,-0.075052,1.499295,0.477448,1.171746,0.642297
F21->F22,20,155,416.6917,170.2212,0.115369,1.407412,-0.832509,1.907325,1.071627
F21->F22,20,156,409.2268,149.6728,0.090311,1.330435,20.0,-20.0,29.178471
F21->F22,20,157,399.6144,128.2444,0.074146,1.243694,20.0,-19.492664,28.758237
F21->F22,20,158,386.5359,106.4545,0.059924,1.078179,0.757226,0.90685,0.718043
F21->F22,20,159,368.6125,87.2487,0.054062,0.863372,0.056067,0.110512,0.752863
F21->F22,20,160,347.7209,74.6841,0.00332,0.621331,20.0,-20.0,28.724667
F21->F22,20,161,324.574,69.4649,-0.105739,0.449218,0.0102,0.439822,0.116318
F21->F22,20,162,300.8171,70.1231,-0.175602,0.374855,-0.279821,0.390328,0.105361
F21->F22,20,163,278.042,76.9462,-0.325695,0.659276,-0.058365,0.61544,0.2709
F21->F22,20,164,257.7346,93.5769,-0.407389,0.910074,-0.275494,0.731641,0.221888
F21->F22,20,165,244.5164,117.2609,-0.480034,0.755912,0.252416,0.833437,0.736541
F21->F22,20,166,231.5076,141.4938,-0.257487,0.699653,0.035558,0.754749,0.29818
F21->F22,20,167,219.172,165.1573,0.109404,0.675784,0.189318,0.909412,0.246918
F21->F22,20,168,212.814,186.1523,0.31627,0.782247,0.515869,1.061735,0.343444
F21->F22,20,169,210.5989,205.3413,0.609018,1.051074,0.836703,1.017118,0.230203
F21->F22,20,170,210.0232,223.9678,0.799269,1.31995,0.305681,0.863549,0.672257
F21->F22,20,171,209.1477,242.8411,0.824469,1.531602,0.29528,1.006339,0.745616
F21->F22,20,172,207.4396,261.8848,0.744626,1.739293,2.016617,1.834688,1.275563
F21->F22,20,173,205.1546,281.1857,0.657403,1.907071,1.187809,1.950675,0.532195
F21->F22,20,174,202.3862,300.6397,0.778728,2.060663,2.891645,2.961716,2.297023
F21->F22,20,175,200.2735,321.109,0.69617,2.159599,0.367306,1.783353,0.499713
F21->F22,20,176,197.8266,341.539,0.514426,2.243029,-2.522838,0.774823,3.373515
F21->F22,20,177,194.062,363.4052,0.337783,2.28085,0.665175,7.942342,5.670951
F21->F22,20,178,200.7898,387.5289,0.254505,2.192919,3.431879,3.981049,3.645972
F21->F22,20,179,217.4353,402.5677,0.116102,2.389824,5.380335,6.928957,6.950962
F22->F23,21,0,404.5325,398.2486,-0.601715,3.49119,-1.9461,3.090918,1.402707
F22->F23,21,1,404.4486,378.5404,-0.324634,3.067503,-8.912046,-8.995809,14.807672
F22->F23,21,2,405.6946,357.7984,-0.704388,2.635724,1.734018,2.00664,2.518248
F22->F23,21,3,408.1911,338.7204,-0.703215,2.431243,0.030956,2.094499,0.807715
F22->F23,21,4,408.6877,318.942,-0.675405,2.355688,0.771804,1.900425,1.517128
F22->F23,21,5,404.918,300.536,-0.788575,2.216336,-0.210585,2.028286,0.607812
F22->F23,21,6,400.9359,281.3703,-0.922301,2.066624,-0.478723,1.889885,0.477492
F22->F23,21,7,396.7139,262.3512,-1.083482,1.90819,-1.491904,1.846622,0.413037
F22->F23,21,8,390.2321,243.7248,-1.03711,1.705399,-0.565705,1.941776,0.527349
F22->F23,21,9,382.18,225.1801,-0.639834,1.442914,-0.916777,1.898073,0.532792
F22->F23,21,10,375.8864,206.4606,-0.278876,1.211332,-0.383472,0.797231,0.427107
F22->F23,21,11,372.2803,187.2745,-0.080003,1.071136,0.102729,0.959361,0.214207
F22->F23,21,12,367.6637,168.5197,0.127041,0.920935,0.345152,0.874148,0.223072
F22->F23,21,13,362.1075,149.9604,0.272453,0.777999,0.1462,1.002609,0.257662
F22->F23,21,14,354.6948,132.3044,0.346746,0.725559,0.161651,0.832069,0.213552
F22->F23,21,15,345.0522,116.144,0.276132,0.655842,-0.010442,0.619759,0.288836
F22->F23,21,16,333.7356,104.2862,0.146829,0.50725,0.333634,0.462925,0.191992
F22->F23,21,17,319.7501,97.8126,-0.008818,0.41705,0.14694,0.387422,0.158551
F22->F23,21,18,304.2986,97.1899,-0.15923,0.388595,0.151804,0.291506,0.325835
F22->F23,21,19,287.9173,101.8955,-0.22098,0.491162,-0.001976,0.331987,0.270739
F22->F23,21,20,272.5919,112.9389,-0.278703,0.592542,0.090392,0.601568,0.369205
F22->F23,21,21,259.6097,129.4347,-0.256756,0.602718,0.070646,0.841023,0.404946
F22->F23,21,22,250.7093,148.0766,0.009776,0.68982,0.182157,0.886543,0.261563
F22->F23,21,23,248.6309,168.804,0.27842,0.709405,0.045041,0.645966,0.241847
F22->F23,21,24,248.523,188.7259,0.613732,0.850835,0.398761,0.931735,0.22969
F22->F23,21,25,248.7578,208.1792,0.885716,1.024189,1.075297,0.977381,0.195274
F22->F23,21,26,250.3927,227.3051,0.937167,1.176346,0.620372,1.308013,0.343067
F22->F23,21,27,251.009,246.4467,0.852663,1.327695,0.977173,1.168535,0.202075
F22->F23,21,28,250.6365,265.9871,0.786406,1.451703,1.048117,1.390175,0.268846
F22->F23,21,29,247.9475,286.2146,0.976396,1.555695,0.648135,1.347704,0.388608
F22->F23,21,30,244.0532,306.8459,1.13511,1.654923,2.703532,1.935384,1.5933
F22->F23,21,31,242.6057,327.9108,0.924534,1.698087,-0.388576,1.285236,1.376482
F22->F23,21,32,240.9647,348.1128,0.602419,1.711441,0.953675,2.02734,0.472412
F22->F23,21,33,240.2119,366.2961,0.305843,1.791398,1.002293,1.924299,0.709018
F22->F23,21,34,242.2522,384.7893,-0.280149,1.743778,-0.219232,1.856736,0.128337
F22->F23,21,35,244.8007,400.6097,-0.312255,1.944406,2.341229,2.77194,2.77953
F22->F23,21,36,411.8666,397.4218,-0.575607,3.449439,0.503609,1.965492,1.834886
F22->F23,21,37,411.4466,377.5174,-0.387283,3.040879,3.983397,0.978216,4.832952
F22->F23,21,38,414.7046,355.7576,-0.691377,2.594184,0.751735,1.997396,1.561643
F22->F23,21,39,420.5582,335.8768,-0.582657,2.41671,0.641073,2.050568,1.277331
F22->F23,21,40,419.9181,317.0607,-0.64525,2.328062,-0.036287,2.161114,0.631433
F22->F23,21,41,415.5215,298.4096,-0.815087,2.212425,-0.390604,1.863546,0.549456
F22->F23,21,42,410.8542,279.1664,-0.968358,2.068935,-0.352116,2.074476,0.616267
F22->F23,21,43,407.3065,259.4344,-1.174701,1.955715,-0.938033,2.139136,0.299424
F22->F23,21,44,402.3819,240.1264,-1.118548,1.775974,-0.92421,2.009054,0.303469
F22->F23,21,45,395.2744,221.1714,-0.677237,1.53017,-0.895092,2.104997,0.614725
F22->F23,21,46,389.3221,202.2817,-0.277417,1.315948,-0.628924,1.02657,0.455299
F22->F23,21,47,385.4447,182.4196,-0.100345,1.21121,-0.071461,1.144804,0.072415
F22->F23,21,48,380.4574,162.8773,0.105858,1.076426,0.257605,0.796962,0.318006
F22->F23,21,49,372.477,143.7388,0.244558,0.959022,-0.028623,0.890622,0.281614
F22->F23,21,50,362.7896,124.6325,0.318666,0.918194,0.206241,1.028651,0.157608
F22->F23,21,51,351.3033,107.4606,0.23329,0.792724,0.008049,0.638175,0.273165
F22->F23,21,52,337.1556,95.4983,0.146559,0.594187,0.331908,0.414883,0.257885
F22->F23,21,53,320.9388,89.572,-0.017872,0.463179,0.070785,0.397518,0.110324
F22->F23,21,54,304.1462,89.6073,-0.192355,0.433478,0.020533,0.378073,0.219979
F22->F23,21,55,285.731,94.945,-0.243626,0.538013,-0.077327,0.425571,0.200745
F22->F23,21,56,269.0607,107.4412,-0.297823,0.656199,-0.128333,0.531306,0.210535
F22->F23,21,57,255.4624,125.9366,-0.311273,0.619769,-0.022279,0.768658,0.325094
F22->F23,21,58,245.5918,145.8957,-0.063014,0.697354,0.334191,0.925337,0.457982
F22->F23,21,59,240.8769,167.2827,0.237794,0.722912,0.278516,0.695174,0.049271
F22->F23,21,60,238.9005,187.7728,0.625492,0.862713,0.353853,0.694776,0.319359
F22->F23,21,61,239.0484,207.3272,0.912182,1.039871,0.829753,0.884153,0.176189
F22->F23,21,62,240.8637,226.673,1.042531,1.206191,0.55232,1.228601,0.490723
F22->F23,21,63,241.3078,245.8515,0.951208,1.36727,0.956189,1.133784,0.23354
F22->F23,21,64,240.033,265.2959,0.827844,1.512108,0.565773,1.44314,0.270994
F22->F23,21,65,236.8132,285.5168,0.95656,1.619181,2.740275,1.854143,1.799124
F22->F23,21,66,233.2707,306.0192,1.152643,1.719799,3.14226,2.136351,2.032754
F22->F23,21,67,231.7017,327.2491,0.912786,1.748954,3.420557,1.883999,2.511404
F22->F23,21,68,229.5765,347.6126,0.598722,1.776421,0.594064,2.204777,0.428382
F22->F23,21,69,228.6005,366.9944,0.245042,1.851161,4.351551,2.888204,4.235431
F22->F23,21,70,230.2211,386.3489,-0.091974,1.805913,1.138566,2.012336,1.247733
F22->F23,21,71,237.4212,401.5491,-0.175397,1.984311,3.01162,2.784375,3.285906
F22->F23,21,72,419.3364,398.1102,-0.571229,3.425283,-1.877282,2.866943,1.420393
F22->F23,21,73,419.0701,377.0001,-0.432427,3.030011,0.746907,1.885994,1.643046
F22->F23,21,74,422.7467,355.0166,-0.514875,2.651248,-1.490402,2.770846,0.982832
F22->F23,21,75,428.7307,334.4816,-0.507386,2.473822,-0.456136,2.718205,0.249699
F22->F23,21,76,428.3463,315.3551,-0.763364,2.351365,-1.463253,2.72793,0.794761
F22->F23,21,77,424.8614,296.7145,-0.89464,2.208612,-0.074074,1.997136,0.847379
F22->F23,21,78,420.248,277.0498,-1.049585,2.102168,-0.416562,1.764388,0.717505
F22->F23,21,79,417.6155,256.7735,-1.26307,1.994299,-0.502733,2.204437,0.788841
F22->F23,21,80,413.9572,236.6899,-1.15303,1.839564,-0.61962,2.186053,0.636067
F22->F23,21,81,407.3666,217.6667,-0.632555,1.589672,-0.855602,2.189437,0.639897
F22->F23,21,82,401.3504,198.5515,-0.249344,1.40072,-0.057397,1.158795,0.308824
F22->F23,21,83,396.3056,178.5084,-0.058272,1.306354,-0.222458,1.066282,0.290847
F22->F23,21,84,390.8808,158.3283,0.112193,1.192057,-0.090886,0.835186,0.410607
F22->F23,21,85,382.0531,138.282,0.224583,1.112707,0.219694,0.907089,0.205677
F22->F23,21,86,370.8456,117.9102,0.269254,1.064812,0.24919,1.092318,0.034045
F22->F23,21,87,357.0405,100.5176,0.198257,0.849769,-0.012405,0.708663,0.253553
F22->F23,21,88,340.3454,87.5599,0.150005,0.662821,0.215977,0.433293,0.238821
F22->F23,21,89,321.9722,82.2657,-0.029096,0.489978,-0.004012,0.295658,0.195932
F22->F23,21,90,303.2903,82.7692,-0.194418,0.422396,-0.033451,0.470335,0.167954
F22->F23,21,91,283.3868,88.735,-0.250118,0.565326,-0.022667,0.50653,0.234928
F22->F23,21,92,265.1185,102.5128,-0.31925,0.765856,-0.208363,0.552672,0.240298
F22->F23,21,93,252.1352,122.8773,-0.381466,0.666642,-0.141259,0.897351,0.333056
F22->F23,21,94,240.7588,144.1413,-0.134533,0.694804,0.405412,0.848076,0.561278
F22->F23,21,95,233.3464,166.137,0.209321,0.71716,0.499912,0.579081,0.321728
F22->F23,21,96,229.4735,187.0172,0.583158,0.83782,0.46389,0.654681,0.218551
F22->F23,21,97,229.8266,206.732,0.930547,1.03978,0.799292,0.845551,0.23442
F22->F23,21,98,231.2432,226.159,1.11722,1.221067,0.513835,1.238481,0.603636
F22->F23,21,99,231.3378,245.2939,1.086955,1.385691,0.598077,1.381715,0.488894
F22->F23,21,100,229.5592,264.6382,0.939873,1.559086,0.09061,1.171923,0.933351
F22->F23,21,101,226.3281,284.6725,0.964304,1.672421,-0.100994,1.172505,1.176765
F22->F23,21,102,222.8775,305.1434,1.174404,1.778687,2.342539,1.913619,1.175902
F22->F23,21,103,221.2483,326.3415,0.93782,1.808268,1.883478,1.975833,0.960389
F22->F23,21,104,218.845,346.918,0.621544,1.842956,0.092725,2.09884,0.587474
F22->F23,21,105,217.0152,367.197,0.230514,1.926708,0.552801,2.038767,0.341213
F22->F23,21,106,218.8644,386.8551,0.019202,1.960763,-0.603642,1.951368,0.622915
F22->F23,21,107,229.9938,402.5581,-0.037553,2.058894,-0.412522,2.246102,0.419105
F22->F23,21,108,426.7803,398.8692,-0.595465,3.340491,-1.529569,2.991534,0.997157
F22->F23,21,109,425.6446,377.1326,-0.384828,3.001758,0.120799,2.13662,1.002059
F22->F23,21,110,429.8902,354.8308,-0.303361,2.711638,-1.680131,2.988775,1.404386
F22->F23,21,111,434.8222,333.4116,-0.597434,2.546975,-0.651675,3.121143,0.576724
F22->F23,21,112,436.1587,313.8659,-0.932975,2.385708,-1.409793,3.075244,0.83834
F22->F23,21,113,433.287,295.1836,-1.030038,2.216713,-0.350729,1.843248,0.775202
F22->F23,21,114,429.5459,275.1165,-1.153125,2.118138,-0.934454,1.998172,0.249417
F22->F23,21,115,427.6806,254.3455,-1.332727,2.022754,-0.71626,2.142547,0.627999
F22->F23,21,116,424.736,233.7957,-1.150522,1.877769,-0.696662,1.967495,0.462644
F22->F23,21,117,418.9958,214.4516,-0.619181,1.643182,-0.854547,2.10569,0.518952
F22->F23,21,118,412.7362,195.2351,-0.239749,1.474278,-0.861635,2.226046,0.975652
F22->F23,21,119,406.9758,174.7574,-0.009353,1.387231,0.317579,1.238777,0.359059
F22->F23,21,120,400.2083,154.3374,0.109922,1.295811,0.167592,1.03539,0.26673
F22->F23,21,121,391.1789,133.5312,0.147654,1.212979,0.333468,1.235065,0.187122
F22->F23,21,122,378.7959,112.4066,0.170206,1.103706,0.261045,0.823816,0.294262
F22->F23,21,123,362.7771,93.5521,0.167679,0.911405,20.0,-20.0,28.820268
F22->F23,21,124,343.8728,81.1399,0.105414,0.665243,0.273909,0.564995,0.196061
F22->F23,21,125,323.4767,75.6042,-0.053248,0.483226,-0.094103,0.426977,0.069521
F22->F23,21,126,302.0393,76.3313,-0.16067,0.404516,-0.135971,0.320416,0.087652
F22->F23,21,127,280.8274,82.8283,-0.252961,0.613513,0.08108,0.523398,0.345983
F22->F23,21,128,261.3063,98.2838,-0.333815,0.825314,0.031172,0.588025,0.43534
F22->F23,21,129,248.1619,120.0115,-0.41687,0.710506,-0.770308,0.254635,0.576834
F22->F23,21,130,236.1898,142.9885,-0.187053,0.674284,0.521351,1.025416,0.790652
F22->F23,21,131,226.2123,165.913,0.214703,0.658337,0.710213,0.904192,0.55315
F22->F23,21,132,221.1384,186.6794,0.536344,0.789383,0.420376,0.54126,0.273886
F22->F23,21,133,220.5682,206.3162,0.933786,1.019456,0.87751,0.989181,0.063903
F22->F23,21,134,221.1076,225.6288,1.168077,1.217719,0.578459,1.272263,0.592136
F22->F23,21,135,220.6087,244.8232,1.215007,1.397215,1.667498,1.95225,0.716109
F22->F23,21,136,218.9511,264.0881,1.069409,1.581872,1.870533,1.947878,0.880772
F22->F23,21,137,216.0236,283.8164,1.000967,1.718297,2.42243,1.805687,1.424147
F22->F23,21,138,212.9011,304.0757,1.175876,1.830341,1.581102,2.068417,0.469988
F22->F23,21,139,211.0205,325.0389,0.980929,1.872975,-1.601235,1.06993,2.704154
F22->F23,21,140,208.2517,345.6592,0.710686,1.947314,0.360272,1.959862,0.350639
F22->F23,21,141,205.2601,366.209,0.411827,2.053065,1.50417,2.03571,1.092481
F22->F23,21,142,208.8134,387.6708,0.24507,2.04506,-0.543536,1.839033,0.815075
F22->F23,21,143,223.4498,403.7519,-0.0274,2.144414,-0.113459,2.174258,0.091088
F22->F23,21,144,434.536,399.7319,-0.64214,3.244866,-1.589951,3.207142,0.948561
F22->F23,21,145,431.9221,377.519,-0.184606,3.106898,-2.396932,2.795873,2.234081
F22->F23,21,146,435.6326,354.3753,-0.200783,2.863385,-1.912468,2.901124,1.7121
F22->F23,21,147,440.7144,332.6613,-0.727754,2.614729,-2.954487,3.935453,2.588948
F22->F23,21,148,443.183,312.8684,-1.177073,2.421307,-2.769691,3.913598,2.182514
F22->F23,21,149,441.2501,293.7412,-1.21691,2.242998,-1.973631,2.951665,1.036743
F22->F23,21,150,438.5185,273.4711,-1.277077,2.117707,-2.696096,3.060179,1.703487
F22->F23,21,151,437.6787,252.028,-1.412816,2.042056,-1.197481,1.88592,0.265984
F22->F23,21,152,435.3983,231.058,-1.148986,1.900698,-1.134526,1.937567,0.039603
F22->F23,21,153,430.2857,211.4779,-0.628077,1.695085,-0.90053,2.064122,0.458715
F22->F23,21,154,423.8685,192.097,-0.237547,1.52546,-1.870833,2.939554,2.16039
F22->F23,21,155,416.8071,171.6286,0.010948,1.431896,0.190743,1.226908,0.272665
F22->F23,21,156,409.3171,151.0033,0.043588,1.350942,20.0,-20.0,29.22535
F22->F23,21,157,399.6886,129.4881,0.050217,1.265912,20.0,-20.0,29.158752
F22->F23,21,158,386.5959,107.5327,0.063021,1.09984,0.750288,0.92476,0.709218
F22->F23,21,159,368.6666,88.1121,0.080638,0.879394,0.051223,0.067793,0.812133
F22->F23,21,160,347.7242,75.3054,0.043563,0.633882,20.0,-20.0,28.705687
F22->F23,21,161,324.4683,69.9141,-0.063962,0.469827,-0.095675,0.400069,0.076628
F22->F23,21,162,300.6415,70.4979,-0.132777,0.364908,-0.016178,0.357492,0.116835
F22->F23,21,163,277.7163,77.6055,-0.255485,0.709308,-0.301306,0.484712,0.229224
F22->F23,21,164,257.3272,94.4869,-0.344763,0.86894,0.00265,0.581967,0.450609
F22->F23,21,165,244.0364,118.0169,-0.424965,0.70751,0.178004,0.628689,0.608098
F22->F23,21,166,231.2501,142.1934,-0.18371,0.629243,0.573273,0.98857,0.837937
F22->F23,21,167,219.2814,165.8331,0.232741,0.599907,0.756487,0.911647,0.609501
F22->F23,21,168,213.1302,186.9345,0.528295,0.707357,0.289213,0.739017,0.241169
F22->F23,21,169,211.2079,206.3924,0.91132,0.965544,0.900356,1.082245,0.117214
F22->F23,21,170,210.8225,225.2877,1.196352,1.204436,1.127874,0.975248,0.239199
F22->F23,21,171,209.9721,244.3727,1.289145,1.399914,2.02815,1.905585,0.895451
F22->F23,21,172,208.1843,263.624,1.197242,1.593255,1.802313,1.937494,0.69614
F22->F23,21,173,205.812,283.0928,1.104317,1.740064,1.840726,1.852888,0.745001
F22->F23,21,174,203.1649,302.7004,1.207686,1.880782,0.809138,2.033677,0.42687
F22->F23,21,175,200.9697,323.2686,1.047662,1.969663,1.024448,1.746844,0.224025
F22->F23,21,176,198.3411,343.782,0.775737,2.043498,-0.181966,1.894892,0.969164
F22->F23,21,177,194.3998,365.686,0.490874,2.063034,0.818962,2.012407,0.331972
F22->F23,21,178,201.0443,389.7218,0.236631,1.992702,-5.01652,-1.773775,6.463895
F22->F23,21,179,217.5514,404.9575,0.057461,2.226095,-0.219604,2.140564,0.289967
F23->F24,22,0,403.9307,401.7398,-1.056441,3.454914,-1.072415,3.161565,0.293783
F23->F24,22,1,404.1239,381.6079,-0.659498,3.117942,2.077832,2.038227,2.942577
F23->F24,22,2,404.9902,360.4341,-0.940839,2.669651,-2.492807,2.736637,1.553413
F23->F24,22,3,407.4878,341.1516,-0.988138,2.439851,-0.274537,2.10579,0.787924
F23->F24,22,4,408.0123,321.2977,-0.957253,2.361371,-3.163144,2.833242,2.255796
F23->F24,22,5,404.1294,302.7523,-1.076611,2.228768,-0.304835,2.034308,0.795898
F23->F24,22,6,400.0136,283.4369,-1.198154,2.071061,-0.959074,2.092523,0.240041
F23->F24,22,7,395.6305,264.2594,-1.34041,1.910981,-1.068737,2.002013,0.286519
F23->F24,22,8,389.195,245.4302,-1.304432,1.70533,-1.570601,2.134432,0.50495
F23->F24,22,9,381.5401,226.6231,-0.914003,1.446589,-1.771734,1.923631,0.981464
F23->F24,22,10,375.6075,207.6719,-0.497878,1.210279,-0.320874,1.066828,0.227835
F23->F24,22,11,372.2003,188.3457,-0.2621,1.076002,0.043566,0.991816,0.317047
F23->F24,22,12,367.7907,169.4407,-0.017466,0.931104,-0.01903,1.096074,0.164977
F23->F24,22,13,362.3799,150.7384,0.159854,0.794746,-0.212948,0.860855,0.378619
F23->F24,22,14,355.0416,133.0299,0.268289,0.746458,0.107972,0.846648,0.189048
F23->F24,22,15,345.3283,116.7999,0.229185,0.673206,0.018457,0.672625,0.210729
F23->F24,22,16,333.8824,104.7934,0.113614,0.540259,0.187329,0.708784,0.183943
F23->F24,22,17,319.7413,98.2296,-0.032264,0.458388,0.132113,0.637855,0.243369
F23->F24,22,18,304.1393,97.5784,-0.181608,0.436775,0.002556,0.432607,0.184211
F23->F24,22,19,287.6963,102.3867,-0.244765,0.525307,-0.006973,0.539556,0.238219
F23->F24,22,20,272.3132,113.5314,-0.298503,0.599928,0.234127,0.605085,0.532655
F23->F24,22,21,259.3529,130.0374,-0.270184,0.591845,0.148883,0.796245,0.466258
F23->F24,22,22,250.719,148.7665,-0.010862,0.658044,0.20786,0.754318,0.238973
F23->F24,22,23,248.9093,169.5134,0.238056,0.665144,0.527576,0.954733,0.409491
F23->F24,22,24,249.1367,189.5767,0.546317,0.793952,1.190065,0.82196,0.644358
F23->F24,22,25,249.6435,209.2034,0.796907,0.950084,0.784665,1.033648,0.084456
F23->F24,22,26,251.3299,228.4814,0.834184,1.086784,0.629072,0.986861,0.228157
F23->F24,22,27,251.8616,247.7744,0.747821,1.232089,0.842659,1.10461,0.158887
F23->F24,22,28,251.4229,267.4388,0.697416,1.349866,1.023432,1.195801,0.360586
F23->F24,22,29,248.9239,287.7703,0.868337,1.450378,0.582321,1.321373,0.313764
F23->F24,22,30,245.1884,308.5008,0.971374,1.546183,0.989295,1.005068,0.541411
F23->F24,22,31,243.5302,329.6089,0.733729,1.584537,1.976206,1.843647,1.269207
F23->F24,22,32,241.5672,349.8243,0.3975,1.593805,-1.788076,1.174266,2.225479
F23->F24,22,33,240.5177,368.0875,0.08316,1.668678,0.768193,1.835031,0.704942
F23->F24,22,34,241.972,386.5331,-0.469645,1.630789,-0.272964,1.973142,0.394828
F23->F24,22,35,244.4884,402.5541,-0.532298,1.851115,-0.872964,1.986983,0.366761
F23->F24,22,36,411.291,400.8712,-1.005734,3.384747,-1.528758,3.228713,0.545803
F23->F24,22,37,411.0593,380.5583,-0.690125,3.073461,-6.566,-5.728032,10.582636
F23->F24,22,38,414.0133,358.3518,-0.949385,2.623491,-0.126374,2.098943,0.97596
F23->F24,22,39,419.9756,338.2935,-0.833051,2.420223,-2.50916,3.022964,1.78119
F23->F24,22,40,419.2729,319.3888,-0.877491,2.334908,-2.507353,2.919185,1.731424
F23->F24,22,41,414.7064,300.622,-1.091048,2.21921,-2.849997,3.024352,1.934465
F23->F24,22,42,409.8858,281.2354,-1.231587,2.072275,-1.077832,2.008973,0.166277
F23->F24,22,43,406.1318,261.3901,-1.432985,1.960116,-1.238705,1.923303,0.197736
F23->F24,22,44,401.2634,241.9024,-1.396935,1.780679,-1.586175,2.132287,0.3993
F23->F24,22,45,394.5972,222.7016,-0.96245,1.541138,0.028286,1.175556,1.056034
F23->F24,22,46,389.0447,203.5977,-0.506075,1.323507,-0.139829,0.96784,0.510524
F23->F24,22,47,385.3443,183.6309,-0.270197,1.220007,0.061366,1.241252,0.332243
F23->F24,22,48,380.5632,163.9537,-0.033195,1.093163,-0.059928,1.141839,0.055534
F23->F24,22,49,372.7216,144.6978,0.142531,0.981068,-0.08346,1.061802,0.239979
F23->F24,22,50,363.1082,125.5507,0.246618,0.941835,0.217156,0.980896,0.048927
F23->F24,22,51,351.5366,108.2533,0.192309,0.820039,-0.023118,0.748782,0.226906
F23->F24,22,52,337.3021,96.0925,0.118476,0.631856,0.23861,0.718907,0.148358
F23->F24,22,53,320.9209,90.0352,-0.035179,0.518014,0.076298,0.630234,0.158178
F23->F24,22,54,303.9538,90.0408,-0.212265,0.491016,-0.021627,0.431375,0.199749
F23->F24,22,55,285.4873,95.483,-0.263521,0.57719,-0.074353,0.505273,0.202377
F23->F24,22,56,268.7628,108.0974,-0.317317,0.663983,0.016425,0.582928,0.343443
F23->F24,22,57,255.1511,126.5563,-0.323178,0.610239,0.203138,0.823321,0.567814
F23->F24,22,58,245.5287,146.593,-0.078594,0.666186,0.052157,0.750279,0.155459
F23->F24,22,59,241.1147,168.0056,0.204659,0.676011,0.762985,0.876636,0.593277
F23->F24,22,60,239.526,188.6355,0.566701,0.804963,0.266676,0.691367,0.320809
F23->F24,22,61,239.9606,208.367,0.830163,0.966488,0.635371,0.954252,0.195176
F23->F24,22,62,241.9062,227.8792,0.932858,1.11171,0.439363,0.882979,0.543925
F23->F24,22,63,242.259,247.2188,0.836606,1.265075,0.320836,1.096543,0.542606
F23->F24,22,64,240.8609,266.808,0.726872,1.401682,0.342027,1.176001,0.446136
F23->F24,22,65,237.7697,287.136,0.868778,1.503349,0.716502,1.286226,0.265199
F23->F24,22,66,234.4233,307.739,1.00422,1.598616,0.483694,1.039821,0.763675
F23->F24,22,67,232.6145,328.998,0.738332,1.624166,1.679223,1.892928,0.978524
F23->F24,22,68,230.1752,349.389,0.407966,1.641884,1.841934,1.871693,1.452266
F23->F24,22,69,228.8456,368.8455,0.04097,1.707042,4.255199,-2.176033,5.730445
F23->F24,22,70,230.1291,388.1548,-0.265083,1.661027,0.761209,2.159726,1.141042
F23->F24,22,71,237.2458,403.5334,-0.385707,1.883259,-1.91733,1.912784,1.531908
F23->F24,22,72,418.7652,401.5355,-0.996603,3.338,-1.373542,2.88489,0.5894
F23->F24,22,73,418.6377,380.0301,-0.738827,3.029024,1.732941,2.245541,2.592967
F23->F24,22,74,422.2318,357.6678,-0.754538,2.643249,0.321744,2.30074,1.129467
F23->F24,22,75,428.2234,336.9554,-0.715414,2.464787,-0.005447,2.016857,0.839461
F23->F24,22,76,427.583,317.7065,-0.952688,2.350554,-0.934724,2.741914,0.391773
F23->F24,22,77,423.9667,298.9232,-1.143572,2.21486,-0.637309,2.241355,0.506956
F23->F24,22,78,419.1984,279.152,-1.307759,2.103086,-1.265442,2.054309,0.064575
F23->F24,22,79,416.3524,258.7678,-1.524207,2.001364,-1.146878,1.853399,0.405303
F23->F24,22,80,412.8041,238.5294,-1.440564,1.849384,-1.188169,1.986178,0.287082
F23->F24,22,81,406.734,219.2564,-0.914083,1.605544,0.322675,1.103633,1.334723
F23->F24,22,82,401.1011,199.9522,-0.468109,1.41545,0.26115,1.24669,0.748532
F23->F24,22,83,396.2473,179.8147,-0.225967,1.322328,-1.404929,1.680831,1.232265
F23->F24,22,84,390.993,159.5203,-0.011496,1.214952,-0.039953,1.228772,0.031636
F23->F24,22,85,382.2777,139.3947,0.132112,1.138948,-0.093599,1.108572,0.227746
F23->F24,22,86,371.1149,118.975,0.205398,1.090666,0.208507,1.041451,0.049313
F23->F24,22,87,357.2387,101.3673,0.164033,0.880039,0.031619,0.791147,0.159484
F23->F24,22,88,340.4954,88.2228,0.127634,0.70341,0.095962,0.675536,0.042191
F23->F24,22,89,321.9431,82.7557,-0.039192,0.55881,-0.040596,0.81459,0.255784
F23->F24,22,90,303.0959,83.1916,-0.216501,0.49463,-0.056906,0.505848,0.159989
F23->F24,22,91,283.1367,89.3003,-0.262275,0.59695,-0.058024,0.534989,0.213442
F23->F24,22,92,264.7993,103.2787,-0.333162,0.766482,-0.024855,0.591263,0.354619
F23->F24,22,93,251.7538,123.544,-0.392029,0.651954,0.212424,0.771654,0.616191
F23->F24,22,94,240.6243,144.8361,-0.145721,0.662679,-0.127864,0.83212,0.170379
F23->F24,22,95,233.5557,166.8542,0.180526,0.668658,0.324711,0.709991,0.149992
F23->F24,22,96,230.0566,187.8551,0.535443,0.782077,0.391829,0.71177,0.1599
F23->F24,22,97,230.7572,207.7718,0.847544,0.963219,0.711222,0.914138,0.144889
F23->F24,22,98,232.3605,227.3801,1.005349,1.124725,0.255477,1.206858,0.754357
F23->F24,22,99,232.4247,246.6796,0.963796,1.279021,0.342141,1.021697,0.672807
F23->F24,22,100,230.4991,266.1973,0.82419,1.442284,0.441187,0.843024,0.7112
F23->F24,22,101,227.2924,286.3449,0.873607,1.54506,-0.046463,1.115751,1.015301
F23->F24,22,102,224.0519,306.922,1.040407,1.64642,-0.11696,1.028263,1.312104
F23->F24,22,103,222.1861,328.1497,0.767833,1.668662,-1.03906,1.137106,1.883458
F23->F24,22,104,219.4665,348.761,0.43654,1.692666,1.787254,2.041897,1.395131
F23->F24,22,105,217.2457,369.1237,0.039282,1.75568,-0.156377,1.901752,0.244171
F23->F24,22,106,218.8836,388.8158,-0.139182,1.782203,-4.469216,1.226608,4.365533
F23->F24,22,107,229.9562,404.617,-0.256214,1.951557,-2.234349,1.996883,1.978654
F23->F24,22,108,426.1848,402.2097,-1.044599,3.217017,-1.514058,3.145088,0.474938
F23->F24,22,109,425.2598,380.1343,-0.703035,2.963577,-0.198864,2.868955,0.512973
F23->F24,22,110,429.5868,357.5425,-0.528908,2.701002,-1.75896,3.150013,1.309442
F23->F24,22,111,434.2248,335.9586,-0.760471,2.543586,-2.386255,2.778236,1.642629
F23->F24,22,112,435.2257,316.2516,-1.105297,2.380155,-1.408094,2.857261,0.565081
F23->F24,22,113,432.2569,297.4004,-1.264315,2.216332,-2.111021,2.884378,1.078516
F23->F24,22,114,428.3928,277.2346,-1.407712,2.119034,-0.05276,2.08268,1.35544
F23->F24,22,115,426.3479,256.3683,-1.61032,2.035582,-0.806184,2.128047,0.809434
F23->F24,22,116,423.5855,235.6734,-1.447561,1.893885,-1.226775,1.870902,0.221979
F23->F24,22,117,418.3766,216.0948,-0.888371,1.664503,-0.161301,1.094407,0.923926
F23->F24,22,118,412.4965,196.7094,-0.456139,1.497694,-0.138347,1.037372,0.559364
F23->F24,22,119,406.9664,176.1446,-0.172826,1.411031,-0.135063,1.068827,0.344281
F23->F24,22,120,400.3182,155.6333,-0.002681,1.324545,-0.927016,1.84233,1.059479
F23->F24,22,121,391.3266,134.7442,0.063763,1.245346,-0.210987,1.102942,0.309461
F23->F24,22,122,378.9661,113.5103,0.115736,1.135715,0.122115,1.032968,0.102945
F23->F24,22,123,362.9448,94.4636,0.138098,0.94324,0.196998,1.061926,0.132497
F23->F24,22,124,343.9782,81.8052,0.092908,0.705059,-0.284105,0.455223,0.452279
F23->F24,22,125,323.4235,76.0874,-0.054869,0.559201,0.016314,0.602457,0.083295
F23->F24,22,126,301.8786,76.7359,-0.178307,0.467443,-0.093243,0.487256,0.087341
F23->F24,22,127,280.5744,83.4419,-0.260403,0.639143,-0.216727,0.427858,0.215751
F23->F24,22,128,260.9725,99.1091,-0.340886,0.819006,-0.199564,0.739964,0.161925
F23->F24,22,129,247.7451,120.722,-0.425193,0.690756,0.242371,0.790145,0.674922
F23->F24,22,130,236.0027,143.6628,-0.195042,0.638988,-0.111588,0.901574,0.275529
F23->F24,22,131,226.427,166.5713,0.183537,0.612978,0.589626,0.95399,0.530281
F23->F24,22,132,221.6747,187.4688,0.492877,0.736416,0.638706,0.971466,0.276613
F23->F24,22,133,221.5019,207.3357,0.857303,0.951308,0.510591,1.020719,0.353591
F23->F24,22,134,222.2757,226.8465,1.057379,1.12435,-0.019135,1.109629,1.076615
F23->F24,22,135,221.8237,246.2205,1.080387,1.286564,0.036308,0.985905,1.086506
F23->F24,22,136,220.0205,265.6699,0.931435,1.460703,0.702105,1.004443,0.510653
F23->F24,22,137,217.0246,285.5346,0.897612,1.580911,1.161276,1.903859,0.41691
F23->F24,22,138,214.077,305.906,1.045923,1.682867,0.245602,0.988107,1.059814
F23->F24,22,139,212.0014,326.9119,0.807343,1.717804,2.144055,1.93182,1.353737
F23->F24,22,140,208.9623,347.6065,0.525672,1.778322,0.7539,1.844047,0.237504
F23->F24,22,141,205.672,368.262,0.213099,1.85566,0.644952,2.151443,0.523435
F23->F24,22,142,209.0585,389.7159,0.06832,1.861615,-4.347283,1.227793,4.460861
F23->F24,22,143,223.4224,405.8963,-0.217603,2.004771,-1.424909,2.096074,1.210754
F23->F24,22,144,433.8938,402.9768,-1.118374,3.140386,-2.022726,3.013397,0.913225
F23->F24,22,145,431.7375,380.6259,-0.517469,3.029811,-1.423844,2.822888,0.929695
F23->F24,22,146,435.4318,357.2387,-0.397691,2.861275,-1.484626,2.835752,1.087235
F23->F24,22,147,439.9867,335.2761,-0.873527,2.613884,-2.479985,2.779716,1.614994
F23->F24,22,148,442.006,315.2897,-1.366691,2.412387,-1.266258,2.964386,0.561062
F23->F24,22,149,440.0332,295.9842,-1.45737,2.236895,-0.418061,1.9344,1.082435
F23->F24,22,150,437.2415,275.5888,-1.535166,2.122673,-2.099466,2.887841,0.950745
F23->F24,22,151,436.2659,254.0701,-1.69346,2.053511,-1.139962,2.126535,0.558295
F23->F24,22,152,434.2493,232.9587,-1.437111,1.921053,-1.961518,1.95787,0.525697
F23->F24,22,153,429.6576,213.173,-0.88235,1.723955,-1.525742,2.229601,0.818309
F23->F24,22,154,423.6309,193.6225,-0.443137,1.559148,-1.180389,1.816739,0.780957
F23->F24,22,155,416.8181,173.0605,-0.140683,1.466344,-1.26916,1.714182,1.155372
F23->F24,22,156,409.3607,152.3542,-0.053573,1.389019,0.223991,1.292769,0.293779
F23->F24,22,157,399.7388,130.754,-0.024437,1.309103,20.0,-18.004078,27.820443
F23->F24,22,158,386.6589,108.6326,0.021071,1.142058,0.622354,0.951415,0.630782
F23->F24,22,159,368.7472,88.9915,0.064555,0.917579,0.055606,0.165737,0.751895
F23->F24,22,160,347.7678,75.9393,0.040806,0.675644,20.0,-20.0,28.737635
F23->F24,22,161,324.4043,70.3839,-0.0563,0.543963,0.070147,0.360667,0.22268
F23->F24,22,162,300.5087,70.8628,-0.133016,0.404284,-0.153027,0.367892,0.04153
F23->F24,22,163,277.4608,78.3148,-0.26057,0.729159,0.026788,0.515886,0.357855
F23->F24,22,164,256.9825,95.3559,-0.346249,0.853468,-0.151833,0.735394,0.227462
F23->F24,22,165,243.6114,118.7244,-0.431645,0.684015,0.493644,0.752914,0.927851
F23->F24,22,166,231.0664,142.8227,-0.194985,0.595012,-0.216812,0.976658,0.38227
F23->F24,22,167,219.5141,166.433,0.194396,0.559634,0.44113,0.646517,0.261584
F23->F24,22,168,213.6585,187.6419,0.477676,0.670214,0.385125,0.637195,0.098264
F23->F24,22,169,212.1192,207.3579,0.830094,0.901424,0.631202,1.064479,0.257187
F23->F24,22,170,212.0189,226.4922,1.077313,1.110085,0.239107,0.940161,0.855256
F23->F24,22,171,211.2613,245.7727,1.151524,1.288099,-0.115725,1.141087,1.275747
F23->F24,22,172,209.3815,265.2173,1.048185,1.463475,0.945518,1.041125,0.43465
F23->F24,22,173,206.9163,284.8328,0.981009,1.592129,1.800586,1.757389,0.836073
F23->F24,22,174,204.3726,304.5812,1.069139,1.715156,1.966142,1.890962,0.914069
F23->F24,22,175,202.0173,325.2383,0.866143,1.79256,-4.80886,-7.774667,11.123736
F23->F24,22,176,199.1168,345.8255,0.576154,1.851952,0.219073,1.760309,0.368653
F23->F24,22,177,194.8907,367.7491,0.292101,1.855089,-8.589136,7.724568,10.645522
F23->F24,22,178,201.2809,391.7145,0.018147,1.807944,-0.277165,1.916896,0.314769
F23->F24,22,179,217.6089,407.1836,-0.157712,2.062725,0.53262,9.539488,7.508565
F24->F25,23,0,402.8743,405.1947,-1.495732,3.3592,-4.288063,2.713078,2.866109
F24->F25,23,1,403.4644,384.7258,-0.984256,3.121461,-5.703257,3.83476,4.772605
F24->F25,23,2,404.0494,363.1037,-1.167071,2.689179,-3.062908,3.792562,2.193548
F24->F25,23,3,406.4997,343.5915,-1.284372,2.431338,-2.582593,3.017568,1.424445
F24->F25,23,4,407.055,323.6591,-1.258322,2.350422,-0.73599,2.138177,0.563807
F24->F25,23,5,403.0528,304.9811,-1.398499,2.227663,-2.933181,2.914491,1.681362
F24->F25,23,6,398.8154,285.508,-1.501349,2.063289,-0.830758,2.088592,0.671068
F24->F25,23,7,394.29,266.1704,-1.626649,1.90147,-1.458183,1.945126,0.17403
F24->F25,23,8,387.8906,247.1355,-1.599629,1.697578,-1.574331,2.12361,0.426782
F24->F25,23,9,380.6261,228.0696,-1.219757,1.442124,-0.209562,1.042027,1.086541
F24->F25,23,10,375.1096,208.8822,-0.751413,1.205834,-0.330138,1.010869,0.464203
F24->F25,23,11,371.9382,189.4217,-0.470492,1.078422,-0.376116,0.91283,0.190598
F24->F25,23,12,367.7732,170.3718,-0.181675,0.940626,0.080434,1.077715,0.295794
F24->F25,23,13,362.5398,151.5331,0.035364,0.816892,0.040892,0.833552,0.017553
F24->F25,23,14,355.3098,133.7764,0.182428,0.768605,0.146173,0.647084,0.126814
F24->F25,23,15,345.5575,117.4731,0.177073,0.693474,-0.120044,0.641075,0.301702
F24->F25,23,16,333.996,105.3337,0.078915,0.574103,-0.256086,0.584209,0.335154
F24->F25,23,17,319.709,98.688,-0.054695,0.504032,0.058316,0.499605,0.113098
F24->F25,23,18,303.9577,98.0152,-0.204872,0.500109,0.00349,0.410689,0.22674
F24->F25,23,19,287.4516,102.912,-0.277672,0.582223,-0.108587,0.55143,0.171867
F24->F25,23,20,272.0147,114.1314,-0.327341,0.623314,-0.058933,0.771272,0.306487
F24->F25,23,21,259.0828,130.6292,-0.285889,0.595096,-0.093082,0.90426,0.364359
F24->F25,23,22,250.7082,149.4245,-0.028534,0.643176,-0.08135,0.718122,0.091687
F24->F25,23,23,249.1474,170.1786,0.203721,0.63883,0.085493,0.790115,0.192003
F24->F25,23,24,249.683,190.3707,0.488515,0.754833,0.488835,1.016772,0.261939
F24->F25,23,25,250.4404,210.1535,0.714635,0.894139,1.175508,0.717756,0.493472
F24->F25,23,26,252.1641,229.5682,0.738176,1.014605,0.894146,1.051147,0.160194
F24->F25,23,27,252.6095,249.0064,0.650061,1.151567,0.994666,1.145731,0.344655
F24->F25,23,28,252.1203,268.7887,0.616329,1.260713,0.451467,1.104545,0.227086
F24->F25,23,29,249.7922,289.2206,0.76838,1.35534,0.142226,1.23848,0.636965
F24->F25,23,30,246.1597,310.047,0.823704,1.445334,-0.813065,1.402365,1.637333
F24->F25,23,31,244.2639,331.1934,0.568709,1.476852,3.537371,1.748894,2.9811
F24->F25,23,32,241.9647,351.4181,0.226501,1.479119,1.694239,1.706544,1.485254
F24->F25,23,33,240.6009,369.7561,-0.096014,1.545513,1.211486,1.717469,1.318759
F24->F25,23,34,241.5024,388.1639,-0.601909,1.517655,1.155948,1.886471,1.796131
F24->F25,23,35,243.9561,404.4052,-0.699119,1.758285,0.893609,2.097986,1.628551
F24->F25,23,36,410.2852,404.256,-1.391798,3.336546,-4.139024,2.771012,2.804832
F24->F25,23,37,410.3692,383.6318,-0.999527,3.072651,-6.154722,3.939231,5.227523
F24->F25,23,38,413.0639,360.9753,-1.170488,2.618946,0.186207,2.253919,1.404944
F24->F25,23,39,419.1425,340.7137,-1.086927,2.397653,-0.100727,2.089331,1.033273
F24->F25,23,40,418.3954,321.7237,-1.131249,2.315158,-0.791138,2.165362,0.371637
F24->F25,23,41,413.6154,302.8412,-1.377506,2.21216,-1.103905,2.151258,0.280298
F24->F25,23,42,408.6542,283.3076,-1.51561,2.061367,-2.902651,2.915868,1.629127
F24->F25,23,43,404.6989,263.3502,-1.70861,1.949166,-1.97944,2.064316,0.294292
F24->F25,23,44,399.8664,243.683,-1.69145,1.773738,-1.617218,2.300476,0.531942
F24->F25,23,45,393.6347,224.2427,-1.266825,1.539587,-1.885771,1.900572,0.716522
F24->F25,23,46,388.5386,204.9212,-0.75811,1.323849,-1.536938,2.123395,1.116175
F24->F25,23,47,385.0741,184.8509,-0.455009,1.223133,-0.024741,0.967625,0.500414
F24->F25,23,48,380.53,165.0469,-0.181713,1.10573,-0.226418,1.079368,0.051899
F24->F25,23,49,372.8641,145.6789,0.033268,1.000877,-0.02495,1.00099,0.058218
F24->F25,23,50,363.3548,126.4925,0.169952,0.963273,0.017658,0.753657,0.259099
F24->F25,23,51,351.7289,109.0733,0.147915,0.846971,-0.027269,0.707841,0.223711
F24->F25,23,52,337.4206,96.7244,0.089048,0.668044,-0.076554,0.634395,0.168985
F24->F25,23,53,320.8858,90.5532,-0.050394,0.573112,-0.223518,0.515334,0.182511
F24->F25,23,54,303.7416,90.5318,-0.231514,0.574448,-0.071806,0.475133,0.18807
F24->F25,23,55,285.2238,96.0602,-0.295683,0.650193,0.011841,0.53376,0.328828
F24->F25,23,56,268.4455,108.7614,-0.347805,0.690625,-0.16583,0.85091,0.242499
F24->F25,23,57,254.8279,127.1666,-0.339319,0.614118,-0.189092,0.987157,0.402151
F24->F25,23,58,245.4501,147.2592,-0.092667,0.652087,0.025448,0.728722,0.140798
F24->F25,23,59,241.3193,168.6816,0.173197,0.647798,0.231322,0.788025,0.151796
F24->F25,23,60,240.0927,189.4404,0.510968,0.765562,0.824599,1.159001,0.503149
F24->F25,23,61,240.7908,209.3335,0.750618,0.910964,0.841264,1.005032,0.130635
F24->F25,23,62,242.8391,228.9909,0.825875,1.035963,0.807051,0.84288,0.193998
F24->F25,23,63,243.0956,248.4838,0.725685,1.179344,0.652462,0.95046,0.240311
F24->F25,23,64,241.5877,268.2097,0.632631,1.305144,0.688372,1.215997,0.105139
F24->F25,23,65,238.6385,288.6394,0.781872,1.399913,2.103386,1.758674,1.369346
F24->F25,23,66,235.4275,309.3376,0.861881,1.486847,-0.012091,1.361753,0.88288
F24->F25,23,67,233.3528,330.6222,0.581248,1.507255,0.067019,1.106027,0.652239
F24->F25,23,68,230.5831,351.0309,0.242751,1.512177,2.253695,1.886457,2.045478
F24->F25,23,69,228.8865,370.5526,-0.129032,1.563935,0.368062,1.726379,0.522963
F24->F25,23,70,229.864,389.8158,-0.402977,1.527317,7.035499,2.996824,7.582241
F24->F25,23,71,236.8601,405.4166,-0.54674,1.786745,1.936529,2.103856,2.503435
F24->F25,23,72,417.7686,404.8735,-1.375111,3.226509,-3.070006,2.790146,1.750167
F24->F25,23,73,417.8989,383.0592,-0.999883,3.008229,-0.343328,2.050191,1.161423
F24->F25,23,74,421.4772,360.311,-1.006829,2.594221,-1.763625,2.957502,0.839473
F24->F25,23,75,427.5079,339.4202,-0.937843,2.420538,-2.395739,2.796385,1.505563
F24->F25,23,76,426.6303,320.0571,-1.136345,2.319155,-0.796208,2.157456,0.376617
F24->F25,23,77,422.8232,301.138,-1.394101,2.198879,-1.096973,2.033214,0.340191
F24->F25,23,78,417.8907,281.2551,-1.57486,2.086338,-2.797182,2.946539,1.494662
F24->F25,23,79,414.8282,260.7692,-1.803843,1.987221,0.18161,1.099766,2.174764
F24->F25,23,80,411.3636,240.3788,-1.73391,1.843084,-1.227271,1.737558,0.517513
F24->F25,23,81,405.8199,220.8619,-1.211592,1.60949,-2.063434,1.966881,0.923777
F24->F25,23,82,400.633,201.3677,-0.702624,1.420675,-1.308812,1.841075,0.737699
F24->F25,23,83,396.0214,181.137,-0.404089,1.330536,0.263557,1.216326,0.677345
F24->F25,23,84,390.9815,160.7353,-0.142876,1.231909,-0.108271,1.156587,0.082891
F24->F25,23,85,382.4098,140.5337,0.036368,1.159901,0.13139,1.265469,0.142035
F24->F25,23,86,371.3203,120.0656,0.138591,1.111816,0.032351,0.954274,0.190016
F24->F25,23,87,357.4028,102.2474,0.126617,0.908401,0.105308,0.666716,0.242622
F24->F25,23,88,340.623,88.9262,0.103735,0.740639,0.332338,0.702742,0.231723
F24->F25,23,89,321.9039,83.3145,-0.046162,0.622894,0.17069,0.452717,0.275654
F24->F25,23,90,302.8794,83.6862,-0.231821,0.604787,-0.126305,0.541825,0.122873
F24->F25,23,91,282.8744,89.8972,-0.294704,0.682079,0.011575,0.526159,0.343683
F24->F25,23,92,264.4661,104.0452,-0.357272,0.783427,-0.122788,0.803789,0.235366
F24->F25,23,93,251.3617,124.1959,-0.407355,0.650874,-0.16065,0.982929,0.413671
F24->F25,23,94,240.4786,145.4988,-0.156627,0.648208,0.197283,0.651517,0.353926
F24->F25,23,95,233.7363,167.5229,0.148659,0.642018,0.631111,0.871389,0.534201
F24->F25,23,96,230.5921,188.6371,0.485056,0.744853,0.531372,1.00067,0.259975
F24->F25,23,97,231.6047,208.735,0.766919,0.909961,0.446095,1.10372,0.374795
F24->F25,23,98,233.3658,228.5048,0.89398,1.050467,1.421164,0.736524,0.613583
F24->F25,23,99,233.3885,247.9586,0.838703,1.190727,0.825027,0.991174,0.200022
F24->F25,23,100,231.3233,267.6396,0.714549,1.339636,0.263495,1.064294,0.528453
F24->F25,23,101,228.166,287.89,0.782095,1.431759,-0.355041,1.213741,1.157847
F24->F25,23,102,225.0923,308.5685,0.905325,1.525608,-0.628177,1.040642,1.60836
F24->F25,23,103,222.9539,329.8184,0.609808,1.540773,1.993389,1.72848,1.396256
F24->F25,23,104,219.9031,350.4537,0.270209,1.548848,0.294773,1.884703,0.336752
F24->F25,23,105,217.285,370.8794,-0.112638,1.594464,-0.90883,0.861633,1.08211
F24->F25,23,106,218.7444,390.598,-0.256991,1.613448,-2.027359,1.002025,1.872976
F24->F25,23,107,229.7,406.5685,-0.425396,1.846845,-4.075489,0.984046,3.75068
F24->F25,23,108,425.1402,405.4267,-1.426343,3.104534,-2.046223,2.865162,0.664493
F24->F25,23,109,424.5567,383.0979,-0.963062,2.901599,-0.25997,1.940817,1.190563
F24->F25,23,110,429.0579,360.2435,-0.764055,2.642135,-1.726496,2.929967,1.00456
F24->F25,23,111,433.4643,338.5022,-0.907559,2.49721,-2.699812,3.145632,1.905944
F24->F25,23,112,434.1204,318.6318,-1.257098,2.340276,-0.813239,2.125964,0.49289
F24->F25,23,113,430.9926,299.6167,-1.484122,2.191804,-2.957424,2.800648,1.594149
F24->F25,23,114,426.9851,279.3536,-1.660923,2.100178,-1.503739,2.151696,0.165411
F24->F25,23,115,424.7375,258.4039,-1.883269,2.030537,-0.925086,2.136151,0.963986
F24->F25,23,116,422.138,237.5673,-1.746012,1.8936,-0.774103,1.934396,0.972765
F24->F25,23,117,417.4883,217.7593,-1.169981,1.673596,-1.857516,2.169939,0.847974
F24->F25,23,118,412.0404,198.2071,-0.68218,1.509309,-1.310019,1.719429,0.662066
F24->F25,23,119,406.7936,177.5556,-0.343679,1.425266,-0.763669,1.956169,0.676942
F24->F25,23,120,400.3155,156.9578,-0.118172,1.344794,0.184063,1.156813,0.355926
F24->F25,23,121,391.3903,135.9896,-0.021185,1.270152,0.333564,1.107735,0.390161
F24->F25,23,122,379.0818,114.646,0.059333,1.161855,0.037468,1.066415,0.097912
F24->F25,23,123,363.0829,95.4068,0.106274,0.971473,0.022139,0.858788,0.140629
F24->F25,23,124,344.0711,82.5102,0.078009,0.741554,0.268775,0.765704,0.192289
F24->F25,23,125,323.3686,76.6466,-0.054356,0.6277,0.213822,0.546328,0.280252
F24->F25,23,126,301.7003,77.2033,-0.19043,0.596906,-0.122223,0.553901,0.080632
F24->F25,23,127,280.314,84.081,-0.290731,0.726489,-0.032692,0.527753,0.325699
F24->F25,23,128,260.6316,99.9281,-0.358975,0.829985,0.02252,0.9411,0.397348
F24->F25,23,129,247.3199,121.4128,-0.43838,0.685045,0.076632,0.698792,0.515196
F24->F25,23,130,235.8077,144.3018,-0.203746,0.6223,0.088372,0.684403,0.298646
F24->F25,23,131,226.6105,167.1843,0.147476,0.588473,-0.109467,0.262142,0.415345
F24->F25,23,132,222.1676,188.2052,0.441887,0.706359,0.756968,1.013892,0.440287
F24->F25,23,133,222.3593,208.287,0.770662,0.900823,0.508368,1.126122,0.345771
F24->F25,23,134,223.3331,227.9708,0.937627,1.047903,0.995293,1.269167,0.228655
F24->F25,23,135,222.9041,247.507,0.942261,1.192777,1.212472,1.092461,0.288231
F24->F25,23,136,220.9519,267.1306,0.799067,1.355347,0.143507,1.062292,0.718081
F24->F25,23,137,217.9222,287.1156,0.794182,1.459169,0.033475,1.136261,0.826405
F24->F25,23,138,215.1229,307.5889,0.90977,1.549013,-0.587834,1.167202,1.545509
F24->F25,23,139,212.8087,328.6297,0.644593,1.575855,1.501803,1.993715,0.953632
F24->F25,23,140,209.488,349.3848,0.352845,1.61823,-3.723396,5.710302,5.77588
F24->F25,23,141,205.8851,370.1177,0.043273,1.667933,-2.442025,0.284836,2.844234
F24->F25,23,142,209.1268,391.5775,-0.075587,1.690299,1.989867,1.848838,2.071529
F24->F25,23,143,223.2048,407.901,-0.370449,1.873587,-2.5461,0.900964,2.38316
F24->F25,23,144,432.7755,406.1172,-1.493092,3.007884,-2.139573,3.097511,0.652664
F24->F25,23,145,431.22,383.6557,-0.858247,2.899257,-0.031254,2.064332,1.175167
F24->F25,23,146,435.0341,360.1,-0.583549,2.795756,-2.00341,2.959071,1.429223
F24->F25,23,147,439.1131,337.89,-0.998143,2.566495,-2.564508,3.233629,1.702518
F24->F25,23,148,440.6393,317.7021,-1.511046,2.365942,-0.660701,2.048456,0.907681
F24->F25,23,149,438.5758,298.2211,-1.67388,2.203759,-2.651026,2.879065,1.187793
F24->F25,23,150,435.7063,277.7115,-1.78028,2.102687,-1.757885,2.16804,0.069084
F24->F25,23,151,434.5725,256.1236,-1.958942,2.044673,-1.40789,2.113666,0.555354
F24->F25,23,152,432.8122,234.8798,-1.728476,1.92578,-0.767127,2.202031,1.000254
F24->F25,23,153,428.7752,214.897,-1.142566,1.738514,-1.39227,2.073369,0.417708
F24->F25,23,154,423.1878,195.1816,-0.655481,1.57986,-1.2106,1.781713,0.590679
F24->F25,23,155,416.6774,174.5269,-0.297552,1.490118,-0.788311,1.933614,0.661463
F24->F25,23,156,409.3071,153.7432,-0.152376,1.417177,20.0,-19.368247,28.950857
F24->F25,23,157,399.7143,132.0631,-0.099261,1.343324,18.452794,-18.0,26.80192
F24->F25,23,158,386.6799,109.7746,-0.022536,1.177247,0.58028,0.845496,0.688074
F24->F25,23,159,368.8118,89.9091,0.045098,0.951179,0.153532,-0.014184,0.971434
F24->F25,23,160,347.8086,76.6149,0.034791,0.71397,20.0,-20.0,28.769396
F24->F25,23,161,324.348,70.9279,-0.049686,0.610535,0.231718,0.536316,0.291027
F24->F25,23,162,300.3757,71.2671,-0.135763,0.548661,-0.109809,0.621082,0.076931
F24->F25,23,163,277.2002,79.044,-0.281676,0.794608,0.029533,0.539484,0.402417
F24->F25,23,164,256.6362,96.2094,-0.358317,0.857873,0.13753,0.809385,0.498211
F24->F25,23,165,243.1798,119.4084,-0.443768,0.676364,-0.069455,0.695293,0.374792
F24->F25,23,166,230.8714,143.4177,-0.206288,0.579795,0.070925,0.742204,0.321284
F24->F25,23,167,219.7085,166.9927,0.151622,0.539486,-0.090939,0.205124,0.413079
F24->F25,23,168,214.1362,188.3121,0.417938,0.651535,0.528958,0.965402,0.332924
F24->F25,23,169,212.9493,208.2593,0.738469,0.856196,0.781117,1.171392,0.318068
F24->F25,23,170,213.0962,227.6022,0.949111,1.034897,0.852723,1.111869,0.12335
F24->F25,23,171,212.4128,247.0608,1.006813,1.193276,1.47394,1.050401,0.488489
F24->F25,23,172,210.4297,266.6808,0.903664,1.350085,0.235505,0.973037,0.767203
F24->F25,23,173,207.8973,286.425,0.856703,1.463538,0.459642,0.742401,0.823223
F24->F25,23,174,205.4418,306.2963,0.925596,1.565648,-0.107517,1.244555,1.081861
F24->F25,23,175,202.8835,327.0309,0.692741,1.631035,0.231829,1.740434,0.473717
F24->F25,23,176,199.693,347.6775,0.38939,1.674344,2.897037,2.064189,2.537769
F24->F25,23,177,195.1828,369.6042,0.118289,1.662956,9.508453,9.627285,12.312828
F24->F25,23,178,201.299,393.5225,-0.156808,1.64159,1.909515,9.720925,8.339385
F24->F25,23,179,217.4512,409.2463,-0.327148,1.903212,-2.708175,0.685639,2.67428
F25->F26,24,0,401.3786,408.5539,-1.846463,3.207983,-1.783322,2.306169,0.904021
F25->F26,24,1,402.4802,387.8473,-1.231494,3.082783,-3.254979,2.759424,2.04916
F25->F26,24,2,402.8823,365.7929,-1.315974,2.698183,-3.431725,3.06672,2.147608
F25->F26,24,3,405.2153,346.0228,-1.494109,2.408269,-0.770179,2.297854,0.732302
F25->F26,24,4,405.7967,326.0095,-1.482832,2.317953,-1.207894,2.053789,0.381278
F25->F26,24,5,401.6543,307.2088,-1.630836,2.206407,-1.037691,2.231068,0.593657
F25->F26,24,6,397.3141,287.5713,-1.706001,2.039826,-1.270497,1.954679,0.443749
F25->F26,24,7,392.6634,268.0719,-1.812577,1.872748,-1.667295,2.080904,0.253842
F25->F26,24,8,386.2909,248.8331,-1.781525,1.670429,-2.053641,1.900888,0.356593
F25->F26,24,9,379.4064,229.5118,-1.416365,1.419899,-0.624478,1.089768,0.857945
F25->F26,24,10,374.3582,210.088,-0.92079,1.18936,-0.646295,1.181117,0.274619
F25->F26,24,11,371.4677,190.5001,-0.605231,1.065618,-0.358346,0.86629,0.317308
F25->F26,24,12,367.5916,171.3124,-0.287174,0.934678,-0.03539,1.014836,0.264235
F25->F26,24,13,362.5751,152.35,-0.042683,0.820993,-0.406512,0.78577,0.365529
F25->F26,24,14,355.4923,134.545,0.131066,0.772943,-0.620537,0.990121,0.782352
F25->F26,24,15,345.7346,118.1665,0.149073,0.698221,-0.026856,0.668585,0.178408
F25->F26,24,16,334.075,105.9078,0.064585,0.589484,0.099563,0.39356,0.199022
F25->F26,24,17,319.6543,99.192,-0.056301,0.530035,0.253534,0.353561,0.356568
F25->F26,24,18,303.7529,98.5153,-0.204449,0.547098,-0.308527,0.527857,0.105842
F25->F26,24,19,287.1739,103.4942,-0.290397,0.63263,-0.039683,0.556118,0.262129
F25->F26,24,20,271.6873,114.7547,-0.341277,0.645077,0.161703,0.620569,0.503577
F25->F26,24,21,258.7969,131.2243,-0.286971,0.595702,0.060462,0.72984,0.372428
F25->F26,24,22,250.6797,150.0677,-0.031686,0.624339,0.098414,0.882386,0.288988
F25->F26,24,23,249.3511,170.8174,0.189013,0.611534,-0.016513,0.501909,0.232935
F25->F26,24,24,250.1716,191.1255,0.458338,0.716967,0.919972,0.728878,0.461788
F25->F26,24,25,251.1551,211.0476,0.668445,0.842445,0.533991,0.829648,0.135062
F25->F26,24,26,252.9022,230.5828,0.68932,0.949766,0.76977,0.960394,0.081149
F25->F26,24,27,253.2595,250.158,0.604885,1.079235,0.718962,1.190201,0.159145
F25->F26,24,28,252.7366,270.0494,0.584543,1.18326,0.928353,1.180404,0.343823
F25->F26,24,29,250.5606,290.576,0.717518,1.274374,0.655647,0.953813,0.326477
F25->F26,24,30,246.9834,311.4923,0.738152,1.360735,-0.023815,1.09393,0.807328
F25->F26,24,31,244.8326,332.6702,0.469278,1.390071,-0.380181,1.237808,0.862997
F25->F26,24,32,242.1912,352.8972,0.116276,1.393748,-0.691824,1.329394,0.810659
F25->F26,24,33,240.5049,371.3017,-0.227277,1.433662,0.711474,1.852965,1.028138
F25->F26,24,34,240.9004,389.6815,-0.676194,1.4268,-1.198378,1.876316,0.689015
F25->F26,24,35,243.257,406.1635,-0.808364,1.682155,-0.663775,1.924889,0.282535
F25->F26,24,36,408.8934,407.5925,-1.710972,3.23557,-0.613206,2.300078,1.442302
F25->F26,24,37,409.3697,386.7044,-1.234853,3.063769,-4.090077,3.011134,2.855709
F25->F26,24,38,411.8934,363.5942,-1.29344,2.624923,-2.63193,3.118593,1.426628
F25->F26,24,39,418.0556,343.1114,-1.285651,2.351432,-3.111139,2.964494,1.925682
F25->F26,24,40,417.2641,324.0388,-1.325179,2.274338,-1.549233,2.314121,0.227558
F25->F26,24,41,412.2379,305.0534,-1.577065,2.183346,-2.959938,2.824606,1.52432
F25->F26,24,42,407.1386,285.369,-1.706845,2.032464,-3.443231,2.762799,1.883727
F25->F26,24,43,402.9903,265.2994,-1.886201,1.919173,-2.207015,1.88375,0.322763
F25->F26,24,44,398.175,245.4568,-1.879998,1.748418,-0.391912,0.916127,1.705024
F25->F26,24,45,392.3679,225.7823,-1.471984,1.519031,-0.15438,1.14358,1.370052
F25->F26,24,46,387.7805,206.245,-0.931611,1.307649,-0.495457,0.741331,0.714806
F25->F26,24,47,384.6191,186.074,-0.579337,1.209351,-1.535258,2.107266,1.311502
F25->F26,24,48,380.3483,166.1526,-0.282685,1.100298,-0.37424,1.108043,0.091882
F25->F26,24,49,372.8974,146.6798,-0.037556,1.0018,-0.09778,1.088774,0.10579
F25->F26,24,50,363.5248,127.4558,0.1203,0.963523,-0.432272,0.724359,0.60211
F25->F26,24,51,351.8768,109.9203,0.12303,0.856156,-0.106509,0.877006,0.230484
F25->F26,24,52,337.5097,97.3924,0.076785,0.684889,-0.094518,0.546231,0.220388
F25->F26,24,53,320.8354,91.1263,-0.046743,0.602214,0.302266,0.476792,0.370861
F25->F26,24,54,303.51,91.1063,-0.22704,0.640437,-0.261109,0.587985,0.062546
F25->F26,24,55,284.9281,96.7103,-0.309158,0.719673,-0.179345,0.614059,0.167349
F25->F26,24,56,268.0977,109.452,-0.365779,0.717539,0.154297,0.711615,0.520109
F25->F26,24,57,254.4886,127.7807,-0.342741,0.615347,0.123314,0.637618,0.466587
F25->F26,24,58,245.3575,147.9113,-0.092319,0.634115,0.034448,0.885747,0.281759
F25->F26,24,59,241.4925,169.3294,0.162485,0.619276,0.262616,0.677092,0.115624
F25->F26,24,60,240.6036,190.206,0.484803,0.727566,-0.228126,0.266035,0.849281
F25->F26,24,61,241.5414,210.2445,0.712397,0.859561,0.49889,0.539888,0.384416
F25->F26,24,62,243.665,230.0268,0.772458,0.967672,0.752249,1.013334,0.049934
F25->F26,24,63,243.8213,249.6632,0.676888,1.101888,0.452798,0.973253,0.258386
F25->F26,24,64,242.2204,269.5148,0.597811,1.220153,0.552288,1.209281,0.046804
F25->F26,24,65,239.4204,290.0393,0.747899,1.309914,0.965169,1.168919,0.259009
F25->F26,24,66,236.2894,310.8245,0.784856,1.392639,0.308526,0.979868,0.630295
F25->F26,24,67,233.9341,332.1295,0.493459,1.412042,-0.189273,1.178242,0.721655
F25->F26,24,68,230.8259,352.5431,0.142368,1.40758,1.560757,1.739393,1.456684
F25->F26,24,69,228.7575,372.1165,-0.235623,1.44711,0.539279,1.825531,0.862367
F25->F26,24,70,229.461,391.3432,-0.485348,1.4197,-0.483344,1.751517,0.331823
F25->F26,24,71,236.3133,407.2034,-0.652488,1.710332,-1.533995,1.746719,0.882258
F25->F26,24,72,416.3934,408.1,-1.673691,3.144728,-0.640667,2.161905,1.425861
F25->F26,24,73,416.899,386.0674,-1.207672,2.989474,-3.787392,2.819701,2.585301
F25->F26,24,74,420.4704,362.9053,-1.207415,2.538611,-2.404708,2.904727,1.252019
F25->F26,24,75,426.5701,341.8407,-1.122576,2.361681,-3.076217,3.004802,2.056774
F25->F26,24,76,425.4939,322.3762,-1.273533,2.271352,-2.735907,2.919404,1.599533
F25->F26,24,77,421.4291,303.3369,-1.565862,2.166189,-2.888803,2.90173,1.513669
F25->F26,24,78,416.3158,283.3414,-1.754304,2.051284,-3.41167,2.738259,1.7941
F25->F26,24,79,413.0244,262.7564,-1.971636,1.954695,-2.556136,1.99637,0.585984
F25->F26,24,80,409.6297,242.2219,-1.924482,1.815663,-2.352579,1.828431,0.428288
F25->F26,24,81,404.6084,222.4714,-1.420548,1.593989,-1.284239,1.890461,0.326307
F25->F26,24,82,399.9303,202.7884,-0.866277,1.4075,-0.522721,1.389712,0.344016
F25->F26,24,83,395.6173,182.4676,-0.527893,1.319371,-1.735256,2.197429,1.492888
F25->F26,24,84,390.8386,161.9672,-0.235165,1.229219,0.000159,1.157193,0.2461
F25->F26,24,85,382.4462,141.6936,-0.027026,1.159831,0.240579,1.211294,0.272508
F25->F26,24,86,371.4589,121.1775,0.09601,1.110707,-0.040628,0.864305,0.281751
F25->F26,24,87,357.5294,103.1558,0.105805,0.918865,-0.052883,0.800774,0.197807
F25->F26,24,88,340.7267,89.6668,0.094175,0.757414,-0.069035,0.646573,0.197289
F25->F26,24,89,321.8578,83.9374,-0.037475,0.650866,0.104413,0.699725,0.150064
F25->F26,24,90,302.6476,84.291,-0.218829,0.694579,-0.166582,0.658266,0.063627
F25->F26,24,91,282.5797,90.5793,-0.314687,0.780478,-0.200629,0.829173,0.124018
F25->F26,24,92,264.1088,104.8286,-0.370842,0.799873,0.02433,0.773865,0.396027
F25->F26,24,93,250.9544,124.8468,-0.41104,0.647361,0.2015,0.740144,0.619526
F25->F26,24,94,240.322,146.147,-0.153461,0.630262,0.128295,0.941537,0.419856
F25->F26,24,95,233.8849,168.1649,0.139453,0.615308,0.4187,0.62974,0.27962
F25->F26,24,96,231.0771,189.382,0.465001,0.709782,-0.406965,0.488607,0.899579
F25->F26,24,97,232.3716,209.645,0.731575,0.861616,0.659877,0.822456,0.081695
F25->F26,24,98,234.2598,229.5553,0.839712,0.982706,0.333759,0.8041,0.536552
F25->F26,24,99,234.2272,249.1494,0.780651,1.112611,0.268962,0.950099,0.536876
F25->F26,24,100,232.0378,268.9792,0.668917,1.249863,0.734932,1.126803,0.139648
F25->F26,24,101,228.9481,289.3217,0.750625,1.334247,0.280765,1.183795,0.493359
F25->F26,24,102,225.9976,310.0941,0.833906,1.423269,-0.226427,1.084656,1.113088
F25->F26,24,103,223.5637,331.3592,0.524525,1.441053,-0.440309,1.256471,0.982331
F25->F26,24,104,220.1733,352.0025,0.178935,1.434355,-1.375993,1.351181,1.557151
F25->F26,24,105,217.1724,372.4739,-0.192454,1.462364,-9.583061,5.408957,10.18622
F25->F26,24,106,218.4874,392.2115,-0.321867,1.473809,-0.068736,1.766184,0.386728
F25->F26,24,107,229.2746,408.4154,-0.535981,1.755619,-1.611692,1.836057,1.078715
F25->F26,24,108,423.7139,408.5312,-1.729914,2.992835,-0.787441,2.002608,1.367043
F25->F26,24,109,423.5937,385.9995,-1.200584,2.838273,-4.064079,2.877664,2.863766
F25->F26,24,110,428.2939,362.8856,-0.962472,2.575694,-2.288951,2.865565,1.357782
F25->F26,24,111,432.5568,340.9994,-0.995188,2.438128,-3.163773,3.031315,2.24825
F25->F26,24,112,432.8633,320.972,-1.348894,2.28636,-2.881112,3.164456,1.765997
F25->F26,24,113,429.5085,301.8085,-1.617651,2.153403,-1.112924,2.027244,0.520255
F25->F26,24,114,425.3242,281.4538,-1.823614,2.064719,-1.495667,1.783633,0.431924
F25->F26,24,115,422.8543,260.4344,-2.059873,2.000984,-1.468782,1.770628,0.634391
F25->F26,24,116,420.3919,239.4609,-1.941495,1.870151,-1.99178,2.034537,0.171905
F25->F26,24,117,416.3183,219.4329,-1.370906,1.662148,-1.646471,2.271325,0.668605
F25->F26,24,118,411.3582,199.7164,-0.841799,1.499616,-1.493699,1.658461,0.670974
F25->F26,24,119,406.4499,178.9809,-0.465798,1.418335,-1.541843,2.198252,1.328963
F25->F26,24,120,400.1974,158.3026,-0.197247,1.342725,-1.567371,1.99932,1.519328
F25->F26,24,121,391.3691,137.2597,-0.07635,1.271876,0.149219,1.355614,0.240611
F25->F26,24,122,379.1411,115.8079,0.024459,1.166791,0.01094,0.924745,0.242423
F25->F26,24,123,363.1892,96.3783,0.088713,0.981986,-0.158755,0.793182,0.311267
F25->F26,24,124,344.1491,83.2518,0.074307,0.758045,-0.025688,0.495802,0.28066
F25->F26,24,125,323.3142,77.2743,-0.043319,0.657856,0.017987,0.962829,0.311074
F25->F26,24,126,301.5099,77.8002,-0.178972,0.727136,-0.168441,0.686482,0.041996
F25->F26,24,127,280.0233,84.8075,-0.310866,0.837578,-0.196914,0.855734,0.11539
F25->F26,24,128,260.2726,100.7581,-0.367172,0.839746,-0.138726,0.673396,0.282594
F25->F26,24,129,246.8815,122.0978,-0.440562,0.677014,0.273899,0.682499,0.714483
F25->F26,24,130,235.6039,144.9241,-0.199021,0.603264,0.120486,0.948228,0.470197
F25->F26,24,131,226.758,167.7728,0.134147,0.564755,0.664935,0.710581,0.550455
F25->F26,24,132,222.6095,188.9116,0.423574,0.678722,0.383807,0.606124,0.082776
F25->F26,24,133,223.1299,209.1878,0.728656,0.852921,0.491473,0.894543,0.240808
F25->F26,24,134,224.2707,229.0187,0.881286,0.979942,0.423232,0.879646,0.468905
F25->F26,24,135,223.8464,248.6998,0.876809,1.109958,0.56989,1.199965,0.319844
F25->F26,24,136,221.751,268.486,0.742066,1.26354,0.998858,1.080357,0.315434
F25->F26,24,137,218.7164,288.5747,0.756654,1.354936,1.825325,1.987753,1.241979
F25->F26,24,138,216.0327,309.1379,0.842305,1.435335,-0.170556,1.194335,1.041138
F25->F26,24,139,213.4533,330.2056,0.557717,1.46099,-0.08848,1.209481,0.693417
F25->F26,24,140,209.8409,351.0031,0.254216,1.484616,0.078631,1.796803,0.358177
F25->F26,24,141,205.9283,371.7856,-0.051715,1.511255,-8.558551,5.989621,9.613637
F25->F26,24,142,209.0512,393.2678,-0.17641,1.537534,2.108455,9.662196,8.43983
F25->F26,24,143,222.8344,409.7746,-0.475195,1.764394,-4.818163,1.1294,4.389144
F25->F26,24,144,431.2824,409.1251,-1.786197,2.87979,-1.527241,2.25062,0.680377
F25->F26,24,145,430.3618,386.555,-1.135734,2.795741,-4.099656,2.957271,2.968321
F25->F26,24,146,434.4506,362.8957,-0.740919,2.706684,0.196166,2.180026,1.074941
F25->F26,24,147,438.115,340.4565,-1.068293,2.50469,-3.2565,2.956739,2.234412
F25->F26,24,148,439.1282,320.0681,-1.571926,2.304801,-2.51536,3.236874,1.326208
F25->F26,24,149,436.902,300.4249,-1.798581,2.156717,-1.587078,2.239603,0.227164
F25->F26,24,150,433.926,279.8142,-1.933109,2.067114,-1.981604,2.086484,0.052221
F25->F26,24,151,432.6135,258.1683,-2.116012,2.014497,-1.761198,2.202253,0.401429
F25->F26,24,152,431.0837,236.8056,-1.929079,1.908307,-1.572541,2.265017,0.504342
F25->F26,24,153,427.6327,216.6355,-1.32818,1.730496,-1.111014,1.138912,0.630185
F25->F26,24,154,422.5323,196.7615,-0.806513,1.57698,-1.369118,1.755634,0.59029
F25->F26,24,155,416.3798,176.017,-0.408266,1.49198,-1.449044,1.827929,1.093654
F25->F26,24,156,409.1547,155.1604,-0.216715,1.420602,20.0,-20.0,29.454333
F25->F26,24,157,399.6151,133.4064,-0.14531,1.352257,18.0,-19.0,27.266585
F25->F26,24,158,386.6574,110.9519,-0.04725,1.191222,0.365366,0.6699,0.664852
F25->F26,24,159,368.8569,90.8602,0.037142,0.966904,0.095605,0.033987,0.934747
F25->F26,24,160,347.8434,77.3289,0.037668,0.732643,20.0,-20.0,28.780848
F25->F26,24,161,324.2984,71.5384,-0.038144,0.639925,0.028224,0.909865,0.277979
F25->F26,24,162,300.2399,71.8158,-0.131718,0.72928,-0.058308,0.658029,0.102302
F25->F26,24,163,276.9185,79.8386,-0.289883,0.887098,-0.132162,0.77694,0.192381
F25->F26,24,164,256.2779,97.0672,-0.359656,0.8596,-0.138417,0.616872,0.328426
F25->F26,24,165,242.736,120.0847,-0.445218,0.666525,0.130689,0.576287,0.582933
F25->F26,24,166,230.6651,143.9975,-0.203671,0.562868,-0.047639,0.67811,0.193976
F25->F26,24,167,219.8602,167.5322,0.133305,0.520529,0.000624,0.305646,0.252545
F25->F26,24,168,214.5541,188.9636,0.394814,0.634796,0.612282,0.960191,0.391375
F25->F26,24,169,213.6878,209.1155,0.695667,0.818107,0.388219,0.938234,0.330083
F25->F26,24,170,214.0453,228.6371,0.889817,0.96965,0.480305,0.874469,0.420428
F25->F26,24,171,213.4196,248.254,0.939496,1.11071,0.473271,1.04499,0.470834
F25->F26,24,172,211.3333,268.0309,0.841094,1.251409,0.740045,1.091888,0.188833
F25->F26,24,173,208.754,287.8885,0.803304,1.354029,0.119906,1.256427,0.690333
F25->F26,24,174,206.3673,307.862,0.856824,1.442405,0.411454,1.144962,0.535562
F25->F26,24,175,203.5762,328.6619,0.602569,1.494432,-0.047916,0.986201,0.825487
F25->F26,24,176,200.0823,349.3518,0.282981,1.523498,-1.227871,1.237065,1.537763
F25->F26,24,177,195.3011,371.2671,0.01932,1.50064,-9.197744,-4.932913,11.240324
F25->F26,24,178,201.1422,395.164,-0.272501,1.500617,2.985069,9.61768,8.746341
F25->F26,24,179,217.124,411.1495,-0.440141,1.759789,-4.122756,-0.068809,4.11162
F26->F27,25,0,399.5321,411.7619,-2.013046,3.039199,-2.146344,1.577288,1.467975
F26->F27,25,1,401.2487,390.9301,-1.265166,3.033403,-0.792726,1.992797,1.14283
F26->F27,25,2,401.5663,368.4911,-1.198256,2.664997,-1.446059,2.067615,0.646739
F26->F27,25,3,403.7212,348.4311,-1.359331,2.331985,-2.372352,2.888332,1.15574
F26->F27,25,4,404.3139,328.3275,-1.324903,2.201068,-0.671931,2.226018,0.653449
F26->F27,25,5,400.0235,309.4152,-1.429369,2.095159,-2.869139,2.91863,1.658626
F26->F27,25,6,395.6081,289.6111,-1.474508,1.930193,-1.376986,1.960402,0.102094
F26->F27,25,7,390.8508,269.9446,-1.548834,1.757731,-1.838205,2.124651,0.467296
F26->F27,25,8,384.5094,250.5035,-1.494594,1.555233,-1.503192,2.080347,0.525185
F26->F27,25,9,377.99,230.9317,-1.163357,1.311035,-1.539311,2.059858,0.837901
F26->F27,25,10,373.4374,211.2774,-0.710836,1.092241,-0.690665,1.221467,0.130791
F26->F27,25,11,370.8625,191.5657,-0.452803,0.973487,0.031638,1.064765,0.492966
F26->F27,25,12,367.3044,172.2471,-0.190674,0.851521,0.180804,0.995549,0.398421
F26->F27,25,13,362.5325,153.171,0.01289,0.745094,-0.092668,0.844195,0.144787
F26->F27,25,14,355.6233,135.3179,0.148228,0.700292,0.126337,0.968494,0.269094
F26->F27,25,15,345.8837,118.8648,0.142449,0.638004,0.178311,0.665208,0.045013
F26->F27,25,16,334.1395,106.4973,0.044958,0.549847,0.079583,0.625108,0.082844
F26->F27,25,17,319.598,99.7221,-0.075509,0.500658,0.027781,0.621615,0.159058
F26->F27,25,18,303.5484,99.0624,-0.220087,0.518755,-0.107015,0.560818,0.120642
F26->F27,25,19,286.8835,104.1269,-0.311282,0.599652,-0.255647,0.588079,0.056826
F26->F27,25,20,271.346,115.3998,-0.369148,0.603602,-0.050865,0.691997,0.33033
F26->F27,25,21,258.5099,131.82,-0.337015,0.545983,-0.206346,1.094719,0.56408
F26->F27,25,22,250.648,150.692,-0.153299,0.556934,-0.373941,0.351012,0.301807
F26->F27,25,23,249.5401,171.4289,-0.047962,0.53934,0.482751,0.520119,0.53106
F26->F27,25,24,250.6299,191.8425,0.105386,0.638179,-0.190036,0.868288,0.374466
F26->F27,25,25,251.8235,211.8901,0.233761,0.766584,0.6767,0.920749,0.469001
F26->F27,25,26,253.5916,231.5326,0.206435,0.880996,0.025282,0.836847,0.186455
F26->F27,25,27,253.8644,251.2372,0.069165,1.013678,0.103286,1.201175,0.190577
F26->F27,25,28,253.3212,271.2327,-0.025273,1.128422,0.506824,1.065494,0.535805
F26->F27,25,29,251.2781,291.8504,0.043912,1.222655,-0.724295,1.176976,0.769565
F26->F27,25,30,247.7216,312.853,0.065075,1.305115,0.261138,0.9003,0.449796
F26->F27,25,31,245.3019,334.0603,-0.158581,1.333088,1.15805,1.773641,1.388381
F26->F27,25,32,242.3074,354.291,-0.43893,1.342916,-1.176341,1.158118,0.760214
F26->F27,25,33,240.2776,372.7353,-0.70199,1.374349,0.035661,1.780917,0.842274
F26->F27,25,34,240.2243,391.1083,-0.980312,1.392299,-0.259867,1.997173,0.940699
F26->F27,25,35,242.4486,407.8456,-1.058914,1.651084,-0.37937,1.795928,0.694809
F26->F27,25,36,407.1825,410.8281,-1.890118,3.108644,-1.395271,2.235649,1.003491
F26->F27,25,37,408.1348,389.7682,-1.261334,3.028614,-0.758072,2.079105,1.074634
F26->F27,25,38,410.5999,366.2191,-1.197093,2.622671,-1.027792,1.985732,0.659055
F26->F27,25,39,416.7699,345.4628,-1.241531,2.292161,-1.74781,3.024828,0.890572
F26->F27,25,40,415.9389,326.3132,-1.229478,2.190045,-1.606772,2.336703,0.404796
F26->F27,25,41,410.6608,307.2367,-1.408677,2.09035,-0.866132,2.249598,0.565433
F26->F27,25,42,405.4318,287.4015,-1.505719,1.937044,-1.438178,1.904053,0.075168
F26->F27,25,43,401.1041,267.2186,-1.64722,1.81008,-4.074732,2.829856,2.633014
F26->F27,25,44,396.295,247.2052,-1.640801,1.640985,-1.677915,2.052167,0.412853
F26->F27,25,45,390.8959,227.3013,-1.274503,1.414065,-1.928834,2.003948,0.880972
F26->F27,25,46,386.8489,207.5527,-0.786506,1.211939,-1.802574,1.877885,1.214857
F26->F27,25,47,384.0398,187.2833,-0.480473,1.11701,-0.029351,0.845478,0.526537
F26->F27,25,48,380.0656,167.2529,-0.23734,1.018097,-0.09871,1.03628,0.139818
F26->F27,25,49,372.8598,147.6816,-0.01431,0.924982,-0.225771,0.881952,0.215794
F26->F27,25,50,363.6451,128.4193,0.116554,0.890194,0.193012,1.035976,0.164615
F26->F27,25,51,351.9998,110.7764,0.106271,0.805484,0.170102,0.758181,0.079448
F26->F27,25,52,337.5864,98.0773,0.054526,0.652738,0.120662,0.696742,0.079437
F26->F27,25,53,320.7886,91.7286,-0.064318,0.578198,-0.078428,0.662097,0.085078
F26->F27,25,54,303.283,91.7467,-0.239169,0.617376,-0.040645,0.592076,0.20013
F26->F27,25,55,284.619,97.43,-0.325054,0.691471,-0.065216,0.70657,0.260276
F26->F27,25,56,267.7319,110.1696,-0.387486,0.679786,0.038712,0.707897,0.427124
F26->F27,25,57,254.1459,128.396,-0.37699,0.571462,-0.168324,0.844778,0.343865
F26->F27,25,58,245.2652,148.5454,-0.188273,0.571139,-0.315443,0.360103,0.246391
F26->F27,25,59,241.655,169.9487,-0.03624,0.551329,0.051595,0.366544,0.204598
F26->F27,25,60,241.0884,190.9336,0.174848,0.648078,-0.172709,0.721487,0.355226
F26->F27,25,61,242.2538,211.1041,0.315143,0.780861,0.648635,0.919331,0.361097
F26->F27,25,62,244.4374,230.9945,0.29558,0.888573,-0.091403,0.748222,0.411648
F26->F27,25,63,244.4982,250.7651,0.150344,1.023858,-0.004162,1.176059,0.21688
F26->F27,25,64,242.8182,270.735,0.030028,1.147029,0.26895,0.857934,0.375046
F26->F27,25,65,240.1683,291.3492,0.13161,1.239051,-0.408143,1.344901,0.550034
F26->F27,25,66,237.0743,312.2171,0.171898,1.319012,0.349223,0.939222,0.419147
F26->F27,25,67,234.4276,333.5415,-0.07371,1.34095,1.714197,2.010541,1.909179
F26->F27,25,68,230.9683,353.9506,-0.363181,1.329061,-0.969364,1.011003,0.684557
F26->F27,25,69,228.5219,373.5636,-0.635319,1.362025,1.324427,1.905006,2.033576
F26->F27,25,70,228.9757,392.7629,-0.74565,1.361657,1.013669,1.681043,1.788075
F26->F27,25,71,235.6608,408.9137,-0.894374,1.688453,-0.095606,1.992084,0.85453
F26->F27,25,72,414.7197,411.2447,-1.838316,3.067262,-3.183579,3.113996,1.346075
F26->F27,25,73,415.6913,389.0569,-1.247095,2.994415,-0.50067,2.195271,1.093518
F26->F27,25,74,419.263,365.4439,-1.189417,2.512374,-1.269384,1.968701,0.549522
F26->F27,25,75,425.4475,344.2024,-1.099071,2.319815,-2.368384,2.835952,1.370238
F26->F27,25,76,424.2204,324.6476,-1.175026,2.204279,-1.342633,1.972193,0.28628
F26->F27,25,77,419.8632,305.5031,-1.418542,2.086931,-0.771524,1.991169,0.654066
F26->F27,25,78,414.5615,285.3927,-1.565519,1.952904,-0.938202,1.836674,0.637995
F26->F27,25,79,411.0528,264.7111,-1.751812,1.852653,-2.446827,1.807783,0.696462
F26->F27,25,80,407.7052,244.0376,-1.726447,1.712039,-1.457423,1.781837,0.277931
F26->F27,25,81,403.1878,224.0654,-1.272671,1.496354,-0.361502,0.951144,1.06183
F26->F27,25,82,399.0641,204.1959,-0.758276,1.314981,-0.283927,1.006962,0.565582
F26->F27,25,83,395.0894,183.7869,-0.463596,1.230763,-0.245533,0.825252,0.460424
F26->F27,25,84,390.6035,163.1964,-0.213855,1.150374,0.015174,1.175433,0.230396
F26->F27,25,85,382.4192,142.8534,-0.023223,1.084165,0.100542,0.937201,0.192136
F26->F27,25,86,371.5549,122.2882,0.085802,1.040636,0.010951,1.134407,0.119982
F26->F27,25,87,357.6352,104.0746,0.089103,0.87479,0.012276,0.751213,0.145512
F26->F27,25,88,340.8209,90.4242,0.071126,0.730438,0.186606,0.609088,0.167516
F26->F27,25,89,321.8203,84.5883,-0.052727,0.629088,-0.096531,0.619484,0.044845
F26->F27,25,90,302.4288,84.9856,-0.229481,0.678268,-0.002394,0.626513,0.23291
F26->F27,25,91,282.265,91.3598,-0.329205,0.758821,-0.093817,0.606548,0.280347
F26->F27,25,92,263.738,105.6285,-0.388482,0.757987,0.109087,0.744386,0.497755
F26->F27,25,93,250.5434,125.4942,-0.437655,0.600694,-0.151023,0.912564,0.423581
F26->F27,25,94,240.1685,146.7773,-0.2288,0.570463,-0.090156,0.335279,0.273009
F26->F27,25,95,234.0244,168.7802,-0.027249,0.549131,-0.343251,0.446173,0.332351
F26->F27,25,96,231.5421,190.0918,0.198642,0.6408,-0.00419,0.694558,0.209835
F26->F27,25,97,233.1032,210.5066,0.356923,0.783807,0.419071,0.767057,0.064366
F26->F27,25,98,235.0995,230.538,0.361314,0.895732,0.296354,0.888646,0.065345
F26->F27,25,99,235.0079,250.262,0.244614,1.027721,-0.218382,1.166623,0.483383
F26->F27,25,100,232.7067,270.2291,0.116763,1.162633,-0.45282,1.054449,0.579766
F26->F27,25,101,229.6988,290.656,0.193018,1.248716,-0.890116,1.019881,1.107043
F26->F27,25,102,226.8315,311.5173,0.271706,1.334453,-0.079336,1.04847,0.452788
F26->F27,25,103,224.0883,332.8002,-0.001501,1.357639,-0.288467,1.881375,0.597201
F26->F27,25,104,220.3522,353.4369,-0.278117,1.34004,-0.864876,1.039487,0.659256
F26->F27,25,105,216.9799,373.9362,-0.525565,1.349159,-2.384662,1.155755,1.86913
F26->F27,25,106,218.1655,393.6853,-0.551626,1.366824,0.4543,1.840226,1.111753
F26->F27,25,107,228.7386,410.171,-0.772403,1.71205,-0.404578,2.094313,0.530491
F26->F27,25,108,421.984,411.5241,-1.889269,2.925057,-2.348437,3.030142,0.471039
F26->F27,25,109,422.3931,388.8378,-1.273253,2.827022,-0.123105,2.118665,1.350781
F26->F27,25,110,427.3314,365.4613,-0.983931,2.558647,-2.930775,2.790972,1.960656
F26->F27,25,111,431.5616,343.4375,-0.954451,2.403768,-2.58707,3.095368,1.773063
F26->F27,25,112,431.5144,323.2584,-1.242689,2.232084,-0.976002,2.063517,0.315495
F26->F27,25,113,427.8909,303.9619,-1.461722,2.084819,-2.879738,2.803462,1.589723
F26->F27,25,114,423.5006,283.5185,-1.641223,1.975483,-1.289263,1.804718,0.391198
F26->F27,25,115,420.7944,262.4354,-1.861518,1.900334,-1.95705,2.091198,0.213437
F26->F27,25,116,418.4504,241.3311,-1.770999,1.770964,-1.367555,1.729278,0.405592
F26->F27,25,117,414.9474,221.095,-1.257866,1.571454,-2.077108,1.766239,0.84208
F26->F27,25,118,410.5164,201.216,-0.756777,1.408425,-0.34185,1.012836,0.573284
F26->F27,25,119,405.9841,180.3992,-0.427355,1.332306,-0.157834,1.012442,0.418276
F26->F27,25,120,400.0001,159.6453,-0.185027,1.264121,0.293122,1.26635,0.478154
F26->F27,25,121,391.2928,138.5316,-0.075089,1.198633,0.111574,1.088185,0.216891
F26->F27,25,122,379.1656,116.9746,0.016722,1.106254,0.015955,1.017459,0.088799
F26->F27,25,123,363.2779,97.3603,0.071998,0.944145,-0.073389,0.726075,0.262091
F26->F27,25,124,344.2234,84.0098,0.056084,0.734459,0.171618,0.654264,0.140639
F26->F27,25,125,323.2709,77.9322,-0.056991,0.642022,-0.042286,0.47752,0.165158
F26->F27,25,126,301.3309,78.5273,-0.192122,0.724021,0.019983,0.746906,0.213336
F26->F27,25,127,279.7124,85.6451,-0.323602,0.818195,-0.023481,0.625592,0.356606
F26->F27,25,128,259.9055,101.5978,-0.382101,0.794952,0.039318,0.827947,0.422709
F26->F27,25,129,246.4409,122.7748,-0.46206,0.627342,0.16588,0.969428,0.715074
F26->F27,25,130,235.4049,145.5274,-0.262635,0.544288,-0.015537,0.390233,0.291188
F26->F27,25,131,226.8921,168.3375,-0.011775,0.505049,0.317496,0.623591,0.349959
F26->F27,25,132,223.0331,189.5903,0.191707,0.617299,0.244882,0.59932,0.056133
F26->F27,25,133,223.8586,210.0407,0.364803,0.772375,-0.150398,0.895118,0.52962
F26->F27,25,134,225.152,229.9987,0.410848,0.89237,0.803474,0.907804,0.392929
F26->F27,25,135,224.7232,249.8098,0.347344,1.015561,-0.022336,0.973289,0.372089
F26->F27,25,136,222.4931,269.7495,0.20839,1.166219,-0.08235,0.91137,0.386624
F26->F27,25,137,219.473,289.9297,0.247777,1.256253,-0.223453,1.303865,0.473629
F26->F27,25,138,216.875,310.5732,0.317846,1.334422,-0.453994,1.088236,0.81015
F26->F27,25,139,214.0111,331.6666,0.06989,1.360984,0.419315,1.793381,0.555937
F26->F27,25,140,210.0951,352.4877,-0.17742,1.367026,0.035543,0.990992,0.432151
F26->F27,25,141,205.8766,373.2969,-0.379813,1.376624,-1.202785,0.919103,0.941599
F26->F27,25,142,208.8748,394.8053,-0.419886,1.407563,0.469896,1.88639,1.010439
F26->F27,25,143,222.3592,411.539,-0.700878,1.694409,0.319234,1.982778,1.060087
F26->F27,25,144,429.4962,412.0048,-1.934909,2.79618,-2.389694,3.029835,0.511297
F26->F27,25,145,429.2261,389.3507,-1.215163,2.778121,-2.355557,2.882346,1.145146
F26->F27,25,146,433.7097,365.6024,-0.773797,2.669071,-3.175585,2.83575,2.407564
F26->F27,25,147,437.0467,342.9611,-1.000508,2.473905,-2.587952,3.052548,1.689618
F26->F27,25,148,437.5563,322.3729,-1.451475,2.257676,-0.626322,2.154008,0.83164
F26->F27,25,149,435.1034,302.5816,-1.639263,2.090596,-2.103284,2.764971,0.818594
F26->F27,25,150,431.9929,281.8813,-1.755822,1.986001,-2.19813,2.084476,0.453138
F26->F27,25,151,430.4975,260.1828,-1.942737,1.924421,-1.955949,2.170268,0.246202
F26->F27,25,152,429.1546,238.7139,-1.792529,1.816586,-0.277131,1.091478,1.679943
F26->F27,25,153,426.3045,218.366,-1.237918,1.642655,-1.52095,2.162692,0.592069
F26->F27,25,154,421.7258,198.3385,-0.74388,1.491592,-0.196498,1.056492,0.699242
F26->F27,25,155,415.9716,177.509,-0.381781,1.411855,0.636864,1.028861,1.088266
F26->F27,25,156,408.938,156.581,-0.201033,1.343857,20.0,-20.0,29.387785
F26->F27,25,157,399.4698,134.7587,-0.139935,1.283996,-0.152043,0.931981,0.352223
F26->F27,25,158,386.6102,112.1431,-0.049161,1.142603,0.345431,0.686675,0.60297
F26->F27,25,159,368.894,91.8272,0.028567,0.936397,0.052356,0.243081,0.693724
F26->F27,25,160,347.8811,78.0616,0.026108,0.714564,20.0,-20.0,28.77585
F26->F27,25,161,324.2602,72.1784,-0.050724,0.627471,-0.06675,0.48165,0.146699
F26->F27,25,162,300.1082,72.5451,-0.148686,0.744935,-0.109846,0.751781,0.039438
F26->F27,25,163,276.6287,80.7257,-0.299809,0.861615,-0.174637,0.767736,0.156465
F26->F27,25,164,255.9182,97.9268,-0.372779,0.810783,0.096506,0.678205,0.487652
F26->F27,25,165,242.2908,120.7513,-0.466893,0.614489,-0.100441,1.192586,0.684458
F26->F27,25,166,230.4614,144.5604,-0.26243,0.505209,-0.01556,0.333207,0.300882
F26->F27,25,167,219.9935,168.0527,0.007001,0.461844,0.237811,0.661787,0.305369
F26->F27,25,168,214.949,189.5984,0.176912,0.577558,0.491671,0.560515,0.31522
F26->F27,25,169,214.3835,209.9336,0.352771,0.738221,0.121652,0.732777,0.231183
F26->F27,25,170,214.9351,229.6068,0.428954,0.876709,0.80214,0.868868,0.373268
F26->F27,25,171,214.3591,249.3647,0.422295,1.009649,0.046821,0.973837,0.377178
F26->F27,25,172,212.1744,269.2823,0.327033,1.146297,0.173774,0.728008,0.445482
F26->F27,25,173,209.5573,289.2425,0.313796,1.247729,0.112737,0.955489,0.354724
F26->F27,25,174,207.2242,309.3044,0.360178,1.331829,-0.732459,1.12607,1.111842
F26->F27,25,175,204.1788,330.1563,0.134476,1.380114,-1.182879,1.211011,1.328164
F26->F27,25,176,200.3653,350.8753,-0.130777,1.394536,3.116901,7.978847,7.3417
F26->F27,25,177,195.3204,372.7677,-0.305524,1.378065,-1.510952,-0.201815,1.987228
F26->F27,25,178,200.8697,396.6647,-0.541622,1.397345,-0.390295,2.190219,0.807185
F26->F27,25,179,216.6839,412.9093,-0.678072,1.655757,0.932206,2.145366,1.683066
F27->F28,26,0,397.5191,414.8011,-1.111092,2.058765,-2.021834,1.901254,0.924262
F27->F28,26,1,399.9835,393.9635,-0.341609,2.082289,-0.528962,1.948809,0.230039
F27->F28,26,2,400.3681,371.1561,0.001699,1.756674,-0.780143,1.923477,0.799437
F27->F28,26,3,402.3619,350.7631,0.028797,1.457511,1.0306,1.010584,1.096974
F27->F28,26,4,402.989,330.5285,0.145523,1.327657,0.91934,1.236218,0.779201
F27->F28,26,5,398.5941,311.5103,0.129587,1.225604,-1.210733,1.797096,1.457072
F27->F28,26,6,394.1336,291.5413,0.102837,1.098291,0.932961,1.086555,0.830207
F27->F28,26,7,389.302,271.7024,0.054223,0.961244,0.686941,0.824821,0.647258
F27->F28,26,8,383.0148,252.0588,0.142291,0.790729,0.242449,0.971312,0.206499
F27->F28,26,9,376.8267,232.2427,0.339499,0.605009,1.333037,0.290353,1.042174
F27->F28,26,10,372.7266,212.3696,0.5294,0.454926,1.31258,0.357655,0.789197
F27->F28,26,11,370.4097,192.5392,0.508457,0.38236,1.262088,0.244067,0.766215
F27->F28,26,12,367.1137,173.0986,0.525279,0.30026,0.642217,0.115904,0.218316
F27->F28,26,13,362.5453,153.9161,0.505659,0.233863,0.440754,0.325805,0.112544
F27->F28,26,14,355.7716,136.0182,0.427779,0.220818,0.639235,0.084953,0.251343
F27->F28,26,15,346.0261,119.5028,0.284301,0.222125,0.05941,0.232107,0.225112
F27->F28,26,16,334.1845,107.0471,0.107615,0.216445,0.079647,0.1673,0.056546
F27->F28,26,17,319.5225,100.2227,-0.04065,0.222163,-0.106881,0.083664,0.15352
F27->F28,26,18,303.3283,99.5812,-0.185317,0.247426,-0.141327,0.245736,0.044022
F27->F28,26,19,286.5722,104.7265,-0.282733,0.321266,0.103303,0.235102,0.395535
F27->F28,26,20,270.9769,116.0034,-0.350877,0.3162,-0.181655,0.079267,0.291159
F27->F28,26,21,258.1729,132.366,-0.400897,0.233086,-0.515211,-0.039382,0.295477
F27->F28,26,22,250.4947,151.249,-0.453073,0.184342,-0.47195,0.410212,0.226657
F27->F28,26,23,249.4922,171.9683,-0.648683,0.140236,-0.749561,0.042462,0.140486
F27->F28,26,24,250.7353,192.4806,-0.800995,0.19548,-1.266269,0.44433,0.527642
F27->F28,26,25,252.0573,212.6567,-0.837251,0.314996,-1.336228,0.324508,0.499068
F27->F28,26,26,253.798,232.4136,-0.925721,0.435195,-0.173497,0.69135,0.794642
F27->F28,26,27,253.9336,252.2509,-1.092091,0.566517,-1.214739,0.319568,0.275729
F27->F28,26,28,253.2959,272.3611,-1.318584,0.690031,-0.713119,0.827604,0.620897
F27->F28,26,29,251.322,293.073,-1.387542,0.788704,-3.801005,0.148014,2.497056
F27->F28,26,30,247.7867,314.1582,-1.324496,0.86254,-0.834227,0.948404,0.497731
F27->F28,26,31,245.1433,335.3934,-1.381277,0.896908,-0.157617,0.918529,1.223851
F27->F28,26,32,241.8685,355.6339,-1.42188,0.932868,-1.133781,1.108181,0.337247
F27->F28,26,33,239.5756,374.1097,-1.407003,0.994748,0.289785,0.848573,1.703073
F27->F28,26,34,239.2439,392.5006,-1.321505,1.06296,-0.238043,1.903188,1.371086
F27->F28,26,35,241.3897,409.4967,-1.180808,1.28071,-0.703126,1.811711,0.714243
F27->F28,26,36,405.2923,413.9367,-1.043125,2.150259,-1.331104,2.051968,0.304292
F27->F28,26,37,406.8735,392.7968,-0.334684,2.128449,-0.969241,1.916797,0.668924
F27->F28,26,38,409.4029,368.8418,-0.113613,1.818749,-0.284436,1.764025,0.179374
F27->F28,26,39,415.5284,347.755,-0.146308,1.570773,-0.186211,1.669248,0.106252
F27->F28,26,40,414.7095,328.5032,-0.022674,1.422468,-0.793328,1.780881,0.849922
F27->F28,26,41,409.2521,309.327,-0.022056,1.285818,0.219553,1.27964,0.241688
F27->F28,26,42,403.9261,289.3385,-0.034059,1.141634,0.688664,1.197616,0.724888
F27->F28,26,43,399.4568,269.0286,-0.113396,1.026664,0.484555,1.133327,0.60739
F27->F28,26,44,394.6542,248.8462,-0.099281,0.88535,0.291724,1.025066,0.415217
F27->F28,26,45,389.6214,228.7154,0.116413,0.704108,-0.037116,0.855841,0.215856
F27->F28,26,46,386.0624,208.7646,0.289843,0.568456,0.012646,0.850122,0.395188
F27->F28,26,47,383.5593,188.4004,0.314947,0.508849,-0.075498,0.682316,0.427245
F27->F28,26,48,379.8283,168.271,0.317615,0.448502,-0.159466,0.698194,0.538473
F27->F28,26,49,372.8455,148.6066,0.361313,0.393922,0.522751,0.124748,0.313874
F27->F28,26,50,363.7616,129.3095,0.328542,0.396564,0.718475,0.255814,0.414557
F27->F28,26,51,352.1061,111.5819,0.208727,0.394968,0.339332,0.407729,0.131227
F27->F28,26,52,337.641,98.73,0.098778,0.335855,0.060149,0.283183,0.065319
F27->F28,26,53,320.7243,92.3068,-0.037657,0.314643,-0.081555,0.059157,0.25923
F27->F28,26,54,303.0438,92.3641,-0.207247,0.353692,-0.264656,0.26458,0.106004
F27->F28,26,55,284.2939,98.1215,-0.293347,0.416409,-0.210507,0.395255,0.085498
F27->F28,26,56,267.3444,110.8493,-0.353252,0.39421,-0.292019,0.311053,0.103269
F27->F28,26,57,253.7689,128.9675,-0.386955,0.273721,-0.576171,0.121218,0.243022
F27->F28,26,58,245.0769,149.1166,-0.417661,0.208757,-0.225532,0.435321,0.29706
F27->F28,26,59,241.6188,170.5,-0.535928,0.167602,-0.828985,0.054055,0.314286
F27->F28,26,60,241.2633,191.5816,-0.641123,0.205854,-0.865874,0.367388,0.276778
F27->F28,26,61,242.5689,211.8849,-0.696205,0.322239,-0.899302,0.249509,0.215726
F27->F28,26,62,244.733,231.8831,-0.818775,0.429539,-0.691169,0.342522,0.154452
F27->F28,26,63,244.6485,251.7889,-0.998121,0.558356,-0.819225,0.773861,0.280082
F27->F28,26,64,242.8482,271.882,-1.167282,0.684404,-0.3287,0.935479,0.875362
F27->F28,26,65,240.2999,292.5882,-1.187675,0.780819,-0.067058,0.987136,1.139451
F27->F28,26,66,237.2462,313.5361,-1.10596,0.856808,-0.754968,0.928676,0.358274
F27->F28,26,67,234.3538,334.8825,-1.180137,0.894145,-0.202376,0.872291,0.978006
F27->F28,26,68,230.6051,355.2797,-1.252358,0.906159,-1.476201,1.154746,0.334517
F27->F28,26,69,227.8866,374.9257,-1.222406,0.956845,-1.511815,0.952337,0.289444
F27->F28,26,70,228.2301,394.1245,-1.036069,1.020214,2.466579,1.738925,3.575624
F27->F28,26,71,234.7665,410.6022,-1.036243,1.334509,-2.128101,1.109554,1.114792
F27->F28,26,72,412.8814,414.312,-1.026117,2.181613,-0.891316,1.849458,0.358467
F27->F28,26,73,414.4442,392.0513,-0.400422,2.17822,0.183723,1.754567,0.721601
F27->F28,26,74,418.0736,367.9563,-0.189064,1.871096,1.224622,1.224036,1.554734
F27->F28,26,75,424.3485,346.5222,-0.186746,1.683946,-0.530226,2.000263,0.466942
F27->F28,26,76,423.0454,326.8519,-0.137988,1.498027,-0.910996,1.829655,0.841141
F27->F28,26,77,418.4447,307.59,-0.153065,1.332298,-1.005424,1.833159,0.988623
F27->F28,26,78,412.996,287.3456,-0.170003,1.183241,0.861838,1.168753,1.031943
F27->F28,26,79,409.3009,266.5638,-0.272918,1.082383,0.134794,1.067231,0.407993
F27->F28,26,80,405.9787,245.7496,-0.267146,0.958827,0.279812,0.907379,0.549372
F27->F28,26,81,401.9151,225.5618,-0.02255,0.788797,-0.094129,0.882945,0.118269
F27->F28,26,82,398.3058,205.5108,0.173868,0.662406,-0.19191,0.751786,0.37654
F27->F28,26,83,394.6258,185.0177,0.214584,0.607425,-0.181493,0.765408,0.426421
F27->F28,26,84,390.3896,164.3468,0.234337,0.562314,-0.279803,0.679657,0.527361
F27->F28,26,85,382.3959,143.9376,0.268431,0.530156,-0.359622,0.595423,0.631436
F27->F28,26,86,371.6407,123.3288,0.26141,0.535937,-0.18345,0.551853,0.445144
F27->F28,26,87,357.7243,104.9494,0.175401,0.473059,-0.066242,0.512219,0.244795
F27->F28,26,88,340.892,91.1547,0.101771,0.426813,0.203819,0.38534,0.110153
F27->F28,26,89,321.7676,85.2174,-0.032827,0.377714,0.069826,0.241898,0.170246
F27->F28,26,90,302.1993,85.6639,-0.203878,0.425033,-0.307442,0.44285,0.105085
F27->F28,26,91,281.9358,92.1186,-0.298872,0.485606,-0.368599,0.476142,0.070366
F27->F28,26,92,263.3495,106.3865,-0.352168,0.454265,-0.288027,0.34618,0.125684
F27->F28,26,93,250.1057,126.0949,-0.419662,0.296185,-0.639396,0.113168,0.28597
F27->F28,26,94,239.9397,147.3477,-0.401509,0.215179,-0.217205,0.383181,0.249385
F27->F28,26,95,233.9971,169.3293,-0.442554,0.171304,-0.799446,0.243834,0.364187
F27->F28,26,96,231.7408,190.7326,-0.509494,0.214657,-0.622837,0.179084,0.118795
F27->F28,26,97,233.4601,211.2904,-0.60228,0.321624,-0.720023,0.026984,0.317295
F27->F28,26,98,235.4608,231.4337,-0.749678,0.423032,-0.514803,0.204772,0.320631
F27->F28,26,99,235.2525,251.2897,-0.91726,0.550561,-0.440113,1.000555,0.655869
F27->F28,26,100,232.8235,271.3917,-1.02814,0.679298,-0.184929,0.682359,0.843217
F27->F28,26,101,229.8918,291.9047,-1.010875,0.774652,-0.350967,1.096629,0.734268
F27->F28,26,102,227.1033,312.8518,-0.90862,0.859109,-0.385031,0.885473,0.524253
F27->F28,26,103,224.0868,334.1579,-1.020713,0.90363,9.609544,-0.171319,10.684468
F27->F28,26,104,220.0741,354.7769,-1.086244,0.912941,-0.656575,1.303917,0.580928
F27->F28,26,105,216.4543,375.2854,-1.01811,0.936615,-1.107837,1.033811,0.13228
F27->F28,26,106,217.6139,395.0521,-0.806792,0.993296,6.291999,7.913131,9.913473
F27->F28,26,107,227.9662,411.8831,-0.918051,1.343631,-2.369292,1.2019,1.458145
F27->F28,26,108,420.0947,414.4491,-1.054406,2.136216,-1.001988,1.875799,0.265641
F27->F28,26,109,421.1198,391.6648,-0.41634,2.128992,0.044325,2.069277,0.46452
F27->F28,26,110,426.3474,368.0199,-0.140312,1.974022,0.744788,1.135091,1.219511
F27->F28,26,111,430.6071,345.8413,-0.186089,1.79078,-1.098723,1.904963,0.91975
F27->F28,26,112,430.2717,325.4905,-0.274101,1.58101,-1.271498,1.868931,1.038123
F27->F28,26,113,426.4291,306.0467,-0.286047,1.377391,-0.916229,1.918938,0.830905
F27->F28,26,114,421.8593,285.494,-0.299638,1.22804,-0.823146,1.975765,0.912773
F27->F28,26,115,418.9329,264.3357,-0.414278,1.13067,0.162155,1.074491,0.579164
F27->F28,26,116,416.6794,243.102,-0.385978,1.014484,-0.043788,0.94553,0.349068
F27->F28,26,117,413.6895,222.6665,-0.125402,0.860351,0.086958,1.063659,0.293992
F27->F28,26,118,409.7596,202.6244,0.080045,0.738177,-0.160147,0.732815,0.240252
F27->F28,26,119,405.5567,181.7315,0.158649,0.689666,-0.002911,0.911263,0.274239
F27->F28,26,120,399.8151,160.9094,0.191407,0.653191,-0.061919,0.765743,0.277205
F27->F28,26,121,391.2177,139.7302,0.193085,0.618456,-0.434439,0.68724,0.631283
F27->F28,26,122,379.1823,118.0809,0.179054,0.601301,-0.169681,0.506002,0.361523
F27->F28,26,123,363.3499,98.3044,0.142748,0.550804,0.019992,0.617416,0.139665
F27->F28,26,124,344.2795,84.7443,0.080112,0.440889,0.110775,0.385572,0.063247
F27->F28,26,125,323.2139,78.5742,-0.044867,0.40418,0.120041,0.292881,0.198953
F27->F28,26,126,301.1388,79.2514,-0.174837,0.48092,-0.238363,0.460554,0.066711
F27->F28,26,127,279.3888,86.4633,-0.294949,0.542065,-0.088543,0.603842,0.215453
F27->F28,26,128,259.5234,102.3928,-0.349735,0.468473,-0.312337,0.286237,0.186035
F27->F28,26,129,245.9789,123.4022,-0.429668,0.307918,-0.406331,0.338487,0.038459
F27->F28,26,130,235.1423,146.0717,-0.396376,0.190907,-0.340261,0.38591,0.202917
F27->F28,26,131,226.8804,168.8426,-0.358046,0.130728,-0.461816,0.456584,0.34198
F27->F28,26,132,223.2248,190.2076,-0.416386,0.204992,-0.30669,0.380802,0.207226
F27->F28,26,133,224.2234,210.8131,-0.536546,0.306783,-0.491098,0.208026,0.108713
F27->F28,26,134,225.5628,230.891,-0.688421,0.411538,-1.146029,0.305869,0.46965
F27->F28,26,135,225.0705,250.8253,-0.800902,0.531027,-1.481106,0.325674,0.710526
F27->F28,26,136,222.7014,270.9157,-0.886443,0.668573,-0.29465,0.722287,0.594225
F27->F28,26,137,219.7208,291.1859,-0.839683,0.769626,-0.735816,0.810288,0.111543
F27->F28,26,138,217.1928,311.9077,-0.781913,0.861816,-0.128884,1.1016,0.695661
F27->F28,26,139,214.0809,333.0276,-0.866096,0.905363,-0.893209,0.970423,0.070483
F27->F28,26,140,209.9177,353.8547,-0.925247,0.933197,-3.043722,1.36974,2.162985
F27->F28,26,141,205.4968,374.6735,-0.855077,0.974101,1.206212,-5.233226,6.540628
F27->F28,26,142,208.455,396.2129,-0.691272,1.023322,-4.055045,-0.271448,3.604358
F27->F28,26,143,221.6583,413.2334,-0.839795,1.310664,-3.75586,5.213142,4.871629
F27->F28,26,144,427.5613,414.801,-1.078052,2.094968,-0.551506,2.027295,0.530878
F27->F28,26,145,428.0109,392.1288,-0.403002,2.148713,-2.444154,2.855293,2.15999
F27->F28,26,146,432.9359,368.2715,-0.051535,2.087533,-0.683821,1.792022,0.697934
F27->F28,26,147,436.0462,345.435,-0.213616,1.885838,0.152124,1.057875,0.905146
F27->F28,26,148,436.1048,324.6305,-0.435602,1.63286,-0.907283,1.846655,0.517872
F27->F28,26,149,433.4641,304.6722,-0.448857,1.408546,0.819324,1.032817,1.322669
F27->F28,26,150,430.2371,283.8673,-0.432205,1.257073,-1.384074,1.869741,1.131997
F27->F28,26,151,428.5548,262.1072,-0.540331,1.162733,0.143138,1.173528,0.683554
F27->F28,26,152,427.3621,240.5305,-0.487412,1.05751,-0.220768,1.073717,0.267135
F27->F28,26,153,425.0666,220.0086,-0.212669,0.92047,-0.490527,0.84244,0.288607
F27->F28,26,154,420.9819,199.8301,0.011698,0.801008,0.071697,0.973008,0.182165
F27->F28,26,155,415.5898,178.9208,0.129243,0.748963,-0.526591,1.258324,0.830401
F27->F28,26,156,408.737,157.9249,0.148439,0.701051,20.0,-20.0,28.681317
F27->F28,26,157,399.3298,136.0427,0.12868,0.673698,18.939472,-20.0,27.950809
F27->F28,26,158,386.561,113.2857,0.106901,0.635212,0.353869,0.37761,0.356865
F27->F28,26,159,368.9226,92.7635,0.095482,0.550862,0.153024,0.103324,0.451221
F27->F28,26,160,347.9072,78.7761,0.044323,0.432263,20.0,-20.0,28.560574
F27->F28,26,161,324.2095,72.8058,-0.043711,0.398944,0.097643,0.231791,0.218909
F27->F28,26,162,299.9595,73.29,-0.13725,0.510917,-0.090847,0.479709,0.055921
F27->F28,26,163,276.3288,81.5873,-0.273266,0.574043,-0.150693,0.543716,0.126269
F27->F28,26,164,255.5455,98.7376,-0.344122,0.462237,-0.077445,0.144575,0.41476
F27->F28,26,165,241.8239,121.3658,-0.432292,0.274593,-0.313712,0.296954,0.12067
F27->F28,26,166,230.199,145.0656,-0.376581,0.144126,-0.378881,0.407129,0.263013
F27->F28,26,167,220.0005,168.5145,-0.284186,0.08119,-0.307754,0.427522,0.347133
F27->F28,26,168,215.1259,190.176,-0.360528,0.160245,-0.018429,0.124775,0.343933
F27->F28,26,169,214.7362,210.6718,-0.4784,0.266818,-0.237291,0.1139,0.285513
F27->F28,26,170,215.3641,230.4835,-0.619268,0.385302,-1.094999,0.301619,0.483035
F27->F28,26,171,214.7814,250.3744,-0.697472,0.513404,-1.045909,0.19939,0.469056
F27->F28,26,172,212.5015,270.4286,-0.736462,0.647429,-0.346401,0.910368,0.470409
F27->F28,26,173,209.8711,290.4903,-0.710512,0.759995,0.156385,0.670035,0.871552
F27->F28,26,174,207.5843,310.6362,-0.66966,0.863134,-0.453429,1.433682,0.610149
F27->F28,26,175,204.3133,331.5364,-0.750469,0.938312,-0.861592,0.948538,0.111592
F27->F28,26,176,200.2345,352.2698,-0.829085,0.983393,-1.808772,1.130926,0.990734
F27->F28,26,177,195.0149,374.1458,-0.762449,1.032201,-2.055936,2.925134,2.292663
F27->F28,26,178,200.3281,398.062,-0.809612,1.048389,-1.687161,-0.323949,1.628927
F27->F28,26,179,216.0058,414.5651,-0.830897,1.262032,-4.823201,-3.095117,5.909589
F28->F29,27,0,396.408,416.8599,0.34003,0.76757,-0.242743,0.860989,0.590213
F28->F29,27,1,399.6419,396.0458,0.968945,0.716608,0.962629,0.941973,0.225454
F28->F29,27,2,400.3698,372.9128,1.508053,0.43653,1.593759,0.724786,0.300728
F28->F29,27,3,402.3907,352.2206,1.788785,0.254958,3.167364,0.289496,1.379011
F28->F29,27,4,403.1345,331.8562,1.990542,0.168524,3.162588,0.1534,1.172144
F28->F29,27,5,398.7237,312.7359,2.068404,0.072513,2.51332,-0.083941,0.471623
F28->F29,27,6,394.2364,292.6396,2.056908,-0.001614,2.482498,0.037105,0.427348
F28->F29,27,7,389.3562,272.6636,2.015081,-0.079099,2.188898,0.148313,0.286232
F28->F29,27,8,383.1571,252.8495,2.125384,-0.197987,1.840485,-0.168479,0.286423
F28->F29,27,9,377.1662,232.8477,2.168982,-0.300764,2.941001,-0.894657,0.974024
F28->F29,27,10,373.256,212.8245,2.031535,-0.359478,0.939264,-0.091785,1.124595
F28->F29,27,11,370.9182,192.9216,1.685532,-0.369416,2.334187,-0.666078,0.713275
F28->F29,27,12,367.639,173.3988,1.411755,-0.402073,1.358015,-0.199738,0.20935
F28->F29,27,13,363.051,154.1499,1.124359,-0.415909,0.774035,-0.348398,0.35677
F28->F29,27,14,356.1993,136.239,0.791874,-0.38707,1.215569,-0.582542,0.466612
F28->F29,27,15,346.3104,119.7249,0.485289,-0.306965,0.374366,-0.148782,0.193199
F28->F29,27,16,334.2921,107.2636,0.214194,-0.212609,0.051661,-0.237055,0.164362
F28->F29,27,17,319.4818,100.4449,0.029835,-0.13623,0.007134,-0.081385,0.059358
F28->F29,27,18,303.143,99.8286,-0.116309,-0.094762,0.090735,-0.12755,0.209625
F28->F29,27,19,286.2895,105.0478,-0.219342,-0.025453,-0.222066,-0.119394,0.09398
F28->F29,27,20,270.626,116.3196,-0.29429,-0.040506,-0.347752,-0.157559,0.128684
F28->F29,27,21,257.772,132.5991,-0.432291,-0.154449,-0.197409,-0.025355,0.26802
F28->F29,27,22,250.0416,151.4333,-0.740329,-0.271986,-0.959238,-0.564899,0.365677
F28->F29,27,23,248.8435,172.1085,-1.236023,-0.346969,-1.555482,-0.831953,0.580745
F28->F29,27,24,249.9343,192.6761,-1.705575,-0.352213,-1.862978,-0.822666,0.496087
F28->F29,27,25,251.22,212.9717,-1.897494,-0.254861,-2.260795,-0.596858,0.498949
F28->F29,27,26,252.8723,232.8488,-2.027063,-0.142418,-1.703862,-0.315761,0.366752
F28->F29,27,27,252.8415,252.8174,-2.173886,-0.023685,-2.157563,0.000305,0.029017
F28->F29,27,28,251.9773,273.0511,-2.485923,0.094248,-2.585774,0.065882,0.103802
F28->F29,27,29,249.9345,293.8617,-2.675786,0.189365,-2.466846,0.040739,0.256409
F28->F29,27,30,246.4622,315.0207,-2.561425,0.252515,-2.922106,0.071231,0.403677
F28->F29,27,31,243.7621,336.2903,-2.428493,0.293428,-1.070844,0.894758,1.48486
F28->F29,27,32,240.4466,356.5667,-2.200091,0.363457,-3.525769,-0.097,1.403369
F28->F29,27,33,238.1686,375.1044,-1.886336,0.464191,-2.83228,0.17188,0.990078
F28->F29,27,34,237.9224,393.5636,-1.451538,0.58414,-1.106049,0.945742,0.500119
F28->F29,27,35,240.2089,410.7774,-1.069761,0.739083,1.151527,0.808728,2.222379
F28->F29,27,36,404.2492,416.087,0.304081,0.851924,-0.138774,0.888586,0.444369
F28->F29,27,37,406.5388,394.9252,0.928362,0.811015,1.04765,1.100244,0.312862
F28->F29,27,38,409.2892,370.6606,1.329583,0.655456,3.96793,0.139177,2.688386
F28->F29,27,39,415.3821,349.3258,1.317922,0.568917,1.712953,0.77214,0.44424
F28->F29,27,40,414.6868,329.9257,1.516627,0.381625,2.853012,0.195044,1.349347
F28->F29,27,41,409.2301,310.6129,1.721227,0.203053,2.774524,0.003969,1.071947
F28->F29,27,42,403.892,290.4801,1.806544,0.080075,2.187555,0.132926,0.384659
F28->F29,27,43,399.3434,270.0553,1.779027,-0.000604,0.094285,0.92954,1.924454
F28->F29,27,44,394.5549,249.7315,1.808409,-0.101197,1.704113,-0.191834,0.138177
F28->F29,27,45,389.7378,229.4195,1.846076,-0.214885,2.785438,-0.804825,1.109247
F28->F29,27,46,386.3522,209.3331,1.631851,-0.260303,1.136661,-0.013193,0.553423
F28->F29,27,47,383.8743,188.9092,1.31621,-0.271791,0.770581,-0.231864,0.547088
F28->F29,27,48,380.1459,168.7195,1.034267,-0.283426,1.264764,-0.071441,0.313156
F28->F29,27,49,373.2068,149.0005,0.850739,-0.286204,0.387259,-0.015911,0.536537
F28->F29,27,50,364.0902,129.7061,0.618501,-0.236108,0.252531,-0.234326,0.365975
F28->F29,27,51,352.3148,111.9769,0.365551,-0.138497,0.150577,-0.126991,0.215282
F28->F29,27,52,337.7397,99.0659,0.181317,-0.078602,0.080188,-0.17433,0.139251
F28->F29,27,53,320.6866,92.6214,0.020438,-0.027762,0.037851,0.082019,0.111154
F28->F29,27,54,302.8366,92.7178,-0.144383,0.020261,0.01106,-0.024479,0.161753
F28->F29,27,55,284.0006,98.5379,-0.230605,0.073915,-0.216045,-0.034755,0.109641
F28->F29,27,56,266.9912,111.2436,-0.281711,0.036199,-0.275873,0.015449,0.021556
F28->F29,27,57,253.3819,129.2412,-0.361071,-0.099761,-0.235221,0.077367,0.217284
F28->F29,27,58,244.6592,149.3253,-0.633767,-0.238901,-0.966427,-0.603543,0.493585
F28->F29,27,59,241.0828,170.6676,-1.025131,-0.306073,-0.537017,-0.489256,0.521355
F28->F29,27,60,240.6222,191.7875,-1.461478,-0.338858,-1.846623,-0.679913,0.514447
F28->F29,27,61,241.8727,212.2072,-1.710295,-0.253785,-0.863759,-0.273274,0.84676
F28->F29,27,62,243.9142,232.3126,-1.917381,-0.155416,-1.766084,0.066375,0.268481
F28->F29,27,63,243.6504,252.3473,-2.080856,-0.045904,-2.040683,-0.259564,0.217404
F28->F29,27,64,241.6809,272.5664,-2.248047,0.070319,-2.854558,0.169523,0.61457
F28->F29,27,65,239.1122,293.369,-2.374554,0.165208,-2.029546,0.078428,0.355755
F28->F29,27,66,236.1402,314.3929,-2.250062,0.235944,-0.433583,0.995347,1.968829
F28->F29,27,67,233.1737,335.7766,-2.131249,0.289315,-0.224232,1.097769,2.071307
F28->F29,27,68,229.3527,356.1859,-1.955527,0.340893,-1.427264,0.283871,0.531332
F28->F29,27,69,226.6642,375.8825,-1.612842,0.415351,0.113543,0.728224,1.754507
F28->F29,27,70,227.194,395.1447,-1.151374,0.544759,1.023157,0.92183,2.206981
F28->F29,27,71,233.7302,411.9367,-0.959461,0.799107,2.096773,0.802565,3.056236
F28->F29,27,72,411.8553,416.4936,0.274181,0.932497,-0.38723,0.871817,0.664188
F28->F29,27,73,414.0438,394.2295,0.81586,0.954008,1.720993,1.027429,0.908106
F28->F29,27,74,417.8845,369.8274,1.138685,0.912051,1.927086,1.060171,0.802194
F28->F29,27,75,424.1617,348.2062,1.008441,0.779449,1.656814,0.865658,0.654079
F28->F29,27,76,422.9074,328.3499,1.171344,0.529476,1.119679,0.872294,0.346689
F28->F29,27,77,418.2916,308.9223,1.444773,0.307601,2.802933,0.01173,1.390014
F28->F29,27,78,412.826,288.5288,1.580507,0.157577,2.18129,0.065882,0.60774
F28->F29,27,79,409.028,267.6462,1.572147,0.062084,1.748371,-0.111926,0.247658
F28->F29,27,80,405.7116,246.7084,1.572653,-0.033603,1.589074,-0.178783,0.146106
F28->F29,27,81,401.8926,226.3506,1.564742,-0.136286,1.035182,-0.09678,0.531031
F28->F29,27,82,398.4797,206.1732,1.356776,-0.18602,1.056733,-0.186373,0.300044
F28->F29,27,83,394.8404,185.6251,1.087447,-0.200554,0.704746,-0.154052,0.385516
F28->F29,27,84,390.624,164.9091,0.831987,-0.202544,1.116569,0.191909,0.486395
F28->F29,27,85,382.6644,144.4677,0.663972,-0.186637,1.473843,-0.532479,0.880623
F28->F29,27,86,371.9021,123.8647,0.509027,-0.117409,0.427373,-0.017757,0.128834
F28->F29,27,87,357.8997,105.4225,0.309969,-0.056325,0.060686,-0.056891,0.249283
F28->F29,27,88,340.9938,91.5815,0.165305,0.023683,0.05255,-0.130239,0.190802
F28->F29,27,89,321.7347,85.5951,0.013999,0.04865,-0.022003,0.094361,0.058187
F28->F29,27,90,301.9954,86.0889,-0.149486,0.10458,0.031463,0.13468,0.183435
F28->F29,27,91,281.637,92.6042,-0.24126,0.146131,-0.203457,0.04156,0.111194
F28->F29,27,92,262.9973,106.8407,-0.279887,0.071474,-0.178382,0.054411,0.102929
F28->F29,27,93,249.686,126.3911,-0.361759,-0.085584,-0.202804,0.09294,0.239035
F28->F29,27,94,239.5382,147.5629,-0.559224,-0.227017,-0.927504,-0.626656,0.543453
F28->F29,27,95,233.5546,169.5006,-0.844746,-0.297241,-1.087545,-0.614575,0.399564
F28->F29,27,96,231.2313,190.9472,-1.22226,-0.31937,-1.034201,-0.180109,0.234008
F28->F29,27,97,232.8578,211.612,-1.564852,-0.259548,-0.79988,-0.189232,0.768197
F28->F29,27,98,234.7111,231.8568,-1.839682,-0.174578,-1.669766,0.075225,0.302114
F28->F29,27,99,234.3352,251.8402,-2.015918,-0.063393,-1.578099,-0.405004,0.555323
F28->F29,27,100,231.7954,272.071,-2.064933,0.050836,-2.046626,0.042675,0.020043
F28->F29,27,101,228.8809,292.6794,-2.1035,0.151924,-2.89646,-0.102798,0.832868
F28->F29,27,102,226.1946,313.7109,-1.978832,0.234902,-0.74899,0.733939,1.327234
F28->F29,27,103,223.0661,335.0615,-1.897251,0.30406,-0.285844,0.836431,1.697072
F28->F29,27,104,218.9879,355.6898,-1.741209,0.355819,-2.039424,0.290564,0.305271
F28->F29,27,105,215.4362,376.222,-1.351591,0.419027,-1.77683,1.013251,0.730706
F28->F29,27,106,216.8071,396.0454,-0.908139,0.519196,-4.358352,-0.031068,3.493817
F28->F29,27,107,227.0482,413.2267,-0.861924,0.807067,1.078863,0.823501,1.940856
F28->F29,27,108,419.0403,416.5853,0.256716,1.014891,-0.329828,0.995605,0.586861
F28->F29,27,109,420.7035,393.7938,0.818156,1.070064,0.886138,1.055254,0.069577
F28->F29,27,110,426.2071,369.994,1.028125,1.103988,-0.545921,1.994007,1.808247
F28->F29,27,111,430.421,347.6321,0.84654,0.910444,1.689298,0.786991,0.851752
F28->F29,27,112,429.9976,327.0715,0.953379,0.656677,0.851076,0.922062,0.284421
F28->F29,27,113,426.1431,307.4241,1.194179,0.404033,0.163666,0.741422,1.084338
F28->F29,27,114,421.5597,286.7221,1.392054,0.22412,2.011075,0.016454,0.652926
F28->F29,27,115,418.5186,265.4664,1.407351,0.107463,1.582162,-0.194759,0.349137
F28->F29,27,116,416.2935,244.1165,1.386351,0.011055,1.329321,0.177296,0.175752
F28->F29,27,117,413.5641,223.5268,1.333609,-0.078507,0.867688,-0.050176,0.466782
F28->F29,27,118,409.8397,203.3626,1.156079,-0.138712,0.692495,-0.063379,0.469665
F28->F29,27,119,405.7154,182.4212,0.928148,-0.151199,0.794271,-0.113195,0.139167
F28->F29,27,120,400.0065,161.5626,0.69833,-0.146377,0.464728,0.408377,0.601932
F28->F29,27,121,391.4108,140.3487,0.55923,-0.139564,1.364082,-0.505977,0.884333
F28->F29,27,122,379.3614,118.6822,0.40883,-0.062604,0.29905,0.148016,0.237513
F28->F29,27,123,363.4927,98.8552,0.255695,0.024956,0.222538,0.155838,0.135017
F28->F29,27,124,344.3596,85.1852,0.131162,0.048422,0.053521,-0.117557,0.183241
F28->F29,27,125,323.1691,78.9784,-0.010357,0.088868,0.05464,0.125542,0.07463
F28->F29,27,126,300.964,79.7323,-0.131382,0.17253,0.038998,0.11825,0.178818
F28->F29,27,127,279.0939,87.0053,-0.24168,0.198436,-0.227746,0.067289,0.131885
F28->F29,27,128,259.1736,102.8612,-0.284218,0.055048,-0.115798,0.106337,0.176056
F28->F29,27,129,245.5492,123.7101,-0.356431,-0.093631,-0.278768,0.07125,0.182256
F28->F29,27,130,234.7459,146.2626,-0.511123,-0.249504,-0.87182,-0.686269,0.566451
F28->F29,27,131,226.5223,168.9733,-0.689756,-0.33586,-1.133081,-0.85155,0.680054
F28->F29,27,132,222.8084,190.4126,-1.027762,-0.315547,-0.848349,-0.285217,0.181959
F28->F29,27,133,223.6868,211.1199,-1.431827,-0.276933,-0.824245,-0.177723,0.615629
F28->F29,27,134,224.8744,231.3026,-1.759308,-0.195454,-1.701664,-0.066455,0.141292
F28->F29,27,135,224.2696,251.3563,-1.886549,-0.084178,-1.522406,-0.131713,0.367233
F28->F29,27,136,221.815,271.5843,-1.882443,0.031964,-1.137166,-0.116621,0.759944
F28->F29,27,137,218.8811,291.9555,-1.837062,0.142245,-2.447365,0.169674,0.61092
F28->F29,27,138,216.4109,312.7695,-1.78005,0.249827,-1.894762,0.123946,0.170307
F28->F29,27,139,213.2148,333.9329,-1.676482,0.318714,-2.85631,0.201184,1.185667
F28->F29,27,140,208.9924,354.7879,-1.519843,0.393065,-4.132565,-9.648275,10.375685
F28->F29,27,141,204.6417,375.6476,-1.18595,0.503833,-2.577929,2.597085,2.513824
F28->F29,27,142,207.7637,397.2362,-0.806611,0.562393,-2.332481,0.242272,1.559088
F28->F29,27,143,220.8185,414.5441,-0.785337,0.77992,-4.216555,0.204887,3.479069
F28->F29,27,144,426.4832,416.896,0.240428,1.074997,0.134135,1.122019,0.116229
F28->F29,27,145,427.6079,394.2776,0.808961,1.189011,0.464339,1.240033,0.348379
F28->F29,27,146,432.8843,370.359,0.972872,1.229764,1.751097,1.116867,0.786371
F28->F29,27,147,435.8326,347.3209,0.8051,1.014643,1.299242,1.022284,0.494202
F28->F29,27,148,435.6692,326.2634,0.844863,0.740538,0.833958,0.835374,0.095461
F28->F29,27,149,433.0153,306.0808,1.048177,0.464592,0.073972,0.849117,1.047346
F28->F29,27,150,429.8049,285.1244,1.238355,0.270169,2.287388,0.247595,1.049275
F28->F29,27,151,428.0144,263.2699,1.252272,0.141704,1.265576,0.205796,0.065459
F28->F29,27,152,426.8747,241.588,1.212263,0.042739,1.587462,-0.345115,0.539635
F28->F29,27,153,424.8539,220.9291,1.129119,-0.039155,0.894425,-0.199746,0.284378
F28->F29,27,154,420.9936,200.6311,0.996751,-0.10996,0.294361,0.023982,0.715048
F28->F29,27,155,415.719,179.6698,0.811917,-0.126134,0.684051,-0.154044,0.130877
F28->F29,27,156,408.8854,158.6259,0.61825,-0.145367,20.0,-20.0,27.746328
F28->F29,27,157,399.4585,136.7164,0.494861,-0.132207,0.366543,-0.07687,0.139742
F28->F29,27,158,386.6679,113.9209,0.325748,-0.042881,0.240638,0.031378,0.112952
F28->F29,27,159,369.0181,93.3144,0.198245,0.030035,0.10241,-0.016808,0.10667
F28->F29,27,160,347.9515,79.2084,0.082597,0.050725,20.0,-20.0,28.261892
F28->F29,27,161,324.1658,73.2048,-0.018083,0.093537,0.047416,0.1756,0.104997
F28->F29,27,162,299.8223,73.8009,-0.102034,0.211183,1.6e-05,0.152611,0.117664
F28->F29,27,163,276.0556,82.1613,-0.222869,0.214893,-0.238454,0.186346,0.032524
F28->F29,27,164,255.2013,99.1998,-0.283886,0.02024,-0.324744,0.236937,0.220515
F28->F29,27,165,241.3916,121.6404,-0.356234,-0.152069,-0.366782,0.179665,0.331902
F28->F29,27,166,229.8224,145.2097,-0.470433,-0.307191,-1.083632,-0.650527,0.702775
F28->F29,27,167,219.7163,168.5957,-0.567743,-0.395315,-1.239165,-0.895893,0.837488
F28->F29,27,168,214.7653,190.3362,-0.892587,-0.367103,-0.562428,-0.346037,0.33083
F28->F29,27,169,214.2578,210.9387,-1.298724,-0.324307,-0.541356,-0.182449,0.770539
F28->F29,27,170,214.7448,230.8688,-1.62892,-0.229096,-1.27659,0.061149,0.456485
F28->F29,27,171,214.0839,250.8878,-1.75562,-0.107863,-1.404927,0.158776,0.440548
F28->F29,27,172,211.765,271.076,-1.708591,0.015028,-1.475245,-0.071124,0.248742
F28->F29,27,173,209.1606,291.2503,-1.649329,0.141037,-2.47177,0.208175,0.825177
F28->F29,27,174,206.9147,311.4993,-1.603344,0.266976,-2.142806,-0.074473,0.638441
F28->F29,27,175,203.5628,332.4748,-1.515096,0.381323,-3.163187,0.215702,1.656393
F28->F29,27,176,199.4055,353.2532,-1.382999,0.48236,-1.44207,-9.563351,10.045884
F28->F29,27,177,194.2524,375.178,-1.066654,0.61513,1.748557,4.070757,4.457215
F28->F29,27,178,199.5185,399.1104,-0.892571,0.614148,0.291877,2.778198,2.466988
F28->F29,27,179,215.1749,415.8271,-0.781561,0.744187,-3.6013,0.027263,2.909451
F29->F30,28,0,396.748,417.6275,0.488052,0.572721,-0.739492,0.87189,1.263473
F29->F30,28,1,400.6108,396.7624,1.036433,0.527311,0.00425,0.806746,1.069339
F29->F30,28,2,401.8778,373.3493,1.533891,0.30378,3.702828,-0.074578,2.201691
F29->F30,28,3,404.1795,352.4755,1.801405,0.161294,0.78304,0.68547,1.14535
F29->F30,28,4,405.125,332.0247,1.982501,0.089523,2.355094,0.224323,0.396228
F29->F30,28,5,400.7921,312.8085,2.070079,0.002385,0.28828,1.114292,2.100273
F29->F30,28,6,396.2933,292.638,2.071904,-0.063215,2.899867,0.100568,0.844006
F29->F30,28,7,391.3713,272.5845,2.033945,-0.127807,2.172732,-5.2e-05,0.188635
F29->F30,28,8,385.2825,252.6515,2.133464,-0.231174,1.965007,-0.104086,0.211019
F29->F30,28,9,379.3351,232.5469,2.171073,-0.319404,1.22424,0.047037,1.015269
F29->F30,28,10,375.2875,212.4651,2.022182,-0.366532,2.826926,-0.855068,0.941424
F29->F30,28,11,372.6037,192.5521,1.685995,-0.373709,1.207789,-0.197649,0.509587
F29->F30,28,12,369.0508,172.9968,1.409912,-0.403722,1.280429,-0.237637,0.210594
F29->F30,28,13,364.1754,153.734,1.125383,-0.415928,1.328172,-0.67759,0.331044
F29->F30,28,14,356.9912,135.852,0.791608,-0.389198,0.326213,0.038884,0.632334
F29->F30,28,15,346.7957,119.4179,0.489455,-0.305816,0.071518,-0.105857,0.463309
F29->F30,28,16,334.5063,107.051,0.222332,-0.208689,0.253789,0.011315,0.222241
F29->F30,28,17,319.5117,100.3087,0.038898,-0.130784,0.206688,-0.063122,0.180919
F29->F30,28,18,303.0267,99.7339,-0.103796,-0.088072,-0.124974,-0.050608,0.043036
F29->F30,28,19,286.0701,105.0223,-0.201861,-0.020424,-0.272818,0.108233,0.146927
F29->F30,28,20,270.3317,116.279,-0.271866,-0.030631,-0.25776,-0.005703,0.028642
F29->F30,28,21,257.3397,132.4447,-0.397385,-0.133893,-0.3838,0.094315,0.228613
F29->F30,28,22,249.3013,151.1613,-0.684357,-0.241933,-0.449628,-0.230391,0.235013
F29->F30,28,23,247.6075,171.7615,-1.138744,-0.307502,-0.619761,-0.187002,0.532788
F29->F30,28,24,248.2287,192.3239,-1.566993,-0.31253,-0.954234,-0.198393,0.623299
F29->F30,28,25,249.3225,212.7168,-1.74998,-0.22543,-1.841137,-0.206184,0.093167
F29->F30,28,26,250.8452,232.7063,-1.874923,-0.126076,-1.777789,-0.127985,0.097152
F29->F30,28,27,250.6676,252.7938,-2.000138,-0.021881,-1.685599,0.02593,0.318152
F29->F30,28,28,249.4914,273.1454,-2.255097,0.078914,-2.099086,0.183874,0.188032
F29->F30,28,29,247.2587,294.0511,-2.397895,0.158551,-3.539428,0.149186,1.141572
F29->F30,28,30,243.9007,315.2732,-2.276033,0.213054,-2.409427,0.075817,0.191384
F29->F30,28,31,241.3336,336.5837,-2.14337,0.246627,-3.0966,0.078992,0.967858
F29->F30,28,32,238.2465,356.9302,-1.920271,0.305887,-3.723081,0.186223,1.806777
F29->F30,28,33,236.2823,375.5686,-1.625816,0.398528,-0.233014,0.832277,1.458779
F29->F30,28,34,236.4709,394.1477,-1.211724,0.511147,-0.183684,0.759438,1.057598
F29->F30,28,35,239.1392,411.5165,-0.866277,0.657449,-0.472228,0.890873,0.457997
F29->F30,28,36,404.5533,416.9389,0.441382,0.652308,-0.235751,0.826136,0.699089
F29->F30,28,37,407.4672,395.7363,0.991052,0.627522,-0.115704,0.7656,1.115336
F29->F30,28,38,410.6188,371.316,1.386435,0.533669,3.478181,0.132948,2.129784
F29->F30,28,39,416.7,349.8947,1.350951,0.469909,0.95325,0.749974,0.486418
F29->F30,28,40,416.2034,330.3073,1.524084,0.290297,0.574376,0.641677,1.012627
F29->F30,28,41,410.9513,310.8159,1.739273,0.12363,0.6025,0.711372,1.279725
F29->F30,28,42,405.6985,290.5602,1.840604,0.011335,2.447283,0.303779,0.673486
F29->F30,28,43,401.1225,270.0547,1.822396,-0.059833,2.35305,0.145772,0.569093
F29->F30,28,44,396.3633,249.6303,1.848898,-0.147473,1.306365,0.135243,0.611776
F29->F30,28,45,391.5839,229.2046,1.873873,-0.246359,1.045677,0.104792,0.899565
F29->F30,28,46,387.9841,209.0728,1.654428,-0.281292,1.31487,-0.07821,0.395654
F29->F30,28,47,385.1905,188.6374,1.340673,-0.290478,1.228998,-0.066161,0.250578
F29->F30,28,48,381.1802,168.4361,1.052289,-0.2983,1.645707,-0.951555,0.882546
F29->F30,28,49,374.0575,148.7143,0.86036,-0.299963,0.718069,-0.145338,0.210132
F29->F30,28,50,364.7087,129.47,0.625634,-0.253131,0.299507,-0.079658,0.369394
F29->F30,28,51,352.6804,111.8384,0.374284,-0.150353,0.281357,-0.038013,0.145793
F29->F30,28,52,337.9211,98.9873,0.186054,-0.081806,0.216698,0.083381,0.168005
F29->F30,28,53,320.7071,92.5936,0.02647,-0.026362,0.160044,-0.020863,0.133687
F29->F30,28,54,302.6922,92.738,-0.131332,0.020525,-0.243793,0.089375,0.131863
F29->F30,28,55,283.77,98.6118,-0.212678,0.073549,-0.257306,0.163813,0.100694
F29->F30,28,56,266.7095,111.2798,-0.260605,0.04001,-0.093625,0.004235,0.17077
F29->F30,28,57,253.0208,129.1414,-0.333375,-0.084331,-0.329832,0.046987,0.131366
F29->F30,28,58,244.0255,149.0864,-0.585262,-0.21173,-0.352804,-0.247374,0.235175
F29->F30,28,59,240.0577,170.3615,-0.945375,-0.271511,-0.570678,-0.245258,0.375615
F29->F30,28,60,239.1607,191.4486,-1.343174,-0.298892,-1.133737,-0.273545,0.210965
F29->F30,28,61,240.1624,211.9534,-1.58418,-0.223854,-3.085228,-0.667668,1.565285
F29->F30,28,62,241.9968,232.1572,-1.788217,-0.137315,-1.994259,-0.339472,0.288653
F29->F30,28,63,241.5695,252.3014,-1.922988,-0.040841,-1.770098,-0.23613,0.248019
F29->F30,28,64,239.4329,272.6368,-2.044396,0.059059,-1.910287,0.056596,0.134131
F29->F30,28,65,236.7377,293.5343,-2.12269,0.141018,-1.837982,0.2223,0.296083
F29->F30,28,66,233.8902,314.6289,-2.002407,0.203154,-1.579344,-0.066181,0.501521
F29->F30,28,67,231.0425,336.0659,-1.883944,0.248139,-2.811438,0.036109,0.95142
F29->F30,28,68,227.3972,356.5268,-1.701025,0.296955,-3.38507,0.202462,1.686694
F29->F30,28,69,225.0513,376.2978,-1.377658,0.36724,0.099129,0.77104,1.530998
F29->F30,28,70,226.0426,395.6895,-0.949054,0.487111,0.261915,0.917203,1.285078
F29->F30,28,71,232.7707,412.7358,-0.774478,0.715541,-0.527761,0.859737,0.285765
F29->F30,28,72,412.1295,417.4261,0.406024,0.738468,-0.032787,0.920579,0.4751
F29->F30,28,73,414.8597,395.1835,0.90175,0.784639,2.396094,0.344506,1.557813
F29->F30,28,74,419.0232,370.7394,1.203301,0.792389,2.997063,0.05382,1.939862
F29->F30,28,75,425.1701,348.9856,1.049716,0.670043,1.074691,0.916665,0.247883
F29->F30,28,76,424.0787,328.8794,1.193411,0.429267,0.635748,0.737363,0.637112
F29->F30,28,77,419.7364,309.2299,1.477518,0.220943,0.442001,0.999798,1.295728
F29->F30,28,78,414.4065,288.6864,1.632113,0.082231,1.920452,-0.004389,0.301068
F29->F30,28,79,410.6002,267.7082,1.637315,-0.006002,2.272515,0.10528,0.644874
F29->F30,28,80,407.2842,246.6748,1.634453,-0.090678,1.254614,0.117158,0.432983
F29->F30,28,81,403.4573,226.2143,1.608969,-0.178707,1.104859,0.058305,0.557047
F29->F30,28,82,399.8364,205.9872,1.395944,-0.219872,1.41053,0.19574,0.415867
F29->F30,28,83,395.9278,185.4246,1.122693,-0.231376,1.984552,-0.762668,1.012459
F29->F30,28,84,391.4559,164.7065,0.857196,-0.230783,0.576114,-0.399641,0.327902
F29->F30,28,85,383.3283,144.2811,0.677272,-0.214137,0.553882,-0.105717,0.164256
F29->F30,28,86,372.4111,123.7473,0.516215,-0.146968,0.341436,0.027319,0.246827
F29->F30,28,87,358.2097,105.3662,0.317249,-0.076057,0.356841,-0.026552,0.063389
F29->F30,28,88,341.1591,91.6052,0.166391,0.013219,0.222346,0.104133,0.106753
F29->F30,28,89,321.7487,85.6437,0.017643,0.046427,0.011852,-0.059255,0.10584
F29->F30,28,90,301.8459,86.1935,-0.137629,0.100851,-0.281263,0.148734,0.151405
F29->F30,28,91,281.3957,92.7503,-0.223299,0.142026,-0.193285,0.107679,0.045614
F29->F30,28,92,262.7175,106.9122,-0.257718,0.0727,-0.035199,0.099574,0.224136
F29->F30,28,93,249.3243,126.3055,-0.335383,-0.071885,-0.24076,0.091355,0.188681
F29->F30,28,94,238.979,147.3359,-0.515844,-0.202516,-0.195968,-0.194615,0.319973
F29->F30,28,95,232.7098,169.2034,-0.777271,-0.265084,-0.501856,-0.355092,0.28975
F29->F30,28,96,230.009,190.6279,-1.123699,-0.281775,-1.745463,-0.611961,0.703998
F29->F30,28,97,231.293,211.3525,-1.452344,-0.229608,-1.609876,-0.338231,0.191351
F29->F30,28,98,232.8715,231.6822,-1.714916,-0.154935,-1.042577,-0.253555,0.679534
F29->F30,28,99,232.3193,251.7769,-1.866787,-0.056234,-1.402003,-0.103305,0.467162
F29->F30,28,100,229.7304,272.1218,-1.880866,0.044183,-2.400865,-0.020675,0.524027
F29->F30,28,101,226.7774,292.8313,-1.885198,0.133776,-2.054336,0.161247,0.171354
F29->F30,28,102,224.2158,313.9458,-1.768412,0.207825,-2.640763,0.028383,0.890616
F29->F30,28,103,221.1688,335.3656,-1.677614,0.270864,-2.557587,-0.008749,0.923329
F29->F30,28,104,217.2466,356.0457,-1.514119,0.323,-2.915337,0.083844,1.421481
F29->F30,28,105,214.0846,376.641,-1.148989,0.389164,0.69591,0.958126,1.93064
F29->F30,28,106,215.899,396.5646,-0.735795,0.482613,-0.123955,1.201314,0.943864
F29->F30,28,107,226.1863,414.0338,-0.691084,0.728784,-0.240799,1.098626,0.5827
F29->F30,28,108,419.297,417.6002,0.390441,0.834978,0.497504,1.098357,0.284308
F29->F30,28,109,421.5217,394.8639,0.908706,0.911661,1.066823,0.82182,0.181858
F29->F30,28,110,427.2353,371.098,1.104582,0.974201,3.069127,0.060054,2.166819
F29->F30,28,111,431.2676,348.5425,0.905956,0.791611,0.814533,0.97996,0.209365
F29->F30,28,112,430.951,327.7282,1.001302,0.550034,0.43442,1.021619,0.737393
F29->F30,28,113,427.3373,307.8281,1.245276,0.311551,0.282665,0.919308,1.138415
F29->F30,28,114,422.9518,286.9462,1.459308,0.142173,1.787969,0.127364,0.328994
F29->F30,28,115,419.926,265.5738,1.489912,0.03112,1.919636,-0.06644,0.440659
F29->F30,28,116,417.6798,244.1276,1.463445,-0.055032,1.686246,-0.184341,0.257606
F29->F30,28,117,414.8977,223.4483,1.390602,-0.131103,1.068962,-0.032151,0.336518
F29->F30,28,118,410.9957,203.2239,1.205858,-0.183323,1.187737,0.010496,0.194665
F29->F30,28,119,406.6435,182.27,0.969656,-0.193699,1.901082,-1.05923,1.271495
F29->F30,28,120,400.7048,161.4163,0.725835,-0.186885,1.582005,-1.04481,1.212049
F29->F30,28,121,391.97,140.2091,0.575076,-0.177048,0.190626,0.154932,0.50795
F29->F30,28,122,379.7702,118.6196,0.419132,-0.099246,0.213117,-0.005148,0.226488
F29->F30,28,123,363.7484,98.8802,0.261538,-0.003007,0.102093,-0.155272,0.22047
F29->F30,28,124,344.4908,85.2336,0.131349,0.035952,0.120851,-0.001741,0.039127
F29->F30,28,125,323.1587,79.0673,-0.008147,0.086001,0.041758,-0.035232,0.131103
F29->F30,28,126,300.8326,79.9048,-0.123345,0.165842,-0.241518,0.208788,0.125735
F29->F30,28,127,278.8522,87.2038,-0.224203,0.191365,-0.174349,0.093217,0.110084
F29->F30,28,128,258.8894,102.9163,-0.261571,0.058687,-0.059288,0.195496,0.244203
F29->F30,28,129,245.1928,123.6165,-0.329815,-0.08004,-0.172736,-0.089619,0.157371
F29->F30,28,130,234.2348,146.0131,-0.47016,-0.224708,-0.188305,-0.102325,0.307278
F29->F30,28,131,225.8326,168.6374,-0.634053,-0.30037,-1.099004,-0.691134,0.607352
F29->F30,28,132,221.7806,190.0971,-0.947422,-0.279739,-1.593222,-0.730249,0.787412
F29->F30,28,133,222.255,210.843,-1.327426,-0.246506,-1.330323,-0.116535,0.130003
F29->F30,28,134,223.1151,231.1071,-1.63294,-0.173154,-2.185507,-0.780673,0.821224
F29->F30,28,135,222.3831,251.2722,-1.744455,-0.073427,-1.730691,-0.237986,0.165134
F29->F30,28,136,219.9326,271.6163,-1.718513,0.030526,-1.65996,-0.10081,0.143797
F29->F30,28,137,217.0441,292.0978,-1.656194,0.130102,-2.098863,0.161147,0.443756
F29->F30,28,138,214.6309,313.0193,-1.592952,0.227083,-2.316034,0.218863,0.723128
F29->F30,28,139,211.5384,334.2516,-1.485087,0.29358,-2.460609,0.316804,0.975799
F29->F30,28,140,207.4726,355.181,-1.32359,0.369324,-3.384884,0.129119,2.075243
F29->F30,28,141,203.4558,376.1515,-0.998237,0.480882,-1.721418,-0.228849,1.013266
F29->F30,28,142,206.9571,397.7986,-0.654058,0.542532,-4.82384,0.135683,4.189583
F29->F30,28,143,220.0332,415.324,-0.62435,0.716602,0.348132,1.007146,1.014957
F29->F30,28,144,426.7236,417.971,0.372913,0.904532,0.118749,1.240108,0.420964
F29->F30,28,145,428.4169,395.4666,0.901293,1.028451,1.175444,1.063634,0.2764
F29->F30,28,146,433.8572,371.5888,1.039036,1.090091,1.073978,0.81551,0.276795
F29->F30,28,147,436.6377,348.3355,0.879151,0.888715,0.784724,0.978164,0.130068
F29->F30,28,148,436.5141,327.0039,0.925119,0.630697,0.139515,0.899782,0.830409
F29->F30,28,149,434.0634,306.5453,1.124426,0.368254,0.513799,0.678708,0.685016
F29->F30,28,150,431.0432,285.3945,1.319571,0.183603,0.16812,0.942374,1.378975
F29->F30,28,151,429.2667,263.4116,1.346617,0.061236,1.688623,-0.125006,0.389428
F29->F30,28,152,428.0869,241.6307,1.300974,-0.03045,1.298946,0.145086,0.175548
F29->F30,28,153,425.983,220.8899,1.199385,-0.101487,0.953355,-0.009926,0.262514
F29->F30,28,154,421.9904,200.5211,1.053246,-0.163452,1.186385,-0.13832,0.13549
F29->F30,28,155,416.5309,179.5436,0.855827,-0.178105,1.688119,-0.991807,1.163968
F29->F30,28,156,409.5037,158.4805,0.649023,-0.19358,0.418668,0.02995,0.320982
F29->F30,28,157,399.9534,136.5842,0.513058,-0.177116,1.078123,-0.663594,0.745627
F29->F30,28,158,386.9936,113.878,0.338237,-0.083445,0.060971,-0.134398,0.281909
F29->F30,28,159,369.2163,93.3444,0.20488,0.00119,0.130815,-0.074733,0.106066
F29->F30,28,160,348.0341,79.2591,0.083191,0.038221,20.0,-20.0,28.252603
F29->F30,28,161,324.1477,73.2983,-0.017753,0.090608,0.050442,-0.087646,0.190854
F29->F30,28,162,299.7202,74.0121,-0.098331,0.203042,-0.007473,0.141521,0.109727
F29->F30,28,163,275.8327,82.3762,-0.206914,0.206459,-0.165054,0.073328,0.139557
F29->F30,28,164,254.9175,99.2201,-0.261008,0.027808,0.071257,0.157487,0.356674
F29->F30,28,165,241.0354,121.4883,-0.32967,-0.13331,-0.138385,-0.290849,0.247808
F29->F30,28,166,229.352,144.9025,-0.431728,-0.278079,-0.242005,-0.052152,0.295022
F29->F30,28,167,219.1485,168.2004,-0.52644,-0.358111,-0.926129,-0.783251,0.58352
F29->F30,28,168,213.8728,189.9691,-0.823665,-0.329333,-0.392142,-0.19407,0.452226
F29->F30,28,169,212.9591,210.6144,-1.202177,-0.290987,-0.804678,-0.208611,0.405945
F29->F30,28,170,213.1159,230.6397,-1.505082,-0.203271,-2.198509,-0.930021,1.004493
F29->F30,28,171,212.3283,250.7799,-1.618185,-0.093456,-2.792479,-0.739469,1.340261
F29->F30,28,172,210.0564,271.091,-1.55759,0.017961,-1.627149,-0.292467,0.318126
F29->F30,28,173,207.5113,291.3913,-1.489821,0.132413,-2.078435,-0.02661,0.609717
F29->F30,28,174,205.3113,311.7663,-1.436807,0.248553,-2.103746,0.336077,0.672657
F29->F30,28,175,202.0477,332.8561,-1.341303,0.358133,-0.392429,0.943839,1.115084
F29->F30,28,176,198.0225,353.7356,-1.204294,0.456979,-5.94025,2.928063,5.341866
F29->F30,28,177,193.1858,375.7931,-0.883853,0.592381,0.231507,-0.284246,1.418628
F29->F30,28,178,198.6259,399.7245,-0.722473,0.602183,0.099097,0.76328,0.837216
F29->F30,28,179,214.3934,416.5713,-0.623866,0.699999,0.836842,1.058982,1.504173
F30->F31,29,0,397.2361,418.2002,0.375716,0.559914,0.603651,0.045877,0.562306
F30->F31,29,1,401.6473,397.2897,0.873488,0.534909,1.228642,0.955728,0.550656
F30->F31,29,2,403.4117,373.6531,1.309089,0.363951,3.175559,0.1962,1.873993
F30->F31,29,3,405.9809,352.6368,1.523531,0.23821,0.352269,0.890197,1.340501
F30->F31,29,4,407.1075,332.1142,1.673748,0.173764,2.149387,0.172791,0.47564
F30->F31,29,5,402.8622,312.8108,1.756601,0.096044,2.887278,0.040569,1.132036
F30->F31,29,6,398.3652,292.5748,1.769341,0.032027,2.462947,0.043001,0.693692
F30->F31,29,7,393.4052,272.4567,1.736127,-0.028186,1.828173,-0.102226,0.118129
F30->F31,29,8,387.4159,252.4203,1.819764,-0.122619,1.541125,-0.282752,0.321376
F30->F31,29,9,381.5062,232.2275,1.872186,-0.206959,1.264696,-0.096206,0.617503
F30->F31,29,10,377.3097,212.0985,1.763734,-0.255299,0.703117,-0.025572,1.085211
F30->F31,29,11,374.2897,192.1784,1.488916,-0.267754,1.258321,-0.03159,0.330071
F30->F31,29,12,370.4607,172.5931,1.258054,-0.30134,1.295565,-0.171385,0.13526
F30->F31,29,13,365.3007,153.3181,1.018778,-0.31886,0.473878,-0.099907,0.587244
F30->F31,29,14,357.7828,135.4628,0.724902,-0.300036,0.734536,-0.122493,0.177804
F30->F31,29,15,347.2852,119.1121,0.45513,-0.225958,0.119367,-0.037982,0.384801
F30->F31,29,16,334.7286,106.8423,0.209351,-0.142437,-0.041318,-0.145333,0.250686
F30->F31,29,17,319.5506,100.1779,0.03399,-0.074322,-0.092811,-0.113394,0.132684
F30->F31,29,18,302.9229,99.6458,-0.103892,-0.033872,-0.005846,-0.097037,0.116631
F30->F31,29,19,285.8683,105.0019,-0.196143,0.031005,-0.016826,-0.089092,0.215819
F30->F31,29,20,270.0599,116.2484,-0.261076,0.025404,-0.298042,0.051971,0.045523
F30->F31,29,21,256.9423,132.3108,-0.365003,-0.064189,-0.503066,-0.137543,0.15634
F30->F31,29,22,248.6169,150.9194,-0.600268,-0.154219,-0.5648,-0.131153,0.042309
F30->F31,29,23,246.4687,171.454,-0.978489,-0.208356,-0.403807,-0.157266,0.576948
F30->F31,29,24,246.6617,192.0114,-1.324537,-0.205917,-1.147199,-0.048055,0.237421
F30->F31,29,25,247.5726,212.4914,-1.478762,-0.126935,-0.809853,-0.011699,0.678762
F30->F31,29,26,248.9703,232.5803,-1.593584,-0.040266,-1.717957,-0.056875,0.125477
F30->F31,29,27,248.6674,252.7719,-1.704934,0.051318,-1.150387,0.056376,0.55457
F30->F31,29,28,247.2363,273.2243,-1.89978,0.136675,-1.757402,-0.031041,0.220001
F30->F31,29,29,244.8608,294.2096,-1.988661,0.202129,-2.614445,0.041275,0.646127
F30->F31,29,30,241.6247,315.4863,-1.871363,0.248353,-1.914379,-0.122355,0.373195
F30->F31,29,31,239.1902,336.8304,-1.767343,0.273094,-2.228014,0.094764,0.493983
F30->F31,29,32,236.3263,357.2361,-1.587897,0.316953,-1.994006,0.800012,0.631087
F30->F31,29,33,234.6565,375.9671,-1.350292,0.395917,-0.380401,0.989995,1.137373
F30->F31,29,34,235.2592,394.6589,-1.005898,0.492875,-0.977498,0.293246,0.201639
F30->F31,29,35,238.2729,412.174,-0.727649,0.63818,-2.080311,0.059346,1.471306
F30->F31,29,36,404.9947,417.5912,0.337441,0.63742,-0.753375,0.847373,1.110838
F30->F31,29,37,408.4582,396.3638,0.834582,0.632341,0.067176,1.039245,0.86861
F30->F31,29,38,412.0053,371.8497,1.188753,0.571657,2.847123,0.077024,1.730564
F30->F31,29,39,418.051,350.3646,1.142578,0.50726,1.024058,0.902074,0.41222
F30->F31,29,40,417.7275,330.5976,1.282514,0.34443,0.260538,0.774477,1.108772
F30->F31,29,41,412.6906,310.9395,1.473593,0.197701,2.828326,-0.0555,1.378192
F30->F31,29,42,407.5391,290.5715,1.573235,0.093924,2.214029,0.172036,0.645537
F30->F31,29,43,402.9449,269.9949,1.558022,0.027717,1.285052,0.057718,0.274614
F30->F31,29,44,398.2122,249.4829,1.578139,-0.051969,1.777753,-0.182002,0.238232
F30->F31,29,45,393.4578,228.9583,1.617111,-0.144472,1.202251,-0.094107,0.417906
F30->F31,29,46,389.6385,208.7915,1.453225,-0.181781,0.743115,-0.122093,0.712614
F30->F31,29,47,386.5312,188.3469,1.195403,-0.194824,0.74184,-0.153102,0.455477
F30->F31,29,48,382.2325,168.1378,0.948041,-0.20554,1.032935,-0.046103,0.18063
F30->F31,29,49,374.9179,148.4143,0.784307,-0.213187,0.252717,-0.011578,0.568537
F30->F31,29,50,365.3343,129.2169,0.579006,-0.176509,0.545994,-0.159062,0.037339
F30->F31,29,51,353.0547,111.6881,0.353036,-0.084244,-0.034093,0.026748,0.402726
F30->F31,29,52,338.1071,98.9055,0.174348,-0.025442,0.126962,0.043548,0.083696
F30->F31,29,53,320.7336,92.5673,0.021354,0.023023,0.050243,0.041504,0.034294
F30->F31,29,54,302.5609,92.7585,-0.12897,0.066197,0.038509,-0.040041,0.198333
F30->F31,29,55,283.5573,98.6854,-0.205226,0.11796,-0.025497,0.106223,0.180112
F30->F31,29,56,266.4489,111.3198,-0.251611,0.089624,-0.065428,0.080769,0.186394
F30->F31,29,57,252.6875,129.0571,-0.313762,-0.021871,-0.428167,0.222595,0.269911
F30->F31,29,58,243.4402,148.8747,-0.517421,-0.128624,-0.464791,-0.083118,0.069575
F30->F31,29,59,239.1123,170.09,-0.814253,-0.179132,-0.367362,-0.154555,0.447567
F30->F31,29,60,237.8175,191.1497,-1.133773,-0.193873,-1.045822,-0.192265,0.087965
F30->F31,29,61,238.5782,211.7295,-1.341303,-0.125916,-0.669807,-0.055789,0.675148
F30->F31,29,62,240.2086,232.0199,-1.526921,-0.050447,-1.414811,0.064921,0.160868
F30->F31,29,63,239.6466,252.2605,-1.639657,0.036009,-1.23445,0.244983,0.45592
F30->F31,29,64,237.3885,272.6958,-1.72619,0.122043,-1.579438,-0.198614,0.352643
F30->F31,29,65,234.615,293.6753,-1.754309,0.191242,-2.241953,0.266726,0.493452
F30->F31,29,66,231.8878,314.832,-1.646892,0.244516,-2.330303,0.134555,0.692201
F30->F31,29,67,229.1585,336.3141,-1.555734,0.278104,-0.096347,0.832556,1.561162
F30->F31,29,68,225.6962,356.8237,-1.402993,0.316945,-0.839309,0.895506,0.807757
F30->F31,29,69,223.6737,376.6651,-1.139892,0.378843,0.308675,0.899811,1.539401
F30->F31,29,70,225.0936,396.1766,-0.779724,0.480524,0.261126,0.767144,1.079593
F30->F31,29,71,231.9963,413.4513,-0.648331,0.693868,1.453981,0.702374,2.102329
F30->F31,29,72,412.5355,418.1646,0.30337,0.718986,-0.584731,1.001239,0.931875
F30->F31,29,73,415.7614,395.9681,0.769257,0.782488,-0.273913,0.90573,1.050425
F30->F31,29,74,420.2265,371.5318,1.041403,0.799115,2.552555,-0.058387,1.737496
F30->F31,29,75,426.2199,349.6557,0.894469,0.682769,0.785297,0.958633,0.29668
F30->F31,29,76,425.2721,329.3086,1.005853,0.463743,2.327879,0.247594,1.339579
F30->F31,29,77,421.2139,309.4509,1.250553,0.27934,2.970854,-0.005756,1.743765
F30->F31,29,78,416.0386,288.7687,1.395138,0.153288,2.225723,0.072789,0.834477
F30->F31,29,79,412.2375,267.7022,1.400874,0.072135,1.445918,0.18449,0.121048
F30->F31,29,80,408.9187,246.5842,1.396099,-0.004426,2.112465,0.077688,0.721057
F30->F31,29,81,405.0663,226.0356,1.391263,-0.086971,1.103238,0.044078,0.316437
F30->F31,29,82,401.2324,205.7673,1.235146,-0.129763,0.630723,-0.170414,0.605788
F30->F31,29,83,397.0505,185.1932,1.008527,-0.143866,0.586525,-0.153385,0.422109
F30->F31,29,84,392.3131,164.4758,0.778248,-0.146316,0.635974,-0.099704,0.149715
F30->F31,29,85,384.0056,144.067,0.619868,-0.136116,0.289506,-0.051261,0.341086
F30->F31,29,86,372.9273,123.6004,0.477848,-0.081012,0.420643,-0.018636,0.084635
F30->F31,29,87,358.5269,105.2901,0.298781,-0.018763,0.038559,-0.032893,0.260606
F30->F31,29,88,341.3255,91.6184,0.154782,0.060245,0.202504,0.116184,0.073529
F30->F31,29,89,321.7664,85.6902,0.012431,0.089879,0.008402,0.162198,0.072431
F30->F31,29,90,301.7083,86.2943,-0.134714,0.140129,-0.11109,0.074906,0.069369
F30->F31,29,91,281.1724,92.8924,-0.214278,0.181749,-0.212494,0.254618,0.072891
F30->F31,29,92,262.4597,106.9849,-0.246876,0.12186,0.002523,0.110865,0.249641
F30->F31,29,93,248.9889,126.2336,-0.32016,-0.010268,-0.403672,0.243778,0.267421
F30->F31,29,94,238.4631,147.1334,-0.459734,-0.122905,-0.311396,-0.114552,0.148572
F30->F31,29,95,231.9326,168.9383,-0.669503,-0.17594,-0.544814,-0.310452,0.183414
F30->F31,29,96,228.8853,190.3461,-0.948597,-0.181108,-0.818567,-0.352639,0.215245
F30->F31,29,97,229.8406,211.1229,-1.231005,-0.13181,-0.406162,0.090434,0.85426
F30->F31,29,98,231.1565,231.5272,-1.462351,-0.065705,-1.462804,0.076662,0.142368
F30->F31,29,99,230.4525,251.7206,-1.590555,0.02292,-1.610553,-0.151947,0.176007
F30->F31,29,100,227.8496,272.166,-1.586694,0.111985,-1.713795,-0.180838,0.319217
F30->F31,29,101,224.8922,292.9651,-1.559954,0.188785,-2.257544,0.138307,0.699414
F30->F31,29,102,222.4474,314.1536,-1.456665,0.252887,-2.010968,0.346204,0.562103
F30->F31,29,103,219.4912,335.6364,-1.384698,0.305116,0.075504,0.936128,1.590712
F30->F31,29,104,215.7325,356.3687,-1.245525,0.349026,-0.492636,1.098191,1.062115
F30->F31,29,105,212.9357,377.0302,-0.94526,0.4088,0.283685,0.808598,1.29234
F30->F31,29,106,215.1632,397.0472,-0.595997,0.489315,-0.428078,1.133982,0.666178
F30->F31,29,107,225.4952,414.7625,-0.57462,0.709168,-0.459539,0.891045,0.215227
F30->F31,29,108,419.6874,418.4352,0.286531,0.810022,-0.650944,0.935023,0.945771
F30->F31,29,109,422.4304,395.7755,0.775849,0.894013,-0.269432,1.039319,1.055333
F30->F31,29,110,428.3398,372.0722,0.971954,0.958641,0.438047,0.934052,0.534473
F30->F31,29,111,432.1735,349.3341,0.790614,0.793029,0.664187,0.813107,0.128012
F30->F31,29,112,431.9523,328.2782,0.852106,0.572121,2.097319,0.196366,1.300672
F30->F31,29,113,428.5825,308.1397,1.053964,0.356379,1.864348,0.194379,0.826418
F30->F31,29,114,424.4111,287.0884,1.245747,0.203485,1.984587,0.095451,0.746697
F30->F31,29,115,421.4159,265.605,1.272716,0.102684,1.536891,-0.143856,0.361345
F30->F31,29,116,419.1433,244.0725,1.249784,0.024634,1.380622,0.070062,0.1385
F30->F31,29,117,416.2883,223.3172,1.205849,-0.047089,0.940978,0.097932,0.301973
F30->F31,29,118,412.2016,203.0406,1.071676,-0.099282,0.777668,-0.002228,0.309613
F30->F31,29,119,407.6132,182.0763,0.877138,-0.112384,0.7744,0.01817,0.166131
F30->F31,29,120,401.4307,161.2294,0.663273,-0.109212,0.645828,-0.126562,0.024604
F30->F31,29,121,392.5451,140.0321,0.525169,-0.102723,0.535751,-0.311384,0.208929
F30->F31,29,122,380.1893,118.5203,0.387623,-0.038694,0.267421,0.143483,0.218259
F30->F31,29,123,364.0099,98.8771,0.245713,0.045254,0.076143,0.116334,0.183865
F30->F31,29,124,344.6221,85.2696,0.121489,0.079487,0.068577,0.099022,0.056403
F30->F31,29,125,323.1506,79.1533,-0.01235,0.126676,-0.034325,0.219741,0.095624
F30->F31,29,126,300.7093,80.0707,-0.122004,0.19986,-0.09012,0.149283,0.059788
F30->F31,29,127,278.628,87.3951,-0.214352,0.228053,-0.166039,0.257408,0.056532
F30->F31,29,128,258.6278,102.975,-0.248824,0.113582,-0.129878,0.178063,0.135299
F30->F31,29,129,244.863,123.5364,-0.315433,-0.016211,-0.259313,0.305583,0.326651
F30->F31,29,130,233.7646,145.7884,-0.42115,-0.145298,-0.375368,-0.074616,0.084213
F30->F31,29,131,225.1985,168.3371,-0.546211,-0.208874,-0.463574,0.049188,0.27097
F30->F31,29,132,220.8332,189.8173,-0.802785,-0.182966,-0.361018,-0.016562,0.472068
F30->F31,29,133,220.9276,210.5965,-1.12537,-0.148558,-0.381045,-0.092508,0.746433
F30->F31,29,134,221.4821,230.934,-1.386493,-0.08096,-1.187762,0.041133,0.233239
F30->F31,29,135,220.6386,251.1987,-1.479759,0.008008,-1.56476,-0.247257,0.269045
F30->F31,29,136,218.214,271.6468,-1.447541,0.102371,-1.526341,0.039344,0.100905
F30->F31,29,137,215.3879,292.2279,-1.376086,0.189319,-1.825412,0.15697,0.450489
F30->F31,29,138,213.0379,313.2464,-1.312718,0.272819,-0.390481,0.747335,1.037153
F30->F31,29,139,210.0533,334.5452,-1.226055,0.330869,-0.35387,0.828377,1.004102
F30->F31,29,140,206.149,355.5503,-1.091205,0.398104,-2.90976,0.093405,1.843904
F30->F31,29,141,202.4576,376.6323,-0.812596,0.497187,-2.362909,0.230591,1.573069
F30->F31,29,142,206.303,398.3411,-0.530955,0.558178,1.011873,8.789435,8.3746
F30->F31,29,143,219.4088,416.0406,-0.516023,0.705232,-0.563022,0.756731,0.069721
F30->F31,29,144,427.0965,418.8755,0.266912,0.873657,1.591941,0.022794,1.574697
F30->F31,29,145,429.3182,396.495,0.768356,0.993249,0.162118,1.100187,0.615597
F30->F31,29,146,434.8962,372.6789,0.922645,1.062207,0.551089,0.762181,0.477567
F30->F31,29,147,437.5168,349.2242,0.779369,0.882886,0.714587,0.807675,0.099264
F30->F31,29,148,437.4392,327.6346,0.794188,0.64521,2.183468,0.179137,1.465375
F30->F31,29,149,435.1879,306.9136,0.953843,0.405281,1.860532,0.110151,0.953513
F30->F31,29,150,432.3628,285.5782,1.125105,0.238239,1.935785,0.038403,0.834947
F30->F31,29,151,430.6133,263.4729,1.14574,0.128049,-0.056812,0.786524,1.371029
F30->F31,29,152,429.3879,241.6003,1.110361,0.044291,1.426891,0.180256,0.344496
F30->F31,29,153,427.1824,220.7885,1.044166,-0.023172,0.956517,0.128054,0.17479
F30->F31,29,154,423.0436,200.3577,0.939584,-0.082914,0.771914,-0.058003,0.16951
F30->F31,29,155,417.3868,179.3655,0.778526,-0.100249,0.629054,-0.114556,0.150156
F30->F31,29,156,410.1527,158.287,0.594877,-0.116145,20.0,-20.0,27.783565
F30->F31,29,157,400.4664,136.4071,0.465857,-0.102415,20.0,-20.0,27.883626
F30->F31,29,158,387.3319,113.7946,0.311594,-0.024409,0.284941,0.041044,0.070671
F30->F31,29,159,369.4212,93.3456,0.19216,0.048157,0.044134,-0.020001,0.162965
F30->F31,29,160,348.1173,79.2973,0.076278,0.080211,20.0,-20.0,28.287268
F30->F31,29,161,324.1299,73.3889,-0.021879,0.129745,-0.178482,0.274867,0.213507
F30->F31,29,162,299.6219,74.2151,-0.099902,0.234176,-0.27078,0.259971,0.172815
F30->F31,29,163,275.6258,82.5827,-0.197755,0.242991,-0.241702,0.36252,0.127352
F30->F31,29,164,254.6564,99.2479,-0.246887,0.089679,0.080535,0.216082,0.350974
F30->F31,29,165,240.7057,121.355,-0.315044,-0.061556,-0.15532,0.207496,0.312891
F30->F31,29,166,228.9202,144.6244,-0.387389,-0.193044,-0.397772,-0.092692,0.100887
F30->F31,29,167,218.6221,167.8423,-0.456125,-0.262862,-0.383397,-0.015959,0.257392
F30->F31,29,168,213.0491,189.6398,-0.700703,-0.22986,-0.332768,0.013873,0.441341
F30->F31,29,169,211.7569,210.3234,-1.019163,-0.189788,-1.920211,-0.739121,1.055299
F30->F31,29,170,211.6108,230.4364,-1.272746,-0.107739,-1.340425,0.198268,0.313402
F30->F31,29,171,210.7101,250.6865,-1.364933,-0.009275,-1.461109,0.027832,0.103086
F30->F31,29,172,208.4988,271.109,-1.305125,0.09157,-1.298214,0.251321,0.159901
F30->F31,29,173,206.0214,291.5237,-1.236973,0.192217,-0.314764,0.823735,1.117713
F30->F31,29,174,203.8745,312.0149,-1.184053,0.294237,0.128891,0.780694,1.400165
F30->F31,29,175,200.7064,333.2142,-1.105364,0.390985,-2.447436,0.183547,1.358009
F30->F31,29,176,196.8182,354.1926,-0.993755,0.477442,-2.002072,-0.21219,1.221596
F30->F31,29,177,192.3019,376.3855,-0.709073,0.600072,-1.357965,0.2562,0.734377
F30->F31,29,178,197.9034,400.3267,-0.591047,0.61971,1.584164,9.237745,8.88831
F30->F31,29,179,213.7695,417.2713,-0.516934,0.70089,-0.643821,0.886174,0.224567
F31->F32,30,0,397.6118,418.7601,0.431989,0.383468,-1.238321,0.894102,1.746621
F31->F32,30,1,402.5208,397.8246,0.874814,0.361675,-1.149181,0.684799,2.049625
F31->F32,30,2,404.7208,374.017,1.288874,0.239404,0.612763,-0.220045,0.817448
F31->F32,30,3,407.5044,352.875,1.496057,0.143791,1.701031,-0.054157,0.284952
F31->F32,30,4,408.7813,332.288,1.632746,0.086506,2.110198,-0.013179,0.487747
F31->F32,30,5,404.6188,312.9069,1.728387,0.013071,2.139582,0.095022,0.419282
F31->F32,30,6,400.1345,292.6068,1.756498,-0.044126,0.974675,0.079706,0.79157
F31->F32,30,7,395.1414,272.4285,1.733273,-0.09451,1.297012,0.330437,0.609018
F31->F32,30,8,389.2357,252.2977,1.810929,-0.176167,1.416025,0.114572,0.490386
F31->F32,30,9,383.3784,232.0206,1.853208,-0.246162,1.299436,0.036063,0.621541
F31->F32,30,10,379.0734,211.8432,1.732732,-0.282903,2.469148,-0.697059,0.844887
F31->F32,30,11,375.7786,191.9107,1.462306,-0.290351,0.721489,-0.308488,0.741039
F31->F32,30,12,371.7187,172.2917,1.233176,-0.319419,1.289452,-0.191939,0.13935
F31->F32,30,13,366.3195,152.9992,0.996613,-0.333767,1.161835,-0.266571,0.178364
F31->F32,30,14,358.5077,135.1627,0.707084,-0.315071,0.464638,0.129739,0.506593
F31->F32,30,15,347.7403,118.8862,0.445757,-0.237984,0.377449,0.003302,0.250768
F31->F32,30,16,334.938,106.6999,0.207564,-0.153084,0.069095,-0.101435,0.147788
F31->F32,30,17,319.5846,100.1035,0.035702,-0.083578,0.090803,0.005418,0.104673
F31->F32,30,18,302.819,99.6119,-0.097194,-0.043976,-0.270195,-0.092131,0.179578
F31->F32,30,19,285.6721,105.0329,-0.185848,0.016438,-0.044295,-0.136883,0.208674
F31->F32,30,20,269.7988,116.2738,-0.248346,0.010902,-0.301556,0.031744,0.057146
F31->F32,30,21,256.5773,132.2466,-0.351111,-0.074647,-0.456183,0.140288,0.239243
F31->F32,30,22,248.0166,150.7652,-0.588075,-0.162293,-0.403594,-0.127094,0.187808
F31->F32,30,23,245.4902,171.2457,-0.956576,-0.214399,-0.777641,-0.437887,0.286295
F31->F32,30,24,245.3372,191.8055,-1.295504,-0.217363,-0.406531,-0.204869,0.889061
F31->F32,30,25,246.0938,212.3644,-1.457819,-0.150396,-1.521421,-0.01707,0.147719
F31->F32,30,26,247.3767,232.54,-1.577074,-0.075616,-1.108304,-0.178161,0.479855
F31->F32,30,27,246.9625,252.8232,-1.678422,0.003735,-2.347582,0.101125,0.67621
F31->F32,30,28,245.3365,273.361,-1.842347,0.077208,-1.431819,0.137157,0.414882
F31->F32,30,29,242.8721,294.4118,-1.918789,0.132302,-2.396405,0.271074,0.497368
F31->F32,30,30,239.7533,315.7346,-1.804387,0.169777,-0.463477,0.947754,1.550253
F31->F32,30,31,237.4228,337.1035,-1.696321,0.187315,-2.446971,0.184049,0.750657
F31->F32,30,32,234.7384,357.553,-1.513479,0.225275,-2.14524,0.256639,0.632539
F31->F32,30,33,233.3062,376.363,-1.271891,0.300115,-3.024884,0.138053,1.760468
F31->F32,30,34,234.2533,395.1518,-0.936675,0.395788,-2.439358,0.283401,1.50688
F31->F32,30,35,237.5452,412.8121,-0.668586,0.528414,0.994051,0.848316,1.693133
F31->F32,30,36,405.3321,418.2287,0.390545,0.460243,-0.926492,0.896727,1.387482
F31->F32,30,37,409.2928,396.9961,0.837656,0.461621,-0.538034,0.782026,1.412509
F31->F32,30,38,413.194,372.4213,1.181273,0.449933,2.141672,0.009916,1.0564
F31->F32,30,39,419.1936,350.8718,1.132472,0.402885,2.518738,-0.181382,1.504362
F31->F32,30,40,419.01,330.942,1.255403,0.248141,2.395306,0.084703,1.15156
F31->F32,30,41,414.1642,311.1372,1.457664,0.109352,1.934901,0.072014,0.478696
F31->F32,30,42,409.1124,290.6655,1.572823,0.013437,1.348182,0.20049,0.292322
F31->F32,30,43,404.5029,270.0226,1.571447,-0.045596,1.48721,0.364509,0.418667
F31->F32,30,44,399.7904,249.4309,1.589821,-0.114562,2.888329,-0.917534,1.526724
F31->F32,30,45,395.0749,228.8138,1.614112,-0.192031,1.350033,-0.04099,0.304223
F31->F32,30,46,391.0917,208.6097,1.442321,-0.219478,1.077705,-0.100379,0.383575
F31->F32,30,47,387.7266,188.1521,1.1865,-0.228516,0.665167,-0.293323,0.525346
F31->F32,30,48,383.1805,167.9322,0.93838,-0.234487,0.891185,-0.015119,0.224386
F31->F32,30,49,375.7022,148.2011,0.771722,-0.239595,0.486439,0.061895,0.41507
F31->F32,30,50,365.9133,129.0403,0.568505,-0.203843,0.189796,-0.108295,0.390577
F31->F32,30,51,353.4077,111.6038,0.349551,-0.10752,0.545422,-0.301406,0.275604
F31->F32,30,52,338.2815,98.88,0.171875,-0.041721,0.011713,-0.176474,0.209308
F31->F32,30,53,320.7549,92.5903,0.022727,0.009729,0.008032,-0.03792,0.049864
F31->F32,30,54,302.4319,92.8247,-0.12031,0.050275,-0.263229,-0.004543,0.153072
F31->F32,30,55,283.3521,98.8033,-0.192723,0.098101,-0.097984,-0.007389,0.141787
F31->F32,30,56,266.1973,111.4094,-0.23696,0.069461,-0.230424,0.132666,0.063542
F31->F32,30,57,252.3737,129.0352,-0.299667,-0.036263,-0.533227,-0.277089,0.335481
F31->F32,30,58,242.9228,148.7461,-0.507003,-0.139977,-0.274228,-0.274551,0.268877
F31->F32,30,59,238.2981,169.9109,-0.798972,-0.189358,-0.463599,-0.209831,0.335997
F31->F32,30,60,236.6837,190.9559,-1.114703,-0.207354,-1.482067,-0.598408,0.536544
F31->F32,30,61,237.2369,211.6036,-1.333655,-0.151916,-0.692932,-0.01326,0.655554
F31->F32,30,62,238.6817,231.9694,-1.52467,-0.087696,-1.725882,-0.24563,0.255791
F31->F32,30,63,238.0069,252.2965,-1.621947,-0.012091,-2.3239,0.041011,0.703958
F31->F32,30,64,235.6623,272.8179,-1.68309,0.062103,-1.771581,0.212935,0.174875
F31->F32,30,65,232.8607,293.8665,-1.697101,0.121697,-2.025292,0.181781,0.333646
F31->F32,30,66,230.2409,315.0765,-1.599015,0.166717,-0.951937,0.229566,0.650123
F31->F32,30,67,227.6028,336.5922,-1.503152,0.193062,-1.906044,0.108676,0.411635
F31->F32,30,68,224.2932,357.1407,-1.342706,0.228749,-1.897647,0.344207,0.566825
F31->F32,30,69,222.5338,377.0439,-1.077677,0.286713,-3.146738,0.126085,2.075286
F31->F32,30,70,224.3138,396.6571,-0.730987,0.384884,1.525149,0.774684,2.289562
F31->F32,30,71,231.3479,414.1452,-0.599572,0.582642,1.033023,0.836451,1.652205
F31->F32,30,72,412.8389,418.8836,0.353192,0.543537,-0.866678,0.863365,1.2611
F31->F32,30,73,416.5307,396.7506,0.785266,0.617864,1.328562,0.868162,0.59818
F31->F32,30,74,421.2679,372.3309,1.045968,0.669597,2.64598,0.129107,1.688836
F31->F32,30,75,427.1143,350.3384,0.896412,0.566864,2.390091,0.137938,1.554044
F31->F32,30,76,426.278,329.7724,0.996507,0.360043,2.112463,0.118877,1.141717
F31->F32,30,77,422.4644,309.7302,1.24849,0.186452,1.510344,-0.023556,0.335665
F31->F32,30,78,417.4337,288.9219,1.407183,0.068838,3.131696,-0.797829,1.93004
F31->F32,30,79,413.6384,267.7744,1.428805,-0.006835,1.728585,-0.070455,0.306456
F31->F32,30,80,410.3148,246.5797,1.423039,-0.073949,1.096165,-0.052806,0.327557
F31->F32,30,81,406.4576,225.9486,1.399296,-0.142832,1.048365,-0.085092,0.35565
F31->F32,30,82,402.4675,205.6376,1.235072,-0.176558,1.120462,-0.004492,0.206741
F31->F32,30,83,398.059,185.0493,1.008438,-0.18677,0.565147,-0.27884,0.452751
F31->F32,30,84,393.0914,164.3294,0.774904,-0.185208,0.777121,-0.081002,0.10423
F31->F32,30,85,384.6255,143.9309,0.612604,-0.173333,0.650125,-0.203159,0.047931
F31->F32,30,86,373.4052,123.5193,0.470531,-0.118648,0.255526,0.057701,0.278076
F31->F32,30,87,358.8257,105.2713,0.295697,-0.047877,0.233227,-0.102237,0.08281
F31->F32,30,88,341.4803,91.6786,0.151226,0.038494,0.12438,-0.110444,0.151339
F31->F32,30,89,321.7788,85.78,0.013112,0.073699,-0.025522,0.011761,0.072999
F31->F32,30,90,301.5736,86.4345,-0.12614,0.120762,-0.175413,0.139069,0.052564
F31->F32,30,91,280.9581,93.0741,-0.200433,0.158068,-0.134074,0.06569,0.113741
F31->F32,30,92,262.2129,107.1068,-0.230217,0.096282,-0.43605,0.154615,0.213939
F31->F32,30,93,248.6687,126.2233,-0.303751,-0.027346,-0.542862,-0.353472,0.404391
F31->F32,30,94,238.0034,147.0105,-0.449351,-0.136846,-0.426882,-0.126547,0.024716
F31->F32,30,95,231.2631,168.7624,-0.658582,-0.188582,-0.257828,-0.05645,0.421975
F31->F32,30,96,227.9367,190.165,-0.938317,-0.197557,-0.515756,-0.083523,0.437677
F31->F32,30,97,228.6096,210.9911,-1.230737,-0.159702,-0.36963,0.121311,0.905799
F31->F32,30,98,229.6942,231.4615,-1.464677,-0.103977,-1.2513,0.039183,0.256953
F31->F32,30,99,228.862,251.7435,-1.580804,-0.026205,-1.471357,0.337817,0.380119
F31->F32,30,100,226.2629,272.278,-1.55563,0.05219,-1.124327,0.276475,0.486134
F31->F32,30,101,223.3323,293.1538,-1.519316,0.119907,-2.479146,0.14908,0.960273
F31->F32,30,102,220.9907,314.4065,-1.428209,0.17565,-1.519211,-0.127585,0.316596
F31->F32,30,103,218.1065,335.9415,-1.346277,0.221777,-1.925467,0.110011,0.589875
F31->F32,30,104,214.487,356.7177,-1.198857,0.263322,-2.068877,0.233533,0.870531
F31->F32,30,105,211.9904,377.439,-0.901154,0.320687,-2.971375,-0.034098,2.100402
F31->F32,30,106,214.5672,397.5365,-0.565556,0.396121,-0.840264,-0.008817,0.489325
F31->F32,30,107,224.9206,415.4717,-0.533334,0.59401,0.483827,0.818615,1.041664
F31->F32,30,108,419.974,419.2452,0.334243,0.640551,-0.848488,0.880754,1.206876
F31->F32,30,109,423.2062,396.6695,0.790829,0.733257,0.976007,0.832148,0.20993
F31->F32,30,110,429.3118,373.0308,0.979093,0.817682,0.266334,0.995728,0.73466
F31->F32,30,111,432.9641,350.1272,0.803735,0.668668,0.46501,1.071573,0.526371
F31->F32,30,112,432.8044,328.8503,0.870087,0.462315,-0.016154,0.900359,0.988588
F31->F32,30,113,429.6365,308.4961,1.068087,0.259325,1.615104,-0.084882,0.646302
F31->F32,30,114,425.6568,287.2918,1.26869,0.115113,1.667071,-0.097765,0.451691
F31->F32,30,115,422.6886,265.7077,1.31084,0.01946,1.82233,-0.19725,0.555504
F31->F32,30,116,420.3931,244.0972,1.286227,-0.050299,0.798781,-0.087143,0.488836
F31->F32,30,117,417.4942,223.2701,1.223021,-0.110101,1.257383,-0.094155,0.037882
F31->F32,30,118,413.2733,202.9413,1.078905,-0.153533,0.804136,-0.128244,0.27593
F31->F32,30,119,408.4903,181.9639,0.880537,-0.163146,0.52627,-0.308027,0.382747
F31->F32,30,120,402.0939,161.1202,0.662682,-0.156973,0.551452,-0.22324,0.129473
F31->F32,30,121,393.0703,139.9293,0.521678,-0.147524,0.450846,0.388731,0.540913
F31->F32,30,122,380.577,118.4817,0.384695,-0.081459,0.257048,-0.073194,0.127915
F31->F32,30,123,364.2556,98.9224,0.243113,0.010044,0.199462,-0.130163,0.146844
F31->F32,30,124,344.7436,85.349,0.118369,0.056791,0.228856,-0.138532,0.224407
F31->F32,30,125,323.1382,79.2799,-0.011651,0.11,0.02035,-0.032213,0.145768
F31->F32,30,126,300.5872,80.2705,-0.115091,0.177699,-0.203302,0.112971,0.109411
F31->F32,30,127,278.4136,87.6232,-0.19969,0.200534,-0.094297,0.08561,0.155933
F31->F32,30,128,258.379,103.0885,-0.231362,0.086162,-0.456187,0.242013,0.273562
F31->F32,30,129,244.5475,123.5202,-0.297304,-0.035656,-0.57535,-0.384343,0.445974
F31->F32,30,130,233.3435,145.6431,-0.409569,-0.159893,-0.385935,0.008159,0.169706
F31->F32,30,131,224.6523,168.1282,-0.540122,-0.221144,-0.256213,-0.089681,0.312869
F31->F32,30,132,220.0304,189.6343,-0.799992,-0.201731,-0.533129,-0.138228,0.274315
F31->F32,30,133,219.8022,210.4479,-1.128576,-0.177819,-0.492667,0.097645,0.693009
F31->F32,30,134,220.0957,230.853,-1.389989,-0.119906,-1.252595,-0.053448,0.152623
F31->F32,30,135,219.1588,251.2068,-1.476481,-0.040766,-1.043169,0.142626,0.470524
F31->F32,30,136,216.7665,271.7492,-1.428515,0.043011,-1.064752,-0.081584,0.38451
F31->F32,30,137,214.0118,292.4172,-1.353892,0.121448,-2.126853,0.190899,0.776074
F31->F32,30,138,211.7252,313.5192,-1.296718,0.196362,-1.603532,0.142426,0.311519
F31->F32,30,139,208.8272,334.8761,-1.201872,0.249713,-2.209044,0.139193,1.013217
F31->F32,30,140,205.0578,355.9484,-1.060486,0.315251,-2.442589,0.303937,1.38215
F31->F32,30,141,201.645,377.1295,-0.782366,0.411618,-2.541017,-0.042369,1.816303
F31->F32,30,142,205.7721,398.8993,-0.511898,0.468754,-0.505146,-0.193354,0.662142
F31->F32,30,143,218.8928,416.7459,-0.479489,0.590495,0.204317,0.813866,0.719365
F31->F32,30,144,427.3635,419.7492,0.311873,0.710238,-0.896237,1.069059,1.260271
F31->F32,30,145,430.0865,397.4883,0.780042,0.830545,0.664521,0.82806,0.115548
F31->F32,30,146,435.8189,373.7411,0.924193,0.911224,0.489384,0.885202,0.435587
F31->F32,30,147,438.2962,350.1071,0.806525,0.753018,2.378193,0.161711,1.679222
F31->F32,30,148,438.2334,328.2798,0.831016,0.533117,2.100413,0.11763,1.335664
F31->F32,30,149,436.1417,307.3189,0.988109,0.305726,1.730119,0.004556,0.800801
F31->F32,30,150,433.4879,285.8164,1.161133,0.147216,1.617451,-0.047015,0.495936
F31->F32,30,151,431.7591,263.6009,1.192067,0.041865,1.136312,0.105109,0.084312
F31->F32,30,152,430.4983,241.6445,1.154361,-0.03514,1.124888,-0.031877,0.029653
F31->F32,30,153,428.2266,220.7653,1.069294,-0.092395,1.408137,0.060296,0.371657
F31->F32,30,154,423.9832,200.2748,0.951475,-0.143284,0.532715,-0.361692,0.472295
F31->F32,30,155,418.1653,179.2653,0.782839,-0.15703,0.516118,-0.183187,0.268
F31->F32,30,156,410.7476,158.1708,0.596724,-0.169425,20.0,-20.0,27.744168
F31->F32,30,157,400.9323,136.3047,0.465772,-0.152368,0.316617,0.132528,0.321578
F31->F32,30,158,387.6435,113.7702,0.312353,-0.069989,0.195208,0.030838,0.15456
F31->F32,30,159,369.6133,93.3938,0.191385,0.012961,0.026725,-0.093266,0.195952
F31->F32,30,160,348.1936,79.3775,0.074376,0.057939,20.0,-20.0,28.272803
F31->F32,30,161,324.1081,73.5187,-0.021587,0.113429,0.021665,-0.06786,0.186377
F31->F32,30,162,299.522,74.4493,-0.095581,0.210752,-0.055088,0.129354,0.090913
F31->F32,30,163,275.428,82.8257,-0.183464,0.211984,-0.104916,0.241205,0.083808
F31->F32,30,164,254.4096,99.3376,-0.228819,0.061671,-0.145029,0.423301,0.37121
F31->F32,30,165,240.3907,121.2934,-0.296151,-0.080246,-0.25725,-0.234146,0.15874
F31->F32,30,166,228.5329,144.4314,-0.376427,-0.206026,-0.343214,0.046851,0.255049
F31->F32,30,167,218.166,167.5794,-0.457142,-0.275103,-0.127514,-0.022237,0.415446
F31->F32,30,168,212.3484,189.4099,-0.70268,-0.248858,-0.813923,-0.230957,0.112674
F31->F32,30,169,210.7378,210.1336,-1.024674,-0.218816,-1.783999,-0.751209,0.92737
F31->F32,30,170,210.338,230.3287,-1.276812,-0.146367,-1.193565,-0.094612,0.098023
F31->F32,30,171,209.3452,250.6772,-1.365938,-0.057754,-0.870472,0.132085,0.53059
F31->F32,30,172,207.1937,271.2006,-1.296726,0.032762,-0.920952,-0.081221,0.392681
F31->F32,30,173,204.7845,291.7159,-1.226236,0.124958,-1.640201,0.171545,0.416577
F31->F32,30,174,202.6905,312.3091,-1.178087,0.218724,-1.736901,-0.18829,0.691327
F31->F32,30,175,199.601,333.6052,-1.091753,0.309844,-2.400619,0.203132,1.313209
F31->F32,30,176,195.8244,354.67,-0.971968,0.394709,-0.073002,0.984291,1.075056
F31->F32,30,177,191.5929,376.9856,-0.689337,0.516518,-2.003035,0.045979,1.395425
F31->F32,30,178,197.3124,400.9464,-0.565883,0.533661,-0.089461,-0.042702,0.747779
F31->F32,30,179,213.2526,417.9722,-0.479647,0.590815,0.224084,0.849238,0.74968
F32->F33,31,0,398.0438,419.1436,0.402212,0.275562,0.94263,0.22298,0.54297
F32->F33,31,1,403.3956,398.1863,0.800381,0.262719,4.648389,-5.257188,6.728785
F32->F33,31,2,406.0097,374.2564,1.184313,0.184999,1.553744,0.026714,0.401912
F32->F33,31,3,409.0005,353.0188,1.370247,0.111679,1.928749,0.140584,0.559249
F32->F33,31,4,410.414,332.3745,1.488817,0.059417,0.336368,0.85772,1.401936
F32->F33,31,5,406.3472,312.92,1.58932,-0.00851,1.51733,-0.044494,0.080482
F32->F33,31,6,401.891,292.5627,1.629216,-0.061079,1.831238,-0.038527,0.203277
F32->F33,31,7,396.8746,272.334,1.615825,-0.105435,1.476064,0.204986,0.340432
F32->F33,31,8,391.0466,252.1216,1.686056,-0.176813,1.544536,-0.105249,0.158586
F32->F33,31,9,385.2316,231.7744,1.724877,-0.23677,1.291394,0.113539,0.557336
F32->F33,31,10,380.8062,211.5603,1.611579,-0.267054,0.749382,-0.203744,0.864519
F32->F33,31,11,377.2409,191.6203,1.364704,-0.272603,1.241014,-0.034426,0.26838
F32->F33,31,12,372.9519,171.9723,1.153975,-0.299195,0.927236,-0.300149,0.226741
F32->F33,31,13,367.3161,152.6655,0.936013,-0.312363,0.389639,0.00719,0.63296
F32->F33,31,14,359.2148,134.8477,0.666437,-0.296233,0.248657,-0.024426,0.498417
F32->F33,31,15,348.186,118.6482,0.423813,-0.220823,0.039204,-0.151529,0.390802
F32->F33,31,16,335.1456,106.5468,0.199313,-0.140842,-0.0343,-0.102471,0.236743
F32->F33,31,17,319.6203,100.02,0.033964,-0.074238,-0.017286,-0.060656,0.053019
F32->F33,31,18,302.7218,99.5679,-0.093179,-0.036066,-0.074469,-0.113574,0.079734
F32->F33,31,19,285.4863,105.0493,-0.177772,0.019333,-0.359433,-0.03378,0.189266
F32->F33,31,20,269.5504,116.2847,-0.236795,0.014143,-0.278518,-0.123542,0.143868
F32->F33,31,21,256.2262,132.1719,-0.333144,-0.066118,-0.171091,-0.131943,0.174912
F32->F33,31,22,247.4286,150.6029,-0.556602,-0.148053,-0.706101,-0.23189,0.171401
F32->F33,31,23,244.5336,171.0313,-0.898388,-0.197062,-0.335742,0.042957,0.611702
F32->F33,31,24,244.0417,191.5881,-1.212762,-0.202505,-1.13005,0.010217,0.228237
F32->F33,31,25,244.636,212.214,-1.373287,-0.146642,-0.800936,-0.334278,0.602323
F32->F33,31,26,245.7996,232.4644,-1.492631,-0.083213,-1.862336,0.040482,0.389848
F32->F33,31,27,245.2841,252.8269,-1.584863,-0.01511,-0.962022,0.0589,0.627223
F32->F33,31,28,243.4942,273.4382,-1.715244,0.047454,-2.329785,0.263751,0.651495
F32->F33,31,29,240.9533,294.5441,-1.774542,0.092621,-1.61088,-0.094877,0.248879
F32->F33,31,30,237.949,315.9044,-1.667867,0.122484,-2.259884,0.093423,0.592729
F32->F33,31,31,235.7265,337.2908,-1.566799,0.132984,-2.796299,-0.010027,1.237789
F32->F33,31,32,233.2249,357.7783,-1.396248,0.163122,-2.605483,-0.009865,1.221546
F32->F33,31,33,232.0343,376.6632,-1.168056,0.231635,-0.121098,0.885274,1.234247
F32->F33,31,34,233.3166,395.5475,-0.861089,0.322954,0.029881,0.818323,1.01942
F32->F33,31,35,236.8766,413.3406,-0.615298,0.446552,0.330046,0.83701,1.022806
F32->F33,31,36,405.7227,418.6889,0.362845,0.3515,-0.921241,1.005396,1.440991
F32->F33,31,37,410.1305,397.4577,0.767719,0.365106,3.672526,-5.055326,6.149713
F32->F33,31,38,414.3753,372.8713,1.087456,0.38494,1.678763,-0.065681,0.743441
F32->F33,31,39,420.326,351.2747,1.040199,0.347838,1.799844,0.03292,0.822335
F32->F33,31,40,420.2654,331.1902,1.144735,0.205657,0.00032,0.729949,1.258796
F32->F33,31,41,415.6218,311.2466,1.343432,0.078639,1.233389,0.173526,0.145304
F32->F33,31,42,410.6852,290.6789,1.464775,-0.00982,1.747061,-0.047667,0.284813
F32->F33,31,43,406.0743,269.977,1.473013,-0.063423,1.066108,0.117416,0.445281
F32->F33,31,44,401.3802,249.3163,1.488714,-0.123785,1.78692,-0.09163,0.299935
F32->F33,31,45,396.689,228.6218,1.507805,-0.189817,1.186898,0.223319,0.523128
F32->F33,31,46,392.534,208.3902,1.350356,-0.212453,0.718231,-0.347704,0.646432
F32->F33,31,47,388.9131,187.9236,1.116377,-0.219746,0.696888,-0.115479,0.432253
F32->F33,31,48,384.1189,167.6978,0.884459,-0.223699,0.150777,0.025497,0.774847
F32->F33,31,49,376.4739,147.9615,0.728447,-0.228367,0.596893,-0.218922,0.131893
F32->F33,31,50,366.4818,128.8365,0.53966,-0.196216,0.398991,0.128705,0.354064
F32->F33,31,51,353.7573,111.4963,0.33607,-0.101617,0.251113,-0.063482,0.093123
F32->F33,31,52,338.4533,98.8383,0.164709,-0.03615,-0.053699,0.083605,0.249085
F32->F33,31,53,320.7776,92.6,0.021404,0.013791,0.010687,0.058337,0.045817
F32->F33,31,54,302.3116,92.875,-0.114393,0.051172,-0.085546,0.082978,0.042939
F32->F33,31,55,283.1593,98.9014,-0.182714,0.09528,-0.359293,0.107002,0.176968
F32->F33,31,56,265.9603,111.4788,-0.224691,0.066768,-0.005232,-0.067202,0.257119
F32->F33,31,57,252.074,128.999,-0.284948,-0.032133,-0.096102,-0.135538,0.215303
F32->F33,31,58,242.4158,148.6061,-0.481304,-0.129317,-0.641622,-0.073498,0.169757
F32->F33,31,59,237.4991,169.7215,-0.753143,-0.176494,-0.356861,-0.052493,0.415229
F32->F33,31,60,235.569,190.7485,-1.046741,-0.194891,-0.782784,-0.021909,0.315589
F32->F33,31,61,235.9033,211.4517,-1.264011,-0.150256,-0.911321,-0.331524,0.396546
F32->F33,31,62,237.157,231.8817,-1.452049,-0.096615,-1.094994,0.158671,0.43893
F32->F33,31,63,236.3849,252.2845,-1.5357,-0.030722,-1.100781,0.095116,0.452758
F32->F33,31,64,233.9792,272.88,-1.574058,0.032913,-2.010271,0.102563,0.441738
F32->F33,31,65,231.1636,293.9882,-1.572771,0.083465,-1.356582,0.206338,0.248668
F32->F33,31,66,228.6418,315.2433,-1.486106,0.120761,0.248408,0.774196,1.853514
F32->F33,31,67,226.0996,336.7852,-1.396103,0.139624,-1.670802,0.184197,0.278291
F32->F33,31,68,222.9505,357.3694,-1.243491,0.169454,-0.892263,0.180581,0.351404
F32->F33,31,69,221.4561,377.3306,-0.993952,0.222348,1.240175,0.815252,2.311462
F32->F33,31,70,223.5828,397.042,-0.676448,0.313569,0.057661,0.903465,0.94175
F32->F33,31,71,230.7484,414.7278,-0.554458,0.497926,-3.044818,0.148015,2.514823
F32->F33,31,72,413.1921,419.4271,0.323936,0.438481,-1.062707,0.952927,1.478997
F32->F33,31,73,417.3159,397.3685,0.726957,0.518336,5.781633,-2.058144,5.673447
F32->F33,31,74,422.3139,373.0005,0.971764,0.585904,1.738623,-0.025493,0.980754
F32->F33,31,75,428.0107,350.9053,0.830022,0.496337,0.228749,0.895509,0.721711
F32->F33,31,76,427.2745,330.1324,0.915516,0.306689,1.86074,0.109558,0.965562
F32->F33,31,77,423.7129,309.9167,1.156044,0.14802,1.330818,0.105616,0.179845
F32->F33,31,78,418.8409,288.9908,1.317544,0.039831,2.257169,0.088624,0.940891
F32->F33,31,79,415.0672,267.7675,1.346707,-0.030077,0.81372,-0.035702,0.533016
F32->F33,31,80,411.7378,246.5058,1.340532,-0.089465,1.722222,-0.149293,0.38635
F32->F33,31,81,407.8569,225.8058,1.312598,-0.148321,1.096631,0.086532,0.319058
F32->F33,31,82,403.7026,205.461,1.162476,-0.17702,1.242762,-0.055298,0.145816
F32->F33,31,83,399.0675,184.8626,0.95409,-0.185038,0.414462,0.079417,0.600946
F32->F33,31,84,393.8663,164.1442,0.73387,-0.182279,0.254177,0.202042,0.614662
F32->F33,31,85,385.2381,143.7575,0.580446,-0.171048,0.398182,0.06065,0.294795
F32->F33,31,86,373.8757,123.4007,0.447263,-0.119884,0.619503,-0.155218,0.175827
F32->F33,31,87,359.1214,105.2235,0.28438,-0.04804,0.449457,0.11843,0.234441
F32->F33,31,88,341.6315,91.7171,0.144179,0.037994,0.085546,0.118849,0.099877
F32->F33,31,89,321.7919,85.8537,0.011871,0.073928,-0.02771,0.093383,0.044103
F32->F33,31,90,301.4474,86.5552,-0.119862,0.117369,-0.104774,0.119361,0.015219
F32->F33,31,91,280.7577,93.2322,-0.188831,0.150661,-0.208193,0.152669,0.019466
F32->F33,31,92,261.9826,107.203,-0.216369,0.089454,0.027118,0.108801,0.244254
F32->F33,31,93,248.365,126.196,-0.288007,-0.025792,0.092709,-0.061814,0.382416
F32->F33,31,94,237.554,146.8736,-0.427125,-0.128832,-0.199347,-0.101623,0.229398
F32->F33,31,95,230.6045,168.5738,-0.622522,-0.178314,-0.383063,-0.059356,0.267378
F32->F33,31,96,226.9984,189.9674,-0.88509,-0.188414,-0.853842,-0.239535,0.059914
F32->F33,31,97,227.3789,210.8314,-1.170951,-0.159605,-1.258501,-0.230204,0.112469
F32->F33,31,98,228.2295,231.3576,-1.396958,-0.113263,-0.838651,0.138237,0.612339
F32->F33,31,99,227.2812,251.7173,-1.500161,-0.045173,-1.181874,0.036111,0.328502
F32->F33,31,100,224.7072,272.3302,-1.460771,0.023697,-1.806074,-0.228306,0.427481
F32->F33,31,101,221.8129,293.2738,-1.415725,0.082546,-1.859989,-0.016065,0.455077
F32->F33,31,102,219.5625,314.5822,-1.337423,0.130147,-1.234864,0.258611,0.164382
F32->F33,31,103,216.7602,336.1633,-1.256878,0.168952,-2.162694,0.238305,0.908467
F32->F33,31,104,213.2881,356.981,-1.11495,0.205793,0.903095,0.790779,2.101122
F32->F33,31,105,211.0892,377.7597,-0.837836,0.259052,-1.427896,0.219378,0.591392
F32->F33,31,106,214.0016,397.9326,-0.529437,0.326363,0.274217,0.932812,1.006797
F32->F33,31,107,224.3872,416.0657,-0.494751,0.508035,0.326121,0.752684,0.856554
F32->F33,31,108,420.3082,419.8858,0.302414,0.532045,-1.460386,0.721243,1.772924
F32->F33,31,109,423.997,397.4028,0.73039,0.625685,2.643693,-0.240476,2.10023
F32->F33,31,110,430.2909,373.8485,0.911504,0.719302,1.708838,0.069161,1.028797
F32->F33,31,111,433.7679,350.7958,0.756326,0.589496,0.501884,0.819947,0.34329
F32->F33,31,112,433.6745,329.3126,0.8145,0.401466,1.843321,0.060199,1.083945
F32->F33,31,113,430.7046,308.7554,0.998418,0.214073,1.041753,0.118098,0.105305
F32->F33,31,114,426.9255,287.407,1.193348,0.081272,1.984756,0.047059,0.792148
F32->F33,31,115,423.9994,265.7271,1.239195,-0.007424,1.199423,0.190377,0.20176
F32->F33,31,116,421.6793,244.0469,1.216396,-0.07008,1.590592,-0.243185,0.412297
F32->F33,31,117,418.7172,223.16,1.152563,-0.121539,0.676102,-0.107182,0.476678
F32->F33,31,118,414.3522,202.7878,1.019551,-0.159367,1.120841,0.046448,0.229389
F32->F33,31,119,409.3709,181.8008,0.835223,-0.16704,0.430797,0.037083,0.45302
F32->F33,31,120,402.7566,160.9632,0.629786,-0.160675,0.557459,-0.354404,0.20679
F32->F33,31,121,393.5919,139.7818,0.495442,-0.15052,0.175833,0.11058,0.412702
F32->F33,31,122,380.9617,118.4002,0.367387,-0.087496,0.251549,0.208704,0.318046
F32->F33,31,123,364.4987,98.9324,0.234121,0.003672,0.236907,0.179585,0.175935
F32->F33,31,124,344.862,85.4058,0.112193,0.054879,0.038614,0.135365,0.10905
F32->F33,31,125,323.1266,79.3899,-0.012057,0.10875,-0.004659,0.145175,0.037168
F32->F33,31,126,300.4722,80.4482,-0.110008,0.170772,-0.043084,0.146304,0.071257
F32->F33,31,127,278.2139,87.8237,-0.187045,0.189196,-0.169157,0.045067,0.145234
F32->F33,31,128,258.1476,103.1747,-0.2161,0.078766,-0.110604,0.296347,0.241808
F32->F33,31,129,244.2502,123.4846,-0.280819,-0.035373,-0.207652,0.181637,0.229012
F32->F33,31,130,232.9339,145.4832,-0.388905,-0.152475,-0.287981,-0.154411,0.100943
F32->F33,31,131,224.1122,167.9071,-0.513037,-0.210484,-0.190502,-0.20732,0.322551
F32->F33,31,132,219.2304,189.4326,-0.759759,-0.195478,-1.108042,-0.551155,0.497802
F32->F33,31,133,218.6736,210.2701,-1.076176,-0.178626,-1.133551,0.100042,0.284513
F32->F33,31,134,218.7057,230.7331,-1.325348,-0.129121,-0.420874,0.212647,0.96689
F32->F33,31,135,217.6824,251.166,-1.403532,-0.059342,-1.390907,0.000706,0.061361
F32->F33,31,136,215.338,271.7922,-1.347154,0.015088,-1.430919,0.085077,0.109156
F32->F33,31,137,212.6579,292.5387,-1.271561,0.084758,-1.481003,0.217585,0.24801
F32->F33,31,138,210.4285,313.7156,-1.22148,0.150665,-1.047215,0.059463,0.196689
F32->F33,31,139,207.6254,335.1258,-1.129313,0.197729,0.189684,0.708135,1.414307
F32->F33,31,140,203.9973,356.2636,-0.994097,0.25899,0.232058,0.825295,1.350613
F32->F33,31,141,200.8626,377.5411,-0.732983,0.349455,-0.751895,-0.325857,0.675576
F32->F33,31,142,205.2602,399.3681,-0.485629,0.400505,-2.993436,0.122225,2.5232
F32->F33,31,143,218.4133,417.3363,-0.445682,0.504369,0.261983,0.766287,0.75458
F32->F33,31,144,427.6753,420.4594,0.278313,0.600181,-1.41989,0.697024,1.700962
F32->F33,31,145,430.8666,398.3188,0.716118,0.71697,2.136978,0.075865,1.558801
F32->F33,31,146,436.7431,374.6523,0.859295,0.802841,0.385567,0.889406,0.481572
F32->F33,31,147,439.1027,350.8601,0.768556,0.668902,0.692126,0.890811,0.234703
F32->F33,31,148,439.0644,328.813,0.793207,0.468051,2.006691,0.074826,1.275605
F32->F33,31,149,437.1298,307.6246,0.933809,0.256737,1.006389,0.20402,0.089705
F32->F33,31,150,434.6491,285.9636,1.09693,0.109854,1.169398,0.168671,0.093334
F32->F33,31,151,432.9511,263.6428,1.130498,0.012,1.292198,0.125944,0.197814
F32->F33,31,152,431.6526,241.6094,1.094763,-0.058323,1.259639,0.117349,0.240925
F32->F33,31,153,429.2959,220.6729,1.012438,-0.108258,0.398348,0.325428,0.751792
F32->F33,31,154,424.9347,200.1315,0.901762,-0.153012,0.647391,-0.285863,0.286974
F32->F33,31,155,418.9481,179.1083,0.743403,-0.165049,1.67246,-0.975996,1.233199
F32->F33,31,156,411.3443,158.0014,0.568461,-0.175275,0.403863,0.119753,0.337837
F32->F33,31,157,401.3981,136.1523,0.442955,-0.157736,0.358135,0.104299,0.275421
F32->F33,31,158,387.9558,113.7002,0.2998,-0.078167,0.198585,-0.016804,0.118363
F32->F33,31,159,369.8047,93.4068,0.184718,0.006241,0.113098,0.013656,0.072002
F32->F33,31,160,348.2679,79.4355,0.070248,0.056071,20.0,-20.0,28.274388
F32->F33,31,161,324.0865,73.6321,-0.022119,0.112375,0.047253,0.206072,0.116582
F32->F33,31,162,299.4264,74.6601,-0.092381,0.201859,-0.04024,0.142052,0.079344
F32->F33,31,163,275.2446,83.0377,-0.170999,0.198095,-0.145993,0.220153,0.033345
F32->F33,31,164,254.1807,99.3992,-0.212379,0.05506,0.082179,0.163022,0.31372
F32->F33,31,165,240.0945,121.2132,-0.279152,-0.077757,-0.365054,0.179085,0.270827
F32->F33,31,166,228.1564,144.2254,-0.35778,-0.196418,-0.446665,-0.237379,0.09787
F32->F33,31,167,217.7088,167.3043,-0.438865,-0.26336,-0.304945,-0.279809,0.134926
F32->F33,31,168,211.6457,189.161,-0.671297,-0.241925,-0.472013,-0.020545,0.297864
F32->F33,31,169,209.7131,209.9148,-0.97853,-0.218463,-1.147378,0.356892,0.599619
F32->F33,31,170,209.0612,230.1823,-1.21669,-0.15479,-0.093527,0.017519,1.136303
F32->F33,31,171,207.9793,250.6194,-1.299583,-0.075765,-0.947668,-0.11975,0.354653
F32->F33,31,172,205.897,271.2333,-1.22749,0.005331,-1.211631,0.075787,0.072219
F32->F33,31,173,203.5582,291.8409,-1.158075,0.08842,-1.395473,0.156258,0.2469
F32->F33,31,174,201.5124,312.5278,-1.115848,0.172713,0.158355,0.770593,1.407499
F32->F33,31,175,198.5093,333.915,-1.031548,0.255813,-1.978443,0.140298,0.953915
F32->F33,31,176,194.8524,355.0647,-0.916071,0.335853,0.44009,0.889494,1.464817
F32->F33,31,177,190.9035,377.5021,-0.6507,0.452254,0.798964,0.101654,1.491457
F32->F33,31,178,196.7465,401.4801,-0.535336,0.467604,0.695399,1.13786,1.401411
F32->F33,31,179,212.7729,418.563,-0.444846,0.506841,-2.705521,0.071664,2.30218
F33->F34,32,0,398.446,419.4191,0.355199,0.187837,-1.382032,0.831679,1.852702
F33->F34,32,1,404.196,398.449,0.714626,0.182263,0.604212,0.058767,0.165658
F33->F34,32,2,407.194,374.4414,1.06898,0.14259,2.296389,0.13832,1.227417
F33->F34,32,3,410.3707,353.1305,1.233446,0.088281,1.818623,0.146051,0.588022
F33->F34,32,4,411.9028,332.4339,1.335203,0.040911,1.446678,0.201997,0.195896
F33->F34,32,5,407.9365,312.9114,1.437575,-0.021313,2.08204,0.139146,0.664141
F33->F34,32,6,403.5203,292.5016,1.487234,-0.069501,2.047142,0.182778,0.614119
F33->F34,32,7,398.4905,272.2286,1.481974,-0.108226,1.456034,0.09251,0.202405
F33->F34,32,8,392.7327,251.9447,1.54522,-0.170565,1.328557,0.006535,0.279835
F33->F34,32,9,386.9565,231.5376,1.580659,-0.221879,2.753415,-0.836576,1.324088
F33->F34,32,10,382.4177,211.2933,1.478034,-0.246729,0.690938,-0.246978,0.787096
F33->F34,32,11,378.6056,191.3477,1.256411,-0.250657,2.423465,-0.653728,1.234699
F33->F34,32,12,374.1059,171.6731,1.066638,-0.274788,0.882569,-0.197707,0.199556
F33->F34,32,13,368.2522,152.3531,0.868712,-0.286894,0.871398,-0.441363,0.154492
F33->F34,32,14,359.8813,134.5514,0.6219,-0.272842,0.311069,-0.02826,0.39552
F33->F34,32,15,348.6099,118.4273,0.399281,-0.200344,-0.16539,-0.195533,0.564692
F33->F34,32,16,335.3449,106.4059,0.189433,-0.126221,0.22935,-0.098236,0.048749
F33->F34,32,17,319.6542,99.9457,0.031437,-0.062939,0.116282,-0.083664,0.08734
F33->F34,32,18,302.6286,99.5319,-0.089372,-0.026584,-0.022535,-0.042381,0.068678
F33->F34,32,19,285.3085,105.0687,-0.169797,0.023543,-0.12345,-0.129736,0.160132
F33->F34,32,20,269.3136,116.2989,-0.225371,0.01826,0.015073,-0.228415,0.344473
F33->F34,32,21,255.893,132.1058,-0.314727,-0.05709,-0.163752,-0.189034,0.200505
F33->F34,32,22,246.872,150.4548,-0.522786,-0.133742,-0.305895,-0.108744,0.218328
F33->F34,32,23,243.6353,170.8342,-0.837222,-0.18016,-1.048168,-0.050191,0.247771
F33->F34,32,24,242.8289,191.3856,-1.126563,-0.187964,-0.894714,-0.029984,0.280556
F33->F34,32,25,243.2627,212.0674,-1.284087,-0.14271,-1.328669,0.241428,0.386717
F33->F34,32,26,244.307,232.3812,-1.402285,-0.089598,-1.309053,-0.078784,0.093857
F33->F34,32,27,243.6992,252.8118,-1.485719,-0.03188,-1.34869,0.162354,0.237705
F33->F34,32,28,241.7789,273.4856,-1.585998,0.020914,-1.056142,-0.043326,0.533736
F33->F34,32,29,239.1788,294.6367,-1.630686,0.057458,-2.113933,-0.00041,0.4867
F33->F34,32,30,236.2811,316.0269,-1.533665,0.080035,-1.71184,0.158811,0.194813
F33->F34,32,31,234.1597,337.4238,-1.440725,0.084409,-0.541825,-0.022427,0.905227
F33->F34,32,32,231.8286,357.9414,-1.284635,0.107152,-1.3842,0.103376,0.099636
F33->F34,32,33,230.8662,376.8948,-1.071585,0.169282,-2.063916,0.096594,0.99499
F33->F34,32,34,232.4555,395.8705,-0.793438,0.255762,-0.344931,-0.055607,0.545993
F33->F34,32,35,236.2613,413.7871,-0.569508,0.369216,1.904611,0.798414,2.51107
F33->F34,32,36,406.0855,419.0404,0.318665,0.261791,0.086643,0.088205,0.28977
F33->F34,32,37,410.8982,397.8228,0.685864,0.284095,-6.349532,5.945495,9.030406
F33->F34,32,38,415.4627,373.2562,0.981252,0.328743,1.460968,0.364767,0.481067
F33->F34,32,39,421.3662,351.6226,0.937411,0.299968,2.579768,0.09602,1.654972
F33->F34,32,40,421.4101,331.3958,1.026572,0.171797,1.432826,0.296305,0.424906
F33->F34,32,41,416.9653,311.3252,1.217187,0.05701,2.088842,0.110701,0.873308
F33->F34,32,42,412.15,290.6691,1.34083,-0.023899,1.522919,0.034155,0.191119
F33->F34,32,43,407.5473,269.9136,1.356761,-0.072467,1.334841,0.08973,0.163671
F33->F34,32,44,402.8689,249.1925,1.370209,-0.125043,1.057288,-0.108384,0.313364
F33->F34,32,45,398.1968,228.4319,1.385299,-0.181328,1.210548,-0.105559,0.190469
F33->F34,32,46,393.8844,208.1778,1.24498,-0.199873,1.080517,-0.011453,0.250101
F33->F34,32,47,390.0294,187.7038,1.034985,-0.205576,1.300814,-0.027322,0.320062
F33->F34,32,48,385.0034,167.4741,0.822577,-0.207897,0.701064,-0.201136,0.121701
F33->F34,32,49,377.2024,147.7332,0.679322,-0.212193,0.515826,-0.273938,0.174767
F33->F34,32,50,367.0215,128.6403,0.50685,-0.183212,0.231827,-0.068935,0.29782
F33->F34,32,51,354.0933,111.3947,0.320039,-0.091892,-0.064768,0.015746,0.399578
F33->F34,32,52,338.618,98.8022,0.156442,-0.028337,0.199215,0.044148,0.084164
F33->F34,32,53,320.799,92.6138,0.019588,0.019619,0.165678,0.019089,0.146091
F33->F34,32,54,302.1972,92.9262,-0.108713,0.053689,-0.038528,0.035403,0.072528
F33->F34,32,55,282.9766,98.9967,-0.172982,0.093745,0.014196,0.017231,0.202213
F33->F34,32,56,265.7356,111.5456,-0.212735,0.065087,0.024897,-0.083117,0.280059
F33->F34,32,57,251.7891,128.9669,-0.269984,-0.027423,-0.226363,-0.050936,0.049554
F33->F34,32,58,241.9345,148.4768,-0.453617,-0.118401,-0.295314,-0.213889,0.184872
F33->F34,32,59,236.746,169.5451,-0.704021,-0.163723,-1.188506,-0.252319,0.492519
F33->F34,32,60,234.5223,190.5536,-0.975139,-0.182601,-1.993704,-0.598606,1.100243
F33->F34,32,61,234.6393,211.3014,-1.188132,-0.148096,-0.920445,-0.097627,0.272404
F33->F34,32,62,235.705,231.7851,-1.370643,-0.104139,-1.420967,-0.262731,0.166385
F33->F34,32,63,234.8492,252.2537,-1.442694,-0.047198,-1.534052,-0.218715,0.19433
F33->F34,32,64,232.4051,272.9129,-1.461595,0.007235,-1.583911,-0.290081,0.321493
F33->F34,32,65,229.5908,294.0717,-1.448918,0.04939,-1.691031,-0.016909,0.251027
F33->F34,32,66,227.1557,315.364,-1.373983,0.079593,-0.992022,0.078455,0.381963
F33->F34,32,67,224.7035,336.9248,-1.290608,0.091761,2.108238,7.966536,8.57696
F33->F34,32,68,221.707,357.5389,-1.148751,0.115816,-1.21315,0.100681,0.066153
F33->F34,32,69,220.4621,377.553,-0.916939,0.16377,-2.852233,0.048588,1.938719
F33->F34,32,70,222.9064,397.3556,-0.628232,0.247157,-0.216886,0.297636,0.414432
F33->F34,32,71,230.1939,415.2258,-0.515189,0.416275,-0.744697,0.130566,0.366474
F33->F34,32,72,413.516,419.8656,0.278691,0.348594,0.708594,-0.042699,0.581315
F33->F34,32,73,418.0429,397.8868,0.653894,0.432093,3.510469,-1.060696,3.223111
F33->F34,32,74,423.2856,373.5864,0.882868,0.509015,-0.187793,0.746423,1.096667
F33->F34,32,75,428.8408,351.4016,0.754109,0.433444,2.25994,0.185533,1.526102
F33->F34,32,76,428.19,330.4391,0.828514,0.262412,2.036048,0.139291,1.213795
F33->F34,32,77,424.869,310.0647,1.052401,0.118941,2.488376,0.2434,1.441358
F33->F34,32,78,420.1585,289.0306,1.210609,0.020315,1.038286,0.143278,0.211696
F33->F34,32,79,416.4139,267.7375,1.245302,-0.043902,1.118453,0.034473,0.149109
F33->F34,32,80,413.0784,246.4163,1.239266,-0.09613,1.070814,-0.09602,0.168452
F33->F34,32,81,409.1695,225.6575,1.209867,-0.146436,1.065113,-0.055145,0.171137
F33->F34,32,82,404.8651,205.284,1.076397,-0.170704,0.405147,0.105262,0.725765
F33->F34,32,83,400.0216,184.6775,0.888569,-0.176931,1.00797,0.093948,0.296028
F33->F34,32,84,394.6002,163.962,0.68531,-0.1732,0.608092,-0.172515,0.077221
F33->F34,32,85,385.8185,143.5865,0.54326,-0.162606,0.612672,-0.360443,0.20966
F33->F34,32,86,374.323,123.2808,0.420862,-0.115206,0.07781,0.097773,0.403788
F33->F34,32,87,359.4058,105.1754,0.270801,-0.043818,0.059234,-0.114237,0.222979
F33->F34,32,88,341.7757,91.7551,0.13654,0.040034,0.143756,0.10368,0.064054
F33->F34,32,89,321.8038,85.9277,0.010403,0.075762,0.073483,0.003623,0.095829
F33->F34,32,90,301.3276,86.6726,-0.113673,0.115568,-0.088065,0.124409,0.027091
F33->F34,32,91,280.5689,93.3828,-0.177677,0.144604,-0.102779,0.079886,0.098986
F33->F34,32,92,261.7663,107.2925,-0.202782,0.084018,-0.087693,-0.183502,0.291226
F33->F34,32,93,248.077,126.1702,-0.272369,-0.023371,-0.261725,0.09117,0.115034
F33->F34,32,94,237.1269,146.7448,-0.403266,-0.120228,-0.18754,-0.048438,0.227357
F33->F34,32,95,229.982,168.3955,-0.58344,-0.167815,-0.699203,-0.389404,0.250005
F33->F34,32,96,226.1133,189.779,-0.828069,-0.179317,-0.677888,-0.49991,0.354026
F33->F34,32,97,226.2079,210.6718,-1.104297,-0.158893,-0.656717,-0.309526,0.472248
F33->F34,32,98,226.8326,231.2443,-1.319764,-0.121069,-1.149936,-0.180984,0.180087
F33->F34,32,99,225.781,251.6722,-1.411354,-0.061766,-0.904764,0.123843,0.539522
F33->F34,32,100,223.2465,272.3539,-1.361184,-0.001416,-1.302849,-0.059949,0.082638
F33->F34,32,101,220.3972,293.3563,-1.311112,0.049149,-1.339113,0.160255,0.114581
F33->F34,32,102,218.2251,314.7123,-1.245095,0.089211,-1.698307,-0.252358,0.567512
F33->F34,32,103,215.5033,336.3323,-1.16793,0.121385,-1.999894,-0.029456,0.845528
F33->F34,32,104,212.1732,357.1868,-1.034321,0.153379,-1.294767,0.086179,0.268976
F33->F34,32,105,210.2514,378.0187,-0.77939,0.202325,0.450981,0.869417,1.39958
F33->F34,32,106,213.4722,398.259,-0.498076,0.26053,1.084098,0.882592,1.700069
F33->F34,32,107,223.8925,416.5738,-0.46139,0.425619,-1.094151,0.042738,0.739584
F33->F34,32,108,420.6106,420.4178,0.254494,0.438774,1.059815,-0.013703,0.92373
F33->F34,32,109,424.7274,398.0285,0.654849,0.531715,1.650461,-0.044024,1.150095
F33->F34,32,110,431.2024,374.5678,0.829169,0.62887,-0.172567,0.69318,1.003798
F33->F34,32,111,434.5242,351.3853,0.697537,0.51903,1.691982,-0.129399,1.187174
F33->F34,32,112,434.489,329.7141,0.750658,0.350117,2.130106,0.226284,1.384995
F33->F34,32,113,431.703,308.9695,0.916904,0.178523,2.290901,0.195816,1.374106
F33->F34,32,114,428.1189,287.4882,1.100207,0.057262,0.842573,-0.128513,0.317629
F33->F34,32,115,425.2386,265.7197,1.148146,-0.02425,1.192919,0.00128,0.051541
F33->F34,32,116,422.8957,243.9768,1.12741,-0.080392,0.859829,-0.133693,0.272838
F33->F34,32,117,419.8697,223.0385,1.066155,-0.124503,0.907888,0.113406,0.285743
F33->F34,32,118,415.3717,202.6284,0.946534,-0.157319,0.300015,-0.110895,0.648184
F33->F34,32,119,410.2061,181.6337,0.779349,-0.163374,0.70542,-0.114046,0.088875
F33->F34,32,120,403.3864,160.8025,0.589731,-0.156991,0.330433,0.272828,0.501977
F33->F34,32,121,394.0874,139.6313,0.464281,-0.146303,0.410931,0.082229,0.234677
F33->F34,32,122,381.329,118.3127,0.346977,-0.086934,0.169324,0.004341,0.199729
F33->F34,32,123,364.7328,98.9361,0.223034,0.002382,-0.015843,-0.239861,0.340212
F33->F34,32,124,344.9741,85.4607,0.106036,0.055547,0.02273,0.055353,0.083306
F33->F34,32,125,323.1145,79.4987,-0.012443,0.108976,0.037518,0.054892,0.073629
F33->F34,32,126,300.3621,80.619,-0.1048,0.165296,-0.102975,0.152833,0.012596
F33->F34,32,127,278.0269,88.0129,-0.174926,0.179419,-0.13688,0.102012,0.086251
F33->F34,32,128,257.9315,103.2535,-0.201389,0.072716,-0.272465,0.024442,0.085919
F33->F34,32,129,243.9694,123.4492,-0.26452,-0.034106,-0.30887,0.073902,0.116759
F33->F34,32,130,232.545,145.3307,-0.367056,-0.144274,-0.100428,-0.068587,0.277162
F33->F34,32,131,223.5992,167.6966,-0.483357,-0.199794,-1.134734,-0.664338,0.800058
F33->F34,32,132,218.4707,189.2371,-0.715354,-0.189149,-0.339411,-0.119989,0.382251
F33->F34,32,133,217.5974,210.0915,-1.016902,-0.178652,-1.978361,-0.776745,1.132307
F33->F34,32,134,217.3803,230.604,-1.251765,-0.136813,-1.16622,-0.138126,0.085555
F33->F34,32,135,216.2788,251.1066,-1.322158,-0.075589,-0.721677,0.270154,0.692903
F33->F34,32,136,213.9908,271.8073,-1.259915,-0.009682,-0.785762,-0.063377,0.477183
F33->F34,32,137,211.3863,292.6234,-1.18616,0.051693,-1.091349,0.183759,0.162574
F33->F34,32,138,209.207,313.8662,-1.143271,0.109323,-1.353112,0.077312,0.212268
F33->F34,32,139,206.496,335.3235,-1.055871,0.150227,-2.012135,0.017582,0.96542
F33->F34,32,140,203.0032,356.5226,-0.929228,0.207094,-1.350694,-0.107117,0.525701
F33->F34,32,141,200.1296,377.8906,-0.687589,0.29119,-3.56413,-0.068797,2.898979
F33->F34,32,142,204.7745,399.7686,-0.462682,0.33576,-9.539707,4.262372,9.889927
F33->F34,32,143,217.9676,417.8407,-0.416706,0.42305,-1.978935,0.006384,1.61684
F33->F34,32,144,427.9536,421.0596,0.228313,0.504337,0.125201,0.373231,0.166796
F33->F34,32,145,431.5827,399.0358,0.637323,0.615751,-0.220432,0.802682,0.877888
F33->F34,32,146,437.6024,375.4551,0.781924,0.704507,-0.152014,0.706746,0.933941
F33->F34,32,147,439.8713,351.529,0.716696,0.593823,1.579755,-0.230099,1.193196
F33->F34,32,148,439.8576,329.281,0.740284,0.412391,0.424956,1.05635,0.717019
F33->F34,32,149,438.0636,307.8813,0.866067,0.217443,2.011439,0.077245,1.153921
F33->F34,32,150,435.746,286.0735,1.015175,0.0824,1.002403,-0.096163,0.179019
F33->F34,32,151,434.0816,263.6548,1.049939,-0.007455,1.002248,0.098336,0.116044
F33->F34,32,152,432.7474,241.5511,1.016778,-0.07134,0.50281,-0.09524,0.514524
F33->F34,32,153,430.3083,220.5646,0.93962,-0.114658,0.471764,0.17616,0.550876
F33->F34,32,154,425.8364,199.9785,0.838917,-0.15387,2.301152,-0.607368,1.530945
F33->F34,32,155,419.6915,178.9432,0.694207,-0.164143,20.0,-18.440191,26.584349
F33->F34,32,156,411.9128,157.8261,0.533059,-0.172834,20.0,-20.0,27.786297
F33->F34,32,157,401.841,135.9946,0.415333,-0.155163,0.413262,-0.005032,0.150145
F33->F34,32,158,388.2556,113.622,0.284154,-0.079341,0.13741,-0.006034,0.164036
F33->F34,32,159,369.9894,93.413,0.176254,0.004485,0.070061,-0.094326,0.145054
F33->F34,32,160,348.3382,79.4916,0.066364,0.056606,20.0,-20.0,28.277505
F33->F34,32,161,324.0644,73.7445,-0.022306,0.112487,-0.001988,-0.086917,0.200436
F33->F34,32,162,299.334,74.8619,-0.088919,0.194481,-0.075719,0.079309,0.115926
F33->F34,32,163,275.0736,83.2358,-0.158959,0.185967,-0.085303,0.113403,0.103396
F33->F34,32,164,253.9684,99.4543,-0.196708,0.049556,-0.434042,-0.152068,0.311415
F33->F34,32,165,239.8154,121.1354,-0.262361,-0.074255,-0.305097,-0.070049,0.042942
F33->F34,32,166,227.7986,144.0289,-0.338086,-0.1861,0.044993,-0.066998,0.401166
F33->F34,32,167,217.27,167.041,-0.417481,-0.251365,0.000626,-0.286858,0.419611
F33->F34,32,168,210.9744,188.9191,-0.635347,-0.234544,-0.104181,0.030422,0.593586
F33->F34,32,169,208.7346,209.6963,-0.925722,-0.217071,-2.140271,-0.878607,1.383026
F33->F34,32,170,207.8445,230.0275,-1.148607,-0.161408,-0.94089,-0.325948,0.26499
F33->F34,32,171,206.6797,250.5437,-1.225074,-0.091487,-0.828771,0.176448,0.478378
F33->F34,32,172,204.6695,271.2387,-1.152325,-0.01914,-1.142886,0.150473,0.169875
F33->F34,32,173,202.4002,291.9293,-1.085649,0.055193,-1.023489,0.094987,0.073806
F33->F34,32,174,200.3965,312.7005,-1.049743,0.130776,-1.293593,0.13339,0.243863
F33->F34,32,175,197.4777,334.1709,-0.969597,0.205722,-2.207087,0.042773,1.248172
F33->F34,32,176,193.9364,355.4006,-0.860614,0.280865,-2.135161,-0.054716,1.317985
F33->F34,32,177,190.2528,377.9544,-0.615678,0.390939,-0.468938,0.963905,0.591458
F33->F34,32,178,196.2112,401.9477,-0.508556,0.401842,-6.903493,-7.04408,9.81514
F33->F34,32,179,212.3281,419.0698,-0.414815,0.427626,-1.591896,-0.002302,1.253139
F34->F35,33,0,398.8012,419.607,0.31945,0.09835,-0.476007,0.560958,0.920194
F34->F35,33,1,404.9106,398.6313,0.643253,0.096946,0.098191,1.31171,1.331445
F34->F35,33,2,408.263,374.584,0.972374,0.089817,1.484904,0.236415,0.533084
F34->F35,33,3,411.6042,353.2188,1.120801,0.053752,1.92451,-0.098672,0.818035
F34->F35,33,4,413.238,332.4748,1.208398,0.011335,1.495919,0.102553,0.301644
F34->F35,33,5,409.3741,312.8901,1.31224,-0.045382,1.520659,0.02993,0.221609
F34->F35,33,6,405.0075,292.4321,1.370313,-0.088795,3.830541,-0.903954,2.591758
F34->F35,33,7,399.9724,272.1203,1.372187,-0.12179,1.020933,0.035619,0.384912
F34->F35,33,8,394.2779,251.7742,1.430023,-0.175771,0.842659,-0.06909,0.596974
F34->F35,33,9,388.5372,231.3158,1.459942,-0.218456,0.459421,0.207607,1.087462
F34->F35,33,10,383.8958,211.0466,1.364287,-0.237397,0.40016,0.100588,1.021653
F34->F35,33,11,379.862,191.0971,1.162856,-0.238986,0.582834,-0.248895,0.580107
F34->F35,33,12,375.1725,171.3983,0.989852,-0.259915,1.050372,-0.2028,0.083214
F34->F35,33,13,369.1209,152.0662,0.807942,-0.270122,0.200719,-0.141098,0.62078
F34->F35,33,14,360.5032,134.2786,0.581414,-0.257129,0.502461,0.036388,0.30395
F34->F35,33,15,349.0091,118.227,0.376482,-0.186895,0.475739,0.029484,0.238059
F34->F35,33,16,335.5343,106.2797,0.180121,-0.117442,0.00791,-0.065789,0.179791
F34->F35,33,17,319.6857,99.8828,0.029347,-0.056622,0.054848,-0.010858,0.052389
F34->F35,33,18,302.5393,99.5053,-0.08502,-0.022233,-0.043564,-0.013126,0.042444
F34->F35,33,19,285.1387,105.0922,-0.161265,0.022664,-0.155345,-0.069282,0.092137
F34->F35,33,20,269.0883,116.3171,-0.213586,0.016582,-0.255441,-0.095483,0.119626
F34->F35,33,21,255.5783,132.0487,-0.297286,-0.05483,-0.248571,0.249853,0.308553
F34->F35,33,22,246.3492,150.3211,-0.493325,-0.127591,-0.580093,-0.111383,0.088269
F34->F35,33,23,242.798,170.6541,-0.786237,-0.172619,-0.160525,-0.099418,0.629978
F34->F35,33,24,241.7024,191.1976,-1.057317,-0.18367,-0.711327,-0.383288,0.399445
F34->F35,33,25,241.9786,211.9247,-1.214313,-0.148648,-0.695612,-0.034481,0.531116
F34->F35,33,26,242.9047,232.2916,-1.332262,-0.105049,-1.280588,0.044057,0.157806
F34->F35,33,27,242.2135,252.7799,-1.407313,-0.056834,-1.246674,0.107321,0.229677
F34->F35,33,28,240.1929,273.5065,-1.482237,-0.012716,-1.170897,0.144196,0.348646
F34->F35,33,29,237.5481,294.6941,-1.517349,0.016476,-1.592773,0.010295,0.075677
F34->F35,33,30,234.7474,316.1069,-1.43024,0.032237,-1.850868,-0.143686,0.455935
F34->F35,33,31,232.719,337.5082,-1.342725,0.031192,-0.682371,-0.078782,0.669449
F34->F35,33,32,230.544,358.0486,-1.197919,0.048134,0.618879,0.959143,2.03241
F34->F35,33,33,229.7946,377.0641,-0.99514,0.104514,-1.395914,0.032156,0.407254
F34->F35,33,34,231.6621,396.1263,-0.739973,0.187418,-1.856226,-0.033414,1.137888
F34->F35,33,35,235.6918,414.1563,-0.53159,0.289012,-0.414276,0.093341,0.228143
F34->F35,33,36,406.4042,419.3022,0.284922,0.170288,1.681445,0.217527,1.397321
F34->F35,33,37,411.584,398.1069,0.61757,0.196605,1.573064,0.074729,0.963236
F34->F35,33,38,416.444,373.585,0.891611,0.263658,1.714749,-0.030082,0.873979
F34->F35,33,39,422.3036,351.9225,0.85229,0.244017,1.894469,0.04459,1.061088
F34->F35,33,40,422.4367,331.5676,0.929852,0.129295,1.183283,0.079198,0.258335
F34->F35,33,41,418.1825,311.3823,1.113649,0.025741,-0.238355,0.712341,1.516356
F34->F35,33,42,413.4908,290.6452,1.238867,-0.047669,1.54726,-0.28814,0.391066
F34->F35,33,43,408.9041,269.8411,1.262041,-0.091341,0.969394,0.101407,0.35042
F34->F35,33,44,404.2391,249.0675,1.273759,-0.136606,0.490586,-0.009582,0.793407
F34->F35,33,45,399.5821,228.2506,1.282797,-0.183484,0.499377,0.064884,0.821849
F34->F35,33,46,395.1294,207.9779,1.154282,-0.197274,1.742783,-0.997074,0.992982
F34->F35,33,47,391.0644,187.4983,0.96363,-0.200844,0.431046,0.066939,0.596115
F34->F35,33,48,385.8259,167.2662,0.767592,-0.201035,0.624304,-0.126652,0.161444
F34->F35,33,49,377.8817,147.521,0.634659,-0.204016,-0.051031,-0.17872,0.686156
F34->F35,33,50,367.5283,128.4571,0.476409,-0.17698,0.406905,0.204516,0.387775
F34->F35,33,51,354.4134,111.3028,0.304589,-0.088332,0.388216,-0.093523,0.083788
F34->F35,33,52,338.7745,98.7738,0.148678,-0.025882,0.028803,-0.043322,0.121137
F34->F35,33,53,320.8186,92.6334,0.018257,0.020835,-0.142996,-0.084494,0.192605
F34->F35,33,54,302.0885,92.9799,-0.102561,0.051791,-0.082475,-0.073908,0.127293
F34->F35,33,55,282.8036,99.0905,-0.16286,0.087421,-0.207944,-0.046453,0.141261
F34->F35,33,56,265.5229,111.6107,-0.200327,0.058052,-0.063148,-0.164636,0.261549
F34->F35,33,57,251.5191,128.9394,-0.254988,-0.029107,-0.316829,0.179996,0.218056
F34->F35,33,58,241.4809,148.3584,-0.429352,-0.115442,-0.656022,-0.176679,0.234797
F34->F35,33,59,236.042,169.3813,-0.662754,-0.15982,-0.063646,-0.165519,0.599136
F34->F35,33,60,233.5472,190.371,-0.918106,-0.180429,-0.557493,-0.408277,0.426563
F34->F35,33,61,233.4511,211.1533,-1.129001,-0.155673,-0.636927,-0.124368,0.493068
F34->F35,33,62,234.3343,231.681,-1.307002,-0.120661,-0.82557,-0.04815,0.486863
F34->F35,33,63,233.4066,252.2065,-1.369419,-0.071959,-0.65436,-0.081378,0.715122
F34->F35,33,64,230.9435,272.9201,-1.371647,-0.025832,-1.202338,0.150465,0.24443
F34->F35,33,65,228.1419,294.1211,-1.352641,0.008828,-0.694387,0.162904,0.676046
F34->F35,33,66,225.7818,315.4436,-1.288481,0.032592,-1.65881,-0.043593,0.378084
F34->F35,33,67,223.4129,337.0166,-1.209232,0.039131,-0.716446,0.043846,0.492809
F34->F35,33,68,220.5582,357.6547,-1.076141,0.058699,0.097048,0.787604,1.381186
F34->F35,33,69,219.5452,377.7168,-0.856797,0.101946,-0.317603,0.148724,0.541219
F34->F35,33,70,222.2782,397.6027,-0.591636,0.178603,-1.14931,0.128631,0.559909
F34->F35,33,71,229.6787,415.642,-0.482823,0.331275,-0.479941,0.18094,0.150362
F34->F35,33,72,413.7947,420.2142,0.243997,0.253999,1.765805,0.037509,1.537129
F34->F35,33,73,418.6968,398.3189,0.59183,0.339833,1.247172,0.122236,0.690523
F34->F35,33,74,424.1685,374.0954,0.806139,0.425986,1.640389,-0.030867,0.95115
F34->F35,33,75,429.5949,351.8351,0.690799,0.364333,0.017211,0.840228,0.82474
F34->F35,33,76,429.0185,330.7015,0.758941,0.211354,1.274854,0.041823,0.543053
F34->F35,33,77,425.9214,310.1836,0.96892,0.08159,1.277535,0.216229,0.336706
F34->F35,33,78,421.3691,289.0509,1.12275,-0.007922,1.466617,0.054033,0.349404
F34->F35,33,79,417.6592,267.6936,1.162968,-0.066742,1.25265,0.13174,0.217803
F34->F35,33,80,414.3176,246.3202,1.157135,-0.112153,0.62611,-0.234571,0.544953
F34->F35,33,81,410.3793,225.511,1.124072,-0.154197,0.597938,-0.226695,0.531105
F34->F35,33,82,405.9415,205.1133,1.001641,-0.173502,0.484875,0.028882,0.554983
F34->F35,33,83,400.9101,184.5006,0.830235,-0.177566,0.179346,0.022973,0.681082
F34->F35,33,84,395.2855,163.7888,0.641651,-0.172346,0.608922,-0.228784,0.065242
F34->F35,33,85,386.3618,143.4239,0.509415,-0.161529,0.18977,-0.095935,0.326305
F34->F35,33,86,374.7438,123.1656,0.396649,-0.116736,0.330093,0.155212,0.279974
F34->F35,33,87,359.6766,105.1316,0.257653,-0.045068,0.174369,-0.078605,0.089783
F34->F35,33,88,341.9122,91.7952,0.129488,0.03727,0.104379,0.049394,0.027883
F34->F35,33,89,321.8142,86.0034,0.009473,0.073326,-0.093045,0.011977,0.119472
F34->F35,33,90,301.2139,86.7882,-0.106972,0.10956,-0.115652,-0.015286,0.125148
F34->F35,33,91,280.3912,93.5274,-0.16626,0.133966,-0.262725,0.080347,0.110366
F34->F35,33,92,261.5635,107.3765,-0.188927,0.073138,-0.022481,-0.224467,0.340988
F34->F35,33,93,247.8046,126.1468,-0.256612,-0.027133,-0.313058,0.140456,0.17684
F34->F35,33,94,236.7236,146.6246,-0.38207,-0.119289,-0.669142,-0.215717,0.302834
F34->F35,33,95,229.3985,168.2276,-0.550614,-0.165863,0.013574,-0.276443,0.574923
F34->F35,33,96,225.2852,189.5997,-0.782882,-0.179953,-0.713277,-0.357645,0.190838
F34->F35,33,97,225.1036,210.5129,-1.052394,-0.167803,-0.4387,0.159552,0.695544
F34->F35,33,98,225.5128,231.1232,-1.259245,-0.137907,-0.606254,-0.111929,0.653507
F34->F35,33,99,224.3697,251.6104,-1.341611,-0.086667,-2.690634,-0.952425,1.602935
F34->F35,33,100,221.8853,272.3525,-1.282316,-0.034186,-1.485039,0.230757,0.333605
F34->F35,33,101,219.0861,293.4054,-1.230529,0.008938,-1.014101,0.038588,0.218449
F34->F35,33,102,216.98,314.8015,-1.175504,0.0422,-2.06154,-0.075786,0.893857
F34->F35,33,103,214.3354,336.4536,-1.100287,0.068961,-0.800082,0.186875,0.322531
F34->F35,33,104,211.1389,357.3402,-0.973353,0.096877,-0.003375,0.899525,1.259008
F34->F35,33,105,209.472,378.2211,-0.735522,0.141991,-0.084923,0.125694,0.650804
F34->F35,33,106,212.9741,398.5195,-0.476194,0.191754,-0.946316,-0.057316,0.532024
F34->F35,33,107,223.4311,416.9994,-0.434178,0.338978,-1.427511,0.199068,1.003138
F34->F35,33,108,420.8651,420.8566,0.217247,0.34251,1.180192,0.252018,0.967188
F34->F35,33,109,425.3823,398.5602,0.590234,0.435437,0.935114,0.07163,0.501295
F34->F35,33,110,432.0316,375.1967,0.756877,0.534054,1.662583,0.010873,1.045955
F34->F35,33,111,435.2217,351.9043,0.648343,0.443263,0.078584,1.010185,0.803757
F34->F35,33,112,435.2397,330.0642,0.701181,0.292951,1.042207,0.042927,0.42286
F34->F35,33,113,432.6199,309.148,0.852634,0.135892,0.899153,0.067732,0.082521
F34->F35,33,114,429.2191,287.5455,1.024327,0.025259,1.154575,0.129179,0.166625
F34->F35,33,115,426.3868,265.6954,1.074821,-0.049475,3.047837,-0.850198,2.129307
F34->F35,33,116,424.0231,243.8964,1.055543,-0.09947,0.703952,-0.117973,0.352078
F34->F35,33,117,420.9359,222.914,0.993999,-0.13635,0.840213,-0.155527,0.154977
F34->F35,33,118,416.3183,202.4711,0.882655,-0.163837,0.595962,-0.20017,0.288986
F34->F35,33,119,410.9854,181.4704,0.72903,-0.167826,0.478394,0.178862,0.427798
F34->F35,33,120,403.9761,160.6455,0.553452,-0.160891,1.603837,-0.997929,1.343109
F34->F35,33,121,394.5517,139.485,0.436048,-0.149171,0.350833,0.119432,0.281796
F34->F35,33,122,381.676,118.2258,0.328209,-0.092098,0.190488,-0.041246,0.14681
F34->F35,33,123,364.9559,98.9385,0.212187,-0.003591,0.118802,0.108758,0.146092
F34->F35,33,124,345.0802,85.5163,0.100679,0.051642,0.163694,0.076049,0.067576
F34->F35,33,125,323.1021,79.6077,-0.012273,0.105041,-0.043935,0.104849,0.031662
F34->F35,33,126,300.2573,80.7843,-0.098972,0.15582,-0.010308,0.075459,0.119663
F34->F35,33,127,277.852,88.1923,-0.16263,0.165199,-0.172498,0.066323,0.099367
F34->F35,33,128,257.7302,103.3262,-0.186742,0.060706,0.039723,-0.051285,0.252643
F34->F35,33,129,243.7049,123.4151,-0.248045,-0.039238,-0.295558,-0.106771,0.082572
F34->F35,33,130,232.1779,145.1864,-0.347404,-0.143571,-0.606307,-0.217826,0.269341
F34->F35,33,131,223.1158,167.4968,-0.458713,-0.197848,-0.025555,-0.206634,0.433248
F34->F35,33,132,217.7553,189.048,-0.680161,-0.192047,-0.658527,-0.228098,0.042045
F34->F35,33,133,216.5805,209.9128,-0.970541,-0.188175,-0.419853,0.094347,0.618931
F34->F35,33,134,216.1286,230.4672,-1.194019,-0.153651,-0.74693,-0.181949,0.447983
F34->F35,33,135,214.9567,251.0311,-1.258773,-0.100253,-2.883629,-0.901336,1.8116
F34->F35,33,136,212.7309,271.7976,-1.19171,-0.042323,-1.442357,0.09523,0.285911
F34->F35,33,137,210.2002,292.6751,-1.120886,0.011586,-0.866127,0.11392,0.274544
F34->F35,33,138,208.0637,313.9756,-1.08505,0.061908,-2.238976,0.117029,1.155241
F34->F35,33,139,205.4402,335.4737,-1.000843,0.097587,0.364569,0.651875,1.473629
F34->F35,33,140,202.074,356.7297,-0.880857,0.150644,-2.54248,-0.10676,1.681442
F34->F35,33,141,199.442,378.1818,-0.655719,0.229581,-3.875149,-0.854112,3.396929
F34->F35,33,142,204.3118,400.1043,-0.447292,0.267299,-3.074709,-0.953591,2.897221
F34->F35,33,143,217.5509,418.2638,-0.393444,0.3378,-1.841005,0.103787,1.466354
F34->F35,33,144,428.182,421.5639,0.188792,0.407418,-0.844204,0.811677,1.109282
F34->F35,33,145,432.22,399.6515,0.569875,0.512908,1.267224,0.149721,0.786258
F34->F35,33,146,438.3843,376.1596,0.713474,0.602672,1.540106,-0.03218,1.042285
F34->F35,33,147,440.588,352.1229,0.672202,0.513801,0.233293,1.209547,0.82262
F34->F35,33,148,440.5979,329.6934,0.698393,0.351346,1.239398,-0.029549,0.661639
F34->F35,33,149,438.9297,308.0988,0.814192,0.171695,1.067162,0.011206,0.299584
F34->F35,33,150,436.7612,286.1559,0.95031,0.047527,1.143608,0.18089,0.23484
F34->F35,33,151,435.1316,263.6473,0.985969,-0.034973,1.428853,0.072689,0.455782
F34->F35,33,152,433.7642,241.4797,0.954612,-0.092636,1.010429,-0.073947,0.058862
F34->F35,33,153,431.2479,220.45,0.878705,-0.129456,0.728472,-0.18612,0.160564
F34->F35,33,154,426.6754,199.8246,0.78379,-0.1629,0.35669,0.109295,0.506463
F34->F35,33,155,420.3857,178.7791,0.649601,-0.170822,0.299273,0.038967,0.408339
F34->F35,33,156,412.4458,157.6533,0.500945,-0.178026,20.0,-20.0,27.805104
F34->F35,33,157,402.2563,135.8394,0.390695,-0.159653,0.464559,0.105962,0.275694
F34->F35,33,158,388.5398,113.5427,0.2698,-0.086132,0.113544,0.011753,0.184384
F34->F35,33,159,370.1657,93.4175,0.168034,-0.001934,0.095565,-0.008456,0.072761
F34->F35,33,160,348.4046,79.5482,0.063171,0.052583,0.139613,-0.009772,0.098649
F34->F35,33,161,324.042,73.857,-0.021757,0.108282,0.030502,0.226758,0.129489
F34->F35,33,162,299.2451,75.0564,-0.084767,0.183358,0.088772,0.197453,0.174111
F34->F35,33,163,274.9146,83.4217,-0.146756,0.169311,-0.108465,0.137296,0.049912
F34->F35,33,164,253.7717,99.5039,-0.181365,0.037455,-0.034744,-0.043966,0.167712
F34->F35,33,165,239.553,121.0612,-0.245492,-0.077724,-0.268319,-0.144104,0.070195
F34->F35,33,166,227.4606,143.8428,-0.320327,-0.183623,-0.527786,-0.242919,0.215767
F34->F35,33,167,216.8525,166.7896,-0.399841,-0.24825,-0.232446,-0.23884,0.16766
F34->F35,33,168,210.3391,188.6846,-0.606718,-0.236472,-0.832576,-0.255845,0.226688
F34->F35,33,169,207.8088,209.4792,-0.884221,-0.225426,-0.39256,0.048633,0.562885
F34->F35,33,170,206.6959,229.8661,-1.095108,-0.17723,-0.933248,-0.046246,0.20822
F34->F35,33,171,205.4546,250.4522,-1.16747,-0.115775,-2.790039,-0.909789,1.80643
F34->F35,33,172,203.5172,271.2195,-1.094954,-0.051605,-1.047681,-0.038197,0.049138
F34->F35,33,173,201.3145,291.9845,-1.031043,0.014852,-0.838473,0.04683,0.195207
F34->F35,33,174,199.3468,312.8313,-1.001366,0.082833,-1.889104,0.083697,0.887739
F34->F35,33,175,196.5081,334.3766,-0.924449,0.15084,-1.852712,0.132274,0.928448
F34->F35,33,176,193.0758,355.6814,-0.819719,0.222071,-1.406275,-0.047175,0.6454
F34->F35,33,177,189.6371,378.3453,-0.593284,0.326655,2.902261,-8.783804,9.758038
F34->F35,33,178,195.7026,402.3495,-0.489257,0.331261,-0.536877,-0.043837,0.378108
F34->F35,33,179,211.9133,419.4975,-0.390481,0.344383,-2.095128,0.03739,1.73207
F35->F36,34,0,399.1206,419.7053,0.278635,0.020206,-0.045175,0.107657,0.335411
F35->F36,34,1,405.5538,398.7282,0.570815,0.023956,-0.593718,1.105851,1.589539
F35->F36,34,2,409.2353,374.6738,0.875739,0.044767,0.97008,-0.036091,0.124251
F35->F36,34,3,412.725,353.2725,1.009371,0.024252,0.782991,0.065491,0.230106
F35->F36,34,4,414.4464,332.4862,1.084868,-0.013254,1.376313,0.146433,0.332326
F35->F36,34,5,410.6863,312.8448,1.187573,-0.063611,1.441089,0.195248,0.362323
F35->F36,34,6,406.3778,292.3433,1.251689,-0.102553,0.404221,0.123185,0.877018
F35->F36,34,7,401.3446,271.9985,1.259868,-0.130883,1.424528,0.137376,0.314763
F35->F36,34,8,395.7079,251.5984,1.312317,-0.177374,1.34159,0.144907,0.323608
F35->F36,34,9,389.9971,231.0973,1.337795,-0.211999,1.807039,0.186129,0.615383
F35->F36,34,10,385.2601,210.8092,1.249711,-0.225996,1.233399,-0.137931,0.089564
F35->F36,34,11,381.0249,190.8581,1.06841,-0.225237,0.695773,-0.284705,0.377352
F35->F36,34,12,376.1624,171.1384,0.912484,-0.243356,0.617001,-0.431209,0.350141
F35->F36,34,13,369.9288,151.7961,0.74658,-0.251596,0.737176,-0.123987,0.127955
F35->F36,34,14,361.0846,134.0215,0.540638,-0.239631,0.2423,0.052836,0.417783
F35->F36,34,15,349.3856,118.0401,0.353313,-0.171739,0.125021,-0.11076,0.236296
F35->F36,34,16,335.7144,106.1623,0.170473,-0.107378,0.127274,0.035539,0.149303
F35->F36,34,17,319.715,99.8262,0.027185,-0.04964,-0.014903,-0.119233,0.08133
F35->F36,34,18,302.4542,99.483,-0.08117,-0.017218,-0.013004,-0.128806,0.130761
F35->F36,34,19,284.9775,105.1149,-0.153058,0.022704,-0.239949,0.09214,0.111226
F35->F36,34,20,268.8747,116.3337,-0.201764,0.015467,-0.224736,0.228715,0.214481
F35->F36,34,21,255.281,131.9939,-0.279593,-0.052205,-0.407802,0.279962,0.356052
F35->F36,34,22,245.8559,150.1935,-0.463347,-0.121061,-0.50194,-0.079359,0.056819
F35->F36,34,23,242.0118,170.4814,-0.734347,-0.164834,-0.371091,0.091935,0.444843
F35->F36,34,24,240.645,191.014,-0.987659,-0.178533,-0.557087,0.023564,0.475642
F35->F36,34,25,240.7643,211.776,-1.143032,-0.15298,-0.651127,-0.326341,0.52156
F35->F36,34,26,241.5725,232.1865,-1.259676,-0.118461,-0.797516,-0.106514,0.462314
F35->F36,34,27,240.8062,252.7231,-1.327074,-0.07853,-1.355732,0.060683,0.142132
F35->F36,34,28,238.7107,273.4938,-1.379343,-0.042037,-0.96414,0.123644,0.447039
F35->F36,34,29,236.0308,294.7106,-1.406947,-0.019604,-1.265066,0.061517,0.163435
F35->F36,34,30,233.3172,316.1392,-1.329999,-0.009294,-0.46291,0.072718,0.870959
F35->F36,34,31,231.3763,337.5394,-1.248378,-0.015584,-1.735738,0.205612,0.535208
F35->F36,34,32,229.3461,358.0967,-1.115176,-0.003823,-0.979803,-0.052201,0.143758
F35->F36,34,33,228.7995,377.1686,-0.923852,0.046998,-1.625258,-0.033007,0.705955
F35->F36,34,34,230.9221,396.3137,-0.691042,0.125624,-1.357278,0.002225,0.677568
F35->F36,34,35,235.1603,414.4453,-0.497281,0.21865,-0.435125,0.038872,0.19022
F35->F36,34,36,406.6891,419.4725,0.246083,0.091431,0.342892,0.177913,0.129812
F35->F36,34,37,412.2016,398.3035,0.547673,0.121842,-1.223108,1.0408,1.995031
F35->F36,34,38,417.3356,373.8486,0.800854,0.205318,0.943044,0.076241,0.192038
F35->F36,34,39,423.1559,352.1666,0.767205,0.193952,0.736706,0.104873,0.094155
F35->F36,34,40,423.3666,331.6969,0.835401,0.092488,1.483517,0.294291,0.678806
F35->F36,34,41,419.2961,311.408,1.010431,0.000494,1.808056,-0.004153,0.797639
F35->F36,34,42,414.7297,290.5975,1.134509,-0.065616,1.188761,-0.012946,0.075613
F35->F36,34,43,410.1661,269.7498,1.16329,-0.104806,1.543529,-0.116721,0.380426
F35->F36,34,44,405.5129,248.9309,1.173509,-0.14372,1.800553,0.093608,0.670454
F35->F36,34,45,400.8649,228.0671,1.177886,-0.181736,0.974198,0.072464,0.325739
F35->F36,34,46,396.2836,207.7806,1.061047,-0.191567,1.051629,-0.195503,0.010207
F35->F36,34,47,392.028,187.2974,0.889831,-0.193035,0.61707,-0.068461,0.299862
F35->F36,34,48,386.5935,167.0651,0.710693,-0.191581,0.050167,-0.114018,0.665065
F35->F36,34,49,378.5164,147.317,0.588899,-0.193179,0.316361,0.176729,0.459465
F35->F36,34,50,368.0048,128.2801,0.445317,-0.167888,0.648006,-0.246266,0.217316
F35->F36,34,51,354.718,111.2144,0.287892,-0.082132,0.161695,-0.082228,0.126197
F35->F36,34,52,338.9232,98.7479,0.140682,-0.021685,0.089166,0.067698,0.103167
F35->F36,34,53,320.8369,92.6543,0.016887,0.022913,0.024269,-0.017146,0.040733
F35->F36,34,54,301.9859,93.0317,-0.097047,0.051093,-0.044891,-0.027875,0.094638
F35->F36,34,55,282.6408,99.1779,-0.153269,0.082331,-0.167409,0.182801,0.101461
F35->F36,34,56,265.3226,111.6688,-0.188197,0.052205,-0.043091,0.149355,0.174625
F35->F36,34,57,251.2641,128.9103,-0.239917,-0.030156,-0.325169,0.136208,0.186936
F35->F36,34,58,241.0515,148.2429,-0.404387,-0.11181,-0.284376,-0.106471,0.12013
F35->F36,34,59,235.3792,169.2215,-0.620445,-0.15537,-0.279156,0.039969,0.393237
F35->F36,34,60,232.6291,190.1906,-0.859715,-0.177565,-0.623206,-0.076722,0.257111
F35->F36,34,61,232.3221,210.9977,-1.066718,-0.161254,-0.557034,-0.225549,0.513724
F35->F36,34,62,233.0273,231.5603,-1.239681,-0.134763,-0.888218,-0.042679,0.363326
F35->F36,34,63,232.0371,252.1346,-1.29342,-0.093252,-1.658112,-0.006044,0.374973
F35->F36,34,64,229.5719,272.8943,-1.281505,-0.05481,-0.770164,0.052098,0.522398
F35->F36,34,65,226.7892,294.1299,-1.258504,-0.02667,-1.145116,0.069293,0.148545
F35->F36,34,66,224.4933,315.4762,-1.204368,-0.008532,-0.072193,0.149222,1.143113
F35->F36,34,67,222.2037,337.0557,-1.129944,-0.007003,1.465458,0.782253,2.712754
F35->F36,34,68,219.4821,357.7134,-1.006525,0.008246,-0.144092,0.113282,0.868805
F35->F36,34,69,218.6884,377.8187,-0.800823,0.047545,-1.601992,0.025326,0.801477
F35->F36,34,70,221.6865,397.7813,-0.558067,0.11694,-0.24837,0.119514,0.309708
F35->F36,34,71,229.1959,415.9733,-0.453427,0.25725,-0.69465,-0.129598,0.455895
F35->F36,34,72,414.0387,420.4682,0.203925,0.173104,0.742405,-0.079502,0.594786
F35->F36,34,73,419.2886,398.6588,0.526051,0.257813,0.636163,-0.071954,0.347665
F35->F36,34,74,424.9746,374.5214,0.725841,0.349544,-1.171903,0.871483,1.968211
F35->F36,34,75,430.2857,352.1994,0.626118,0.30231,0.836058,0.093756,0.295921
F35->F36,34,76,429.7775,330.9129,0.688849,0.166877,1.515947,-0.063025,0.858455
F35->F36,34,77,426.8903,310.2652,0.884301,0.050488,1.467772,0.252438,0.617432
F35->F36,34,78,422.4918,289.043,1.032731,-0.030114,2.94318,-0.947324,2.119219
F35->F36,34,79,418.8221,267.6268,1.075322,-0.083447,1.39466,0.273351,0.478833
F35->F36,34,80,415.4748,246.208,1.069701,-0.122862,1.681736,-0.207763,0.617895
F35->F36,34,81,411.5034,225.3568,1.034705,-0.157255,0.708308,-0.072344,0.33726
F35->F36,34,82,406.9431,204.9398,0.923639,-0.172369,0.905661,-0.133409,0.042908
F35->F36,34,83,401.7404,184.323,0.769063,-0.174166,0.415193,0.313937,0.602883
F35->F36,34,84,395.9271,163.6164,0.595776,-0.168016,0.103845,-0.02389,0.51261
F35->F36,34,85,386.8712,143.2623,0.474401,-0.156987,0.334577,0.09854,0.291281
F35->F36,34,86,375.1405,123.0489,0.37153,-0.11439,0.416975,0.027226,0.148729
F35->F36,34,87,359.9342,105.0865,0.243773,-0.043529,0.149233,-0.04585,0.094569
F35->F36,34,88,342.0417,91.8324,0.122235,0.036369,0.076263,0.107273,0.084503
F35->F36,34,89,321.8237,86.0767,0.008617,0.072061,0.096328,0.171058,0.132264
F35->F36,34,90,301.1069,86.8977,-0.100831,0.104668,0.050998,0.110767,0.151951
F35->F36,34,91,280.2249,93.6614,-0.155242,0.124454,-0.125763,0.080853,0.052631
F35->F36,34,92,261.3746,107.4497,-0.17609,0.063654,-0.018352,0.138005,0.174384
F35->F36,34,93,247.548,126.1197,-0.240965,-0.030082,-0.186702,0.271543,0.306467
F35->F36,34,94,236.3416,146.5053,-0.360224,-0.11743,-0.356712,-0.106407,0.011569
F35->F36,34,95,228.8479,168.0618,-0.516872,-0.163164,-0.547483,-0.237516,0.080406
F35->F36,34,96,224.5024,189.4197,-0.735753,-0.179552,-0.861087,-0.095323,0.151007
F35->F36,34,97,224.0513,210.3451,-0.99666,-0.174344,-0.797127,-0.176236,0.199542
F35->F36,34,98,224.2535,230.9853,-1.194249,-0.151964,-0.532743,-0.098569,0.663658
F35->F36,34,99,223.0281,251.5237,-1.26798,-0.107935,-1.249043,0.18377,0.292319
F35->F36,34,100,220.603,272.3183,-1.202798,-0.062723,-1.086548,-0.008473,0.128285
F35->F36,34,101,217.8556,293.4144,-1.150592,-0.026299,-1.388522,0.135258,0.287596
F35->F36,34,102,215.8045,314.8437,-1.105437,0.000888,-0.559502,0.147457,0.565267
F35->F36,34,103,213.2351,336.5226,-1.033221,0.022484,-0.799733,0.092994,0.243902
F35->F36,34,104,210.1655,357.4371,-0.914245,0.046691,1.158437,0.71196,2.176831
F35->F36,34,105,208.7365,378.3631,-0.694243,0.088372,1.025101,0.823516,1.869915
F35->F36,34,106,212.4979,398.7113,-0.455912,0.1298,-1.666511,0.214012,1.213524
F35->F36,34,107,222.9969,417.3383,-0.409141,0.262156,-1.966406,0.092391,1.566491
F35->F36,34,108,421.0824,421.1991,0.175103,0.257423,0.482195,0.116802,0.337757
F35->F36,34,109,425.9725,398.9956,0.521854,0.347943,0.339465,0.052811,0.346942
F35->F36,34,110,432.7884,375.7307,0.679475,0.447352,0.627453,0.030842,0.419747
F35->F36,34,111,435.8701,352.3476,0.596139,0.375389,0.705918,0.027902,0.364416
F35->F36,34,112,435.9408,330.3572,0.64768,0.24279,1.54124,-0.109367,0.96045
F35->F36,34,113,433.4725,309.2839,0.786421,0.099531,1.264009,0.290286,0.514274
F35->F36,34,114,430.2434,287.5707,0.945719,-0.000473,2.67346,-0.991217,1.991649
F35->F36,34,115,427.4616,265.646,0.994441,-0.068188,1.089891,0.047653,0.1501
F35->F36,34,116,425.0786,243.7969,0.977407,-0.112359,1.126852,-0.209573,0.178282
F35->F36,34,117,421.9299,222.7776,0.917419,-0.142966,0.502312,-0.061952,0.422939
F35->F36,34,118,417.2009,202.3073,0.815419,-0.165754,0.553598,-0.412711,0.359914
F35->F36,34,119,411.7145,181.3025,0.675785,-0.167588,0.438368,0.070483,0.336222
F35->F36,34,120,404.5296,160.4846,0.515167,-0.160384,0.408436,0.127551,0.30708
F35->F36,34,121,394.9877,139.3358,0.406651,-0.148115,0.511005,-0.279597,0.167861
F35->F36,34,122,382.0042,118.1337,0.308319,-0.093418,0.306058,0.192617,0.286044
F35->F36,34,123,365.1681,98.9349,0.201159,-0.006653,0.102066,0.103132,0.147893
F35->F36,34,124,345.1809,85.5679,0.094796,0.049593,-0.006077,0.005796,0.109971
F35->F36,34,125,323.0898,79.7127,-0.011923,0.102044,0.085846,0.260915,0.186543
F35->F36,34,126,300.1584,80.9401,-0.093513,0.147563,-0.06265,0.044107,0.107962
F35->F36,34,127,277.6893,88.3575,-0.150656,0.152068,-0.140023,0.031991,0.120547
F35->F36,34,128,257.5434,103.3869,-0.172868,0.050276,-0.079038,0.167561,0.150199
F35->F36,34,129,243.4568,123.3758,-0.232063,-0.043182,-0.21143,0.161251,0.205472
F35->F36,34,130,231.8305,145.0429,-0.327215,-0.14173,-0.15824,-0.087798,0.177372
F35->F36,34,131,222.6571,167.2989,-0.432871,-0.195047,-0.38316,-0.060874,0.143086
F35->F36,34,132,217.0752,188.8559,-0.642634,-0.193386,-0.438741,0.059294,0.324684
F35->F36,34,133,215.61,209.7246,-0.920175,-0.195128,-0.840404,-0.058275,0.158405
F35->F36,34,134,214.9345,230.3135,-1.131482,-0.167431,-0.504877,-0.171496,0.626618
F35->F36,34,135,213.6979,250.9308,-1.191365,-0.121349,-0.914096,0.064748,0.333932
F35->F36,34,136,211.5392,271.7553,-1.122294,-0.070626,-0.936607,0.0249,0.208818
F35->F36,34,137,209.0793,292.6867,-1.054447,-0.023475,-1.600568,-0.107137,0.552492
F35->F36,34,138,206.9787,314.0375,-1.025403,0.019851,-0.632884,0.116721,0.404296
F35->F36,34,139,204.4393,335.5713,-0.945372,0.050993,-1.420937,0.15614,0.48705
F35->F36,34,140,201.1931,356.8804,-0.832575,0.099963,-0.862807,0.171071,0.077268
F35->F36,34,141,198.7863,378.4114,-0.625124,0.174139,-0.193579,0.839555,0.793101
F35->F36,34,142,203.8646,400.3716,-0.431919,0.203651,-3.204028,0.082594,2.774751
F35->F36,34,143,217.1575,418.6016,-0.371806,0.259943,-3.113148,0.107672,2.745567
F35->F36,34,144,428.3707,421.9713,0.145447,0.322195,-0.093095,0.047231,0.364016
F35->F36,34,145,432.7899,400.1644,0.499717,0.421074,-1.200777,0.834158,1.749948
F35->F36,34,146,439.0978,376.7623,0.6395,0.510698,1.064967,0.122598,0.575886
F35->F36,34,147,441.2602,352.6367,0.621296,0.442113,-1.080387,0.909074,1.764589
F35->F36,34,148,441.2963,330.0447,0.652088,0.297583,1.486119,0.249254,0.83543
F35->F36,34,149,439.7439,308.2705,0.755651,0.132693,0.133777,0.84599,0.946319
F35->F36,34,150,437.7115,286.2034,0.88045,0.019382,1.022742,-0.040762,0.154481
F35->F36,34,151,436.1175,263.6123,0.913149,-0.055862,0.72377,-0.180414,0.226667
F35->F36,34,152,434.7188,241.3871,0.884517,-0.107273,0.874197,-0.165242,0.05888
F35->F36,34,153,432.1266,220.3205,0.812886,-0.138557,0.081858,0.042896,0.753212
F35->F36,34,154,427.4591,199.6617,0.72498,-0.166667,0.4373,0.117616,0.404447
F35->F36,34,155,421.0353,178.6082,0.601897,-0.172632,20.0,-18.87412,26.944982
F35->F36,34,156,412.9468,157.4753,0.467198,-0.178162,0.298121,0.171056,0.387995
F35->F36,34,157,402.647,135.6797,0.364488,-0.159421,0.429108,0.031049,0.201134
F35->F36,34,158,388.8096,113.4565,0.254233,-0.089082,0.11789,0.01651,0.17245
F35->F36,34,159,370.3337,93.4155,0.159422,-0.005454,0.09745,-0.039,0.070468
F35->F36,34,160,348.4677,79.6007,0.059397,0.050436,0.031642,0.017829,0.04282
F35->F36,34,161,324.0203,73.9652,-0.021025,0.105065,-0.08782,0.193359,0.110713
F35->F36,34,162,299.1604,75.2398,-0.080621,0.17335,-0.118074,0.08846,0.092784
F35->F36,34,163,274.7679,83.591,-0.134959,0.154003,-0.071856,0.073028,0.102659
F35->F36,34,164,253.5903,99.5413,-0.166582,0.02726,-0.003439,0.085616,0.173265
F35->F36,34,165,239.3075,120.9834,-0.229389,-0.079983,-0.378508,0.063737,0.207104
F35->F36,34,166,227.1402,143.6592,-0.302177,-0.179994,-0.105539,0.037731,0.293378
F35->F36,34,167,216.4527,166.5414,-0.38049,-0.24403,-0.321967,0.002193,0.253082
F35->F36,34,168,209.7324,188.4481,-0.575465,-0.236763,-0.218225,-0.009256,0.423532
F35->F36,34,169,206.9246,209.2538,-0.838558,-0.231279,-0.767862,-0.175875,0.08982
F35->F36,34,170,205.6008,229.6889,-1.0376,-0.190258,-0.81052,-0.23469,0.231386
F35->F36,34,171,204.2871,250.3364,-1.106053,-0.136537,-0.846695,0.140468,0.379471
F35->F36,34,172,202.4222,271.1679,-1.035391,-0.079794,-0.830192,-0.072245,0.205338
F35->F36,34,173,200.2835,291.9993,-0.97448,-0.020531,-1.448122,0.188889,0.517874
F35->F36,34,174,198.3454,312.9141,-0.950759,0.03993,0.702105,1.116701,1.972662
F35->F36,34,175,195.5837,334.5274,-0.87788,0.101686,-1.86032,-0.043018,0.993039
F35->F36,34,176,192.256,355.9035,-0.778105,0.168753,-0.724528,0.048086,0.132027
F35->F36,34,177,189.0439,378.672,-0.571033,0.267825,0.392749,0.612318,1.023499
F35->F36,34,178,195.2134,402.6808,-0.470041,0.267823,-2.404477,0.131191,1.939255
F35->F36,34,179,211.5228,419.8418,-0.367867,0.267107,-2.856536,0.039742,2.499034
F36->F37,35,0,399.3993,419.7255,0.238242,-0.047117,-0.136765,-0.099274,0.378617
F36->F37,35,1,406.1247,398.7522,0.502337,-0.040603,-0.923057,1.000618,1.765189
F36->F37,35,2,410.1111,374.7186,0.784793,0.002677,0.322265,0.113831,0.475697
F36->F37,35,3,413.7343,353.2968,0.906071,-0.004327,-0.005839,0.820386,1.229525
F36->F37,35,4,415.5313,332.4729,0.971686,-0.036142,0.849406,-0.236216,0.234482
F36->F37,35,5,411.8739,312.7811,1.072464,-0.080414,1.091788,-0.071317,0.021358
F36->F37,35,6,407.6295,292.2407,1.140346,-0.114832,1.16763,0.043907,0.161067
F36->F37,35,7,402.6045,271.8677,1.153676,-0.13859,2.139188,-0.839195,1.209166
F36->F37,35,8,397.0203,251.421,1.201264,-0.17841,0.743263,-0.168899,0.4581
F36->F37,35,9,391.3349,230.8853,1.222529,-0.205855,0.818097,-0.189643,0.404757
F36->F37,35,10,386.5098,210.5832,1.141881,-0.215336,0.431388,0.002566,0.743156
F36->F37,35,11,382.0933,190.6328,0.979455,-0.212589,0.569257,-0.274237,0.414805
F36->F37,35,12,377.0748,170.895,0.838875,-0.22779,0.683493,-0.284281,0.165332
F36->F37,35,13,370.6754,151.5445,0.687925,-0.234026,0.591149,-0.244514,0.097342
F36->F37,35,14,361.6252,133.7818,0.501423,-0.222792,0.526419,-0.221979,0.02501
F36->F37,35,15,349.7389,117.8684,0.330818,-0.157447,0.29576,-0.07244,0.091952
F36->F37,35,16,335.8849,106.0549,0.160572,-0.097649,-0.016294,0.087545,0.256083
F36->F37,35,17,319.7422,99.7765,0.024827,-0.042801,0.161437,-0.024227,0.137867
F36->F37,35,18,302.3731,99.4658,-0.077397,-0.012389,0.08167,0.019001,0.162135
F36->F37,35,19,284.8244,105.1376,-0.145041,0.022495,-0.096741,-0.177163,0.205418
F36->F37,35,20,268.6729,116.3492,-0.190336,0.014094,-0.213352,-0.012009,0.0348
F36->F37,35,21,255.0014,131.9417,-0.262545,-0.050351,-0.055978,-0.202982,0.256839
F36->F37,35,22,245.3925,150.0724,-0.434416,-0.115785,-0.459825,-0.183595,0.072414
F36->F37,35,23,241.2774,170.3166,-0.685101,-0.15839,-0.309367,-0.124085,0.377297
F36->F37,35,24,239.6574,190.8354,-0.922212,-0.174726,-0.547253,-0.366445,0.42113
F36->F37,35,25,239.6213,211.6231,-1.076014,-0.157814,-0.864772,0.171033,0.390851
F36->F37,35,26,240.3128,232.0681,-1.190652,-0.13107,-1.210043,-0.070886,0.063231
F36->F37,35,27,239.4791,252.6446,-1.25159,-0.098851,-0.508246,-0.140542,0.744511
F36->F37,35,28,237.3314,273.4518,-1.28421,-0.06912,-0.525035,-0.228725,0.775771
F36->F37,35,29,234.6238,294.691,-1.306032,-0.052391,-1.383863,0.172377,0.237863
F36->F37,35,30,231.9872,316.1299,-1.238689,-0.047363,-1.506517,-0.17162,0.295248
F36->F37,35,31,230.1279,337.5238,-1.162553,-0.05783,-0.217829,0.251652,0.994125
F36->F37,35,32,228.2309,358.0929,-1.040593,-0.050591,-0.273439,0.047347,0.77338
F36->F37,35,33,227.8756,377.2156,-0.859657,-0.005196,-0.898466,0.05592,0.072397
F36->F37,35,34,230.2311,396.4393,-0.647441,0.069277,-1.445344,-0.016998,0.802554
F36->F37,35,35,234.663,414.664,-0.46663,0.152545,-1.142278,0.075017,0.680081
F36->F37,35,36,406.9352,419.5639,0.207504,0.0221,-0.355451,-0.121298,0.580931
F36->F37,35,37,412.7493,398.4254,0.480947,0.054341,-0.529254,1.085698,1.443676
F36->F37,35,38,418.1365,374.0539,0.715252,0.150251,-2.244456,0.861362,3.043936
F36->F37,35,39,423.9231,352.3605,0.688298,0.14678,0.023681,0.970423,1.058349
F36->F37,35,40,424.202,331.7894,0.748987,0.058602,0.897252,-0.120882,0.232803
F36->F37,35,41,420.3065,311.4085,0.915158,-0.022546,0.885449,-0.056374,0.045022
F36->F37,35,42,415.8642,290.5319,1.036096,-0.081613,0.935089,-0.069575,0.101722
F36->F37,35,43,411.3294,269.645,1.068859,-0.116242,2.279076,-0.776953,1.378827
F36->F37,35,44,406.6864,248.7872,1.077912,-0.149433,0.630352,-0.231513,0.455024
F36->F37,35,45,402.0428,227.8854,1.078035,-0.179712,0.771909,-0.165482,0.306456
F36->F37,35,46,397.3447,207.589,0.972334,-0.185943,1.824926,-0.913237,1.120656
F36->F37,35,47,392.9179,187.1044,0.819118,-0.185488,0.32578,-0.075307,0.505492
F36->F37,35,48,387.3042,166.8736,0.655929,-0.182319,0.226665,-0.123341,0.433297
F36->F37,35,49,379.1053,147.1238,0.544689,-0.182597,0.423156,0.109978,0.316814
F36->F37,35,50,368.4501,128.1122,0.414995,-0.15876,0.329524,-0.005526,0.17546
F36->F37,35,51,355.0059,111.1323,0.271409,-0.076017,0.387842,-0.000208,0.138937
F36->F37,35,52,339.0638,98.7263,0.132656,-0.017699,-0.077229,0.142783,0.264208
F36->F37,35,53,320.8538,92.6772,0.015495,0.024826,0.053681,0.085932,0.072056
F36->F37,35,54,301.8889,93.0828,-0.091747,0.050378,-0.010733,0.080993,0.086606
F36->F37,35,55,282.4875,99.2602,-0.144114,0.077229,-0.13217,-0.06638,0.144105
F36->F37,35,56,265.1344,111.721,-0.176591,0.046455,-0.248525,-0.00481,0.088332
F36->F37,35,57,251.0242,128.8802,-0.225262,-0.031534,0.053211,-0.032378,0.278474
F36->F37,35,58,240.6471,148.1311,-0.380023,-0.108996,-0.466434,-0.141592,0.092355
F36->F37,35,59,234.7588,169.0661,-0.580071,-0.15172,-0.444898,-0.211936,0.147979
F36->F37,35,60,231.7693,190.013,-0.804795,-0.175752,-0.600762,-0.365581,0.278684
F36->F37,35,61,231.2554,210.8364,-1.006858,-0.167222,-0.871278,-0.071846,0.165767
F36->F37,35,62,231.7877,231.4256,-1.174161,-0.147959,-1.051042,-0.102045,0.131402
F36->F37,35,63,230.7437,252.0413,-1.221567,-0.1133,-0.511594,-0.243349,0.721786
F36->F37,35,64,228.2904,272.8395,-1.197822,-0.081263,-0.805661,-0.169186,0.401897
F36->F37,35,65,225.5307,294.1032,-1.172466,-0.059127,-1.001058,0.173168,0.28869
F36->F37,35,66,223.2889,315.4677,-1.127531,-0.046035,-0.599146,-0.070158,0.528935
F36->F37,35,67,221.0737,337.0487,-1.057549,-0.048691,-0.145069,0.257206,0.962388
F36->F37,35,68,218.4756,357.7216,-0.943669,-0.037076,-0.38165,0.085195,0.575166
F36->F37,35,69,217.8876,377.8663,-0.750191,-0.002486,-0.139231,-0.016156,0.611113
F36->F37,35,70,221.1285,397.8983,-0.528154,0.060268,0.357635,0.563666,1.018838
F36->F37,35,71,228.7425,416.2306,-0.426897,0.187406,-0.152734,0.134214,0.279275
F36->F37,35,72,414.2426,420.6413,0.164672,0.101081,-0.588523,0.059637,0.754334
F36->F37,35,73,419.8147,398.9166,0.462131,0.183016,0.848423,0.222667,0.388322
F36->F37,35,74,425.7005,374.871,0.649247,0.278556,-1.645489,1.079814,2.430603
F36->F37,35,75,430.9118,352.5017,0.565644,0.244528,1.565794,-0.004987,1.030805
F36->F37,35,76,430.4663,331.0797,0.624679,0.126161,1.291874,0.042082,0.672473
F36->F37,35,77,427.7746,310.3157,0.805625,0.022361,0.745827,-0.100874,0.136976
F36->F37,35,78,423.5245,289.0129,0.946894,-0.049873,1.51013,-0.33209,0.629985
F36->F37,35,79,419.8975,267.5434,0.990611,-0.097663,0.552538,-0.154825,0.441787
F36->F37,35,80,416.5445,246.0852,0.98523,-0.13158,0.645082,-0.211305,0.349366
F36->F37,35,81,412.5381,225.1996,0.949342,-0.159479,0.554133,-0.206256,0.397967
F36->F37,35,82,407.8667,204.7674,0.848675,-0.170501,1.936929,-0.965219,1.347543
F36->F37,35,83,402.5094,184.1489,0.709719,-0.170415,0.500152,-0.408856,0.317447
F36->F37,35,84,396.5229,163.4484,0.551339,-0.163175,0.321079,0.025435,0.297646
F36->F37,35,85,387.3456,143.1054,0.440201,-0.151834,0.315415,0.134194,0.312063
F36->F37,35,86,375.512,122.9345,0.346767,-0.111203,0.305106,0.037591,0.154517
F36->F37,35,87,360.178,105.043,0.230126,-0.041635,0.294124,-0.076877,0.07306
F36->F37,35,88,342.164,91.8688,0.115176,0.035836,-0.071873,0.201603,0.249932
F36->F37,35,89,321.8323,86.1488,0.007717,0.070706,-0.080646,0.081343,0.089001
F36->F37,35,90,301.0061,87.0024,-0.095051,0.099954,-0.039748,0.132391,0.064114
F36->F37,35,91,280.0697,93.7859,-0.145029,0.115369,-0.113716,0.057622,0.06569
F36->F37,35,92,261.1985,107.5133,-0.163635,0.05454,-0.233087,-0.044814,0.121222
F36->F37,35,93,247.307,126.0896,-0.225763,-0.033242,-0.105412,0.061546,0.153197
F36->F37,35,94,235.9813,146.3878,-0.338851,-0.116036,-0.300271,-0.029951,0.094335
F36->F37,35,95,228.331,167.8986,-0.484453,-0.160928,-0.405651,-0.137039,0.082344
F36->F37,35,96,223.7666,189.2402,-0.691145,-0.179933,-0.21582,-0.154502,0.476005
F36->F37,35,97,223.0546,210.1707,-0.94244,-0.181074,-0.421366,0.014884,0.556702
F36->F37,35,98,223.0593,230.8334,-1.130763,-0.165148,-0.745658,0.017826,0.426363
F36->F37,35,99,221.7601,251.4158,-1.198017,-0.127994,-0.73597,-0.081027,0.464427
F36->F37,35,100,219.4002,272.2556,-1.128483,-0.088999,-0.595474,-0.136628,0.535134
F36->F37,35,101,216.705,293.3881,-1.077154,-0.058596,-0.935069,-0.065865,0.142271
F36->F37,35,102,214.6991,314.8446,-1.040688,-0.036831,-3.114279,-0.789671,2.206025
F36->F37,35,103,212.2019,336.5451,-0.971963,-0.019809,-1.544586,-0.235528,0.611909
F36->F37,35,104,209.2513,357.4838,-0.860539,0.001381,-1.200873,-0.116981,0.360328
F36->F37,35,105,208.0423,378.4514,-0.657253,0.038991,-0.615694,-5.184774,5.22393
F36->F37,35,106,212.042,398.8411,-0.43748,0.072516,-1.820789,-0.125237,1.397372
F36->F37,35,107,222.5878,417.6005,-0.386388,0.191362,-1.191698,0.160478,0.805902
F36->F37,35,108,421.2575,421.4565,0.134012,0.182614,0.46556,0.033519,0.363529
F36->F37,35,109,426.4944,399.3436,0.455818,0.268234,0.855382,-0.083112,0.532068
F36->F37,35,110,433.4679,376.1781,0.605186,0.36731,-1.274301,0.717354,1.911806
F36->F37,35,111,436.4662,352.723,0.54394,0.312429,1.64436,0.009811,1.141272
F36->F37,35,112,436.5885,330.6,0.59556,0.196894,-0.345456,0.686161,1.06061
F36->F37,35,113,434.259,309.3834,0.723429,0.066783,0.730023,-0.053617,0.12058
F36->F37,35,114,431.1891,287.5703,0.870176,-0.023283,1.19094,0.070768,0.334268
F36->F37,35,115,428.456,265.5778,0.916627,-0.084187,0.72159,-0.115596,0.19755
F36->F37,35,116,426.056,243.6846,0.901503,-0.123032,0.991142,-0.220425,0.132365
F36->F37,35,117,422.8473,222.6347,0.843669,-0.148103,0.436687,0.126636,0.491035
F36->F37,35,118,418.0163,202.1415,0.750286,-0.166346,1.746348,-0.919587,1.248804
F36->F37,35,119,412.3903,181.135,0.623832,-0.166338,0.867149,0.067734,0.337628
F36->F37,35,120,405.0448,160.3242,0.477523,-0.158606,0.569495,-0.36244,0.223623
F36->F37,35,121,395.3944,139.1877,0.377913,-0.145891,0.034512,0.059484,0.40013
F36->F37,35,122,382.3125,118.0402,0.288531,-0.093405,0.138761,-0.175843,0.17096
F36->F37,35,123,365.3692,98.9283,0.190326,-0.008883,0.089251,-0.116779,0.147844
F36->F37,35,124,345.2757,85.6175,0.089227,0.047946,0.060619,0.079185,0.042359
F36->F37,35,125,323.0779,79.8147,-0.01165,0.098951,-0.078665,0.021303,0.102568
F36->F37,35,126,300.0649,81.0877,-0.088086,0.139625,-0.058127,0.11255,0.040381
F36->F37,35,127,277.5387,88.5096,-0.139691,0.139717,-0.170024,0.158634,0.035748
F36->F37,35,128,257.3705,103.4372,-0.159596,0.040215,-0.328065,-0.090311,0.213116
F36->F37,35,129,243.2248,123.3327,-0.216724,-0.04709,-0.155668,0.197433,0.252031
F36->F37,35,130,231.5033,144.9011,-0.307664,-0.140262,-0.355514,-0.063864,0.090146
F36->F37,35,131,222.2242,167.1039,-0.40797,-0.192648,-0.188558,-0.210155,0.220109
F36->F37,35,132,216.4325,188.6626,-0.606396,-0.195294,-0.10376,-0.103964,0.510866
F36->F37,35,133,214.6898,209.5295,-0.870898,-0.201913,-1.724022,-0.850363,1.071592
F36->F37,35,134,213.8031,230.1461,-1.070852,-0.180318,-0.68346,0.060799,0.456301
F36->F37,35,135,212.5065,250.8095,-1.127155,-0.141069,-0.884172,-0.080925,0.250316
F36->F37,35,136,210.4169,271.6847,-1.056975,-0.096858,-0.231537,0.021344,0.833859
F36->F37,35,137,208.0248,292.6632,-0.993019,-0.055683,-0.398482,0.252721,0.669766
F36->F37,35,138,205.9533,314.0573,-0.969828,-0.018555,-1.284181,0.099674,0.335851
F36->F37,35,139,203.494,335.6223,-0.894322,0.008008,-1.110244,0.054092,0.220784
F36->F37,35,140,200.3605,356.9803,-0.788257,0.053577,-2.167607,0.082532,1.379654
F36->F37,35,141,198.1612,378.5855,-0.597676,0.122915,-1.919532,-5.017693,5.307839
F36->F37,35,142,203.4326,400.5753,-0.4175,0.144797,-9.27909,-1.796222,9.071677
F36->F37,35,143,216.7857,418.8615,-0.352143,0.18887,-1.892403,0.109916,1.542283
F36->F37,35,144,428.5162,422.2935,0.103627,0.245825,1.251667,0.106157,1.156505
F36->F37,35,145,433.2896,400.5855,0.432449,0.336762,1.033689,0.0545,0.6642
F36->F37,35,146,439.7373,377.273,0.568125,0.425887,0.654641,0.107999,0.329451
F36->F37,35,147,441.8815,353.0788,0.569549,0.375788,1.53218,-0.227288,1.13594
F36->F37,35,148,441.9484,330.3423,0.605828,0.248096,1.53465,-0.091036,0.988798
F36->F37,35,149,440.4995,308.4032,0.699239,0.097359,0.962101,0.022907,0.273202
F36->F37,35,150,438.5919,286.2228,0.812721,-0.005632,0.848112,-0.104323,0.104845
F36->F37,35,151,437.0307,263.5565,0.842587,-0.073751,0.353296,0.195986,0.558716
F36->F37,35,152,435.6033,241.2798,0.816557,-0.119513,1.20404,-0.075731,0.389948
F36->F37,35,153,432.9395,220.182,0.748695,-0.145386,0.332757,0.14648,0.508123
F36->F37,35,154,428.1841,199.495,0.667514,-0.168647,0.790821,-0.379886,0.244594
F36->F37,35,155,421.6372,178.4356,0.555415,-0.172686,20.0,-20.0,27.770745
F36->F37,35,156,413.414,157.2971,0.433343,-0.176678,20.0,-20.0,27.853512
F36->F37,35,157,403.0115,135.5203,0.339093,-0.157968,0.368053,-0.180763,0.036854
F36->F37,35,158,389.0638,113.3675,0.238699,-0.090476,0.121954,-0.027064,0.132855
F36->F37,35,159,370.4932,93.4101,0.150858,-0.007946,0.020489,-0.094593,0.156537
F36->F37,35,160,348.5271,79.6512,0.056002,0.048562,20.0,-20.0,28.279106
F36->F37,35,161,323.9993,74.0703,-0.020251,0.101797,-0.012715,-0.03757,0.13957
F36->F37,35,162,299.0797,75.4131,-0.076157,0.163591,0.042309,0.08764,0.140722
F36->F37,35,163,274.6329,83.745,-0.123961,0.139622,-0.197167,0.306934,0.182626
F36->F37,35,164,253.4237,99.5686,-0.152618,0.017293,-0.234595,-0.153728,0.189653
F36->F37,35,165,239.0781,120.9035,-0.213743,-0.082351,-0.489003,0.146922,0.358237
F36->F37,35,166,226.8381,143.4792,-0.284595,-0.176727,-0.429769,-0.119277,0.156128
F36->F37,35,167,216.0722,166.2973,-0.361435,-0.240206,-0.035799,-0.154128,0.33682
F36->F37,35,168,209.1569,188.2113,-0.54488,-0.237355,-0.225248,-0.133831,0.335979
F36->F37,35,169,206.0861,209.0225,-0.793965,-0.236699,-0.400589,-0.198398,0.395236
F36->F37,35,170,204.5632,229.4986,-0.98178,-0.20239,-0.202532,0.242858,0.897481
F36->F37,35,171,203.1811,250.1999,-1.04744,-0.155754,-0.912804,-0.133345,0.136488
F36->F37,35,172,201.3868,271.0881,-0.979195,-0.105887,-0.26965,-0.053153,0.711502
F36->F37,35,173,199.309,291.9788,-0.921705,-0.053071,-0.348153,0.270595,0.658575
F36->F37,35,174,197.3947,312.9541,-0.903313,0.000706,-1.0607,0.111275,0.192344
F36->F37,35,175,194.7058,334.6291,-0.834653,0.056227,-0.733727,-0.081772,0.170967
F36->F37,35,176,191.4779,356.0723,-0.739602,0.119681,-9.51474,2.899468,9.204905
F36->F37,35,177,188.4728,378.9398,-0.5507,0.213212,-4.103788,-5.90167,7.072215
F36->F37,35,178,194.7433,402.9486,-0.452326,0.20782,-9.510918,-1.970939,9.316925
F36->F37,35,179,211.1549,420.109,-0.347342,0.196095,-1.132746,0.219938,0.785765
F37->F38,36,0,399.6375,419.6784,0.200388,-0.106338,-0.551096,0.283505,0.846585
F37->F38,36,1,406.627,398.7116,0.439377,-0.098642,0.595499,-0.052531,0.162789
F37->F38,36,2,410.8959,374.7213,0.701607,-0.036936,0.521508,-0.120612,0.198589
F37->F38,36,3,414.6404,353.2925,0.812637,-0.032413,0.284168,0.277771,0.612775
F37->F38,36,4,416.503,332.4368,0.870368,-0.058261,1.184179,0.182871,0.395756
F37->F38,36,5,412.9464,312.7007,0.96889,-0.096847,0.694464,-0.12456,0.275821
F37->F38,36,6,408.7698,292.1259,1.038398,-0.126633,1.67401,-0.1649,0.636762
F37->F38,36,7,403.7582,271.7291,1.055953,-0.145976,1.388782,0.111923,0.421055
F37->F38,36,8,398.2215,251.2426,1.099349,-0.179821,1.074711,-0.037287,0.144648
F37->F38,36,9,392.5574,230.6795,1.116377,-0.200908,0.701489,-0.291241,0.424608
F37->F38,36,10,387.6517,210.3678,1.042523,-0.206199,0.713931,-0.210308,0.328618
F37->F38,36,11,383.0727,190.4203,0.896919,-0.201628,-13.749121,20.0,24.9522
F37->F38,36,12,377.9137,170.6672,0.770294,-0.213864,0.676964,-0.249627,0.099947
F37->F38,36,13,371.3633,151.3105,0.633083,-0.218067,0.592854,-0.315989,0.105864
F37->F38,36,14,362.1266,133.559,0.464472,-0.20721,0.205525,-0.004178,0.329053
F37->F38,36,15,350.0698,117.7109,0.309236,-0.144573,-0.031363,-0.055981,0.351933
F37->F38,36,16,336.0455,105.9572,0.150714,-0.088751,0.10465,-0.091347,0.046137
F37->F38,36,17,319.767,99.7337,0.022397,-0.036593,0.046501,0.029032,0.069911
F37->F38,36,18,302.2957,99.4534,-0.07364,-0.008268,-0.143873,0.008218,0.072142
F37->F38,36,19,284.6794,105.1601,-0.137202,0.021764,-0.058561,0.009409,0.079606
F37->F38,36,20,268.4826,116.3633,-0.179306,0.012213,-0.053149,-0.006761,0.127575
F37->F38,36,21,254.7389,131.8913,-0.246198,-0.049433,-0.416642,0.207301,0.308162
F37->F38,36,22,244.9581,149.9566,-0.40679,-0.11191,-0.078994,-0.094208,0.328273
F37->F38,36,23,240.5923,170.1582,-0.638906,-0.153462,-0.392049,-0.037051,0.272928
F37->F38,36,24,238.7352,190.6607,-0.861231,-0.172384,-0.186024,-0.047144,0.686724
F37->F38,36,25,238.5453,211.4653,-1.013186,-0.163176,-0.580221,-0.177104,0.433189
F37->F38,36,26,239.1221,231.937,-1.125412,-0.143164,-0.350891,-0.150072,0.774552
F37->F38,36,27,238.2275,252.5457,-1.180044,-0.11792,-0.727908,-0.130379,0.452307
F37->F38,36,28,236.0472,273.3827,-1.19632,-0.094298,-1.299802,0.187951,0.300621
F37->F38,36,29,233.3178,294.6386,-1.213794,-0.082387,-0.781345,-0.005157,0.439292
F37->F38,36,30,230.7485,316.0825,-1.155586,-0.082343,-1.220087,0.055717,0.152385
F37->F38,36,31,228.9653,337.4659,-1.084592,-0.095972,-0.370231,-0.001094,0.720635
F37->F38,36,32,227.1903,358.0423,-0.973058,-0.092718,-1.147868,0.152219,0.30092
F37->F38,36,33,227.016,377.2104,-0.802032,-0.052354,-1.946621,0.132529,1.159424
F37->F38,36,34,229.5836,396.5086,-0.607938,0.017879,-0.281145,0.141999,0.34957
F37->F38,36,35,234.1963,414.8165,-0.43885,0.091472,-1.425045,-0.021858,0.992685
F37->F38,36,36,407.1427,419.586,0.171261,-0.040084,0.598336,0.207114,0.493458
F37->F38,36,37,413.2302,398.4797,0.419286,-0.006747,0.798341,0.02602,0.380469
F37->F38,36,38,418.8517,374.2042,0.636561,0.098263,3.929297,-0.971369,3.462113
F37->F38,36,39,424.6114,352.5073,0.616452,0.102119,0.672159,0.073575,0.062594
F37->F38,36,40,424.951,331.848,0.671875,0.02684,1.084468,0.196196,0.445997
F37->F38,36,41,421.2217,311.3859,0.82901,-0.044322,0.740829,-0.094629,0.101522
F37->F38,36,42,416.9003,290.4503,0.945731,-0.096648,1.424293,0.202173,0.564194
F37->F38,36,43,412.3983,269.5287,0.98129,-0.126809,0.738605,-0.096448,0.244576
F37->F38,36,44,407.7643,248.6377,0.989441,-0.154756,0.751435,-0.13223,0.23907
F37->F38,36,45,403.1208,227.7057,0.985707,-0.178324,0.51109,-0.219151,0.47637
F37->F38,36,46,398.317,207.4031,0.889871,-0.181193,0.638262,-0.268209,0.266231
F37->F38,36,47,393.737,186.9189,0.752711,-0.178865,0.7229,-0.250774,0.077843
F37->F38,36,48,387.9601,166.6912,0.604497,-0.174079,0.634339,-0.170203,0.030093
F37->F38,36,49,379.65,146.9412,0.502997,-0.172915,0.490863,0.112876,0.286049
F37->F38,36,50,368.8651,127.9534,0.386026,-0.150171,1.117856,9.519407,9.697232
F37->F38,36,51,355.2773,111.0563,0.255455,-0.070632,0.093746,0.065795,0.211571
F37->F38,36,52,339.1965,98.7086,0.124761,-0.014384,0.148527,-0.06694,0.057679
F37->F38,36,53,320.8693,92.702,0.014074,0.026291,0.21856,0.050538,0.205919
F37->F38,36,54,301.7971,93.1331,-0.086635,0.049197,-0.209432,0.043515,0.122928
F37->F38,36,55,282.3434,99.3374,-0.135305,0.071841,0.072094,0.126303,0.214431
F37->F38,36,56,264.9578,111.7674,-0.165479,0.040505,-0.005506,0.038581,0.159985
F37->F38,36,57,250.7989,128.8486,-0.211195,-0.033366,-0.446976,0.108772,0.27531
F37->F38,36,58,240.2671,148.0221,-0.356593,-0.107233,-0.121391,-0.213139,0.257946
F37->F38,36,59,234.1787,168.9144,-0.541883,-0.149164,-0.247486,-0.109842,0.297012
F37->F38,36,60,230.9645,189.8373,-0.75322,-0.17491,-0.488485,-0.054971,0.290638
F37->F38,36,61,230.2486,210.6692,-0.949878,-0.173496,-0.327348,-0.071584,0.630817
F37->F38,36,62,230.6135,231.2776,-1.111281,-0.16048,-0.648953,-0.286026,0.479071
F37->F38,36,63,229.5221,251.928,-1.153091,-0.132118,-0.648588,-0.228637,0.513653
F37->F38,36,64,227.0926,272.7582,-1.120148,-0.105755,-1.157162,0.115149,0.223984
F37->F38,36,65,224.3583,294.0441,-1.093867,-0.088917,-0.556805,5.4e-05,0.544382
F37->F38,36,66,222.1614,315.4216,-1.057118,-0.080446,-1.628199,-0.081176,0.571081
F37->F38,36,67,220.0162,337.0,-0.991404,-0.086462,-0.436196,0.211179,0.629957
F37->F38,36,68,217.5319,357.6845,-0.886373,-0.078055,-1.291854,0.205275,0.494662
F37->F38,36,69,217.1374,377.8638,-0.704937,-0.046909,1.469234,0.765221,2.3209
F37->F38,36,70,220.6003,397.9585,-0.501106,0.008571,0.936082,0.246563,1.45676
F37->F38,36,71,228.3156,416.418,-0.402619,0.122495,-1.212207,-0.00814,0.820061
F37->F38,36,72,414.4073,420.7424,0.128199,0.036405,1.015804,0.294455,0.924355
F37->F38,36,73,420.2768,399.0996,0.402321,0.115008,1.139134,0.167684,0.738693
F37->F38,36,74,426.3497,375.1495,0.577375,0.211932,3.880241,-0.935432,3.49648
F37->F38,36,75,431.4774,352.7462,0.509842,0.190629,0.798095,0.051779,0.319951
F37->F38,36,76,431.091,331.2059,0.567261,0.088358,1.065058,0.095904,0.497855
F37->F38,36,77,428.5802,310.3381,0.734214,-0.003768,1.330989,0.030998,0.597787
F37->F38,36,78,424.4714,288.963,0.867364,-0.068133,1.060861,0.079285,0.243255
F37->F38,36,79,420.8881,267.4457,0.911543,-0.110634,0.500916,-0.229551,0.4275
F37->F38,36,80,417.5297,245.9536,0.906528,-0.139516,0.474753,0.24397,0.577487
F37->F38,36,81,413.4874,225.0401,0.869903,-0.161635,0.496665,0.212873,0.528736
F37->F38,36,82,408.7154,204.5969,0.778414,-0.168875,0.540297,-0.314098,0.278908
F37->F38,36,83,403.2192,183.9784,0.653438,-0.167022,0.484976,0.199341,0.403239
F37->F38,36,84,397.0742,163.2852,0.509144,-0.158642,0.482815,0.287081,0.4465
F37->F38,36,85,387.7858,142.9535,0.407712,-0.146908,0.169227,-0.039772,0.261444
F37->F38,36,86,375.8588,122.8233,0.323039,-0.108097,0.338346,0.077754,0.18648
F37->F38,36,87,360.4081,105.0014,0.2168,-0.039945,0.140135,0.015805,0.094793
F37->F38,36,88,342.2791,91.9046,0.108411,0.035068,0.108836,-0.040094,0.075163
F37->F38,36,89,321.84,86.2195,0.006802,0.068994,0.136353,0.119882,0.139187
F37->F38,36,90,300.9111,87.1023,-0.089469,0.095097,-0.277861,0.0406,0.196116
F37->F38,36,91,279.9247,93.9012,-0.135336,0.106378,-0.026434,0.168437,0.125344
F37->F38,36,92,261.0348,107.5679,-0.151712,0.04553,0.129345,0.077368,0.282855
F37->F38,36,93,247.0813,126.0564,-0.211164,-0.036724,-0.285318,0.175498,0.224804
F37->F38,36,94,235.6425,146.2718,-0.318267,-0.11539,-0.217503,-0.230052,0.152646
F37->F38,36,95,227.8466,167.7377,-0.453565,-0.159536,-0.144829,-0.138933,0.309422
F37->F38,36,96,223.0755,189.0602,-0.648885,-0.180957,-0.471128,-0.051879,0.219679
F37->F38,36,97,222.1122,209.9897,-0.890377,-0.18792,-0.292156,0.024623,0.634856
F37->F38,36,98,221.9285,230.6682,-1.069496,-0.177649,-0.646346,-0.323044,0.447432
F37->F38,36,99,220.5621,251.2878,-1.130948,-0.146794,-0.583236,-0.355772,0.586225
F37->F38,36,100,218.2717,272.1666,-1.058978,-0.113352,-0.987542,-0.056032,0.091589
F37->F38,36,101,215.6278,293.3295,-1.009582,-0.08833,-0.65277,-0.111535,0.357565
F37->F38,36,102,213.6584,314.8078,-0.980777,-0.071455,-1.503366,-0.131843,0.526067
F37->F38,36,103,211.2299,336.5253,-0.915677,-0.058367,-0.764853,-0.05236,0.150943
F37->F38,36,104,208.3907,357.4851,-0.811396,-0.03981,0.855326,0.903099,1.914952
F37->F38,36,105,207.385,378.4904,-0.624215,-0.005585,2.672467,0.910829,3.421684
F37->F38,36,106,211.6045,398.9136,-0.420799,0.020073,1.083403,0.799305,1.694057
F37->F38,36,107,222.2014,417.7919,-0.365484,0.126032,-1.135721,0.006591,0.779442
F37->F38,36,108,421.3915,421.6391,0.095892,0.115921,0.841219,0.252332,0.757707
F37->F38,36,109,426.9502,399.6118,0.394125,0.19546,-0.813493,1.09206,1.504072
F37->F38,36,110,434.0731,376.5454,0.535616,0.292868,1.629813,-0.045515,1.145326
F37->F38,36,111,437.0102,353.0354,0.493451,0.253976,0.658932,-0.029148,0.327937
F37->F38,36,112,437.1841,330.7969,0.547624,0.154494,0.992142,-0.001748,0.471177
F37->F38,36,113,434.9824,309.4502,0.665696,0.036652,1.218502,0.06666,0.553621
F37->F38,36,114,432.0593,287.547,0.799651,-0.044203,0.717678,0.047554,0.12304
F37->F38,36,115,429.3727,265.4936,0.844227,-0.098735,0.500639,-0.290578,0.393518
F37->F38,36,116,426.9575,243.5615,0.830539,-0.132697,0.321007,0.048913,0.540929
F37->F38,36,117,423.691,222.4866,0.774653,-0.152648,0.645484,-0.232092,0.151644
F37->F38,36,118,418.7666,201.9752,0.688885,-0.166685,0.459674,0.218775,0.448461
F37->F38,36,119,413.0141,180.9686,0.57438,-0.164928,1.633448,-1.015012,1.358038
F37->F38,36,120,405.5223,160.1656,0.44148,-0.156623,0.249695,0.171767,0.380292
F37->F38,36,121,395.7723,139.0418,0.35046,-0.143362,0.199736,0.02021,0.222427
F37->F38,36,122,382.6011,117.9468,0.269464,-0.092914,0.216386,0.052812,0.155092
F37->F38,36,123,365.5595,98.9194,0.179545,-0.010747,0.136803,-0.05657,0.062663
F37->F38,36,124,345.3649,85.6654,0.084121,0.046174,-0.060583,0.056409,0.145065
F37->F38,36,125,323.0662,79.9137,-0.011336,0.095544,0.157519,0.175355,0.186766
F37->F38,36,126,299.9768,81.2273,-0.082675,0.131714,-0.19026,0.057607,0.130638
F37->F38,36,127,277.399,88.6493,-0.129416,0.127795,0.048058,0.035478,0.200048
F37->F38,36,128,257.2109,103.4774,-0.147056,0.030299,0.160507,0.201188,0.351849
F37->F38,36,129,243.0081,123.2856,-0.202003,-0.051265,-0.018727,-0.03882,0.183698
F37->F38,36,130,231.1956,144.7609,-0.288964,-0.139426,-0.118803,-0.295312,0.230771
F37->F38,36,131,221.8162,166.9112,-0.384024,-0.191019,-0.049617,-0.157146,0.336118
F37->F38,36,132,215.8261,188.4673,-0.571635,-0.197642,-0.356034,0.03511,0.317266
F37->F38,36,133,213.8189,209.3276,-0.823314,-0.208652,-0.56279,-0.079833,0.290632
F37->F38,36,134,212.7322,229.9658,-1.012368,-0.192547,-0.820722,-0.213869,0.192829
F37->F38,36,135,211.3794,250.6684,-1.065589,-0.159482,-0.731715,-0.259876,0.348641
F37->F38,36,136,209.3599,271.5878,-0.995437,-0.12117,-0.799589,-0.151095,0.198121
F37->F38,36,137,207.0318,292.6075,-0.935873,-0.085495,-0.732784,-0.175125,0.221988
F37->F38,36,138,204.9834,314.0388,-0.917937,-0.053787,-0.218323,0.061475,0.709046
F37->F38,36,139,202.5996,335.6303,-0.847136,-0.031412,-0.943598,0.01652,0.107714
F37->F38,36,140,199.5723,357.0339,-0.747362,0.011244,-1.084847,0.174547,0.374919
F37->F38,36,141,197.5635,378.7084,-0.572866,0.076001,-7.578295,6.855063,9.74842
F37->F38,36,142,203.0151,400.7201,-0.403975,0.090805,1.093496,1.013001,1.758654
F37->F38,36,143,216.4335,419.0504,-0.333988,0.123927,-0.86293,0.019378,0.539175
F37->F38,36,144,428.6198,422.5394,0.064849,0.17654,-0.001608,0.033439,0.157779
F37->F38,36,145,433.722,400.9223,0.369815,0.259418,-1.088638,1.0645,1.665906
F37->F38,36,146,440.3054,377.6989,0.501579,0.347642,1.300188,0.353436,0.798631
F37->F38,36,147,442.451,353.4546,0.519078,0.314167,0.512442,-0.125898,0.440114
F37->F38,36,148,442.5542,330.5904,0.56081,0.202262,1.1509,-0.016317,0.629272
F37->F38,36,149,441.1988,308.5005,0.647455,0.064762,1.007453,0.120729,0.364322
F37->F38,36,150,439.4046,286.2171,0.749335,-0.028576,0.554959,-0.045372,0.1951
F37->F38,36,151,437.8733,263.4827,0.777515,-0.089898,0.17016,0.051462,0.623589
F37->F38,36,152,436.4198,241.1603,0.753415,-0.130473,1.065145,0.078437,0.375259
F37->F38,36,153,433.6882,220.0366,0.688391,-0.151232,0.789327,-0.091094,0.117493
F37->F38,36,154,428.8516,199.3264,0.613047,-0.170056,0.562755,-0.207451,0.062671
F37->F38,36,155,422.1926,178.2629,0.511202,-0.172095,20.0,-20.0,27.802141
F37->F38,36,156,413.8473,157.1204,0.400748,-0.1748,20.0,-20.0,27.877756
F37->F38,36,157,403.3506,135.3623,0.314925,-0.156131,0.300116,-0.094426,0.063457
F37->F38,36,158,389.3025,113.277,0.22366,-0.091107,0.100537,0.027774,0.171149
F37->F38,36,159,370.644,93.4021,0.142383,-0.010022,0.089897,-0.064451,0.075612
F37->F38,36,160,348.5831,79.6997,0.053029,0.046533,20.0,-20.0,28.279766
F37->F38,36,161,323.979,74.1721,-0.01937,0.098172,-0.022575,0.153871,0.055791
F37->F38,36,162,299.0036,75.5767,-0.07151,0.153926,-0.131667,0.139462,0.061871
F37->F38,36,163,274.5089,83.8847,-0.113687,0.125866,0.072534,-0.010388,0.230744
F37->F38,36,164,253.2711,99.5859,-0.139539,0.007303,-0.143521,0.158394,0.151143
F37->F38,36,165,238.8644,120.8211,-0.19871,-0.085132,-0.182446,-0.129854,0.047588
F37->F38,36,166,226.5535,143.3025,-0.267687,-0.174189,-0.114609,-0.238842,0.166171
F37->F38,36,167,215.7107,166.0571,-0.342682,-0.237106,-0.199715,-0.045835,0.238797
F37->F38,36,168,208.612,187.974,-0.515221,-0.238327,-0.487559,0.217502,0.456668
F37->F38,36,169,205.2921,208.7858,-0.750784,-0.24205,-0.67378,-0.111934,0.151194
F37->F38,36,170,203.5814,229.2962,-0.927967,-0.213774,-0.464563,-0.051004,0.491158
F37->F38,36,171,202.1336,250.0441,-0.991435,-0.17363,-0.637436,-0.212157,0.356089
F37->F38,36,172,200.4076,270.9822,-0.926099,-0.130044,-0.821972,-0.148305,0.105716
F37->F38,36,173,198.3873,291.9257,-0.872122,-0.083202,-0.716135,-0.165208,0.17623
F37->F38,36,174,196.4914,312.9548,-0.85862,-0.035307,-0.006083,-0.064843,0.853048
F37->F38,36,175,193.8712,334.6853,-0.794375,0.014344,-0.869102,-0.027225,0.085511
F37->F38,36,176,190.7383,356.1919,-0.703781,0.074541,-0.678853,-0.069078,0.145766
F37->F38,36,177,187.9221,379.153,-0.532052,0.162513,-5.434148,-5.89301,7.791014
F37->F38,36,178,194.291,403.1565,-0.435714,0.151118,1.412169,0.815745,1.963772
F37->F38,36,179,210.8076,420.305,-0.328516,0.131189,-0.590813,0.012655,0.287837
F38->F39,37,0,399.8379,419.5721,0.164549,-0.160058,0.835957,-0.059427,0.678907
F38->F39,37,1,407.0664,398.6129,0.380591,-0.150192,0.259816,0.248305,0.416397
F38->F39,37,2,411.5975,374.6844,0.624203,-0.073085,0.659061,-0.154579,0.088636
F38->F39,37,3,415.453,353.26,0.726802,-0.058845,0.742962,0.105715,0.165352
F38->F39,37,4,417.3734,332.3785,0.778128,-0.078441,0.695457,-0.16157,0.11724
F38->F39,37,5,413.9152,312.6039,0.873877,-0.111263,0.709033,-0.104823,0.16497
F38->F39,37,6,409.8082,291.9993,0.943596,-0.136712,0.483597,0.316988,0.646098
F38->F39,37,7,404.8141,271.5831,0.964724,-0.152332,0.621623,-0.184093,0.344568
F38->F39,37,8,399.3209,251.0628,1.004626,-0.180607,0.577567,-0.122015,0.431059
F38->F39,37,9,393.6738,230.4785,1.017372,-0.196033,0.728354,-0.147546,0.293057
F38->F39,37,10,388.6942,210.1616,0.949762,-0.197659,0.600578,-0.183014,0.349492
F38->F39,37,11,383.9697,190.2186,0.820087,-0.191363,0.97153,-0.039459,0.2145
F38->F39,37,12,378.684,170.4534,0.706133,-0.200782,0.62991,-0.367677,0.183477
F38->F39,37,13,371.9964,151.0924,0.581545,-0.202961,0.286848,0.036567,0.379763
F38->F39,37,14,362.5911,133.3518,0.429747,-0.19223,0.515586,0.033875,0.24185
F38->F39,37,15,350.379,117.5664,0.288399,-0.132247,0.137576,-0.208005,0.168781
F38->F39,37,16,336.1962,105.8685,0.141257,-0.080274,-0.033806,-0.038965,0.179871
F38->F39,37,17,319.7894,99.6971,0.020118,-0.030981,-0.047558,-0.038574,0.0681
F38->F39,37,18,302.222,99.4452,-0.070082,-0.004838,-0.129103,0.029856,0.068463
F38->F39,37,19,284.5422,105.1818,-0.129662,0.020972,-0.183213,-0.107514,0.139199
F38->F39,37,20,268.3033,116.3755,-0.168529,0.010166,-0.094671,-0.015875,0.078314
F38->F39,37,21,254.4927,131.8419,-0.230328,-0.048821,-0.257017,-0.056219,0.027695
F38->F39,37,22,244.5513,149.8447,-0.380127,-0.108368,-0.333269,-0.163665,0.072481
F38->F39,37,23,239.9534,170.0048,-0.594667,-0.149066,-0.429111,0.006252,0.227007
F38->F39,37,24,237.8739,190.4883,-0.803131,-0.170259,-0.776981,-0.269402,0.102534
F38->F39,37,25,237.5321,211.3021,-0.952689,-0.167888,-0.44898,0.057377,0.551785
F38->F39,37,26,237.9967,231.7938,-1.061984,-0.154209,-1.036932,0.027583,0.18351
F38->F39,37,27,237.0475,252.4278,-1.109915,-0.134685,-0.854969,-0.007865,0.284747
F38->F39,37,28,234.8508,273.2884,-1.112931,-0.116463,-0.684637,0.038819,0.455575
F38->F39,37,29,232.104,294.5562,-1.127016,-0.109087,-0.452088,0.07419,0.69937
F38->F39,37,30,229.5929,316.0002,-1.077866,-0.112927,-0.589279,0.061979,0.51895
F38->F39,37,31,227.8808,337.37,-1.011561,-0.129593,-0.52602,0.008569,0.504815
F38->F39,37,32,226.2173,357.9496,-0.909986,-0.129431,-0.493052,-0.088918,0.418898
F38->F39,37,33,226.214,377.158,-0.749014,-0.093918,-0.43133,0.108159,0.376509
F38->F39,37,34,228.9757,396.5265,-0.571793,-0.028047,-1.129226,-0.043959,0.55766
F38->F39,37,35,233.7575,414.908,-0.413382,0.039397,-0.584105,-0.003102,0.175933
F38->F39,37,36,407.3139,419.5459,0.136983,-0.095684,2.333161,-0.741763,2.28924
F38->F39,37,37,413.6495,398.473,0.361829,-0.059808,0.65333,-0.033874,0.292653
F38->F39,37,38,419.4883,374.3025,0.56394,0.050686,0.585755,-0.097547,0.14983
F38->F39,37,39,425.2279,352.6094,0.55057,0.061329,0.591221,-0.085385,0.152242
F38->F39,37,40,425.6228,331.8748,0.602929,-0.00206,0.786176,-0.111816,0.213601
F38->F39,37,41,422.0507,311.3416,0.749832,-0.063674,0.576955,-0.089274,0.174762
F38->F39,37,42,417.846,290.3536,0.861506,-0.109575,0.35465,0.303643,0.65395
F38->F39,37,43,413.3796,269.4019,0.898875,-0.135752,0.524847,-0.203268,0.380073
F38->F39,37,44,408.7537,248.483,0.906692,-0.158928,0.726365,-0.121229,0.184225
F38->F39,37,45,404.1065,227.5274,0.899574,-0.176389,0.69516,-0.088717,0.222422
F38->F39,37,46,399.2069,207.2219,0.812238,-0.176212,0.266066,0.226718,0.678716
F38->F39,37,47,394.4897,186.74,0.69016,-0.172156,0.816301,0.033285,0.241076
F38->F39,37,48,388.5646,166.5172,0.555669,-0.166042,0.343618,-0.020242,0.257339
F38->F39,37,49,380.1529,146.7683,0.463738,-0.163337,0.235131,0.086468,0.33862
F38->F39,37,50,369.2511,127.8033,0.358529,-0.141339,0.068143,-0.135077,0.290454
F38->F39,37,51,355.5327,110.9857,0.2397,-0.06512,0.064338,-0.26074,0.262714
F38->F39,37,52,339.3213,98.6942,0.11712,-0.011021,0.110325,0.064138,0.075465
F38->F39,37,53,320.8833,92.7283,0.01263,0.027653,-0.204721,-0.096918,0.250517
F38->F39,37,54,301.7105,93.1823,-0.081892,0.047856,-0.039479,0.064016,0.045388
F38->F39,37,55,282.2081,99.4093,-0.126822,0.066648,0.031092,0.029799,0.162156
F38->F39,37,56,264.7923,111.8079,-0.154756,0.034733,0.184962,0.176939,0.368281
F38->F39,37,57,250.5877,128.8153,-0.197809,-0.035143,-0.367452,0.019821,0.178325
F38->F39,37,58,239.9105,147.9149,-0.333854,-0.105568,-0.251346,-0.142402,0.090356
F38->F39,37,59,233.6368,168.7653,-0.505018,-0.146991,-0.448186,-0.087499,0.082275
F38->F39,37,60,230.2113,189.6624,-0.703816,-0.174073,-0.797027,-0.192789,0.095071
F38->F39,37,61,229.2987,210.4957,-0.894538,-0.178753,-0.582696,-0.033919,0.343835
F38->F39,37,62,229.5022,231.1171,-1.049467,-0.171493,-0.838301,0.005518,0.275544
F38->F39,37,63,228.3691,251.7959,-1.085904,-0.14843,-1.131733,0.040361,0.194273
F38->F39,37,64,225.9724,272.6524,-1.045926,-0.127713,-0.50959,-0.167526,0.537812
F38->F39,37,65,223.2644,293.9552,-1.019494,-0.115236,-0.453973,0.15864,0.628349
F38->F39,37,66,221.1043,315.3412,-0.990441,-0.110821,0.159675,0.164052,1.182506
F38->F39,37,67,219.0248,336.9136,-0.92852,-0.119907,-0.407683,0.099058,0.564993
F38->F39,37,68,216.6455,357.6065,-0.83208,-0.113879,0.327541,-0.188014,1.161987
F38->F39,37,69,216.4325,377.8169,-0.662906,-0.085909,-1.032769,0.054911,0.395764
F38->F39,37,70,220.0992,397.9671,-0.476012,-0.037497,-0.2348,0.063992,0.261694
F38->F39,37,71,227.913,416.5405,-0.380441,0.067488,-0.114078,-0.158419,0.349261
F38->F39,37,72,414.5355,420.7788,0.093504,-0.019749,-1.67557,-0.376182,1.804624
F38->F39,37,73,420.6791,399.2146,0.345972,0.054722,1.148571,0.131933,0.806305
F38->F39,37,74,426.9271,375.3614,0.508333,0.15089,0.366458,0.061037,0.167935
F38->F39,37,75,431.9873,352.9369,0.457164,0.142056,1.225015,0.039476,0.774673
F38->F39,37,76,431.6583,331.2943,0.514942,0.054336,1.094925,-0.020946,0.584849
F38->F39,37,77,429.3144,310.3343,0.668303,-0.027062,0.571762,-0.113131,0.129337
F38->F39,37,78,425.3388,288.8949,0.792967,-0.083834,0.657207,-0.191267,0.173126
F38->F39,37,79,421.7996,267.3351,0.836565,-0.121505,0.379836,0.212275,0.565694
F38->F39,37,80,418.4362,245.8141,0.832338,-0.145989,0.787721,-0.027087,0.126997
F38->F39,37,81,414.3573,224.8785,0.795102,-0.162369,0.787319,-0.067792,0.094897
F38->F39,37,82,409.4938,204.4281,0.711745,-0.166656,-0.056471,-0.141797,0.768618
F38->F39,37,83,403.8726,183.8114,0.599908,-0.162805,0.436372,0.209025,0.406203
F38->F39,37,84,397.5834,163.1266,0.468643,-0.153658,0.132881,0.022793,0.379303
F38->F39,37,85,388.1935,142.8066,0.377158,-0.141556,0.295593,0.297334,0.446405
F38->F39,37,86,376.1818,122.7152,0.300547,-0.104399,0.024372,-0.07722,0.27751
F38->F39,37,87,360.6249,104.9614,0.203497,-0.037683,0.119934,-0.179305,0.164438
F38->F39,37,88,342.3875,91.9397,0.101854,0.034363,0.019556,0.091887,0.100409
F38->F39,37,89,321.8468,86.2885,0.005984,0.067415,-0.194651,0.023489,0.205387
F38->F39,37,90,300.8216,87.1974,-0.08403,0.090391,0.085363,0.12307,0.172516
F38->F39,37,91,279.7893,94.0076,-0.125688,0.097607,-0.083648,-0.005783,0.11161
F38->F39,37,92,260.8831,107.6134,-0.140811,0.037076,0.133251,0.177176,0.307796
F38->F39,37,93,246.8701,126.0196,-0.197245,-0.039884,-0.202173,0.029217,0.069277
F38->F39,37,94,235.3242,146.1564,-0.298271,-0.11468,0.060438,0.014005,0.381093
F38->F39,37,95,227.393,167.5782,-0.423654,-0.15843,-0.247203,-0.164621,0.17656
F38->F39,37,96,222.4266,188.8793,-0.607932,-0.181575,-0.504843,-0.107198,0.127119
F38->F39,37,97,221.2218,209.8017,-0.839225,-0.193481,-0.436976,0.084013,0.48868
F38->F39,37,98,220.859,230.4906,-1.009149,-0.188423,-0.591195,-0.15827,0.41904
F38->F39,37,99,219.4311,251.141,-1.065135,-0.162859,-0.671993,0.100812,0.473374
F38->F39,37,100,217.2127,272.0532,-0.992427,-0.134976,-1.1851,-0.045444,0.21246
F38->F39,37,101,214.6182,293.2412,-0.944911,-0.11464,-0.756189,0.01258,0.227598
F38->F39,37,102,212.6776,314.7363,-0.923064,-0.102158,-0.715101,0.129693,0.311454
F38->F39,37,103,210.3143,336.4669,-0.861588,-0.092475,-0.221496,-0.026869,0.643445
F38->F39,37,104,207.5793,357.4453,-0.764758,-0.076446,-0.200769,-0.068796,0.564041
F38->F39,37,105,206.7608,378.4848,-0.593128,-0.044837,-1.046111,-0.025983,0.453375
F38->F39,37,106,211.1837,398.9337,-0.405102,-0.026739,0.437548,-0.174398,0.855489
F38->F39,37,107,221.8359,417.9179,-0.34601,0.067726,-0.417387,-0.036929,0.126678
F38->F39,37,108,421.4874,421.7551,0.059914,0.055387,-0.550674,-0.402534,0.763223
F38->F39,37,109,427.3443,399.8073,0.3358,0.129282,0.852999,-0.02385,0.539392
F38->F39,37,110,434.6087,376.8382,0.469144,0.225162,0.343971,0.07845,0.192855
F38->F39,37,111,437.5036,353.2894,0.446707,0.201328,1.12085,0.020261,0.698036
F38->F39,37,112,437.7317,330.9514,0.50343,0.116404,0.993985,0.112412,0.490571
F38->F39,37,113,435.6481,309.4868,0.612295,0.009681,0.475328,0.185206,0.222641
F38->F39,37,114,432.8589,287.5028,0.732836,-0.062361,0.664894,-0.16263,0.121121
F38->F39,37,115,430.2169,265.3949,0.775285,-0.11094,1.359849,0.105873,0.623477
F38->F39,37,116,427.7881,243.4288,0.763191,-0.140377,0.229211,0.153058,0.609294
F38->F39,37,117,424.4656,222.3339,0.709172,-0.155483,0.439568,0.161252,0.415943
F38->F39,37,118,419.4555,201.8085,0.630508,-0.166042,-0.058658,-0.165517,0.689167
F38->F39,37,119,413.5885,180.8037,0.52706,-0.162299,0.157296,-0.031606,0.39218
F38->F39,37,120,405.9638,160.009,0.406971,-0.153848,0.229867,0.146896,0.349017
F38->F39,37,121,396.1227,138.8985,0.324343,-0.139999,0.2506,0.343792,0.489379
F38->F39,37,122,382.8705,117.8539,0.251294,-0.091545,0.146149,-0.067375,0.107887
F38->F39,37,123,365.7391,98.9086,0.168586,-0.011603,0.256326,-0.131039,0.1482
F38->F39,37,124,345.449,85.7116,0.079157,0.044609,0.006357,0.0831,0.082349
F38->F39,37,125,323.0549,80.0092,-0.010763,0.092302,-0.087921,-0.046961,0.15921
F38->F39,37,126,299.8941,81.359,-0.077487,0.12413,0.014127,0.02592,0.134308
F38->F39,37,127,277.2696,88.7771,-0.11914,0.11618,-0.130177,-0.142707,0.259122
F38->F39,37,128,257.0639,103.5077,-0.135497,0.021128,-0.136177,0.066953,0.04583
F38->F39,37,129,242.8061,123.2343,-0.187864,-0.055191,-0.213285,0.07516,0.132807
F38->F39,37,130,230.9067,144.6214,-0.270825,-0.138388,0.089882,-0.022671,0.378814
F38->F39,37,131,221.4322,166.7202,-0.36061,-0.189651,-0.05883,-0.160898,0.303146
F38->F39,37,132,215.2545,188.2696,-0.537504,-0.199009,-0.229577,0.0492,0.395509
F38->F39,37,133,212.9956,209.1189,-0.77596,-0.214067,-1.652469,-0.976353,1.161615
F38->F39,37,134,211.7198,229.7732,-0.954384,-0.20299,-1.77881,-0.81726,1.028108
F38->F39,37,135,210.3138,250.5089,-1.004727,-0.175322,-0.992196,-0.042218,0.133693
F38->F39,37,136,208.3645,271.4666,-0.936229,-0.142557,-0.721452,-0.082153,0.223109
F38->F39,37,137,206.096,292.522,-0.880055,-0.112031,-0.732263,0.05588,0.223688
F38->F39,37,138,204.0655,313.985,-0.867288,-0.085324,-2.050173,-0.09641,1.182938
F38->F39,37,139,201.7525,335.5989,-0.801095,-0.066119,-0.540211,-0.231641,0.308963
F38->F39,37,140,198.8249,357.0452,-0.707876,-0.026722,-0.974256,-0.017735,0.266531
F38->F39,37,141,196.9906,378.7844,-0.549058,0.033961,-2.449018,-0.773404,2.064385
F38->F39,37,142,202.6112,400.8109,-0.390878,0.041593,-0.089259,0.008523,0.303427
F38->F39,37,143,216.0995,419.1743,-0.316981,0.06516,-1.074355,-0.04988,0.766061
F38->F39,37,144,428.6847,422.7159,0.028224,0.113817,0.305575,0.422148,0.414719
F38->F39,37,145,434.0919,401.1817,0.311023,0.190572,0.817332,-0.004086,0.54244
F38->F39,37,146,440.807,378.0465,0.438702,0.276925,0.284596,0.075357,0.253729
F38->F39,37,147,442.9701,353.7687,0.469488,0.258402,1.153919,0.176978,0.689258
F38->F39,37,148,443.115,330.7927,0.517362,0.161114,1.060178,0.134349,0.543476
F38->F39,37,149,441.8462,308.5653,0.597881,0.035756,0.523285,-0.186845,0.234768
F38->F39,37,150,440.154,286.1886,0.688489,-0.048466,0.640212,-0.087453,0.062054
F38->F39,37,151,438.6508,263.3928,0.715834,-0.103581,1.365769,0.237314,0.733911
F38->F39,37,152,437.1733,241.0298,0.692811,-0.13895,-0.143255,-0.076828,0.838371
F38->F39,37,153,434.3766,219.8853,0.631092,-0.155478,-0.882669,0.96844,1.885383
F38->F39,37,154,429.4647,199.1563,0.561179,-0.170315,0.338411,0.058587,0.319409
F38->F39,37,155,422.7038,178.0908,0.468537,-0.170361,20.0,-20.0,27.833301
F38->F39,37,156,414.2481,156.9456,0.370475,-0.171964,20.0,-20.0,27.901062
F38->F39,37,157,403.6655,135.2062,0.291358,-0.152917,0.245197,-0.05331,0.109784
F38->F39,37,158,389.5262,113.1859,0.209104,-0.090652,0.083232,-0.028165,0.140529
F38->F39,37,159,370.7864,93.3921,0.133885,-0.011312,0.096224,0.030395,0.056194
F38->F39,37,160,348.6362,79.7463,0.049973,0.044877,20.0,-20.0,28.280747
F38->F39,37,161,323.9596,74.2703,-0.01828,0.094597,-0.027132,-0.131419,0.22619
F38->F39,37,162,298.9321,75.7306,-0.067079,0.144794,0.029803,0.002649,0.172022
F38->F39,37,163,274.3953,84.0105,-0.103832,0.112742,-0.095595,0.122454,0.012735
F38->F39,37,164,253.1315,99.5932,-0.127313,-0.001829,0.050921,0.059487,0.188486
F38->F39,37,165,238.6657,120.736,-0.184694,-0.087707,-0.207241,-0.057037,0.038065
F38->F39,37,166,226.2858,143.1283,-0.2512,-0.171707,-0.072571,0.006184,0.252098
F38->F39,37,167,215.368,165.82,-0.323878,-0.234081,-0.153727,-0.15759,0.186553
F38->F39,37,168,208.0968,187.7357,-0.485549,-0.238423,-0.045185,-0.194698,0.442529
F38->F39,37,169,204.5413,208.5438,-0.707653,-0.246362,-1.261812,-0.852938,0.8216
F38->F39,37,170,202.6535,229.0825,-0.874639,-0.22334,-2.413499,-0.636382,1.593328
F38->F39,37,171,201.1422,249.8705,-0.935728,-0.189101,-0.663466,-0.130245,0.278551
F38->F39,37,172,199.4815,270.8522,-0.874258,-0.15119,-0.638736,-0.224298,0.246607
F38->F39,37,173,197.5152,291.8425,-0.823161,-0.110085,-1.315643,0.122069,0.544458
F38->F39,37,174,195.6327,312.9195,-0.814368,-0.067771,-0.624175,0.928101,1.013871
F38->F39,37,175,193.0768,334.6997,-0.754621,-0.023039,-1.141396,0.021002,0.389274
F38->F39,37,176,190.0346,356.2665,-0.668808,0.033768,-0.448398,0.115519,0.235083
F38->F39,37,177,187.3901,379.3155,-0.513944,0.116157,-3.803067,-2.033921,3.929525
F38->F39,37,178,193.8553,403.3076,-0.419363,0.099639,-0.494247,0.198448,0.12398
F38->F39,37,179,210.4791,420.4362,-0.310836,0.072339,-0.511998,-0.120482,0.278651
F39->F40,38,0,400.0024,419.412,0.132946,-0.206133,-1.128737,-0.221303,1.261774
F39->F40,38,1,407.447,398.4627,0.328451,-0.194547,-0.263554,-0.127365,0.595805
F39->F40,38,2,412.2217,374.6113,0.555353,-0.106759,0.817786,-0.236013,0.292537
F39->F40,38,3,416.1798,353.2012,0.651395,-0.083862,0.396883,0.15029,0.345838
F39->F40,38,4,418.1515,332.3001,0.697696,-0.097252,0.722897,-0.228941,0.134079
F39->F40,38,5,414.7891,312.4926,0.790999,-0.125181,0.190777,0.105,0.642846
F39->F40,38,6,410.7518,291.8626,0.860479,-0.146465,0.920202,-0.067547,0.098969
F39->F40,38,7,405.7788,271.4308,0.884618,-0.158728,0.671627,-0.16965,0.21327
F39->F40,38,8,400.3255,250.8822,0.921574,-0.182082,0.410928,0.094323,0.580654
F39->F40,38,9,394.6912,230.2825,0.930621,-0.192583,0.591596,-0.121242,0.346449
F39->F40,38,10,389.6439,209.964,0.868072,-0.190842,0.2058,-0.165602,0.662753
F39->F40,38,11,384.7897,190.0273,0.751938,-0.182803,-0.092211,-0.306115,0.853108
F39->F40,38,12,379.3901,170.2526,0.648585,-0.189659,0.585447,-0.095302,0.113533
F39->F40,38,13,372.5779,150.8894,0.534976,-0.189876,0.104248,-0.182554,0.43079
F39->F40,38,14,363.0208,133.1596,0.398216,-0.179197,0.074497,0.023248,0.381809
F39->F40,38,15,350.6674,117.4341,0.269345,-0.121588,0.273294,0.05589,0.177522
F39->F40,38,16,336.3374,105.7882,0.132355,-0.072784,0.071702,0.05547,0.141873
F39->F40,38,17,319.8095,99.6662,0.018043,-0.025946,0.008411,-0.092783,0.067527
F39->F40,38,18,302.152,99.4403,-0.066621,-0.002114,-0.075439,-0.077716,0.076114
F39->F40,38,19,284.4125,105.2028,-0.122533,0.019624,-0.250017,0.146071,0.179558
F39->F40,38,20,268.1347,116.3856,-0.158477,0.007575,-0.286161,-0.249024,0.286612
F39->F40,38,21,254.2624,131.7931,-0.215964,-0.048877,-0.423161,-0.10701,0.215197
F39->F40,38,22,244.1712,149.7364,-0.356833,-0.105686,-0.417004,-0.059114,0.076088
F39->F40,38,23,239.3588,169.8557,-0.557201,-0.145758,-0.284295,0.005996,0.312261
F39->F40,38,24,237.0708,190.3181,-0.755475,-0.169051,-0.584212,-0.360603,0.25695
F39->F40,38,25,236.5794,211.1342,-0.904182,-0.173019,-0.56382,0.009329,0.386131
F39->F40,38,26,236.9347,231.6396,-1.012472,-0.165029,-0.632125,-0.20651,0.382602
F39->F40,38,27,235.9376,252.2931,-1.055366,-0.150776,-0.327696,0.121204,0.776838
F39->F40,38,28,233.7379,273.1719,-1.047828,-0.137545,-0.735362,0.010207,0.345638
F39->F40,38,29,230.977,294.4472,-1.058935,-0.134018,-0.303448,-0.020985,0.763896
F39->F40,38,30,228.515,315.8872,-1.017839,-0.141484,-0.655659,-0.052037,0.373061
F39->F40,38,31,226.8692,337.2404,-0.954763,-0.160891,-1.043205,0.128073,0.302196
F39->F40,38,32,225.3073,357.8202,-0.860335,-0.163489,-1.394121,0.153293,0.620708
F39->F40,38,33,225.4649,377.0641,-0.706639,-0.132193,-0.299135,0.040914,0.442749
F39->F40,38,34,228.4039,396.4984,-0.542186,-0.070364,-0.585765,-0.094222,0.049683
F39->F40,38,35,233.3441,414.9474,-0.391901,-0.01018,-0.426226,-0.047612,0.050787
F39->F40,38,36,407.4509,419.4502,0.1067,-0.143047,-1.280469,-0.234405,1.390174
F39->F40,38,37,414.0114,398.4132,0.310507,-0.108819,0.291951,0.058344,0.16819
F39->F40,38,38,420.0522,374.3531,0.500256,0.00676,-0.130907,-0.139603,0.647911
F39->F40,38,39,425.7785,352.6707,0.492112,0.023774,0.579682,-0.00316,0.091619
F39->F40,38,40,426.2258,331.8728,0.542596,-0.028702,0.339038,0.137167,0.26258
F39->F40,38,41,422.8005,311.2779,0.681513,-0.081753,0.357685,0.047236,0.348573
F39->F40,38,42,418.7075,290.2441,0.787492,-0.121916,0.799324,-0.10675,0.019235
F39->F40,38,43,414.2785,269.2662,0.826295,-0.144413,0.440626,0.305114,0.592297
F39->F40,38,44,409.6604,248.3241,0.83404,-0.163278,0.482555,0.187116,0.496304
F39->F40,38,45,405.0061,227.351,0.823878,-0.175446,0.637889,-0.235205,0.195354
F39->F40,38,46,400.0191,207.0457,0.74377,-0.172496,1.322405,-0.681061,0.770361
F39->F40,38,47,395.1799,186.5679,0.634315,-0.166791,0.112527,-0.207074,0.523341
F39->F40,38,48,389.1203,166.3511,0.511797,-0.159274,0.247302,0.08257,0.358394
F39->F40,38,49,380.6167,146.6049,0.427929,-0.155113,-0.001865,-0.161809,0.429846
F39->F40,38,50,369.6096,127.6619,0.333322,-0.133786,0.305228,0.114919,0.250287
F39->F40,38,51,355.7724,110.9205,0.224939,-0.060522,0.201072,0.202657,0.264259
F39->F40,38,52,339.4384,98.6832,0.109965,-0.008142,0.114604,0.027215,0.03566
F39->F40,38,53,320.896,92.756,0.011433,0.028535,0.089977,-0.062092,0.119927
F39->F40,38,54,301.6286,93.2302,-0.077175,0.046482,-0.02106,-0.11562,0.17154
F39->F40,38,55,282.0813,99.4759,-0.118877,0.061128,-0.178693,0.238408,0.187099
F39->F40,38,56,264.6375,111.8427,-0.14457,0.028626,-0.557797,-0.243112,0.494569
F39->F40,38,57,250.3899,128.7801,-0.185215,-0.037545,-0.358577,-0.064312,0.175417
F39->F40,38,58,239.5766,147.8093,-0.31382,-0.10461,-0.345072,-0.145155,0.051192
F39->F40,38,59,233.1318,168.6183,-0.47402,-0.145576,-0.268424,-0.052816,0.225553
F39->F40,38,60,229.5075,189.4883,-0.663582,-0.17438,-0.546022,-0.466225,0.314633
F39->F40,38,61,228.4042,210.3169,-0.850214,-0.184407,-0.222773,0.093132,0.686083
F39->F40,38,62,228.4527,230.9456,-1.001505,-0.182396,-0.609928,-0.189392,0.391639
F39->F40,38,63,227.2832,251.6475,-1.034353,-0.164262,-0.350174,0.150793,0.753234
F39->F40,38,64,224.9265,272.5247,-0.988992,-0.148368,-0.458356,0.140389,0.604115
F39->F40,38,65,222.2449,293.8399,-0.962622,-0.140159,-0.467375,0.216199,0.610132
F39->F40,38,66,220.1138,315.2304,-0.939818,-0.139301,0.344323,0.077911,1.302382
F39->F40,38,67,218.0963,336.7937,-0.880623,-0.150924,-0.775685,0.060874,0.236369
F39->F40,38,68,215.8134,357.4926,-0.790318,-0.147129,-1.350459,0.201072,0.659546
F39->F40,38,69,215.7695,377.7309,-0.630265,-0.122106,0.099724,-0.035636,0.735092
F39->F40,38,70,219.6232,397.9296,-0.456092,-0.080208,-0.585873,-0.178178,0.162608
F39->F40,38,71,227.5325,416.6079,-0.361827,0.014366,-0.269043,-0.050952,0.11347
F39->F40,38,72,414.629,420.759,0.063213,-0.068886,-0.638102,-0.023276,0.702797
F39->F40,38,73,421.0251,399.2693,0.29544,8.7e-05,0.659026,-0.194919,0.41258
F39->F40,38,74,427.4354,375.5123,0.447844,0.095707,0.246054,-0.133445,0.305336
F39->F40,38,75,432.4444,353.0789,0.410299,0.097568,0.759163,-0.07665,0.389946
F39->F40,38,76,432.1732,331.3486,0.470447,0.023278,0.590161,-0.123331,0.189276
F39->F40,38,77,429.9827,310.3072,0.611825,-0.048568,0.363877,0.087243,0.282707
F39->F40,38,78,426.1318,288.811,0.727306,-0.098661,0.896949,-0.150046,0.177254
F39->F40,38,79,422.6362,267.2136,0.770736,-0.131838,0.321504,0.149577,0.530098
F39->F40,38,80,419.2686,245.6681,0.767065,-0.15216,0.547853,-0.264004,0.246096
F39->F40,38,81,415.1524,224.7161,0.729468,-0.163811,0.291762,0.222527,0.583818
F39->F40,38,82,410.2056,204.2614,0.652763,-0.165128,0.464454,0.271872,0.475846
F39->F40,38,83,404.4725,183.6486,0.551919,-0.159548,0.320138,-0.045451,0.258342
F39->F40,38,84,398.052,162.9729,0.432421,-0.149729,0.114381,0.108188,0.409476
F39->F40,38,85,388.5707,142.6651,0.349067,-0.137004,-0.016713,-0.224597,0.376122
F39->F40,38,86,376.4824,122.6108,0.279741,-0.101213,0.331373,0.184341,0.290184
F39->F40,38,87,360.8284,104.9237,0.191175,-0.036018,0.078567,0.138566,0.207751
F39->F40,38,88,342.4894,91.9741,0.095651,0.033617,0.213927,0.084996,0.128953
F39->F40,38,89,321.8528,86.3559,0.00535,0.065519,-0.003256,0.078707,0.015748
F39->F40,38,90,300.7376,87.2878,-0.07882,0.085659,0.016685,0.136976,0.108419
F39->F40,38,91,279.6636,94.1052,-0.116782,0.088738,-0.298521,0.378036,0.341647
F39->F40,38,92,260.7423,107.6505,-0.130297,0.028598,-0.565215,-0.310854,0.551708
F39->F40,38,93,246.6729,125.9797,-0.184098,-0.043415,-0.28416,0.074657,0.154769
F39->F40,38,94,235.026,146.0417,-0.280513,-0.114525,-0.378963,-0.163332,0.109884
F39->F40,38,95,226.9694,167.4197,-0.398728,-0.157844,-0.598799,-0.290824,0.240233
F39->F40,38,96,221.8186,188.6977,-0.574812,-0.183264,-1.212312,-0.613032,0.768835
F39->F40,38,97,220.3826,209.6083,-0.79865,-0.199434,-0.273335,0.131223,0.620718
F39->F40,38,98,219.8499,230.3021,-0.962519,-0.199225,-0.202343,0.046365,0.798863
F39->F40,38,99,218.366,250.9781,-1.015209,-0.178551,-1.069356,-0.112255,0.085598
F39->F40,38,100,216.2203,271.9182,-0.942113,-0.155581,-0.713467,-0.196727,0.232319
F39->F40,38,101,213.6733,293.1265,-0.89648,-0.139672,-0.728211,-0.209028,0.182002
F39->F40,38,102,211.7545,314.6342,-0.880138,-0.131028,-0.884986,-0.041093,0.090065
F39->F40,38,103,209.4527,336.3744,-0.821279,-0.124258,3.433728,9.61928,10.632103
F39->F40,38,104,206.8146,357.3689,-0.729676,-0.110609,-1.27249,0.280993,0.669327
F39->F40,38,105,206.1677,378.44,-0.570156,-0.081759,-1.345557,-0.028885,0.777201
F39->F40,38,106,210.7786,398.9069,-0.393379,-0.069969,-0.41201,-0.084381,0.023554
F39->F40,38,107,221.4899,417.9856,-0.329847,0.012643,-1.187371,-0.02675,0.858429
F39->F40,38,108,421.5473,421.8104,0.028896,0.001446,-0.146674,0.03204,0.178216
F39->F40,38,109,427.6801,399.9365,0.283896,0.070461,0.872332,-0.082573,0.60801
F39->F40,38,110,435.0779,377.0634,0.409367,0.164233,0.312394,0.214894,0.109409
F39->F40,38,111,437.9503,353.4907,0.403708,0.153257,0.099443,0.08535,0.311751
F39->F40,38,112,438.2351,331.0678,0.464128,0.081317,0.678182,-0.056773,0.254731
F39->F40,38,113,436.2604,309.4965,0.566313,-0.014986,0.527986,-0.21904,0.207622
F39->F40,38,114,433.5918,287.4404,0.674388,-0.079221,0.234939,-0.009598,0.44493
F39->F40,38,115,430.9922,265.2839,0.715691,-0.122469,0.26306,0.040214,0.480978
F39->F40,38,116,428.5513,243.2885,0.704036,-0.147581,0.434596,0.012089,0.313197
F39->F40,38,117,425.1748,222.1784,0.651551,-0.158542,0.486219,0.405767,0.58803
F39->F40,38,118,420.086,201.6424,0.578686,-0.165756,0.643744,-0.058749,0.125231
F39->F40,38,119,414.1155,180.6414,0.484712,-0.160287,0.5358,-0.214656,0.074606
F39->F40,38,120,406.3707,159.8552,0.375984,-0.151673,-0.101261,-0.058638,0.486229
F39->F40,38,121,396.4471,138.7585,0.300513,-0.137128,0.094695,-0.01493,0.239361
F39->F40,38,122,383.1218,117.7624,0.234471,-0.090552,0.213639,0.011639,0.104293
F39->F40,38,123,365.9077,98.897,0.15864,-0.012761,0.225823,0.228096,0.25005
F39->F40,38,124,345.5282,85.7562,0.074346,0.043011,0.20149,0.158719,0.171912
F39->F40,38,125,323.0441,80.1015,-0.010367,0.088962,0.044331,0.150735,0.082509
F39->F40,38,126,299.8166,81.4831,-0.072531,0.116671,0.117535,0.155303,0.193952
F39->F40,38,127,277.1504,88.8933,-0.109609,0.104641,-0.100897,0.336954,0.232476
F39->F40,38,128,256.9284,103.5288,-0.124582,0.012016,-0.018654,-0.111799,0.162944
F39->F40,38,129,242.6182,123.1791,-0.174642,-0.059266,-0.102377,0.035724,0.119354
F39->F40,38,130,230.6359,144.483,-0.254568,-0.137845,-0.353649,-0.099514,0.106237
F39->F40,38,131,221.0716,166.5306,-0.341381,-0.188755,-0.486182,-0.18826,0.144802
F39->F40,38,132,214.717,188.0706,-0.509916,-0.201348,-0.372775,-0.098899,0.171182
F39->F40,38,133,212.2197,208.9049,-0.738927,-0.219905,-0.250875,-0.019372,0.527644
F39->F40,38,134,210.7654,229.5702,-0.909785,-0.213528,-0.094319,0.06786,0.862649
F39->F40,38,135,209.3091,250.3336,-0.959255,-0.190758,-0.609271,-0.26965,0.358765
F39->F40,38,136,207.4283,271.3241,-0.892333,-0.163118,-0.288443,-0.095701,0.607641
F39->F40,38,137,205.2159,292.41,-0.839196,-0.137244,-0.242757,0.014126,0.615347
F39->F40,38,138,203.1982,313.8997,-0.83061,-0.114918,-0.874828,0.073579,0.193614
F39->F40,38,139,200.9514,335.5328,-0.767874,-0.098687,-1.336127,0.113728,0.606656
F39->F40,38,140,198.117,357.0184,-0.679018,-0.062425,-1.633294,-0.175514,0.960954
F39->F40,38,141,196.4416,378.8184,-0.532825,-0.005169,-2.244952,0.295443,1.738317
F39->F40,38,142,202.2203,400.8525,-0.381396,-0.004143,0.046436,-0.026288,0.428405
F39->F40,38,143,215.7826,419.2395,-0.303081,0.010261,-1.734579,-0.074207,1.433988
F39->F40,38,144,428.7129,422.8297,-0.002695,0.057859,-0.442557,0.10628,0.442519
F39->F40,38,145,434.4029,401.3723,0.258944,0.128659,0.693633,-0.177417,0.531636
F39->F40,38,146,441.2457,378.3235,0.380119,0.213129,-0.013767,-0.485152,0.801713
F39->F40,38,147,443.4396,354.0271,0.424726,0.207527,-0.2137,-0.025192,0.679519
F39->F40,38,148,443.6324,330.9538,0.478306,0.123417,0.568855,-0.036623,0.183879
F39->F40,38,149,442.4441,308.6011,0.554898,0.009254,0.141416,0.10603,0.424657
F39->F40,38,150,440.8425,286.1401,0.635957,-0.066778,0.057966,-0.101607,0.579039
F39->F40,38,151,439.3666,263.2892,0.661944,-0.116225,0.011108,-0.136791,0.65116
F39->F40,38,152,437.8661,240.8909,0.639341,-0.146871,0.372673,0.092873,0.358593
F39->F40,38,153,435.0077,219.7299,0.580357,-0.159423,0.248112,0.095769,0.41894
F39->F40,38,154,430.0259,198.986,0.515007,-0.170563,0.336908,0.092979,0.318078
F39->F40,38,155,423.1724,177.9205,0.430607,-0.168999,20.0,-19.494379,27.503299
F39->F40,38,156,414.6185,156.7736,0.342187,-0.169424,20.0,-20.0,27.922775
F39->F40,38,157,403.9569,135.0533,0.270153,-0.150256,0.357105,0.176417,0.338047
F39->F40,38,158,389.7353,113.0952,0.195635,-0.090523,0.154374,-0.034361,0.069689
F39->F40,38,159,370.9203,93.3808,0.126021,-0.012833,0.07008,-0.062689,0.074933
F39->F40,38,160,348.6861,79.7912,0.047077,0.043132,20.0,-20.0,28.281554
F39->F40,38,161,323.9414,74.3649,-0.017211,0.091031,-0.052626,0.088769,0.035488
F39->F40,38,162,298.865,75.8754,-0.06274,0.135885,0.082811,0.226341,0.17137
F39->F40,38,163,274.2914,84.1233,-0.094382,0.099846,0.025528,0.094102,0.120048
F39->F40,38,164,253.0042,99.5913,-0.116022,-0.010804,-0.008997,-0.080747,0.127853
F39->F40,38,165,238.481,120.6483,-0.171436,-0.090548,-0.162867,0.039093,0.129923
F39->F40,38,166,226.0346,142.9566,-0.236403,-0.169756,-0.267091,-0.008034,0.164607
F39->F40,38,167,215.0442,165.5859,-0.308627,-0.231886,-0.21078,-0.099976,0.164238
F39->F40,38,168,207.6112,187.4972,-0.461992,-0.239517,-0.422574,-0.03388,0.20938
F39->F40,38,169,203.8337,208.2974,-0.674436,-0.251151,-0.638259,-0.377505,0.131431
F39->F40,38,170,201.7788,228.8591,-0.834058,-0.233086,0.065167,-0.011979,0.92601
F39->F40,38,171,200.2065,249.6814,-0.894853,-0.204199,-0.48123,-0.022983,0.451579
F39->F40,38,172,198.6073,270.701,-0.836939,-0.171565,0.10022,-0.181458,0.937211
F39->F40,38,173,196.692,291.7325,-0.788396,-0.135526,-0.503086,-0.092664,0.288512
F39->F40,38,174,194.8184,312.8517,-0.783389,-0.098193,-0.281685,0.152962,0.561058
F39->F40,38,175,192.3222,334.6766,-0.726773,-0.05785,-0.918388,-0.093991,0.194993
F39->F40,38,176,189.3657,356.3003,-0.643943,-0.004102,-1.225408,0.008301,0.581597
F39->F40,38,177,186.8761,379.4317,-0.502307,0.073662,-4.971324,6.879051,8.141587
F39->F40,38,178,193.4359,403.4072,-0.407031,0.053205,0.214695,0.058996,0.621753
F39->F40,38,179,210.1682,420.5086,-0.296481,0.018108,-1.97954,-0.031629,1.683794
F40->F41,39,0,400.1354,419.2059,0.101386,-0.243939,2.636935,-0.858397,2.60894
F40->F41,39,1,407.7754,398.2682,0.278461,-0.231998,1.053737,-0.028444,0.801553
F40->F41,39,2,412.777,374.5045,0.489806,-0.136739,1.662004,-0.227364,1.175697
F40->F41,39,3,416.8312,353.1173,0.580128,-0.106467,0.499333,0.411599,0.524328
F40->F41,39,4,418.8492,332.2028,0.62224,-0.113473,0.876014,0.039212,0.296165
F40->F41,39,5,415.5801,312.3674,0.712262,-0.136577,0.407248,0.186513,0.44432
F40->F41,39,6,411.6123,291.7161,0.78011,-0.15363,0.357554,0.23471,0.5739
F40->F41,39,7,406.6635,271.272,0.806379,-0.162669,0.374846,0.056427,0.483967
F40->F41,39,8,401.2471,250.7001,0.840156,-0.181743,0.30822,0.070344,0.588646
F40->F41,39,9,395.6218,230.0899,0.846283,-0.187774,0.403236,0.007721,0.484261
F40->F41,39,10,390.512,209.7731,0.789248,-0.183161,0.155672,0.145824,0.713898
F40->F41,39,11,385.5417,189.8445,0.685824,-0.173622,0.517734,-0.198886,0.169978
F40->F41,39,12,380.0387,170.0629,0.59304,-0.178125,0.233292,-0.26694,0.370549
F40->F41,39,13,373.1129,150.6996,0.490341,-0.176549,0.440377,-0.011449,0.172495
F40->F41,39,14,363.4191,132.9804,0.367694,-0.165936,0.282969,0.017212,0.201796
F40->F41,39,15,350.9367,117.3125,0.250956,-0.110898,0.239487,0.023374,0.134762
F40->F41,39,16,336.4698,105.7154,0.123504,-0.065117,-0.105272,-0.106186,0.232434
F40->F41,39,17,319.8276,99.6402,0.015971,-0.020717,0.022398,0.201135,0.221945
F40->F41,39,18,302.0853,99.4382,-0.063359,0.00084,-0.033002,0.055851,0.062832
F40->F41,39,19,284.29,105.2224,-0.115713,0.018661,-0.046636,-0.086688,0.125976
F40->F41,39,20,267.9763,116.3932,-0.148717,0.005384,-0.036512,0.078111,0.133713
F40->F41,39,21,254.0464,131.7442,-0.201565,-0.048559,-0.099431,0.182498,0.252623
F40->F41,39,22,243.8143,149.6307,-0.332372,-0.102913,-0.399843,-0.079438,0.071438
F40->F41,39,23,238.8016,169.7099,-0.516979,-0.141994,-0.010377,-0.093819,0.508888
F40->F41,39,24,236.3153,190.149,-0.702342,-0.166872,0.0972,0.032252,0.823965
F40->F41,39,25,235.6752,210.9612,-0.846512,-0.176227,-0.199665,-0.208381,0.647646
F40->F41,39,26,235.9223,231.4746,-0.950566,-0.173027,-0.221439,-0.154763,0.729355
F40->F41,39,27,234.8822,252.1423,-0.987155,-0.163429,-0.49839,0.118068,0.564031
F40->F41,39,28,232.6901,273.0344,-0.971327,-0.154356,-0.70739,-0.144699,0.264114
F40->F41,39,29,229.918,294.3131,-0.980185,-0.153877,-0.989204,0.044685,0.198767
F40->F41,39,30,227.4972,315.7457,-0.947049,-0.164314,-0.736741,0.118764,0.35265
F40->F41,39,31,225.9144,337.0795,-0.888842,-0.185677,-0.539953,-0.07974,0.364617
F40->F41,39,32,224.4469,357.6567,-0.803858,-0.190609,-0.106535,-0.058264,0.709771
F40->F41,39,33,224.7583,376.9319,-0.660394,-0.16332,-0.591076,-0.069944,0.116294
F40->F41,39,34,227.8617,396.428,-0.510069,-0.106092,-1.140325,-0.022496,0.635776
F40->F41,39,35,232.9522,414.9372,-0.369819,-0.053869,0.893464,-0.013418,1.263931
F40->F41,39,36,407.5576,419.3072,0.076539,-0.183181,2.609709,-0.838526,2.616567
F40->F41,39,37,414.3219,398.3044,0.26103,-0.151638,0.829929,-0.041535,0.579455
F40->F41,39,38,420.5525,374.3599,0.439284,-0.033255,1.179384,-0.006455,0.740585
F40->F41,39,39,426.2706,352.6945,0.436472,-0.010035,-0.851024,0.98813,1.629104
F40->F41,39,40,426.7684,331.8441,0.485501,-0.052008,0.87065,0.057026,0.400285
F40->F41,39,41,423.4821,311.1962,0.616271,-0.097053,0.406246,0.292038,0.442156
F40->F41,39,42,419.495,290.1222,0.715399,-0.131523,0.271593,0.115865,0.508099
F40->F41,39,43,415.1048,269.1217,0.754471,-0.150304,0.371146,0.065404,0.43985
F40->F41,39,44,410.4944,248.1608,0.761938,-0.165329,0.359468,0.089239,0.476222
F40->F41,39,45,405.83,227.1755,0.74966,-0.172876,0.163458,0.014462,0.615409
F40->F41,39,46,400.7629,206.8732,0.677046,-0.167475,0.447087,0.200511,0.43393
F40->F41,39,47,395.8142,186.4011,0.579498,-0.160242,0.377879,0.04455,0.287385
F40->F41,39,48,389.6321,166.1918,0.469089,-0.151497,-0.310374,-0.301584,0.793782
F40->F41,39,49,381.0446,146.4498,0.393153,-0.146046,0.370916,0.150964,0.297841
F40->F41,39,50,369.9429,127.5281,0.308639,-0.125404,0.137004,-0.032452,0.195189
F40->F41,39,51,355.9974,110.86,0.210372,-0.055238,0.19942,0.024157,0.080147
F40->F41,39,52,339.5483,98.675,0.102835,-0.0049,0.020119,-0.119653,0.141457
F40->F41,39,53,320.9074,92.7845,0.010221,0.029794,0.039296,0.111989,0.087185
F40->F41,39,54,301.5514,93.2767,-0.072728,0.045619,-0.110959,0.08937,0.058101
F40->F41,39,55,281.9624,99.537,-0.111443,0.056321,-0.113153,-0.014108,0.070449
F40->F41,39,56,264.493,111.8713,-0.134874,0.023384,0.041737,0.033917,0.176925
F40->F41,39,57,250.2047,128.7426,-0.172647,-0.039306,-0.074341,0.269536,0.324109
F40->F41,39,58,239.2628,147.7047,-0.292748,-0.103284,-0.406838,-0.162674,0.128622
F40->F41,39,59,232.6578,168.4727,-0.440248,-0.143335,-0.104866,-0.19296,0.339033
F40->F41,39,60,228.8439,189.3139,-0.617586,-0.173438,-0.032328,0.006673,0.612345
F40->F41,39,61,227.5539,210.1325,-0.796008,-0.187877,-0.210399,-0.073727,0.596631
F40->F41,39,62,227.4512,230.7632,-0.939646,-0.190222,-0.393698,-0.307038,0.558305
F40->F41,39,63,226.2488,251.4832,-0.968616,-0.176533,-0.697631,-0.285106,0.291926
F40->F41,39,64,223.9375,272.3764,-0.919607,-0.164482,-0.598708,-0.215113,0.324869
F40->F41,39,65,221.2823,293.6998,-0.894293,-0.160031,-0.746975,-0.092488,0.162063
F40->F41,39,66,219.174,315.0911,-0.877709,-0.161984,-0.359298,0.361265,0.736572
F40->F41,39,67,217.2156,336.6428,-0.822905,-0.175463,-0.145828,0.141183,0.747461
F40->F41,39,68,215.0231,357.3455,-0.740977,-0.173515,0.168244,-0.133058,0.910121
F40->F41,39,69,215.1393,377.6088,-0.593004,-0.151042,1.061796,0.847441,1.9327
F40->F41,39,70,219.1671,397.8494,-0.432949,-0.116239,-0.280941,0.228883,0.377114
F40->F41,39,71,227.1707,416.6223,-0.342271,-0.032284,0.597258,0.106617,0.94974
F40->F41,39,72,414.6922,420.6901,0.033464,-0.112324,1.855373,-0.726968,1.922795
F40->F41,39,73,421.3205,399.2694,0.246362,-0.04896,-0.170973,-0.027882,0.417866
F40->F41,39,74,427.8833,375.608,0.390324,0.045895,0.833677,-0.115213,0.471717
F40->F41,39,75,432.8547,353.1765,0.364984,0.057502,-1.150618,1.025291,1.79824
F40->F41,39,76,432.6436,331.3719,0.426566,-0.004073,0.8456,-0.002012,0.419039
F40->F41,39,77,430.5946,310.2587,0.556324,-0.066928,0.749459,-0.074876,0.193299
F40->F41,39,78,426.8591,288.7124,0.662856,-0.110627,0.509836,-0.227524,0.192561
F40->F41,39,79,423.4069,267.0817,0.704852,-0.139263,0.415922,0.140488,0.402171
F40->F41,39,80,420.0356,245.5159,0.701486,-0.155538,2.106462,-0.883374,1.58231
F40->F41,39,81,415.8819,224.5523,0.664566,-0.163326,0.211977,-0.057288,0.464845
F40->F41,39,82,410.8583,204.0963,0.594778,-0.161762,0.383067,0.138207,0.367155
F40->F41,39,83,405.0244,183.4891,0.504542,-0.154781,-0.035579,0.021488,0.568156
F40->F41,39,84,398.4845,162.8232,0.396947,-0.144273,-0.351762,-0.188673,0.750025
F40->F41,39,85,388.9197,142.5281,0.321345,-0.130997,0.413603,0.213426,0.356565
F40->F41,39,86,376.7621,122.5096,0.259248,-0.096534,0.029141,-0.021067,0.242167
F40->F41,39,87,361.0196,104.8877,0.17904,-0.033388,0.11319,0.035404,0.095229
F40->F41,39,88,342.5851,92.0077,0.089534,0.033634,0.25344,0.003166,0.166713
F40->F41,39,89,321.8581,86.4214,0.004731,0.064101,0.122242,0.17739,0.163228
F40->F41,39,90,300.6587,87.3735,-0.073991,0.081584,-0.111608,0.062022,0.0424
F40->F41,39,91,279.5469,94.194,-0.108626,0.080882,-0.104065,-0.006055,0.087056
F40->F41,39,92,260.612,107.6791,-0.120302,0.02132,0.066913,0.085808,0.198011
F40->F41,39,93,246.4888,125.9363,-0.171403,-0.046107,-0.098984,0.271685,0.325939
F40->F41,39,94,234.7454,145.9272,-0.261904,-0.113745,-0.329563,-0.076645,0.077163
F40->F41,39,95,226.5706,167.2619,-0.371047,-0.15613,-0.070748,-0.252278,0.315316
F40->F41,39,96,221.2438,188.5144,-0.536013,-0.183432,-0.215157,-0.005123,0.367073
F40->F41,39,97,219.5839,209.4088,-0.747944,-0.202885,-0.128866,-0.102318,0.627192
F40->F41,39,98,218.8874,230.1029,-0.901744,-0.206666,-0.379607,-0.089425,0.535138
F40->F41,39,99,217.3508,250.7996,-0.95079,-0.190527,-0.251584,0.105569,0.759317
F40->F41,39,100,215.2782,271.7627,-0.87856,-0.171602,-0.47087,0.084421,0.481413
F40->F41,39,101,212.7769,292.9868,-0.835873,-0.159596,-0.501985,-0.227484,0.34072
F40->F41,39,102,210.8744,314.5031,-0.824829,-0.154078,-1.455674,0.271069,0.760734
F40->F41,39,103,208.6314,336.2502,-0.770408,-0.149844,-0.261427,0.135608,0.583563
F40->F41,39,104,206.0849,357.2583,-0.686185,-0.138057,-0.425969,0.000179,0.294655
F40->F41,39,105,205.5975,378.3582,-0.541464,-0.111799,-1.026581,0.175017,0.563561
F40->F41,39,106,210.3853,398.837,-0.377682,-0.106377,1.048979,0.841607,1.712903
F40->F41,39,107,221.16,417.9983,-0.312464,-0.034789,0.10194,0.213184,0.48293
F40->F41,39,108,421.5762,421.8119,-0.001387,-0.045894,0.375785,-0.148259,0.390816
F40->F41,39,109,427.964,400.007,0.233922,0.018611,-2.756374,0.925024,3.124653
F40->F41,39,110,435.4872,377.2276,0.352557,0.109436,0.232932,0.058822,0.129892
F40->F41,39,111,438.354,353.644,0.360057,0.109899,-0.651528,1.092262,1.410086
F40->F41,39,112,438.6993,331.1491,0.423302,0.050091,0.550248,-0.112413,0.206211
F40->F41,39,113,436.8267,309.4815,0.51959,-0.036226,0.529738,-0.116841,0.081251
F40->F41,39,114,434.2662,287.3612,0.616865,-0.092996,0.726634,0.010069,0.150571
F40->F41,39,115,431.7079,265.1614,0.655371,-0.130942,1.141854,-0.144653,0.486676
F40->F41,39,116,429.2553,243.1409,0.644312,-0.151865,2.218598,-0.853774,1.723675
F40->F41,39,117,425.8264,222.0199,0.594161,-0.159263,0.170825,-0.075417,0.43156
F40->F41,39,118,420.6647,201.4767,0.527277,-0.16324,0.185879,0.050337,0.402701
F40->F41,39,119,414.6002,180.4811,0.442846,-0.156434,-0.062879,-0.135256,0.506168
F40->F41,39,120,406.7467,159.7035,0.34548,-0.147451,0.231571,-0.020338,0.170684
F40->F41,39,121,396.7476,138.6213,0.276943,-0.132471,0.227147,0.120453,0.257779
F40->F41,39,122,383.3563,117.6718,0.217706,-0.087833,0.061997,-0.093177,0.1558
F40->F41,39,123,366.0663,98.8843,0.148891,-0.012674,-0.030971,-0.191946,0.253946
F40->F41,39,124,345.6025,85.7992,0.06961,0.042192,0.039708,0.012564,0.042095
F40->F41,39,125,323.0337,80.1905,-0.009989,0.086072,0.245399,0.149249,0.263086
F40->F41,39,126,299.7441,81.5998,-0.067874,0.110048,-0.141076,0.054982,0.091602
F40->F41,39,127,277.0408,88.9979,-0.100932,0.094382,-0.274515,0.227079,0.218494
F40->F41,39,128,256.8038,103.5408,-0.114282,0.004254,0.054311,0.127557,0.208872
F40->F41,39,129,242.4436,123.1198,-0.162143,-0.0622,-0.02358,0.2288,0.322306
F40->F41,39,130,230.3813,144.3452,-0.237648,-0.136484,-0.31889,-0.070111,0.104908
F40->F41,39,131,220.7302,166.3418,-0.319337,-0.186429,-0.095039,-0.221528,0.227028
F40->F41,39,132,214.2071,187.8693,-0.476604,-0.201916,-0.265099,0.073011,0.34687
F40->F41,39,133,211.4807,208.685,-0.691934,-0.222869,-0.282927,-0.069477,0.436825
F40->F41,39,134,209.8557,229.3567,-0.851667,-0.220487,-0.234895,-0.145412,0.621325
F40->F41,39,135,208.3498,250.1428,-0.899179,-0.202262,-0.51857,-0.358373,0.41138
F40->F41,39,136,206.5359,271.1609,-0.834617,-0.179049,-0.617084,-0.046114,0.254937
F40->F41,39,137,204.3767,292.2728,-0.785522,-0.157244,-0.318804,0.040222,0.506772
F40->F41,39,138,202.3676,313.7847,-0.781003,-0.138787,-0.773684,0.155443,0.294321
F40->F41,39,139,200.1835,335.4341,-0.723222,-0.125505,-0.039983,0.072679,0.711402
F40->F41,39,140,197.438,356.956,-0.640969,-0.091968,-0.977891,-0.121911,0.33825
F40->F41,39,141,195.9088,378.8132,-0.509723,-0.038403,-0.833536,-0.026597,0.324028
F40->F41,39,142,201.8389,400.8483,-0.367696,-0.043265,-1.050344,0.11938,0.701756
F40->F41,39,143,215.4795,419.2497,-0.287763,-0.036942,-0.815966,0.066158,0.538171
F40->F41,39,144,428.7102,422.8876,-0.032797,0.00841,0.221591,-0.182132,0.317836
F40->F41,39,145,434.6618,401.5009,0.209002,0.073358,-3.392817,0.847466,3.684066
F40->F41,39,146,441.6258,378.5366,0.324101,0.155792,0.505065,-0.155497,0.360069
F40->F41,39,147,443.8643,354.2347,0.379834,0.161613,-0.277504,0.803171,0.918526
F40->F41,39,148,444.1107,331.0772,0.437934,0.089659,0.657249,-0.137439,0.315709
F40->F41,39,149,442.999,308.6103,0.51091,-0.013755,0.678311,-0.141709,0.210702
F40->F41,39,150,441.4784,286.0733,0.583622,-0.081881,0.742237,0.051909,0.207506
F40->F41,39,151,440.0286,263.173,0.606485,-0.125619,0.516364,0.005439,0.159053
F40->F41,39,152,438.5054,240.744,0.585153,-0.151825,1.903738,-1.063652,1.603152
F40->F41,39,153,435.5881,219.5704,0.529351,-0.160591,-0.024919,0.086299,0.60677
F40->F41,39,154,430.5409,198.8154,0.469334,-0.168304,0.274865,0.035615,0.281782
F40->F41,39,155,423.603,177.7515,0.393184,-0.165333,20.0,-20.0,27.889806
F40->F41,39,156,414.9607,156.6042,0.313768,-0.164636,20.0,-20.0,27.946188
F40->F41,39,157,404.2271,134.903,0.249265,-0.145641,0.092536,-0.206578,0.168158
F40->F41,39,158,389.9309,113.0047,0.182108,-0.088591,0.010725,0.009786,0.197611
F40->F41,39,159,371.0463,93.368,0.118238,-0.013011,0.013168,0.036232,0.116038
F40->F41,39,160,348.7332,79.8343,0.044253,0.04209,20.0,-20.0,28.282808
F40->F41,39,161,323.9242,74.4559,-0.016148,0.087956,0.087289,0.003121,0.133777
F40->F41,39,162,298.8022,76.0113,-0.058554,0.127828,-0.098803,0.008331,0.126093
F40->F41,39,163,274.197,84.2231,-0.085601,0.088373,-0.212378,0.280652,0.230312
F40->F41,39,164,252.8882,99.5805,-0.105494,-0.0183,0.088329,0.120188,0.238215
F40->F41,39,165,238.3095,120.5577,-0.158863,-0.092203,-0.056202,0.051243,0.176398
F40->F41,39,166,225.7982,142.7868,-0.221043,-0.16675,-0.238283,-0.066454,0.101767
F40->F41,39,167,214.7355,165.354,-0.290289,-0.227927,-0.266415,-0.141148,0.090004
F40->F41,39,168,207.1492,187.2577,-0.432643,-0.238369,-0.271115,0.236012,0.501128
F40->F41,39,169,203.1592,208.0463,-0.631366,-0.252633,-0.155833,-0.132138,0.490562
F40->F41,39,170,200.9448,228.626,-0.7805,-0.239097,-0.331381,-0.139591,0.46001
F40->F41,39,171,199.3116,249.4772,-0.839468,-0.215121,-1.695872,-0.879062,1.083626
F40->F41,39,172,197.7703,270.5294,-0.785555,-0.187324,-0.688129,-0.228024,0.105585
F40->F41,39,173,195.9036,291.5969,-0.740445,-0.155771,-0.239904,-0.042684,0.513157
F40->F41,39,174,194.035,312.7535,-0.739105,-0.123001,-0.710739,0.063133,0.188283
F40->F41,39,175,191.5954,334.6188,-0.686966,-0.087138,-0.696866,-0.187429,0.100778
F40->F41,39,176,188.7218,356.2962,-0.609374,-0.036424,-0.720113,-0.096833,0.126144
F40->F41,39,177,186.3738,379.5053,-0.482993,0.036291,-2.08763,-0.904483,1.860085
F40->F41,39,178,193.0289,403.4604,-0.390838,0.011909,-1.028022,0.097647,0.642926
F40->F41,39,179,209.8717,420.5267,-0.280763,-0.02913,-0.718778,0.082096,0.451916
F41->F42,40,0,400.2368,418.9619,0.069003,-0.275584,-0.232669,0.091109,0.474837
F41->F42,40,1,408.0539,398.0362,0.22935,-0.264713,-0.395055,-0.229519,0.625396
F41->F42,40,2,413.2668,374.3678,0.425583,-0.162969,-0.101942,0.036167,0.563859
F41->F42,40,3,417.4114,353.0109,0.511238,-0.126283,-0.431379,-0.204976,0.945896
F41->F42,40,4,419.4714,332.0893,0.549729,-0.126897,-0.035777,-0.297768,0.60993
F41->F42,40,5,416.2924,312.2309,0.635083,-0.144765,0.68043,-0.149249,0.045568
F41->F42,40,6,412.3924,291.5625,0.699838,-0.157726,0.797189,-0.103626,0.111374
F41->F42,40,7,407.4698,271.1094,0.727191,-0.16365,0.420009,0.092183,0.399764
F41->F42,40,8,402.0872,250.5184,0.757942,-0.179032,0.594026,-0.168176,0.164276
F41->F42,40,9,396.4681,229.9022,0.761814,-0.180879,0.288588,0.039503,0.522026
F41->F42,40,10,391.3013,209.59,0.710639,-0.173916,0.495319,0.118628,0.363241
F41->F42,40,11,386.2275,189.6708,0.620169,-0.16343,0.648378,-0.10529,0.064622
F41->F42,40,12,380.6318,169.8848,0.538464,-0.165644,0.585001,-0.250864,0.097099
F41->F42,40,13,373.6033,150.523,0.446877,-0.162484,0.291683,0.161697,0.359415
F41->F42,40,14,363.7868,132.8145,0.337558,-0.151809,0.32328,0.260751,0.412806
F41->F42,40,15,351.1877,117.2016,0.232682,-0.099642,-0.043298,-0.068486,0.277733
F41->F42,40,16,336.5933,105.6503,0.114662,-0.057069,0.082087,-0.10237,0.055798
F41->F42,40,17,319.8436,99.6195,0.013838,-0.015429,0.080723,-0.030497,0.068561
F41->F42,40,18,302.022,99.4391,-0.060387,0.004119,-0.038436,0.006586,0.022089
F41->F42,40,19,284.1742,105.2411,-0.109153,0.018387,-0.109459,0.065939,0.047553
F41->F42,40,20,267.8276,116.3986,-0.139015,0.003841,-0.224363,-0.076995,0.117553
F41->F42,40,21,253.8448,131.6956,-0.186707,-0.047577,-0.181061,-0.056532,0.010587
F41->F42,40,22,243.482,149.5278,-0.305736,-0.099824,-0.426093,-0.000514,0.156039
F41->F42,40,23,238.2846,169.5679,-0.471842,-0.137419,-0.063362,-0.063268,0.415155
F41->F42,40,24,235.613,189.9821,-0.640142,-0.163542,-0.422415,-0.004513,0.269621
F41->F42,40,25,234.8287,210.7849,-0.775153,-0.176958,-0.624962,-0.138607,0.155011
F41->F42,40,26,234.9717,231.3016,-0.870013,-0.177731,-0.59143,-0.133817,0.282023
F41->F42,40,27,233.8951,251.9789,-0.898683,-0.172003,-0.640395,-0.013987,0.30279
F41->F42,40,28,231.7187,272.88,-0.87615,-0.166024,-0.372896,0.062157,0.552568
F41->F42,40,29,228.9379,294.1593,-0.883926,-0.1682,-0.487621,0.062482,0.458553
F41->F42,40,30,226.5502,315.5814,-0.858889,-0.180651,-0.17919,0.252907,0.806203
F41->F42,40,31,225.0256,336.8938,-0.808007,-0.202768,-0.140869,0.047666,0.712594
F41->F42,40,32,223.6431,357.4661,-0.735309,-0.209912,-1.036463,0.042719,0.393086
F41->F42,40,33,224.0979,376.7686,-0.606281,-0.186722,-0.212118,0.025322,0.44758
F41->F42,40,34,227.3516,396.322,-0.473676,-0.134543,-0.356513,0.108765,0.270048
F41->F42,40,35,232.5824,414.8833,-0.34603,-0.088574,-0.394364,-0.007439,0.09444
F41->F42,40,36,407.6342,419.124,0.045835,-0.219044,-0.55504,0.18384,0.723441
F41->F42,40,37,414.5829,398.1527,0.212551,-0.185618,-0.355018,-0.252731,0.571523
F41->F42,40,38,420.9917,374.3266,0.378478,-0.069089,0.527373,-0.014556,0.158567
F41->F42,40,39,426.707,352.6845,0.383742,-0.039756,-0.373804,-0.320974,0.808059
F41->F42,40,40,427.2539,331.7921,0.430452,-0.071656,0.199062,-0.083704,0.231703
F41->F42,40,41,424.0983,311.0991,0.550572,-0.109179,0.400429,0.137032,0.288379
F41->F42,40,42,420.2104,289.9906,0.642997,-0.137834,0.717427,-0.078974,0.094891
F41->F42,40,43,415.8592,268.9714,0.681139,-0.152922,0.313951,0.104677,0.448536
F41->F42,40,44,411.2564,247.9955,0.688218,-0.164636,0.326303,0.036946,0.414267
F41->F42,40,45,406.5797,227.0027,0.674587,-0.167984,1.918001,-0.887981,1.436827
F41->F42,40,46,401.44,206.7057,0.609692,-0.160409,1.725227,-1.124508,1.474417
F41->F42,40,47,396.3937,186.2408,0.524524,-0.151929,0.359481,0.297425,0.478704
F41->F42,40,48,390.1012,166.0403,0.42646,-0.142359,0.474463,0.161859,0.307982
F41->F42,40,49,381.4378,146.3038,0.359102,-0.135756,0.346789,0.129293,0.265335
F41->F42,40,50,370.2516,127.4027,0.28408,-0.11562,0.161312,0.130789,0.275299
F41->F42,40,51,356.2077,110.8048,0.195751,-0.048902,0.068277,-0.083229,0.132014
F41->F42,40,52,339.6512,98.6701,0.095581,-0.001318,0.181568,-0.036278,0.092822
F41->F42,40,53,320.9176,92.8143,0.008788,0.031578,-0.007408,0.028595,0.016468
F41->F42,40,54,301.4787,93.3223,-0.068832,0.044917,-0.082408,0.05212,0.015369
F41->F42,40,55,281.8509,99.5934,-0.104406,0.052603,-0.002323,0.06447,0.10277
F41->F42,40,56,264.3581,111.8947,-0.125705,0.019438,-0.048613,-0.041067,0.098001
F41->F42,40,57,250.0321,128.7033,-0.160225,-0.039897,-0.123667,-0.146972,0.113144
F41->F42,40,58,238.9701,147.6014,-0.269822,-0.101243,-0.374063,-0.007292,0.140332
F41->F42,40,59,232.2175,168.3294,-0.401627,-0.140086,-0.009334,-0.116258,0.393016
F41->F42,40,60,228.2263,189.1405,-0.562947,-0.170656,-0.189107,-0.139901,0.375103
F41->F42,40,61,226.7579,209.9447,-0.728157,-0.188564,-1.827099,-0.826306,1.270586
F41->F42,40,62,226.5116,230.573,-0.858075,-0.194223,-0.771789,-0.03097,0.184653
F41->F42,40,63,225.2802,251.3067,-0.881754,-0.184379,-0.520655,-0.076963,0.376737
F41->F42,40,64,223.0179,272.2119,-0.830535,-0.175747,-0.29958,0.069749,0.584963
F41->F42,40,65,220.388,293.5398,-0.808106,-0.173941,-0.295803,0.253957,0.667496
F41->F42,40,66,218.2963,314.9291,-0.797675,-0.178138,0.399504,0.206745,1.257527
F41->F42,40,67,216.3927,336.4673,-0.749597,-0.19283,-0.120421,0.003318,0.659042
F41->F42,40,68,214.2821,357.172,-0.678842,-0.192399,-0.75295,0.022676,0.227485
F41->F42,40,69,214.5463,377.4578,-0.547183,-0.172448,-0.085225,-0.079377,0.47124
F41->F42,40,70,218.7341,397.7332,-0.405079,-0.14462,-0.005678,0.002579,0.425663
F41->F42,40,71,226.8284,416.59,-0.320752,-0.069115,-0.238983,-0.064982,0.081873
F41->F42,40,72,414.7257,420.5778,0.00332,-0.151539,-0.315775,0.002896,0.354503
F41->F42,40,73,421.5669,399.2204,0.197808,-0.092081,0.306997,-0.10461,0.109905
F41->F42,40,74,428.2736,375.6539,0.332443,0.001142,0.379628,0.262621,0.265702
F41->F42,40,75,433.2197,353.234,0.320758,0.022243,0.223254,-0.191693,0.235107
F41->F42,40,76,433.0702,331.3678,0.382207,-0.027632,0.490079,0.053666,0.135076
F41->F42,40,77,431.1509,310.1917,0.498258,-0.081888,0.295359,0.138811,0.299793
F41->F42,40,78,427.5219,288.6018,0.597849,-0.119083,0.443764,0.250313,0.400244
F41->F42,40,79,424.1118,266.9425,0.636045,-0.143122,0.164538,0.168692,0.565285
F41->F42,40,80,420.7371,245.3604,0.633623,-0.155882,-0.093799,-0.189734,0.728208
F41->F42,40,81,416.5465,224.389,0.598122,-0.160003,1.855515,-0.934954,1.47702
F41->F42,40,82,411.4531,203.9345,0.535772,-0.156093,0.239242,-0.099012,0.301974
F41->F42,40,83,405.529,183.3343,0.456683,-0.147884,0.495685,0.237442,0.387295
F41->F42,40,84,398.8814,162.6789,0.361022,-0.136624,0.503301,-0.278593,0.200994
F41->F42,40,85,389.2411,142.3971,0.293946,-0.123213,0.192549,0.000508,0.159964
F41->F42,40,86,377.0214,122.413,0.238994,-0.0901,-0.046998,0.055631,0.320981
F41->F42,40,87,361.1986,104.8543,0.166672,-0.029383,0.108735,0.119032,0.159323
F41->F42,40,88,342.6746,92.0413,0.083497,0.034165,0.071114,0.033518,0.0124
F41->F42,40,89,321.8629,86.4855,0.004048,0.063337,-0.119949,-0.021972,0.150509
F41->F42,40,90,300.5847,87.4551,-0.069545,0.078121,-0.085875,0.034542,0.046537
F41->F42,40,91,279.4382,94.2748,-0.100895,0.074398,0.047501,0.175466,0.179544
F41->F42,40,92,260.4917,107.7004,-0.111289,0.015602,-0.114106,-0.083929,0.099571
F41->F42,40,93,246.3174,125.8902,-0.159215,-0.047558,-0.176841,-0.046831,0.01764
F41->F42,40,94,234.4835,145.8135,-0.241764,-0.111965,-0.183028,0.081179,0.201878
F41->F42,40,95,226.1996,167.1057,-0.338749,-0.153255,-0.185765,-0.186436,0.156541
F41->F42,40,96,220.7078,188.331,-0.488912,-0.181212,-0.132659,-0.039406,0.383439
F41->F42,40,97,218.836,209.2059,-0.682962,-0.203122,-0.21376,-0.222012,0.469582
F41->F42,40,98,217.9856,229.8962,-0.821391,-0.209835,-0.497069,0.196236,0.51969
F41->F42,40,99,216.4,250.6091,-0.864308,-0.197738,-0.86009,-0.100055,0.097774
F41->F42,40,100,214.3996,271.5911,-0.794938,-0.18232,-2.776423,-0.908384,2.11032
F41->F42,40,101,211.941,292.8273,-0.756785,-0.173362,-0.990278,0.028767,0.308828
F41->F42,40,102,210.0496,314.3491,-0.750993,-0.170546,-0.303632,-0.009556,0.475446
F41->F42,40,103,207.861,336.1003,-0.703195,-0.168605,-2.433851,-0.861661,1.864269
F41->F42,40,104,205.3987,357.1202,-0.629413,-0.158155,-0.461461,6.376133,6.536447
F41->F42,40,105,205.056,378.2464,-0.503314,-0.134312,0.290704,-0.128831,0.794037
F41->F42,40,106,210.0076,398.7306,-0.356877,-0.134998,0.081833,0.003869,0.460163
F41->F42,40,107,220.8476,417.9635,-0.292902,-0.071911,-0.511939,-0.225869,0.267732
F41->F42,40,108,421.5748,421.766,-0.032203,-0.08747,0.8239,0.050643,0.867173
F41->F42,40,109,428.1979,400.0256,0.184506,-0.027554,0.808294,-0.108787,0.629055
F41->F42,40,110,435.8398,377.3371,0.297663,0.06042,0.174895,0.144565,0.148837
F41->F42,40,111,438.7141,353.7539,0.315996,0.071585,0.361828,-0.002124,0.086796
F41->F42,40,112,439.1226,331.1992,0.381334,0.023166,0.733657,-0.118369,0.379689
F41->F42,40,113,437.3463,309.4453,0.469562,-0.053985,0.322296,0.114636,0.223876
F41->F42,40,114,434.883,287.2682,0.557752,-0.103189,0.37401,0.254439,0.402069
F41->F42,40,115,432.3632,265.0305,0.590568,-0.135745,0.314036,0.173547,0.414887
F41->F42,40,116,429.8996,242.989,0.581801,-0.152846,0.047718,-0.170699,0.534382
F41->F42,40,117,426.4205,221.8606,0.535153,-0.157028,1.746113,-1.016293,1.484843
F41->F42,40,118,421.192,201.3134,0.474735,-0.15813,0.123952,-0.040026,0.370132
F41->F42,40,119,415.0431,180.3247,0.400271,-0.150218,0.532452,-0.268401,0.17731
F41->F42,40,120,407.0922,159.556,0.314436,-0.14065,0.315105,0.097578,0.238229
F41->F42,40,121,397.0245,138.4889,0.253321,-0.125747,0.127163,0.135532,0.290142
F41->F42,40,122,383.574,117.584,0.200883,-0.082952,-0.067252,-0.143505,0.274886
F41->F42,40,123,366.2152,98.8716,0.138687,-0.010874,0.087086,0.180173,0.197893
F41->F42,40,124,345.6721,85.8414,0.065124,0.042007,-0.024364,0.040368,0.089504
F41->F42,40,125,323.0238,80.2766,-0.009219,0.083575,-0.124006,-0.013516,0.150342
F41->F42,40,126,299.6762,81.7099,-0.063483,0.104267,-0.095115,0.079216,0.04035
F41->F42,40,127,276.9399,89.0923,-0.092843,0.085779,0.080818,-0.026341,0.20671
F41->F42,40,128,256.6895,103.5451,-0.104774,-0.001788,-0.145806,-0.020141,0.04495
F41->F42,40,129,242.2814,123.0576,-0.150229,-0.063799,-0.276866,0.000974,0.142241
F41->F42,40,130,230.1436,144.2087,-0.2196,-0.133946,-0.153413,0.054426,0.199661
F41->F42,40,131,220.4109,166.1554,-0.292677,-0.182666,-0.216239,-0.146378,0.084614
F41->F42,40,132,213.7305,187.6673,-0.435089,-0.199532,-0.03905,-0.053683,0.422042
F41->F42,40,133,210.7888,208.4621,-0.63049,-0.222209,-0.16684,-0.038266,0.498805
F41->F42,40,134,209.004,229.1362,-0.77423,-0.222974,-0.203925,-0.096782,0.5841
F41->F42,40,135,207.4506,249.9406,-0.817343,-0.208945,-1.035816,-0.173784,0.221284
F41->F42,40,136,205.7013,270.9819,-0.756639,-0.18933,-0.912669,-0.265203,0.173499
F41->F42,40,137,203.5912,292.1155,-0.71252,-0.170977,-0.763686,-0.025466,0.154244
F41->F42,40,138,201.5866,313.646,-0.712303,-0.156329,-1.342062,-0.781392,0.887299
F41->F42,40,139,199.4603,335.3086,-0.661656,-0.145528,0.103776,-0.253112,0.772956
F41->F42,40,140,196.7971,356.864,-0.589043,-0.114553,-8.279811,2.093487,8.001459
F41->F42,40,141,195.399,378.7748,-0.47598,-0.065291,-8.593743,-8.116057,11.432975
F41->F42,40,142,201.4712,400.8051,-0.348161,-0.075008,-0.298036,0.149767,0.230296
F41->F42,40,143,215.1917,419.2128,-0.270072,-0.07462,-0.288352,0.035004,0.111138
F41->F42,40,144,428.6774,422.896,-0.064242,-0.035297,4.397168,6.120507,7.602506
F41->F42,40,145,434.8708,401.5743,0.159889,0.024777,1.066614,-0.043426,0.909287
F41->F42,40,146,441.9499,378.6924,0.27242,0.104811,0.305622,0.166114,0.069717
F41->F42,40,147,444.2441,354.3963,0.332884,0.120771,2.733995,-1.041905,2.667798
F41->F42,40,148,444.5486,331.1669,0.39601,0.060074,0.632803,-0.140121,0.310079
F41->F42,40,149,443.5099,308.5966,0.463169,-0.033113,0.620387,-0.136694,0.188273
F41->F42,40,150,442.062,285.9914,0.527861,-0.093341,0.440978,0.28101,0.3843
F41->F42,40,151,440.6351,263.0474,0.54696,-0.13135,0.071817,-0.014299,0.489348
F41->F42,40,152,439.0906,240.5922,0.528531,-0.153276,0.162826,0.191005,0.502265
F41->F42,40,153,436.1174,219.4099,0.476776,-0.15879,0.193974,-0.161473,0.282814
F41->F42,40,154,431.0102,198.6471,0.423015,-0.163469,0.11191,0.006309,0.354417
F41->F42,40,155,423.9962,177.5861,0.354817,-0.158955,20.0,-20.0,27.921324
F41->F42,40,156,415.2745,156.4396,0.286308,-0.157416,20.0,-20.0,27.970659
F41->F42,40,157,404.4763,134.7574,0.227945,-0.138507,0.20282,-0.032423,0.109018
F41->F42,40,158,390.113,112.9161,0.168346,-0.084314,0.050644,-0.033936,0.12803
F41->F42,40,159,371.1645,93.355,0.110276,-0.011449,0.06636,-0.075189,0.077405
F41->F42,40,160,348.7775,79.8764,0.04151,0.041709,-0.084482,0.118031,0.147306
F41->F42,40,161,323.908,74.5439,-0.014927,0.085155,0.065313,0.036273,0.093956
F41->F42,40,162,298.7437,76.1391,-0.054559,0.120638,-0.073646,0.113028,0.020548
F41->F42,40,163,274.1114,84.3115,-0.077738,0.078735,0.047911,-0.1387,0.251129
F41->F42,40,164,252.7827,99.5622,-0.095611,-0.024043,-0.350158,-0.152743,0.285233
F41->F42,40,165,238.1507,120.4655,-0.147073,-0.092483,-0.292887,0.019483,0.183843
F41->F42,40,166,225.5771,142.6201,-0.20464,-0.162528,-0.248858,-0.117474,0.063127
F41->F42,40,167,214.4453,165.1261,-0.26713,-0.221873,-0.219845,-0.034655,0.193098
F41->F42,40,168,206.7166,187.0194,-0.394954,-0.234002,-0.117532,-0.153535,0.288856
F41->F42,40,169,202.5279,207.7936,-0.574115,-0.250178,-0.080928,-0.023412,0.542822
F41->F42,40,170,200.1643,228.3869,-0.708734,-0.24055,-0.230611,-0.135174,0.489597
F41->F42,40,171,198.4722,249.2621,-0.76282,-0.221059,-0.79202,-0.146119,0.080428
F41->F42,40,172,196.9848,270.3421,-0.713795,-0.197499,-1.052041,-0.071429,0.360976
F41->F42,40,173,195.1632,291.4412,-0.672707,-0.170064,-0.627622,-0.070185,0.109582
F41->F42,40,174,193.2959,312.6305,-0.675197,-0.141766,0.191897,-0.098435,0.868176
F41->F42,40,175,190.9084,334.5316,-0.6299,-0.110338,-0.305066,-0.069264,0.32742
F41->F42,40,176,188.1124,356.2597,-0.560453,-0.062796,-0.408783,0.038212,0.182226
F41->F42,40,177,185.8908,379.5416,-0.452933,0.003737,-7.46392,-8.098188,10.714249
F41->F42,40,178,192.6381,403.4723,-0.368963,-0.025607,-0.328529,0.180148,0.20969
F41->F42,40,179,209.591,420.4976,-0.26255,-0.068811,-0.361092,0.069165,0.169552
F42->F43,41,0,400.3058,418.6864,0.063657,-0.310681,-0.433446,-0.283491,0.497846
F42->F43,41,1,408.2832,397.7715,0.209897,-0.297306,2.143825,-0.957387,2.043473
F42->F43,41,2,413.6924,374.2048,0.397147,-0.190257,0.7465,0.021444,0.40849
F42->F43,41,3,417.9226,352.8846,0.480819,-0.148863,0.969297,0.213902,0.608448
F42->F43,41,4,420.0211,331.9625,0.518885,-0.146679,1.292696,0.124715,0.820023
F42->F43,41,5,416.9275,312.0861,0.606736,-0.162936,-0.068351,-0.082221,0.679895
F42->F43,41,6,413.0923,291.4047,0.674465,-0.173854,-0.005109,0.034102,0.710681
F42->F43,41,7,408.197,270.9457,0.706035,-0.178182,0.308937,0.152951,0.517046
F42->F43,41,8,402.8452,250.3393,0.736864,-0.190428,0.560937,-0.081848,0.206736
F42->F43,41,9,397.2299,229.7213,0.736339,-0.188847,0.266834,0.121315,0.562703
F42->F43,41,10,392.0119,209.416,0.682107,-0.179149,0.487687,0.039452,0.29255
F42->F43,41,11,386.8477,189.5074,0.594153,-0.167266,0.221683,-0.097615,0.378926
F42->F43,41,12,381.1702,169.7192,0.513978,-0.167303,0.393734,0.09828,0.291535
F42->F43,41,13,374.0501,150.3605,0.424804,-0.162644,0.181233,-0.008325,0.288342
F42->F43,41,14,364.1243,132.6626,0.320947,-0.150988,0.111174,-0.112458,0.213282
F42->F43,41,15,351.4204,117.102,0.221418,-0.098849,0.278329,0.109405,0.21589
F42->F43,41,16,336.708,105.5932,0.109071,-0.056545,-0.059302,0.146129,0.263488
F42->F43,41,17,319.8574,99.6041,0.012731,-0.015587,0.051011,0.06157,0.086131
F42->F43,41,18,301.9616,99.4432,-0.057209,0.002144,-0.01584,-0.018563,0.046261
F42->F43,41,19,284.0651,105.2595,-0.103502,0.01295,-0.255492,-0.191413,0.254686
F42->F43,41,20,267.6885,116.4024,-0.132083,-0.002856,-0.11878,-0.02184,0.023181
F42->F43,41,21,253.6581,131.6481,-0.181341,-0.052045,-0.097181,-0.038284,0.085278
F42->F43,41,22,243.1762,149.4279,-0.306359,-0.102784,-0.221526,-0.102625,0.084833
F42->F43,41,23,237.8128,169.4305,-0.482428,-0.14155,-0.369405,-0.094628,0.122376
F42->F43,41,24,234.9728,189.8186,-0.667823,-0.171013,-0.401625,0.138454,0.408205
F42->F43,41,25,234.0535,210.608,-0.826645,-0.18974,-0.57367,-0.071661,0.279175
F42->F43,41,26,234.1017,231.1238,-0.944034,-0.19561,-0.71844,-0.193497,0.225604
F42->F43,41,27,232.9964,251.8069,-0.980364,-0.195074,-0.196236,-0.237814,0.785292
F42->F43,41,28,230.8426,272.714,-0.951473,-0.194165,-0.884186,-0.232581,0.077481
F42->F43,41,29,228.0539,293.9911,-0.955869,-0.200375,-0.376684,-0.024118,0.605411
F42->F43,41,30,225.6913,315.4008,-0.931857,-0.217277,-1.596944,-0.189224,0.665678
F42->F43,41,31,224.2176,336.691,-0.869918,-0.242123,-0.645927,0.042769,0.362402
F42->F43,41,32,222.9078,357.2561,-0.782781,-0.251175,-0.624241,-0.081393,0.232295
F42->F43,41,33,223.4916,376.5819,-0.635467,-0.230729,-0.58702,0.080873,0.315345
F42->F43,41,34,226.878,396.1874,-0.486672,-0.177797,-0.31038,0.096185,0.325799
F42->F43,41,35,232.2364,414.7948,-0.348828,-0.136836,-0.646834,-0.105857,0.299611
F42->F43,41,36,407.68,418.905,0.041206,-0.255115,-1.682697,-0.24465,1.723935
F42->F43,41,37,414.7954,397.9671,0.194001,-0.220547,-0.069626,-0.271046,0.26842
F42->F43,41,38,421.3702,374.2576,0.35151,-0.101766,1.040111,0.057088,0.706687
F42->F43,41,39,427.0908,352.6447,0.360958,-0.068477,0.577649,0.094537,0.271162
F42->F43,41,40,427.6843,331.7204,0.409036,-0.094956,1.088503,0.117315,0.711853
F42->F43,41,41,424.6489,310.99,0.529836,-0.129183,0.130854,0.014362,0.424018
F42->F43,41,42,420.8534,289.8528,0.622654,-0.155025,0.055079,-0.049433,0.577314
F42->F43,41,43,416.5404,268.8185,0.664791,-0.168607,0.210516,0.155214,0.557877
F42->F43,41,44,411.9446,247.8308,0.673212,-0.178059,0.355868,0.200959,0.494329
F42->F43,41,45,407.2542,226.8347,0.654954,-0.177834,0.029336,0.020969,0.656444
F42->F43,41,46,402.0496,206.5453,0.587942,-0.16811,0.234987,-0.008883,0.387209
F42->F43,41,47,396.9182,186.0889,0.504672,-0.158186,0.277245,-0.042726,0.255057
F42->F43,41,48,390.5277,165.898,0.408669,-0.147551,0.237828,0.057398,0.266815
F42->F43,41,49,381.7969,146.168,0.342715,-0.139647,0.12847,-0.022841,0.244018
F42->F43,41,50,370.5357,127.2871,0.270808,-0.118857,0.319675,0.036288,0.162659
F42->F43,41,51,356.4035,110.7559,0.186845,-0.052523,0.216657,0.098346,0.153786
F42->F43,41,52,339.7468,98.6688,0.09108,-0.004335,-0.138101,0.075473,0.242679
F42->F43,41,53,320.9264,92.8459,0.008381,0.028263,0.043021,0.002641,0.043086
F42->F43,41,54,301.4099,93.3672,-0.064418,0.039675,0.134612,-0.035318,0.212689
F42->F43,41,55,281.7465,99.646,-0.097903,0.043893,-0.200854,-0.111504,0.186406
F42->F43,41,56,264.2324,111.9141,-0.117872,0.00993,-0.043227,-0.0932,0.127309
F42->F43,41,57,249.8718,128.6634,-0.153403,-0.046426,-0.194755,0.029564,0.086513
F42->F43,41,58,238.7003,147.5002,-0.269694,-0.105466,-0.237619,-0.09858,0.032806
F42->F43,41,59,231.8159,168.1893,-0.412684,-0.14577,-0.307247,-0.200138,0.118629
F42->F43,41,60,227.6634,188.9698,-0.59127,-0.179123,-0.460226,0.04208,0.257106
F42->F43,41,61,226.0298,209.7561,-0.782247,-0.20264,-0.444538,0.152813,0.4903
F42->F43,41,62,225.6535,230.3788,-0.93693,-0.213121,-0.789535,-0.144526,0.162575
F42->F43,41,63,224.3984,251.1223,-0.968735,-0.208202,-0.548995,-0.353737,0.444255
F42->F43,41,64,222.1874,272.0361,-0.912723,-0.204266,-0.876799,-0.112695,0.098366
F42->F43,41,65,219.5799,293.3658,-0.885052,-0.207095,-1.948936,-0.793933,1.215001
F42->F43,41,66,217.4986,314.7509,-0.875137,-0.214879,-1.162976,-0.085871,0.315427
F42->F43,41,67,215.6431,336.2745,-0.816155,-0.232289,2.362961,0.957958,3.394623
F42->F43,41,68,213.6033,356.9796,-0.731085,-0.233318,-0.189681,0.202647,0.695114
F42->F43,41,69,213.9991,377.2854,-0.582901,-0.216047,1.927634,0.914684,2.753424
F42->F43,41,70,218.3291,397.5885,-0.423314,-0.189546,0.656433,0.2795,1.177224
F42->F43,41,71,226.5077,416.5209,-0.325909,-0.119004,-0.079349,0.02761,0.286857
F42->F43,41,72,414.729,420.4263,-0.000646,-0.189147,-1.380486,-0.246763,1.381043
F42->F43,41,73,421.7647,399.1284,0.179547,-0.130966,0.093847,-0.016863,0.142703
F42->F43,41,74,428.6061,375.6551,0.305689,-0.037489,0.409927,0.137847,0.203981
F42->F43,41,75,433.5405,353.2562,0.303205,-0.010767,0.394428,0.210276,0.239127
F42->F43,41,76,433.4524,331.3402,0.368041,-0.053287,1.112513,0.139607,0.769056
F42->F43,41,77,431.6492,310.1098,0.48321,-0.103097,0.228089,0.066871,0.306555
F42->F43,41,78,428.1198,288.4827,0.582181,-0.13736,1.85372,-0.999657,1.536349
F42->F43,41,79,424.7478,266.7993,0.623447,-0.159581,-0.096887,0.000528,0.737914
F42->F43,41,80,421.3707,245.2045,0.622661,-0.170542,0.432397,0.155386,0.377398
F42->F43,41,81,417.1446,224.229,0.58322,-0.171495,-0.149908,-0.064563,0.740885
F42->F43,41,82,411.9889,203.7784,0.518739,-0.165409,0.299584,0.093057,0.338871
F42->F43,41,83,405.9856,183.1864,0.440589,-0.155873,0.043043,-0.119331,0.399222
F42->F43,41,84,399.2424,162.5423,0.346627,-0.143872,-0.016546,0.109999,0.443108
F42->F43,41,85,389.535,142.2738,0.281733,-0.1297,0.259979,-0.063738,0.069457
F42->F43,41,86,377.2604,122.3229,0.228497,-0.096315,0.216992,0.104531,0.201175
F42->F43,41,87,361.3653,104.825,0.159353,-0.034893,-0.058673,-0.110933,0.230906
F42->F43,41,88,342.7581,92.0755,0.079541,0.028548,0.021402,0.012569,0.060296
F42->F43,41,89,321.8669,86.5489,0.004059,0.057986,0.061589,0.06,0.057565
F42->F43,41,90,300.5152,87.5332,-0.064721,0.07027,0.071412,0.081636,0.136607
F42->F43,41,91,279.3373,94.3492,-0.093618,0.063135,-0.163863,-0.066679,0.147601
F42->F43,41,92,260.3804,107.716,-0.103086,0.003896,-0.181354,0.00888,0.078426
F42->F43,41,93,246.1581,125.8427,-0.150037,-0.055301,-0.345061,-0.056614,0.195029
F42->F43,41,94,234.2418,145.7015,-0.240611,-0.116866,-0.246054,-0.252363,0.135606
F42->F43,41,95,225.8608,166.9525,-0.350521,-0.160084,-0.194991,-0.199479,0.160442
F42->F43,41,96,220.2189,188.1498,-0.517509,-0.191025,-0.641869,-0.428304,0.267893
F42->F43,41,97,218.153,209.0028,-0.738286,-0.218589,-0.720959,-0.205432,0.021756
F42->F43,41,98,217.1642,229.6864,-0.901539,-0.230188,-1.012447,-0.170914,0.125754
F42->F43,41,99,215.5357,250.4113,-0.955068,-0.222564,-0.332564,0.066416,0.686309
F42->F43,41,100,213.6047,271.4087,-0.881893,-0.211618,-0.941431,0.058377,0.276482
F42->F43,41,101,211.1842,292.6539,-0.838145,-0.206792,-2.023063,-0.929258,1.387799
F42->F43,41,102,209.2986,314.1785,-0.833024,-0.2077,-9.563094,4.168767,9.765634
F42->F43,41,103,207.1578,335.9317,-0.774219,-0.208401,-3.134494,-0.971411,2.48054
F42->F43,41,104,204.7693,356.9621,-0.686509,-0.199285,-0.4996,0.228602,0.466928
F42->F43,41,105,204.5527,378.1121,-0.545264,-0.177443,2.404256,0.856959,3.125645
F42->F43,41,106,209.6507,398.5956,-0.380436,-0.18056,0.09989,0.055595,0.53524
F42->F43,41,107,220.5547,417.8916,-0.299943,-0.123315,-0.248806,0.149036,0.27711
F42->F43,41,108,421.5426,421.6785,-0.035903,-0.126142,-0.801803,-0.223623,0.772078
F42->F43,41,109,428.3824,399.9981,0.16555,-0.069272,0.01319,0.027067,0.180263
F42->F43,41,110,436.1374,377.3975,0.270973,0.017985,0.455158,0.077712,0.193627
F42->F43,41,111,439.0301,353.8255,0.299866,0.035865,0.228434,0.140516,0.126706
F42->F43,41,112,439.5039,331.2223,0.370848,-0.005027,0.700085,0.010962,0.329625
F42->F43,41,113,437.8159,309.3913,0.45993,-0.076684,0.327073,0.123586,0.240331
F42->F43,41,114,435.4408,287.165,0.546129,-0.122452,0.152903,-0.037071,0.402389
F42->F43,41,115,432.9538,264.8948,0.58148,-0.152849,0.076757,-0.046876,0.515728
F42->F43,41,116,430.4814,242.8362,0.573689,-0.168097,0.172245,-0.092062,0.408581
F42->F43,41,117,426.9557,221.7036,0.523759,-0.169741,0.103184,0.028715,0.465047
F42->F43,41,118,421.6667,201.1553,0.461347,-0.16858,0.388654,0.122248,0.299776
F42->F43,41,119,415.4434,180.1745,0.38673,-0.159377,0.129904,0.031193,0.319807
F42->F43,41,120,407.4066,159.4154,0.302655,-0.1493,0.133403,-0.016084,0.215389
F42->F43,41,121,397.2779,138.3631,0.243785,-0.133633,0.0996,-0.185138,0.153108
F42->F43,41,122,383.7749,117.501,0.192767,-0.09033,0.128438,0.055613,0.159492
F42->F43,41,123,366.3539,98.8607,0.132914,-0.01816,0.015742,-0.041926,0.119559
F42->F43,41,124,345.7372,85.8834,0.062314,0.035896,0.114508,-0.005004,0.06631
F42->F43,41,125,323.0145,80.3602,-0.008267,0.077024,0.013109,0.120266,0.048237
F42->F43,41,126,299.6127,81.8141,-0.05875,0.09428,0.10599,0.113981,0.165914
F42->F43,41,127,276.847,89.1781,-0.085159,0.072427,-0.065771,-0.017276,0.091774
F42->F43,41,128,256.5848,103.5433,-0.096351,-0.014436,-0.165718,0.058714,0.100811
F42->F43,41,129,242.1312,122.9938,-0.14031,-0.072495,-0.303532,0.164314,0.28761
F42->F43,41,130,229.924,144.0748,-0.217652,-0.139007,-0.141175,-0.254331,0.138378
F42->F43,41,131,220.1182,165.9727,-0.306106,-0.190451,0.009967,-0.350106,0.354107
F42->F43,41,132,213.2954,187.4678,-0.464512,-0.210752,-0.34424,-0.19074,0.121926
F42->F43,41,133,210.1583,208.2399,-0.686092,-0.239232,-0.592676,-0.219348,0.095509
F42->F43,41,134,208.2298,228.9132,-0.853567,-0.24465,-0.643152,-0.240093,0.210464
F42->F43,41,135,206.6333,249.7316,-0.90865,-0.234318,-0.452716,0.183083,0.618142
F42->F43,41,136,204.9447,270.7926,-0.847573,-0.219232,-0.356101,0.190409,0.639804
F42->F43,41,137,202.8787,291.9445,-0.797754,-0.204589,-0.296671,-0.04883,0.524733
F42->F43,41,138,200.8743,313.4896,-0.797416,-0.193077,-9.511247,5.348322,10.326566
F42->F43,41,139,198.7986,335.1631,-0.737169,-0.184885,-0.536822,-0.050177,0.241423
F42->F43,41,140,196.208,356.7495,-0.65045,-0.154769,-1.243173,-0.052179,0.601535
F42->F43,41,141,194.9231,378.7095,-0.522984,-0.105541,-4.384177,-0.611298,3.894176
F42->F43,41,142,201.123,400.7301,-0.373507,-0.118235,-1.351968,0.152943,1.015344
F42->F43,41,143,214.9216,419.1382,-0.278636,-0.124955,-0.533357,0.056747,0.312887
F42->F43,41,144,428.6132,422.8607,-0.067571,-0.074983,-0.064599,-0.191353,0.116408
F42->F43,41,145,435.0307,401.5991,0.141346,-0.01873,-0.734956,0.117373,0.886808
F42->F43,41,146,442.2223,378.7972,0.246474,0.059936,0.140086,0.07941,0.108155
F42->F43,41,147,444.577,354.5171,0.315902,0.08265,0.099103,0.116134,0.219369
F42->F43,41,148,444.9446,331.227,0.387342,0.030283,0.515465,-0.048467,0.15039
F42->F43,41,149,443.9731,308.5634,0.456195,-0.056671,0.329596,0.134723,0.229476
F42->F43,41,150,442.5899,285.8981,0.5192,-0.113139,0.376653,0.055278,0.220644
F42->F43,41,151,441.182,262.9161,0.540667,-0.149036,0.043407,0.051358,0.53612
F42->F43,41,152,439.6191,240.4389,0.522596,-0.16891,0.304115,0.095461,0.342966
F42->F43,41,153,436.5942,219.2511,0.468759,-0.172222,-0.029404,0.129136,0.582222
F42->F43,41,154,431.4332,198.4837,0.411388,-0.174709,0.363216,0.160346,0.3385
F42->F43,41,155,424.351,177.4272,0.343215,-0.168752,20.0,-20.0,27.922529
F42->F43,41,156,415.5608,156.2822,0.276463,-0.16632,20.0,-20.0,27.971285
F42->F43,41,157,404.7043,134.6189,0.22011,-0.146966,0.158986,-0.115745,0.068636
F42->F43,41,158,390.2814,112.8318,0.162261,-0.092169,0.022348,-0.038836,0.149734
F42->F43,41,159,371.2748,93.3435,0.105953,-0.018787,0.041451,-0.052447,0.072756
F42->F43,41,160,348.819,79.9181,0.040082,0.035535,20.0,-20.0,28.281107
F42->F43,41,161,323.8931,74.629,-0.013392,0.078328,-0.041411,0.105236,0.038847
F42->F43,41,162,298.6891,76.2598,-0.050206,0.109547,0.006084,0.032989,0.095025
F42->F43,41,163,274.0337,84.3902,-0.070299,0.064294,-0.064752,0.175152,0.110997
F42->F43,41,164,252.6871,99.5382,-0.087141,-0.03701,-0.545696,-0.06447,0.459376
F42->F43,41,165,238.0036,120.373,-0.136288,-0.101001,-0.294654,0.04337,0.214296
F42->F43,41,166,225.3725,142.4576,-0.202247,-0.167737,-0.022604,-0.048711,0.215496
F42->F43,41,167,214.1781,164.9042,-0.282214,-0.230565,-0.205008,-0.323037,0.120465
F42->F43,41,168,206.3216,186.7854,-0.425984,-0.246963,-0.016649,-0.339627,0.419693
F42->F43,41,169,201.9537,207.5435,-0.629805,-0.268659,-0.561044,-0.170972,0.11946
F42->F43,41,170,199.4555,228.1464,-0.785868,-0.263083,-0.069254,-0.165349,0.723248
F42->F43,41,171,197.7093,249.041,-0.853701,-0.247175,-0.304763,0.155009,0.680503
F42->F43,41,172,196.271,270.1446,-0.806484,-0.227461,-0.285995,-0.031658,0.556101
F42->F43,41,173,194.4905,291.2711,-0.760719,-0.203436,-1.890688,-0.866443,1.310117
F42->F43,41,174,192.6207,312.4887,-0.763041,-0.177956,-1.541499,-0.075309,0.785196
F42->F43,41,175,190.2785,334.4213,-0.708959,-0.148714,-1.246377,0.262477,0.67668
F42->F43,41,176,187.552,356.1969,-0.62506,-0.10083,-3.165107,-1.002885,2.695467
F42->F43,41,177,185.4379,379.5454,-0.502982,-0.033287,-1.099618,0.014567,0.598552
F42->F43,41,178,192.2691,403.4467,-0.392997,-0.064565,-0.778891,0.23882,0.490873
F42->F43,41,179,209.3284,420.4287,-0.271264,-0.118417,-0.301807,0.181992,0.301957
F43->F44,42,0,400.3694,418.3757,0.024874,-0.329657,-0.380339,-0.092862,0.46933
F43->F44,42,1,408.4931,397.4742,0.156126,-0.315884,-0.477746,-0.268704,0.635625
F43->F44,42,2,414.0896,374.0145,0.328069,-0.207933,1.975037,-0.858058,1.77064
F43->F44,42,3,418.4034,352.7357,0.40696,-0.161909,-0.362343,-0.239185,0.773174
F43->F44,42,4,420.54,331.8158,0.441805,-0.152414,-0.058319,-0.253767,0.510291
F43->F44,42,5,417.5342,311.9232,0.519855,-0.162594,0.898368,-0.183156,0.379071
F43->F44,42,6,413.7667,291.2309,0.58001,-0.168962,0.25428,-0.002803,0.365662
F43->F44,42,7,408.9031,270.7675,0.608842,-0.170252,-0.059548,-0.167713,0.668394
F43->F44,42,8,403.582,250.1489,0.635996,-0.178543,-0.256327,-0.288287,0.899046
F43->F44,42,9,397.9662,229.5324,0.635093,-0.174036,0.210077,-0.07634,0.4361
F43->F44,42,10,392.694,209.2369,0.591109,-0.162872,0.034399,-0.041176,0.569857
F43->F44,42,11,387.4418,189.3401,0.519558,-0.149998,0.267142,-0.210941,0.259669
F43->F44,42,12,381.6842,169.5519,0.452876,-0.148438,0.222721,-0.164333,0.230703
F43->F44,42,13,374.4749,150.1979,0.377231,-0.142862,0.363976,-0.168548,0.028905
F43->F44,42,14,364.4453,132.5117,0.288729,-0.13172,0.00484,0.034948,0.329198
F43->F44,42,15,351.6418,117.0031,0.201953,-0.083904,-0.246138,-0.172418,0.45675
F43->F44,42,16,336.817,105.5367,0.099868,-0.045768,-0.130937,-0.225762,0.292693
F43->F44,42,17,319.8701,99.5885,0.010535,-0.008593,-0.019766,-0.103258,0.099396
F43->F44,42,18,301.9044,99.4453,-0.054367,0.006775,-0.183515,-0.068078,0.149272
F43->F44,42,19,283.9616,105.2724,-0.096662,0.015013,-0.057576,0.11531,0.107644
F43->F44,42,20,267.5565,116.3996,-0.121989,-0.001272,0.174614,0.050728,0.301128
F43->F44,42,21,253.4768,131.596,-0.161686,-0.048825,-0.324091,0.024585,0.178226
F43->F44,42,22,242.8699,149.3252,-0.263908,-0.096989,0.002968,0.007028,0.28643
F43->F44,42,23,237.3303,169.289,-0.402338,-0.132034,-0.113658,0.064073,0.348991
F43->F44,42,24,234.305,189.6476,-0.547027,-0.159605,-0.075128,-0.074716,0.479473
F43->F44,42,25,233.2269,210.4182,-0.669183,-0.180306,-0.214723,-0.0665,0.468492
F43->F44,42,26,233.1576,230.9282,-0.751512,-0.187336,-0.171823,-0.110737,0.584729
F43->F44,42,27,232.016,251.6118,-0.769375,-0.187607,-0.736472,-0.040315,0.150922
F43->F44,42,28,229.8911,272.5198,-0.738344,-0.18756,-0.394589,0.230937,0.541578
F43->F44,42,29,227.0981,293.7907,-0.743415,-0.193887,-0.152017,-0.019414,0.616597
F43->F44,42,30,224.7594,315.1835,-0.731751,-0.209466,0.169386,-0.056736,0.913989
F43->F44,42,31,223.3477,336.4489,-0.689616,-0.232839,0.017987,-0.18127,0.70948
F43->F44,42,32,222.125,357.005,-0.634163,-0.24249,-0.556585,-0.229549,0.07865
F43->F44,42,33,222.8562,376.3512,-0.526078,-0.225939,-0.503808,-0.096304,0.131534
F43->F44,42,34,226.3913,396.0096,-0.417356,-0.182851,-1.875046,-0.803667,1.584384
F43->F44,42,35,231.8875,414.6579,-0.30825,-0.146511,0.10151,-0.026611,0.426942
F43->F44,42,36,407.7212,418.6499,0.004067,-0.275411,-0.524286,0.105725,0.651476
F43->F44,42,37,414.9894,397.7466,0.140163,-0.246203,-0.268426,-0.20063,0.411122
F43->F44,42,38,421.7217,374.1558,0.286773,-0.129352,-0.433791,-0.228732,0.727385
F43->F44,42,39,427.4517,352.5762,0.302456,-0.090507,-0.13919,-0.237554,0.465483
F43->F44,42,40,428.0933,331.6255,0.349369,-0.10699,-0.37342,-0.274733,0.741998
F43->F44,42,41,425.1787,310.8608,0.455978,-0.132662,0.702489,-0.190937,0.253306
F43->F44,42,42,421.4761,289.6978,0.535101,-0.152327,0.084244,0.068582,0.502069
F43->F44,42,43,417.2052,268.6499,0.572341,-0.161733,0.055907,-0.044266,0.529624
F43->F44,42,44,412.6178,247.6528,0.579466,-0.167703,-0.096519,-0.169692,0.675988
F43->F44,42,45,407.9092,226.6568,0.56311,-0.164114,0.224002,0.091172,0.424458
F43->F44,42,46,402.6376,206.3772,0.507639,-0.153019,0.399422,-0.005674,0.182815
F43->F44,42,47,397.4229,185.9307,0.440108,-0.142061,0.355245,0.043334,0.203895
F43->F44,42,48,390.9363,165.7504,0.359693,-0.13092,-0.11673,-0.072586,0.479981
F43->F44,42,49,382.1396,146.0284,0.304339,-0.122413,0.048925,0.028307,0.296568
F43->F44,42,50,370.8065,127.1683,0.244121,-0.102762,0.181313,0.204918,0.314025
F43->F44,42,51,356.5903,110.7034,0.1709,-0.041523,-0.012168,-0.069262,0.185157
F43->F44,42,52,339.8378,98.6645,0.083653,0.002871,0.03322,-0.074245,0.092144
F43->F44,42,53,320.9348,92.8741,0.006952,0.031984,-0.144944,-0.124307,0.217944
F43->F44,42,54,301.3455,93.4069,-0.060938,0.041414,-0.328576,0.011779,0.269274
F43->F44,42,55,281.6486,99.6899,-0.091189,0.043205,-0.093311,0.111917,0.068744
F43->F44,42,56,264.1145,111.924,-0.109058,0.009699,0.151852,0.038658,0.262512
F43->F44,42,57,249.7184,128.617,-0.138639,-0.043811,-0.265973,0.054342,0.160773
F43->F44,42,58,238.4306,147.3947,-0.233514,-0.100019,-0.152312,-0.205815,0.133366
F43->F44,42,59,231.4032,168.0435,-0.342789,-0.136492,-0.07064,0.031448,0.319795
F43->F44,42,60,227.0721,188.7907,-0.481652,-0.168065,-0.229848,-0.104501,0.259703
F43->F44,42,61,225.2475,209.5535,-0.627651,-0.19178,0.065312,-0.199244,0.693003
F43->F44,42,62,224.7166,230.1657,-0.738897,-0.203051,-0.201499,-0.052741,0.558023
F43->F44,42,63,223.4297,250.9141,-0.755393,-0.199173,-0.47614,0.034923,0.364395
F43->F44,42,64,221.2746,271.8319,-0.702655,-0.19645,-0.070642,0.214649,0.753951
F43->F44,42,65,218.6948,293.1587,-0.683625,-0.199329,0.123553,-0.057575,0.81953
F43->F44,42,66,216.6235,314.5361,-0.682481,-0.206806,0.852156,0.113412,1.567689
F43->F44,42,67,214.827,336.0422,-0.642872,-0.223176,0.613723,0.038944,1.283642
F43->F44,42,68,212.8722,356.7462,-0.587733,-0.225166,-0.870506,0.10402,0.433963
F43->F44,42,69,213.4162,377.0693,-0.480371,-0.20911,-2.424211,-0.835035,2.042131
F43->F44,42,70,217.9058,397.399,-0.362995,-0.193021,-0.351316,-0.097297,0.096434
F43->F44,42,71,226.1818,416.4019,-0.28671,-0.132238,0.174831,-0.172405,0.463285
F43->F44,42,72,414.7284,420.2371,-0.036985,-0.21348,-0.472834,-0.084771,0.454457
F43->F44,42,73,421.9443,398.9974,0.125336,-0.163337,0.056646,-0.099095,0.09405
F43->F44,42,74,428.9117,375.6176,0.244166,-0.073418,-0.188682,-0.015857,0.436659
F43->F44,42,75,433.8437,353.2455,0.253094,-0.037957,0.130894,-0.086878,0.131628
F43->F44,42,76,433.8205,331.2869,0.317377,-0.069137,-0.047619,-0.143326,0.372459
F43->F44,42,77,432.1324,310.0067,0.418093,-0.109469,0.566632,-0.232728,0.193019
F43->F44,42,78,428.702,288.3453,0.500518,-0.136795,0.384423,0.167861,0.326027
F43->F44,42,79,425.3713,266.6398,0.53566,-0.153687,0.2905,0.096637,0.350379
F43->F44,42,80,421.9934,245.034,0.534523,-0.160916,0.177287,0.027365,0.403817
F43->F44,42,81,417.7278,224.0575,0.500172,-0.158694,0.414335,0.325422,0.491667
F43->F44,42,82,412.5076,203.613,0.446719,-0.150718,0.315383,0.04362,0.234556
F43->F44,42,83,406.4262,183.0305,0.383101,-0.140217,0.108873,0.132164,0.386513
F43->F44,42,84,399.589,162.3984,0.304513,-0.128332,-0.157597,0.003628,0.480582
F43->F44,42,85,389.8168,142.1441,0.250134,-0.114002,-0.067559,0.061781,0.363082
F43->F44,42,86,377.4888,122.2266,0.20596,-0.083205,0.191616,0.177552,0.261151
F43->F44,42,87,361.5247,104.7901,0.145986,-0.025874,0.129512,0.121906,0.148696
F43->F44,42,88,342.8376,92.104,0.07315,0.033017,0.016597,0.11051,0.095934
F43->F44,42,89,321.871,86.6069,0.003151,0.059565,-0.083257,-0.04939,0.139059
F43->F44,42,90,300.4505,87.6035,-0.060897,0.069445,-0.289182,0.065432,0.22832
F43->F44,42,91,279.2437,94.4124,-0.086514,0.060206,-0.173423,0.17587,0.144676
F43->F44,42,92,260.2773,107.7199,-0.094533,0.002891,0.033241,-0.057779,0.141446
F43->F44,42,93,246.0081,125.7874,-0.137463,-0.052746,-0.123748,0.02346,0.077431
F43->F44,42,94,234.0012,145.5846,-0.209426,-0.110938,-0.24419,-0.213758,0.108538
F43->F44,42,95,225.5103,166.7924,-0.289953,-0.150029,-0.230228,0.029544,0.189245
F43->F44,42,96,219.7014,187.9588,-0.41868,-0.179466,-0.198895,0.060474,0.325387
F43->F44,42,97,217.4147,208.7842,-0.586746,-0.205601,0.119456,-0.289285,0.711143
F43->F44,42,98,216.2627,229.4562,-0.704227,-0.217458,-0.099268,-0.015252,0.637858
F43->F44,42,99,214.5806,250.1888,-0.73911,-0.21171,-0.228494,0.115705,0.606571
F43->F44,42,100,212.7228,271.1971,-0.675043,-0.202598,-0.033776,-0.012299,0.668908
F43->F44,42,101,210.3461,292.4471,-0.643382,-0.198912,-0.242932,0.109829,0.505648
F43->F44,42,102,208.4655,313.9708,-0.644996,-0.19996,-0.568629,-0.215871,0.078006
F43->F44,42,103,206.3836,335.7233,-0.606284,-0.201274,0.580028,0.144129,1.235572
F43->F44,42,104,204.0828,356.7628,-0.546709,-0.193687,0.658592,0.961005,1.669151
F43->F44,42,105,204.0075,377.9347,-0.448124,-0.173593,0.906519,-0.15287,1.354802
F43->F44,42,106,209.2703,398.415,-0.326401,-0.184027,-0.44278,0.043653,0.2557
F43->F44,42,107,220.2547,417.7683,-0.261778,-0.138124,0.355928,-0.174134,0.618755
F43->F44,42,108,421.5067,421.5524,-0.072623,-0.155121,-0.612363,0.107351,0.600176
F43->F44,42,109,428.548,399.9288,0.110442,-0.10685,0.088548,0.096008,0.204036
F43->F44,42,110,436.4084,377.4155,0.210993,-0.021593,-0.164316,0.009156,0.376567
F43->F44,42,111,439.3299,353.8613,0.25053,0.006096,-0.030503,-0.088923,0.296662
F43->F44,42,112,439.8747,331.2173,0.320635,-0.024504,0.379096,0.056958,0.100268
F43->F44,42,113,438.2758,309.3146,0.399843,-0.086093,0.316793,0.035479,0.147231
F43->F44,42,114,435.9869,287.0426,0.469516,-0.12372,0.237681,-0.008873,0.258722
F43->F44,42,115,433.5353,264.7419,0.498935,-0.147827,0.688279,-0.167378,0.190351
F43->F44,42,116,431.0551,242.6681,0.491019,-0.158729,2.044373,-0.789439,1.676515
F43->F44,42,117,427.4794,221.5338,0.447482,-0.15728,0.501106,-0.185612,0.060648
F43->F44,42,118,422.1281,200.9867,0.395926,-0.1539,0.250675,-0.034921,0.18776
F43->F44,42,119,415.8301,180.0151,0.335039,-0.143505,-0.067628,-0.183917,0.40469
F43->F44,42,120,407.7093,159.2661,0.265377,-0.133797,-0.010022,0.012898,0.312032
F43->F44,42,121,397.5216,138.2295,0.215841,-0.118243,-0.029008,0.20225,0.403319
F43->F44,42,122,383.9677,117.4107,0.173617,-0.078456,0.218624,-0.045028,0.056062
F43->F44,42,123,366.4868,98.8426,0.122055,-0.011035,-0.014663,-0.240151,0.266807
F43->F44,42,124,345.7996,85.9193,0.057403,0.039514,-0.008809,0.114847,0.100295
F43->F44,42,125,323.0063,80.4372,-0.008234,0.077369,0.012592,-0.002165,0.082216
F43->F44,42,126,299.554,81.9084,-0.054879,0.091328,-0.218428,0.081101,0.163869
F43->F44,42,127,276.7619,89.2505,-0.077876,0.06785,-0.170377,0.066787,0.092507
F43->F44,42,128,256.4884,103.5289,-0.087722,-0.01504,-0.398796,-0.044349,0.312452
F43->F44,42,129,241.9909,122.9213,-0.128915,-0.069015,-0.000717,-0.011096,0.140675
F43->F44,42,130,229.7064,143.9358,-0.190129,-0.131492,-0.239302,-0.116113,0.051523
F43->F44,42,131,219.8121,165.7823,-0.252725,-0.177754,-0.119271,0.015072,0.234503
F43->F44,42,132,212.8309,187.2571,-0.372905,-0.197338,-0.137834,0.024296,0.323079
F43->F44,42,133,209.4722,208.0007,-0.539937,-0.223179,0.298077,-0.248132,0.838386
F43->F44,42,134,207.3762,228.6686,-0.661409,-0.229307,-0.260898,-0.037607,0.444025
F43->F44,42,135,205.7246,249.4973,-0.699694,-0.221928,-0.560305,-0.192309,0.142501
F43->F44,42,136,204.0971,270.5733,-0.645492,-0.209134,0.204064,-0.136906,0.852621
F43->F44,42,137,202.0809,291.74,-0.608591,-0.196825,0.062324,0.132009,0.747167
F43->F44,42,138,200.0769,313.2965,-0.614279,-0.187546,-0.481586,0.379844,0.5827
F43->F44,42,139,198.0615,334.9782,-0.573741,-0.18049,0.034478,0.108084,0.673205
F43->F44,42,140,195.5576,356.5947,-0.513845,-0.154407,-6.1564,4.194407,7.123946
F43->F44,42,141,194.4001,378.604,-0.42834,-0.111549,-7.030827,8.148798,10.574789
F43->F44,42,142,200.7495,400.6118,-0.319751,-0.130291,0.7148,0.020851,1.045533
F43->F44,42,143,214.643,419.0132,-0.242036,-0.139624,-0.186663,-0.004679,0.145864
F43->F44,42,144,428.5456,422.7857,-0.104121,-0.106747,-0.497714,-0.100305,0.393646
F43->F44,42,145,435.1721,401.5803,0.087276,-0.059286,-0.273859,-0.106631,0.364226
F43->F44,42,146,442.4688,378.8571,0.187941,0.019075,0.20414,0.02404,0.016943
F43->F44,42,147,444.8929,354.5997,0.262535,0.050399,0.00039,-0.055196,0.282613
F43->F44,42,148,445.332,331.2572,0.333531,0.00828,0.734788,-0.171579,0.439724
F43->F44,42,149,444.4293,308.5068,0.396078,-0.068034,0.088898,0.085895,0.34359
F43->F44,42,150,443.1091,285.785,0.446448,-0.115733,-0.084434,-0.201761,0.537807
F43->F44,42,151,441.7227,262.767,0.462641,-0.144963,0.200303,-0.028576,0.286997
F43->F44,42,152,440.1417,240.27,0.445038,-0.159697,1.784097,-1.001171,1.581505
F43->F44,42,153,437.0629,219.0788,0.399003,-0.15969,0.184365,-0.030512,0.250513
F43->F44,42,154,431.8446,198.309,0.350585,-0.159448,0.355869,0.054043,0.213557
F43->F44,42,155,424.6942,177.2584,0.296149,-0.152285,20.0,-20.0,27.967365
F43->F44,42,156,415.8373,156.1159,0.241488,-0.149289,20.0,-20.0,28.008026
F43->F44,42,157,404.9244,134.4719,0.194298,-0.130881,0.106253,-0.108565,0.090829
F43->F44,42,158,390.4436,112.7396,0.146073,-0.080643,0.100041,-0.030135,0.068337
F43->F44,42,159,371.3808,93.3247,0.097134,-0.012093,0.055272,-0.069153,0.070768
F43->F44,42,160,348.8591,79.9536,0.037102,0.038823,20.0,-20.0,28.285539
F43->F44,42,161,323.8797,74.7073,-0.012649,0.078287,0.060011,0.009569,0.100008
F43->F44,42,162,298.6389,76.3693,-0.046687,0.1054,-0.1333,0.159163,0.101942
F43->F44,42,163,273.9634,84.4545,-0.063229,0.05916,-0.092201,0.099644,0.049783
F43->F44,42,164,252.6,99.5012,-0.078369,-0.0368,-0.341649,-0.224968,0.32361
F43->F44,42,165,237.8673,120.272,-0.126009,-0.095375,-0.245267,0.11462,0.241496
F43->F44,42,166,225.1702,142.2898,-0.17785,-0.157161,-0.177344,-0.012679,0.144483
F43->F44,42,167,213.8959,164.6737,-0.232582,-0.213415,0.010681,-0.009011,0.317739
F43->F44,42,168,205.8957,186.5384,-0.339022,-0.228338,-0.354319,-0.01165,0.217227
F43->F44,42,169,201.3239,207.2748,-0.490286,-0.248062,-0.098505,-0.215182,0.393159
F43->F44,42,170,198.6697,227.8833,-0.6044,-0.244657,-0.496434,0.029099,0.294277
F43->F44,42,171,196.8556,248.7938,-0.653502,-0.232908,-0.862088,0.015793,0.324592
F43->F44,42,172,195.4645,269.9171,-0.612267,-0.216561,0.420259,-0.273541,1.034097
F43->F44,42,173,193.7297,291.0677,-0.577069,-0.196364,0.297282,-0.060716,0.884811
F43->F44,42,174,191.8576,312.3108,-0.584734,-0.174859,0.155975,0.213681,0.836429
F43->F44,42,175,189.5696,334.2726,-0.548826,-0.150246,-1.209141,-0.02603,0.671896
F43->F44,42,176,186.9269,356.0961,-0.490382,-0.108566,-7.861097,2.925277,7.970673
F43->F44,42,177,184.9349,379.5121,-0.410314,-0.051593,-0.233218,-9.553225,9.503282
F43->F44,42,178,191.8761,403.3822,-0.335796,-0.08678,1.041492,-0.124876,1.377815
F43->F44,42,179,209.0572,420.3103,-0.234204,-0.135527,0.131871,0.065385,0.417584
F44->F45,43,0,400.3943,418.046,-0.021355,-0.346756,-0.987787,-0.003068,1.025725
F44->F45,43,1,408.6492,397.1583,0.090336,-0.338542,0.22989,0.022897,0.387445
F44->F45,43,2,414.4176,373.8066,0.242227,-0.231027,-0.063138,-0.154699,0.31476
F44->F45,43,3,418.8104,352.5738,0.31338,-0.180241,0.073654,0.018572,0.31144
F44->F45,43,4,420.9818,331.6634,0.339166,-0.160972,0.036857,-0.104197,0.307594
F44->F45,43,5,418.0541,311.7606,0.394782,-0.161218,-0.039718,0.019393,0.470543
F44->F45,43,6,414.3467,291.0619,0.436517,-0.160485,0.072498,0.04884,0.419913
F44->F45,43,7,409.5119,270.5973,0.456277,-0.156653,0.732864,-0.143341,0.276907
F44->F45,43,8,404.218,249.9704,0.479039,-0.160603,-0.323062,-0.2002,0.803077
F44->F45,43,9,398.6013,229.3584,0.481551,-0.152023,0.200238,0.108734,0.383578
F44->F45,43,10,393.2851,209.074,0.457511,-0.139427,0.155899,0.01755,0.340017
F44->F45,43,11,387.9614,189.1901,0.412325,-0.126058,-13.771124,20.0,24.621706
F44->F45,43,12,382.1371,169.4034,0.368446,-0.123036,0.239013,0.006598,0.183188
F44->F45,43,13,374.8522,150.055,0.315009,-0.116487,0.1306,0.069101,0.261629
F44->F45,43,14,364.734,132.3799,0.249422,-0.107243,0.367432,-0.033685,0.139058
F44->F45,43,15,351.8437,116.9192,0.181799,-0.067512,0.022829,-0.037423,0.161793
F44->F45,43,16,336.9169,105.4909,0.093211,-0.036417,0.114775,0.055678,0.094585
F44->F45,43,17,319.8807,99.5799,0.013447,-0.00602,0.008654,0.166626,0.172712
F44->F45,43,18,301.85,99.4521,-0.04533,0.005784,0.065525,-0.050104,0.124147
F44->F45,43,19,283.8649,105.2874,-0.081391,0.011633,-0.034899,-0.142645,0.161131
F44->F45,43,20,267.4345,116.3983,-0.099448,-0.004664,-0.367745,-0.154518,0.30731
F44->F45,43,21,253.3151,131.5472,-0.11158,-0.053121,-0.094833,0.08425,0.138388
F44->F45,43,22,242.606,149.2282,-0.144588,-0.101063,-0.30937,-0.149344,0.171709
F44->F45,43,23,236.928,169.1569,-0.157042,-0.122134,-0.115846,-0.216682,0.103133
F44->F45,43,24,233.758,189.488,-0.150583,-0.138933,0.052791,0.02514,0.261306
F44->F45,43,25,232.5577,210.2379,-0.108441,-0.153066,0.135736,-0.169175,0.244708
F44->F45,43,26,232.4061,230.7409,-0.026113,-0.151173,0.091343,0.188278,0.359197
F44->F45,43,27,231.2466,251.4242,0.037359,-0.142388,0.22731,0.109895,0.315798
F44->F45,43,28,229.1528,272.3323,0.061715,-0.132018,0.294305,-0.13581,0.232621
F44->F45,43,29,226.3546,293.5968,0.037103,-0.128285,0.231544,-0.097893,0.196802
F44->F45,43,30,224.0277,314.974,0.015856,-0.128407,0.403519,-0.148482,0.388182
F44->F45,43,31,222.658,336.2161,-0.021882,-0.138269,0.197143,-0.107176,0.221221
F44->F45,43,32,221.4908,356.7625,-0.089089,-0.142283,-0.029717,-0.057859,0.103211
F44->F45,43,33,222.3301,376.1252,-0.133744,-0.130118,0.052952,-0.082935,0.192566
F44->F45,43,34,225.9739,395.8268,-0.179677,-0.116276,-0.239821,0.071446,0.197121
F44->F45,43,35,231.5793,414.5114,-0.171967,-0.089262,-0.2811,0.041041,0.169967
F44->F45,43,36,407.7253,418.3744,-0.041278,-0.298391,-1.305809,-0.143114,1.274028
F44->F45,43,37,415.1296,397.5004,0.073215,-0.275451,-0.210546,-0.225428,0.288136
F44->F45,43,38,422.0085,374.0264,0.204194,-0.165359,-0.055102,-0.06954,0.276434
F44->F45,43,39,427.7542,352.4857,0.226354,-0.120196,0.158785,0.03295,0.16739
F44->F45,43,40,428.4427,331.5185,0.266097,-0.123705,-0.054265,-0.16292,0.322753
F44->F45,43,41,425.6347,310.7281,0.344017,-0.136724,0.367973,0.110824,0.248705
F44->F45,43,42,422.0112,289.5454,0.397629,-0.146705,0.346742,0.067763,0.220422
F44->F45,43,43,417.7775,268.4882,0.421829,-0.149224,0.299183,0.085141,0.264517
F44->F45,43,44,413.1973,247.4851,0.427001,-0.150642,1.753465,-1.106639,1.635064
F44->F45,43,45,408.4723,226.4927,0.417362,-0.142729,0.213553,0.061071,0.288223
F44->F45,43,46,403.1452,206.2242,0.383299,-0.129638,-0.073205,-0.180706,0.459351
F44->F45,43,47,397.863,185.7887,0.342203,-0.118346,0.119285,0.14974,0.348659
F44->F45,43,48,391.296,165.6195,0.288467,-0.10664,0.076274,-0.099709,0.212306
F44->F45,43,49,382.4439,145.906,0.251931,-0.097652,0.051803,0.067438,0.259434
F44->F45,43,50,371.0506,127.0655,0.210722,-0.080829,0.169375,-0.014495,0.078165
F44->F45,43,51,356.7612,110.6618,0.153885,-0.028403,-0.174824,-0.142382,0.347908
F44->F45,43,52,339.9215,98.6673,0.078333,0.008805,0.233738,0.079873,0.170884
F44->F45,43,53,320.9417,92.9061,0.009741,0.0321,0.218881,0.062057,0.211274
F44->F45,43,54,301.2845,93.4483,-0.053127,0.038027,0.087707,-0.044979,0.163476
F44->F45,43,55,281.5574,99.7331,-0.078116,0.038404,-0.001917,0.015374,0.079603
F44->F45,43,56,264.0054,111.9337,-0.091914,0.006817,-0.142378,-0.182802,0.196219
F44->F45,43,57,249.5798,128.5731,-0.103654,-0.045013,-0.10764,-0.036311,0.009572
F44->F45,43,58,238.197,147.2947,-0.131279,-0.102159,-0.303501,-0.123252,0.173508
F44->F45,43,59,231.0604,167.907,-0.122475,-0.123532,-0.034704,-0.346365,0.239496
F44->F45,43,60,226.5905,188.6226,-0.111816,-0.144674,0.076413,0.021695,0.251215
F44->F45,43,61,224.6199,209.3617,-0.066428,-0.156926,0.271176,-0.134241,0.338366
F44->F45,43,62,223.9777,229.9626,0.014182,-0.158904,-0.070109,0.063253,0.23761
F44->F45,43,63,222.6743,250.7149,0.071224,-0.147766,0.338573,0.018864,0.315025
F44->F45,43,64,220.572,271.6354,0.106801,-0.137822,0.181714,-0.231819,0.120198
F44->F45,43,65,218.0112,292.9594,0.081342,-0.128452,0.098178,0.08929,0.218392
F44->F45,43,66,215.941,314.3293,0.057808,-0.125472,-0.166995,-0.027524,0.245215
F44->F45,43,67,214.1841,335.819,0.018857,-0.12947,-0.101596,0.06542,0.229109
F44->F45,43,68,212.2845,356.5211,-0.043281,-0.128295,0.414889,-0.267914,0.478971
F44->F45,43,69,212.9358,376.8602,-0.090651,-0.110566,0.254326,0.01755,0.367998
F44->F45,43,70,217.5428,397.206,-0.139084,-0.12047,0.266937,-0.000997,0.423235
F44->F45,43,71,225.895,416.2697,-0.149782,-0.082551,-0.165503,-0.002824,0.081262
F44->F45,43,72,414.6914,420.0236,-0.08204,-0.243775,-1.084509,-0.213138,1.002937
F44->F45,43,73,422.0696,398.8341,0.056446,-0.204442,0.315784,-0.256936,0.264597
F44->F45,43,74,429.1559,375.5442,0.165624,-0.118853,-0.186458,-0.180745,0.357481
F44->F45,43,75,434.0968,353.2075,0.183175,-0.074175,0.189054,-0.021153,0.053347
F44->F45,43,76,434.1378,331.2177,0.243008,-0.091124,0.081239,-0.203892,0.197195
F44->F45,43,77,432.5505,309.8973,0.314912,-0.117662,0.416293,0.080101,0.222234
F44->F45,43,78,429.2025,288.2085,0.36894,-0.134061,2.196811,-0.740978,1.925996
F44->F45,43,79,425.9069,266.4861,0.388198,-0.142507,0.047468,-0.004453,0.367636
F44->F45,43,80,422.5279,244.873,0.386419,-0.143932,0.239905,0.023541,0.222517
F44->F45,43,81,418.228,223.8988,0.363985,-0.137453,0.163145,0.089138,0.302788
F44->F45,43,82,412.9544,203.4623,0.330872,-0.127187,-0.160249,-0.160094,0.492222
F44->F45,43,83,406.8093,182.8903,0.292715,-0.1162,-0.029367,0.090638,0.382778
F44->F45,43,84,399.8936,162.2701,0.24152,-0.1044,-0.082598,-0.064139,0.326609
F44->F45,43,85,390.0669,142.0301,0.205245,-0.090424,-0.006291,0.042778,0.24998
F44->F45,43,86,377.6948,122.1434,0.176848,-0.06443,0.118374,-0.114711,0.07712
F44->F45,43,87,361.6707,104.7642,0.131393,-0.01471,-0.207595,-0.123822,0.356116
F44->F45,43,88,342.9108,92.137,0.068793,0.036548,0.229148,0.07516,0.164938
F44->F45,43,89,321.8741,86.6664,0.006107,0.057979,0.16072,0.041017,0.155541
F44->F45,43,90,300.3896,87.6729,-0.053339,0.064504,0.044285,0.03536,0.101881
F44->F45,43,91,279.1572,94.4726,-0.074195,0.053834,0.06588,0.052783,0.140079
F44->F45,43,92,260.1828,107.7228,-0.079387,0.000657,0.02685,-0.325971,0.343471
F44->F45,43,93,245.8706,125.7346,-0.112633,-0.052521,-0.252346,-0.042549,0.140068
F44->F45,43,94,233.7917,145.4737,-0.12137,-0.10992,0.06026,-0.069616,0.186048
F44->F45,43,95,225.2204,166.6424,-0.092133,-0.131838,-0.107035,-0.327374,0.196103
F44->F45,43,96,219.2827,187.7793,-0.075483,-0.150406,-0.039933,-0.048206,0.108206
F44->F45,43,97,216.828,208.5786,-0.028648,-0.160714,0.295942,-0.099805,0.330256
F44->F45,43,98,215.5585,229.2388,0.050908,-0.161837,0.018312,-0.110419,0.060879
F44->F45,43,99,213.8415,249.9771,0.103957,-0.152412,0.320604,-0.288329,0.255753
F44->F45,43,100,212.0477,270.9945,0.136323,-0.138648,-0.010293,-0.222089,0.168697
F44->F45,43,101,209.7027,292.2482,0.115948,-0.127146,-0.343961,0.043225,0.490451
F44->F45,43,102,207.8205,313.7709,0.095345,-0.118946,-0.06646,-0.03547,0.182069
F44->F45,43,103,205.7773,335.5221,0.053177,-0.113794,-0.043232,0.104934,0.239033
F44->F45,43,104,203.5361,356.5691,0.000723,-0.105732,0.525174,-0.082877,0.524948
F44->F45,43,105,203.5593,377.7611,-0.058775,-0.085843,0.081733,-0.083164,0.140534
F44->F45,43,106,208.9439,398.231,-0.108055,-0.112931,0.871837,0.085221,0.999726
F44->F45,43,107,219.993,417.6301,-0.124278,-0.088397,-0.636974,-0.148166,0.516168
F44->F45,43,108,421.4341,421.3973,-0.11894,-0.192115,-0.183312,-0.14933,0.077294
F44->F45,43,109,428.6584,399.8219,0.04017,-0.152231,0.226426,-0.196817,0.191518
F44->F45,43,110,436.6194,377.3939,0.134208,-0.071592,-0.933833,-0.069898,1.068043
F44->F45,43,111,439.5805,353.8674,0.177578,-0.033654,0.138211,-0.08014,0.060916
F44->F45,43,112,440.1954,331.1928,0.24377,-0.05136,-0.117711,-0.140747,0.372368
F44->F45,43,113,438.6756,309.2286,0.301441,-0.09861,0.239221,0.07896,0.188156
F44->F45,43,114,436.4564,286.9188,0.342529,-0.123396,0.700267,-0.100055,0.358499
F44->F45,43,115,434.0342,264.5941,0.355685,-0.137711,-0.019217,-0.110349,0.375899
F44->F45,43,116,431.5461,242.5093,0.349404,-0.141673,-1.034633,0.785732,1.666025
F44->F45,43,117,427.9269,221.3766,0.319401,-0.135838,0.099128,0.015916,0.267487
F44->F45,43,118,422.524,200.8328,0.287278,-0.129674,0.262464,0.164257,0.294976
F44->F45,43,119,416.1651,179.8716,0.251434,-0.118389,0.231145,-0.007445,0.112784
F44->F45,43,120,407.9747,159.1323,0.208122,-0.109375,-0.071195,-0.083005,0.280559
F44->F45,43,121,397.7375,138.1112,0.175144,-0.094915,0.046695,-0.127451,0.132506
F44->F45,43,122,384.1413,117.3323,0.148336,-0.061233,0.074939,0.035978,0.121807
F44->F45,43,123,366.6089,98.8315,0.10975,-0.001732,-0.074255,-0.057989,0.192413
F44->F45,43,124,345.857,85.9588,0.054177,0.042261,0.149349,0.050725,0.095548
F44->F45,43,125,322.998,80.5145,-0.004636,0.074621,0.105222,0.036591,0.116254
F44->F45,43,126,299.4991,81.9997,-0.047688,0.085045,-0.05912,0.014293,0.071669
F44->F45,43,127,276.684,89.3184,-0.066167,0.060355,0.087641,-0.035475,0.181218
F44->F45,43,128,256.4007,103.5138,-0.072774,-0.015944,-0.026379,-0.15,0.141857
F44->F45,43,129,241.862,122.8523,-0.10843,-0.065569,-0.035909,-0.079383,0.073825
F44->F45,43,130,229.5163,143.8043,-0.112473,-0.125019,0.137404,-0.221653,0.267911
F44->F45,43,131,219.5594,165.6045,-0.069972,-0.148693,-0.042042,-0.323665,0.177187
F44->F45,43,132,212.458,187.0597,-0.045064,-0.158445,0.032854,-0.043547,0.138826
F44->F45,43,133,208.9323,207.7775,0.007082,-0.164917,0.337154,-0.325066,0.366873
F44->F45,43,134,206.7148,228.4393,0.078041,-0.163123,-0.071432,-0.216809,0.158821
F44->F45,43,135,205.0249,249.2754,0.123087,-0.1563,0.049569,0.020191,0.191191
F44->F45,43,136,203.4516,270.3642,0.161141,-0.140507,-0.317593,-0.036733,0.489852
F44->F45,43,137,201.4723,291.5431,0.146214,-0.125195,-0.216657,0.142924,0.45118
F44->F45,43,138,199.4626,313.109,0.121325,-0.114274,0.242357,-0.130548,0.122121
F44->F45,43,139,197.4877,334.7977,0.085389,-0.102538,0.180716,-0.001138,0.139174
F44->F45,43,140,195.0437,356.4403,0.036357,-0.085114,-0.062006,-0.014592,0.121032
F44->F45,43,141,193.9717,378.4924,-0.034122,-0.060935,-0.069983,-0.054522,0.03643
F44->F45,43,142,200.4298,400.4815,-0.095909,-0.092174,1.419958,-0.16808,1.517766
F44->F45,43,143,214.401,418.8736,-0.105167,-0.094673,-3.708057,-1.100802,3.740737
F44->F45,43,144,428.4415,422.679,-0.151456,-0.147113,0.400865,0.083245,0.598434
F44->F45,43,145,435.2593,401.521,0.017803,-0.107674,-0.066315,-0.305541,0.215006
F44->F45,43,146,442.6567,378.8762,0.112115,-0.032836,-0.830905,-0.208888,0.959312
F44->F45,43,147,445.1555,354.6501,0.183395,0.007632,-2.235234,0.875208,2.569524
F44->F45,43,148,445.6655,331.2655,0.249095,-0.022358,-0.150957,-0.038809,0.40039
F44->F45,43,149,444.8254,308.4387,0.295953,-0.083554,0.042916,0.034288,0.279131
F44->F45,43,150,443.5555,285.6692,0.322767,-0.117526,0.401326,0.26714,0.392606
F44->F45,43,151,442.1853,262.6221,0.326331,-0.135955,-0.214055,0.006437,0.558831
F44->F45,43,152,440.5867,240.1103,0.311696,-0.142727,-0.015429,0.056698,0.38312
F44->F45,43,153,437.4619,218.9192,0.278724,-0.137852,-0.825595,1.011845,1.594153
F44->F45,43,154,432.1952,198.1495,0.250196,-0.133862,0.255836,0.001786,0.135765
F44->F45,43,155,424.9904,177.1061,0.218296,-0.125716,20.0,-20.0,28.041094
F44->F45,43,156,416.0788,155.9666,0.187947,-0.122696,20.0,-20.0,28.064651
F44->F45,43,157,405.1187,134.341,0.156516,-0.106229,0.07494,-0.162781,0.099261
F44->F45,43,158,390.5897,112.659,0.124539,-0.063899,0.132255,-0.009996,0.054452
F44->F45,43,159,371.4779,93.3126,0.087399,-0.003373,0.063612,-0.11145,0.110663
F44->F45,43,160,348.8962,79.9924,0.035581,0.041405,20.0,-20.0,28.288442
F44->F45,43,161,323.867,74.7856,-0.009046,0.075464,0.054133,-0.018687,0.113384
F44->F45,43,162,298.5922,76.4747,-0.040045,0.098029,-0.184301,-0.073799,0.224353
F44->F45,43,163,273.9002,84.5137,-0.051907,0.051284,0.010975,0.000639,0.080741
F44->F45,43,164,252.5216,99.4644,-0.062998,-0.036193,0.012589,-0.035786,0.075588
F44->F45,43,165,237.7413,120.1767,-0.110681,-0.087371,-0.040483,-0.21656,0.147029
F44->F45,43,166,224.9924,142.1327,-0.109134,-0.141469,0.023484,-0.237716,0.163862
F44->F45,43,167,213.6633,164.4603,-0.055765,-0.168258,0.190667,-0.201815,0.248707
F44->F45,43,168,205.5566,186.3101,-0.017639,-0.16913,0.115442,0.080102,0.282536
F44->F45,43,169,200.8337,207.0267,0.040896,-0.171888,-0.372096,-0.664671,0.64296
F44->F45,43,170,198.0653,227.6387,0.100325,-0.166925,0.122702,-0.067639,0.101777
F44->F45,43,171,196.2021,248.5609,0.142098,-0.159436,0.449764,-0.171042,0.307885
F44->F45,43,172,194.8522,269.7006,0.175467,-0.144806,-0.460826,-0.02199,0.648038
F44->F45,43,173,193.1527,290.8713,0.16993,-0.126944,0.315691,-0.046123,0.166668
F44->F45,43,174,191.2729,312.1359,0.145687,-0.110269,0.079931,0.084576,0.205642
F44->F45,43,175,189.0207,334.1223,0.110485,-0.093055,-0.196666,0.016739,0.326184
F44->F45,43,176,186.4365,355.9875,0.064137,-0.069073,0.524757,4.197203,4.29107
F44->F45,43,177,184.5246,379.4605,-0.015114,-0.046791,0.267064,0.323368,0.465449
F44->F45,43,178,191.5403,403.2954,-0.101289,-0.094136,2.926679,9.103551,9.683286
F44->F45,43,179,208.823,420.1748,-0.094278,-0.10203,-2.198673,-0.911942,2.254869
F45->F46,44,0,400.3729,417.6993,0.429927,-0.558458,9.541462,5.351716,10.860489
F45->F46,44,1,408.7396,396.8197,0.523422,-0.52946,1.423389,-0.884075,0.967312
F45->F46,44,2,414.6599,373.5756,0.742514,-0.380481,2.472316,-0.646882,1.750196
F45->F46,44,3,419.1238,352.3936,0.815971,-0.342075,0.01078,-0.1919,0.819076
F45->F46,44,4,421.321,331.5024,0.846451,-0.37279,0.951016,-0.007605,0.379861
F45->F46,44,5,418.4488,311.5993,0.99898,-0.415602,0.228921,-0.246273,0.788456
F45->F46,44,6,414.7833,290.9014,1.126417,-0.435092,1.65635,-1.048859,0.810888
F45->F46,44,7,409.9682,270.4406,1.207583,-0.443686,2.393802,-0.666274,1.206923
F45->F46,44,8,404.6971,249.8098,1.277063,-0.452764,0.413043,0.095433,1.023255
F45->F46,44,9,399.0829,229.2064,1.238748,-0.433402,0.698522,-0.020228,0.680115
F45->F46,44,10,393.7426,208.9346,1.087108,-0.403864,0.496665,0.126044,0.793364
F45->F46,44,11,388.3737,189.0641,0.903539,-0.384569,0.522567,-0.365332,0.381458
F45->F46,44,12,382.5055,169.2804,0.73979,-0.375581,0.459238,-0.145803,0.362639
F45->F46,44,13,375.1672,149.9385,0.581063,-0.362678,0.515535,-0.167379,0.205998
F45->F46,44,14,364.9834,132.2727,0.426501,-0.341691,0.466451,-0.03208,0.312177
F45->F46,44,15,352.0255,116.8517,0.291816,-0.265317,0.14569,-0.055715,0.25551
F45->F46,44,16,337.0101,105.4545,0.160631,-0.195471,0.025229,0.001435,0.238968
F45->F46,44,17,319.8941,99.5739,0.06262,-0.140305,0.092454,-0.113533,0.040085
F45->F46,44,18,301.8047,99.4579,0.003008,-0.13221,0.070041,-0.136972,0.067201
F45->F46,44,19,283.7835,105.2991,-0.038267,-0.13666,-0.038293,-0.231828,0.095168
F45->F46,44,20,267.335,116.3937,-0.060561,-0.157825,-0.08155,-0.115242,0.047475
F45->F46,44,21,253.2035,131.4941,-0.107555,-0.216826,-0.007452,-0.350887,0.167311
F45->F46,44,22,242.4614,149.1271,-0.236623,-0.290541,-0.145477,-0.384122,0.130633
F45->F46,44,23,236.7709,169.0348,-0.325271,-0.309475,0.035949,-0.224113,0.371169
F45->F46,44,24,233.6074,189.349,-0.397713,-0.3302,0.161613,-0.265886,0.563011
F45->F46,44,25,232.4493,210.0849,-0.389525,-0.339698,0.511777,-0.081949,0.937432
F45->F46,44,26,232.38,230.5897,-0.293877,-0.327944,-0.325801,-0.553618,0.227921
F45->F46,44,27,231.284,251.2818,-0.200803,-0.314512,0.194756,-0.23047,0.404388
F45->F46,44,28,229.2145,272.2002,-0.155414,-0.296094,0.464719,-0.451895,0.639405
F45->F46,44,29,226.3918,293.4685,-0.198691,-0.279722,-0.451052,0.242176,0.57971
F45->F46,44,30,224.0435,314.8456,-0.210324,-0.266959,-1.887205,-0.891046,1.789249
F45->F46,44,31,222.6362,336.0778,-0.212795,-0.256382,0.029205,-0.02986,0.331476
F45->F46,44,32,221.4017,356.6202,-0.238978,-0.236977,0.361616,-0.159687,0.605547
F45->F46,44,33,222.1963,375.9951,-0.234166,-0.214307,0.229648,-0.162457,0.466703
F45->F46,44,34,225.7943,395.7105,-0.221955,-0.181277,-0.464754,-0.056708,0.27289
F45->F46,44,35,231.4073,414.4222,-0.151587,-0.181568,-0.206054,-0.047169,0.145017
F45->F46,44,36,407.684,418.0761,0.390217,-0.508194,-1.257964,-0.088509,1.700775
F45->F46,44,37,415.2028,397.2249,0.514018,-0.435671,-1.111334,-0.286737,1.632162
F45->F46,44,38,422.2127,373.8611,0.651929,-0.273678,0.944831,0.045975,0.433554
F45->F46,44,39,427.9805,352.3655,0.617924,-0.257986,-0.031089,-0.16207,0.656062
F45->F46,44,40,428.7088,331.3948,0.677457,-0.310702,1.059496,-0.036594,0.470201
F45->F46,44,41,425.9787,310.5914,0.890285,-0.371014,0.375065,-0.078748,0.592344
F45->F46,44,42,422.4088,289.3987,1.053126,-0.40976,1.782767,-1.045816,0.967958
F45->F46,44,43,418.1993,268.339,1.15284,-0.435595,2.308085,-0.75224,1.197855
F45->F46,44,44,413.6243,247.3344,1.18787,-0.446208,0.324156,0.071679,1.007079
F45->F46,44,45,408.8897,226.35,1.112087,-0.430112,0.211824,0.107698,1.048673
F45->F46,44,46,403.5285,206.0945,0.944344,-0.404724,0.623701,-0.290093,0.340518
F45->F46,44,47,398.2052,185.6703,0.770217,-0.390957,-15.339831,20.0,25.987012
F45->F46,44,48,391.5845,165.5129,0.589139,-0.36983,0.060193,-0.204232,0.554262
F45->F46,44,49,382.6959,145.8083,0.471635,-0.352962,0.570677,-0.359298,0.099245
F45->F46,44,50,371.2613,126.9847,0.358252,-0.321329,0.274953,0.049531,0.380099
F45->F46,44,51,356.9151,110.6334,0.243962,-0.227122,0.104245,-0.141029,0.164113
F45->F46,44,52,339.9998,98.6761,0.134495,-0.145167,0.004787,-0.056737,0.156984
F45->F46,44,53,320.9515,92.9382,0.05378,-0.097336,0.021802,-0.094448,0.032107
F45->F46,44,54,301.2314,93.4863,-0.007394,-0.097735,-0.024492,-0.097057,0.017111
F45->F46,44,55,281.4793,99.7715,-0.035743,-0.108744,0.106662,-0.173409,0.156399
F45->F46,44,56,263.9135,111.9405,-0.048117,-0.147768,-0.049125,-0.084717,0.063059
F45->F46,44,57,249.4762,128.5281,-0.078465,-0.205435,-0.063454,-0.306188,0.101865
F45->F46,44,58,238.0658,147.1925,-0.19815,-0.290189,-0.094441,-0.431366,0.175175
F45->F46,44,59,230.9379,167.7835,-0.256017,-0.306325,0.013236,-0.186907,0.294547
F45->F46,44,60,226.4787,188.478,-0.316076,-0.330022,0.048395,-0.360799,0.365768
F45->F46,44,61,224.5534,209.2047,-0.31242,-0.341261,0.368914,-0.280132,0.684071
F45->F46,44,62,223.9919,229.8037,-0.235623,-0.336086,-0.438124,-0.519048,0.272913
F45->F46,44,63,222.7455,250.5672,-0.150292,-0.322168,0.056587,-0.367772,0.211846
F45->F46,44,64,220.6788,271.4976,-0.08339,-0.306168,0.09212,-0.274402,0.178362
F45->F46,44,65,218.0926,292.8309,-0.114917,-0.28424,0.120153,0.016698,0.381866
F45->F46,44,66,215.9988,314.2038,-0.131979,-0.265745,0.475476,-0.240326,0.607986
F45->F46,44,67,214.203,335.6895,-0.134898,-0.245679,0.626031,-0.085362,0.777634
F45->F46,44,68,212.2412,356.3928,-0.159419,-0.222248,0.443043,-0.07059,0.621257
F45->F46,44,69,212.8452,376.7496,-0.16222,-0.199701,-0.143183,0.064003,0.264391
F45->F46,44,70,217.4037,397.0855,-0.167121,-0.197391,-0.072989,-0.17817,0.096074
F45->F46,44,71,225.7453,416.1871,-0.129412,-0.18177,-0.093637,-0.075294,0.112326
F45->F46,44,72,414.6093,419.7799,0.346684,-0.439233,-2.298361,0.893729,2.961934
F45->F46,44,73,422.126,398.6296,0.497648,-0.332186,-0.641231,-0.145676,1.15405
F45->F46,44,74,429.3215,375.4253,0.571969,-0.207227,1.440991,0.188515,0.954888
F45->F46,44,75,434.28,353.1333,0.529227,-0.211651,0.100428,-0.041854,0.461193
F45->F46,44,76,434.3808,331.1266,0.636852,-0.266334,1.059239,-0.106822,0.451503
F45->F46,44,77,432.8654,309.7796,0.834464,-0.335274,0.545672,-0.227906,0.308105
F45->F46,44,78,429.5714,288.0745,1.002919,-0.386999,2.043398,-0.972504,1.193906
F45->F46,44,79,426.2951,266.3436,1.099977,-0.427267,2.054236,-0.886395,1.058966
F45->F46,44,80,422.9143,244.7291,1.115517,-0.44297,1.666758,-1.163088,0.906883
F45->F46,44,81,418.592,223.7613,1.005439,-0.430502,-0.065888,-0.139517,1.110141
F45->F46,44,82,413.2852,203.3351,0.842057,-0.414159,1.799023,-0.87643,1.062769
F45->F46,44,83,407.1021,182.7741,0.674801,-0.400538,0.460656,-0.029182,0.428677
F45->F46,44,84,400.1351,162.1657,0.5028,-0.380275,-0.213527,-0.174313,0.745348
F45->F46,44,85,390.2721,141.9397,0.395193,-0.357916,0.278389,0.063749,0.437544
F45->F46,44,86,377.8717,122.079,0.304843,-0.30683,0.116486,0.07216,0.423216
F45->F46,44,87,361.802,104.7495,0.208473,-0.21155,0.151446,-0.256871,0.072843
F45->F46,44,88,342.9796,92.1736,0.115222,-0.113524,0.062022,0.007039,0.131779
F45->F46,44,89,321.8802,86.7244,0.044536,-0.066076,-0.036384,-0.062767,0.080988
F45->F46,44,90,300.3362,87.7374,-0.011738,-0.067584,0.067312,-0.021721,0.091391
F45->F46,44,91,279.083,94.5264,-0.034285,-0.09327,0.063741,-0.053302,0.105861
F45->F46,44,92,260.1034,107.7234,-0.036298,-0.163608,-0.103653,0.048221,0.22228
F45->F46,44,93,245.758,125.6821,-0.076397,-0.218168,-0.045859,-0.14984,0.074842
F45->F46,44,94,233.6704,145.3638,-0.165466,-0.296537,-0.168236,-0.387302,0.090807
F45->F46,44,95,225.1282,166.5105,-0.197462,-0.312563,-0.156554,-0.110253,0.206405
F45->F46,44,96,219.2072,187.6289,-0.238719,-0.330507,0.077072,-0.393184,0.32195
F45->F46,44,97,216.7993,208.4179,-0.240661,-0.343212,0.075676,-0.31203,0.31787
F45->F46,44,98,215.6094,229.0769,-0.172405,-0.338166,-0.978396,-0.749122,0.904713
F45->F46,44,99,213.9455,249.8246,-0.102365,-0.326404,0.193131,-0.287974,0.297985
F45->F46,44,100,212.1841,270.8559,-0.03434,-0.307896,0.309538,-0.355216,0.347118
F45->F46,44,101,209.8186,292.121,-0.050551,-0.282214,0.214423,-0.20697,0.27545
F45->F46,44,102,207.9159,313.6519,-0.064406,-0.25743,0.228421,-0.105654,0.329823
F45->F46,44,103,205.8305,335.4083,-0.071844,-0.229554,-1.233607,-0.890177,1.336457
F45->F46,44,104,203.5368,356.4634,-0.088484,-0.202507,0.370719,-0.132373,0.464528
F45->F46,44,105,203.5006,377.6753,-0.104732,-0.173205,-0.780217,0.163947,0.754951
F45->F46,44,106,208.8358,398.1181,-0.123963,-0.196999,0.224992,-0.249661,0.352907
F45->F46,44,107,219.8687,417.5417,-0.100096,-0.189676,0.331036,-0.170078,0.431577
F45->F46,44,108,421.3151,421.2052,0.317744,-0.36317,-2.58497,1.202617,3.298096
F45->F46,44,109,428.6986,399.6697,0.47862,-0.256425,0.125749,0.179663,0.560973
F45->F46,44,110,436.7536,377.3223,0.503024,-0.172847,1.237753,0.018072,0.759129
F45->F46,44,111,439.758,353.8338,0.530986,-0.179366,-0.01289,-0.127302,0.546362
F45->F46,44,112,440.4391,331.1414,0.671836,-0.222232,0.912704,-0.155009,0.250073
F45->F46,44,113,438.9771,309.1299,0.822941,-0.303575,0.62538,-0.229239,0.211084
F45->F46,44,114,436.799,286.7955,0.959425,-0.36897,0.292808,0.074047,0.800402
F45->F46,44,115,434.3899,264.4564,1.047223,-0.420722,2.163582,-0.927123,1.225847
F45->F46,44,116,431.8955,242.3677,1.046098,-0.443032,1.684846,-1.239469,1.020936
F45->F46,44,117,428.2463,221.2407,0.917552,-0.436473,1.605333,-1.188657,1.019227
F45->F46,44,118,422.8113,200.7031,0.759121,-0.428498,0.316797,-0.092526,0.555453
F45->F46,44,119,416.4166,179.7532,0.594266,-0.41547,0.529583,-0.237379,0.189474
F45->F46,44,120,408.1828,159.0229,0.444167,-0.401401,1.081283,-0.831183,0.768524
F45->F46,44,121,397.9126,138.0163,0.356536,-0.376804,0.324121,0.238742,0.616399
F45->F46,44,122,384.2896,117.271,0.265559,-0.304106,-0.05654,-0.161217,0.352371
F45->F46,44,123,366.7186,98.8298,0.17426,-0.196489,0.021786,-0.230095,0.156133
F45->F46,44,124,345.9111,86.0011,0.093109,-0.103236,0.035769,-0.074262,0.064244
F45->F46,44,125,322.9934,80.5892,0.028143,-0.045503,-0.016884,-0.011373,0.056501
F45->F46,44,126,299.4514,82.0848,-0.010631,-0.04329,0.012799,-0.105452,0.066431
F45->F46,44,127,276.6178,89.3787,-0.0282,-0.089821,0.061203,-0.052988,0.096693
F45->F46,44,128,256.3279,103.4979,-0.032525,-0.192237,0.145365,-0.11053,0.195758
F45->F46,44,129,241.7535,122.7868,-0.06768,-0.240871,0.104294,-0.082473,0.233805
F45->F46,44,130,229.4038,143.6793,-0.138672,-0.310551,-0.25763,-0.327384,0.120143
F45->F46,44,131,219.4894,165.4558,-0.157831,-0.327305,-0.059366,-0.20817,0.15456
F45->F46,44,132,212.4129,186.9013,-0.176371,-0.334665,0.056694,-0.335111,0.233065
F45->F46,44,133,208.9394,207.6126,-0.169805,-0.344802,-0.116239,-0.138616,0.213031
F45->F46,44,134,206.7928,228.2762,-0.116169,-0.340162,-1.001851,-0.618006,0.928239
F45->F46,44,135,205.148,249.1191,-0.061416,-0.325582,-0.830299,-0.790009,0.898261
F45->F46,44,136,203.6128,270.2237,0.010062,-0.308573,0.578462,-0.195595,0.57952
F45->F46,44,137,201.6185,291.4179,0.006266,-0.277946,0.896854,-0.194885,0.894453
F45->F46,44,138,199.5839,312.9947,-0.012004,-0.248842,0.314801,-0.014987,0.401858
F45->F46,44,139,197.5731,334.6952,-0.014513,-0.215329,-0.753879,-0.910112,1.014586
F45->F46,44,140,195.0801,356.3552,-0.028318,-0.18205,-1.964652,-0.767665,2.022952
F45->F46,44,141,193.9376,378.4315,-0.064712,-0.14782,-1.336534,0.206257,1.32019
F45->F46,44,142,200.3339,400.3894,-0.09667,-0.184068,-4.040609,-1.042541,4.036289
F45->F46,44,143,214.2958,418.7789,-0.076645,-0.197887,0.420342,0.025541,0.544901
F45->F46,44,144,428.29,422.5319,0.289053,-0.29833,-0.452362,-0.072264,0.775115
F45->F46,44,145,435.2771,401.4134,0.447674,-0.203434,0.534218,0.124761,0.339413
F45->F46,44,146,442.7689,378.8434,0.453161,-0.157561,1.026695,-0.082051,0.578484
F45->F46,44,147,445.3388,354.6577,0.572219,-0.142168,-0.338694,-0.289019,0.922674
F45->F46,44,148,445.9146,331.2432,0.721113,-0.187987,0.671181,-0.193718,0.050259
F45->F46,44,149,445.1213,308.3552,0.837778,-0.281737,0.939159,-0.201821,0.129092
F45->F46,44,150,443.8783,285.5517,0.93163,-0.356772,0.290926,0.155865,0.820547
F45->F46,44,151,442.5117,262.4861,0.998055,-0.415318,1.651588,-1.057565,0.91629
F45->F46,44,152,440.8984,239.9676,0.975034,-0.446081,1.683308,-1.082942,0.952493
F45->F46,44,153,437.7407,218.7813,0.838268,-0.446885,-0.026432,-0.144655,0.915996
F45->F46,44,154,432.4454,198.0157,0.688962,-0.44496,0.288487,-0.014904,0.587647
F45->F46,44,155,425.2087,176.9804,0.530667,-0.436098,20.0,-19.129039,26.990387
F45->F46,44,156,416.2667,155.8439,0.417293,-0.432332,20.0,-20.0,27.683497
F45->F46,44,157,405.2752,134.2348,0.337809,-0.404443,0.313531,0.09751,0.50254
F45->F46,44,158,390.7142,112.5951,0.23334,-0.308783,-0.030525,-0.019173,0.391789
F45->F46,44,159,371.5653,93.3093,0.145057,-0.194423,0.082212,-0.095358,0.117317
F45->F46,44,160,348.9317,80.0338,0.067177,-0.099759,20.0,-20.0,28.166239
F45->F46,44,161,323.858,74.8611,0.020146,-0.041496,-0.053987,-0.058706,0.076105
F45->F46,44,162,298.5522,76.5728,-0.004957,-0.027708,0.01594,-0.062667,0.040729
F45->F46,44,163,273.8483,84.565,-0.015176,-0.104452,0.105166,0.112713,0.24828
F45->F46,44,164,252.4586,99.4282,-0.024597,-0.223293,0.041754,-0.199492,0.070491
F45->F46,44,165,237.6306,120.0893,-0.070198,-0.273618,0.012607,-0.213558,0.102293
F45->F46,44,166,224.8833,141.9912,-0.125031,-0.330153,-0.235642,-0.28037,0.121298
F45->F46,44,167,213.6076,164.292,-0.131773,-0.347688,-0.18585,-0.235853,0.124222
F45->F46,44,168,205.539,186.1409,-0.124798,-0.342955,0.058495,-0.29417,0.189674
F45->F46,44,169,200.8745,206.8548,-0.103726,-0.347242,-3.7e-05,-0.18966,0.188636
F45->F46,44,170,198.1656,227.4717,-0.060521,-0.340061,-0.121911,-0.238666,0.118531
F45->F46,44,171,196.3442,248.4015,-0.016769,-0.32581,0.642291,-0.048879,0.714879
F45->F46,44,172,195.0277,269.5558,0.043846,-0.306699,0.481144,-0.359226,0.440442
F45->F46,44,173,193.3226,290.7444,0.051472,-0.274357,-0.551416,-0.900899,0.869498
F45->F46,44,174,191.4186,312.0257,0.037374,-0.240873,0.830343,0.066429,0.850433
F45->F46,44,175,189.1312,334.0293,0.030763,-0.204124,-0.497305,-0.745838,0.756512
F45->F46,44,176,186.5007,355.9185,0.021522,-0.163358,0.904211,0.086766,0.917443
F45->F46,44,177,184.5095,379.4137,-0.02784,-0.132579,-1.735827,4.574702,5.007565
F45->F46,44,178,191.439,403.2012,-0.080311,-0.196755,-3.642175,-1.118396,3.679171
F45->F46,44,179,208.7287,420.0728,-0.059958,-0.208743,0.392608,0.16469,0.586743
F46->F47,45,0,400.8029,417.1408,0.851945,-0.781578,2.001342,-0.789011,1.149421
F46->F47,45,1,409.263,396.2903,0.928702,-0.720774,-0.88457,-0.169614,1.895187
F46->F47,45,2,415.4024,373.1951,1.195615,-0.518559,1.494416,0.024495,0.619831
F46->F47,45,3,419.9397,352.0515,1.251722,-0.493049,0.765714,-0.077537,0.639416
F46->F47,45,4,422.1675,331.1296,1.286362,-0.566027,2.41153,-0.999848,1.205903
F46->F47,45,5,419.4478,311.1837,1.534303,-0.642544,2.643427,-1.004888,1.166811
F46->F47,45,6,415.9097,290.4664,1.746863,-0.679766,2.933881,-0.80707,1.193825
F46->F47,45,7,411.1758,269.9969,1.886071,-0.700063,1.037462,-0.186687,0.991812
F46->F47,45,8,405.9741,249.357,1.982773,-0.711438,2.843859,-1.008353,0.910839
F46->F47,45,9,400.3216,228.773,1.893304,-0.681016,2.095001,-1.058737,0.4282
F46->F47,45,10,394.8297,208.5307,1.623695,-0.63625,1.814495,-1.057922,0.462831
F46->F47,45,11,389.2773,188.6795,1.320043,-0.611463,1.987197,-0.921717,0.735766
F46->F47,45,12,383.2453,168.9048,1.049679,-0.596436,1.385988,-0.617271,0.336953
F46->F47,45,13,375.7482,149.5759,0.799904,-0.577696,0.81968,-0.951083,0.37391
F46->F47,45,14,365.4099,131.931,0.569969,-0.545595,0.348236,0.030097,0.616917
F46->F47,45,15,352.3174,116.5864,0.377185,-0.435137,0.067952,-0.240232,0.365531
F46->F47,45,16,337.1707,105.259,0.208647,-0.329094,-0.137452,-0.395548,0.352421
F46->F47,45,17,319.9567,99.4336,0.093127,-0.248478,0.107274,-0.153039,0.096481
F46->F47,45,18,301.8077,99.3257,0.031644,-0.239972,-0.066552,-0.203243,0.10484
F46->F47,45,19,283.7453,105.1624,-0.016084,-0.251161,-0.15486,-0.15915,0.166507
F46->F47,45,20,267.2745,116.2358,-0.045582,-0.274636,-0.238967,-0.357218,0.210279
F46->F47,45,21,253.096,131.2772,-0.139664,-0.335565,-0.158612,-0.154811,0.181745
F46->F47,45,22,242.2248,148.8366,-0.395788,-0.42454,-0.140932,-0.220764,0.326307
F46->F47,45,23,236.4457,168.7253,-0.647527,-0.454698,-0.954792,-0.744946,0.422678
F46->F47,45,24,233.2097,189.0188,-0.909751,-0.489549,-0.750171,-0.958648,0.495499
F46->F47,45,25,232.0597,209.7452,-1.085198,-0.507993,-0.738239,-0.360787,0.376895
F46->F47,45,26,232.0861,230.2618,-1.136315,-0.501584,-0.542244,-0.448956,0.596398
F46->F47,45,27,231.0832,250.9673,-1.095689,-0.496258,-0.080347,0.023381,1.14059
F46->F47,45,28,229.0591,271.9041,-1.022722,-0.485352,-0.875981,-0.436521,0.154652
F46->F47,45,29,226.1931,293.1888,-1.052782,-0.47199,-1.01688,-0.837891,0.367658
F46->F47,45,30,223.8332,314.5787,-1.029626,-0.466281,-0.130537,-0.169355,0.946851
F46->F47,45,31,222.4234,335.8214,-0.931607,-0.453505,0.038013,-0.301745,0.981425
F46->F47,45,32,221.1628,356.3832,-0.814651,-0.423418,-0.375648,-0.027586,0.591106
F46->F47,45,33,221.9622,375.7808,-0.633725,-0.391692,0.123606,-0.241742,0.772033
F46->F47,45,34,225.5723,395.5292,-0.433609,-0.321466,-1.018069,-0.863342,0.79701
F46->F47,45,35,231.2557,414.2406,-0.225579,-0.342503,-0.66046,-0.778528,0.615824
F46->F47,45,36,408.0742,417.5679,0.799532,-0.722979,4.4988,4.297597,6.236246
F46->F47,45,37,415.7168,396.7892,0.931523,-0.592549,2.422061,-0.820722,1.507901
F46->F47,45,38,422.8646,373.5874,1.059192,-0.379515,0.817105,-0.070175,0.392808
F46->F47,45,39,428.5985,352.1076,0.968156,-0.394979,2.778377,-0.944626,1.891828
F46->F47,45,40,429.3863,331.0841,1.049865,-0.485919,2.185312,-0.916719,1.214426
F46->F47,45,41,426.869,310.2204,1.389476,-0.583267,2.37939,-0.773,1.007933
F46->F47,45,42,423.4619,288.989,1.651899,-0.646147,2.807473,-0.902077,1.183576
F46->F47,45,43,419.3522,267.9034,1.819653,-0.693431,0.946337,-0.035555,1.093381
F46->F47,45,44,414.8122,246.8882,1.868972,-0.71015,2.533766,-1.112068,0.776846
F46->F47,45,45,410.0018,225.9199,1.718417,-0.684408,1.974077,-1.093134,0.482098
F46->F47,45,46,404.4729,205.6898,1.430476,-0.648673,1.872859,-0.956018,0.538668
F46->F47,45,47,398.9754,185.2794,1.138763,-0.631574,-15.18432,20.0,26.307886
F46->F47,45,48,392.1736,165.143,0.844247,-0.601857,1.650285,-1.064429,0.929339
F46->F47,45,49,383.1675,145.4553,0.655807,-0.578042,0.699322,-0.987005,0.411271
F46->F47,45,50,371.6196,126.6633,0.478913,-0.531558,0.890179,-0.632239,0.42341
F46->F47,45,51,357.1591,110.4063,0.314056,-0.398767,0.411872,-0.183605,0.236353
F46->F47,45,52,340.1343,98.531,0.17386,-0.275334,-0.060539,-0.39053,0.261176
F46->F47,45,53,321.0053,92.8409,0.081099,-0.202511,-0.167348,-0.200042,0.24846
F46->F47,45,54,301.224,93.3886,0.021275,-0.204463,0.003429,-0.117907,0.088376
F46->F47,45,55,281.4436,99.6627,-0.011765,-0.223905,-0.058689,-0.166592,0.074072
F46->F47,45,56,263.8654,111.7928,-0.025361,-0.267916,0.045265,-0.436197,0.1825
F46->F47,45,57,249.3977,128.3227,-0.082744,-0.326039,-0.133835,-0.034996,0.295494
F46->F47,45,58,237.8676,146.9023,-0.325926,-0.425817,-0.177088,-0.121199,0.339035
F46->F47,45,59,230.6819,167.4771,-0.535251,-0.452029,-0.734917,-0.862937,0.456851
F46->F47,45,60,226.1626,188.1479,-0.776778,-0.487738,-0.755209,-1.011107,0.523813
F46->F47,45,61,224.241,208.8635,-0.983766,-0.514522,-0.179474,-0.20215,0.862821
F46->F47,45,62,223.7563,229.4676,-1.088357,-0.516829,-0.397296,-0.204755,0.758258
F46->F47,45,63,222.5952,250.245,-1.053659,-0.510429,-0.166561,0.156024,1.109551
F46->F47,45,64,220.5954,271.1914,-0.945321,-0.499687,-0.394418,-0.228809,0.613897
F46->F47,45,65,217.9776,292.5467,-0.936143,-0.482142,-0.945546,-0.729466,0.247503
F46->F47,45,66,215.8668,313.938,-0.926002,-0.464485,0.615184,0.143315,1.656706
F46->F47,45,67,214.0681,335.4438,-0.827504,-0.438568,0.578054,0.033841,1.482823
F46->F47,45,68,212.0818,356.1705,-0.715689,-0.402238,-0.122869,-0.087418,0.671229
F46->F47,45,69,212.6829,376.5499,-0.544013,-0.374732,-1.986972,-0.917381,1.541623
F46->F47,45,70,217.2366,396.8881,-0.364338,-0.348215,0.583284,0.237429,1.113987
F46->F47,45,71,225.6159,416.0053,-0.206836,-0.341087,1.371868,-0.274988,1.580088
F46->F47,45,72,414.956,419.3406,0.758209,-0.633949,0.984318,0.065255,0.734854
F46->F47,45,73,422.6237,398.2974,0.918616,-0.455961,3.464102,-0.783468,2.566468
F46->F47,45,74,429.8935,375.2181,0.943342,-0.304761,0.815125,0.034461,0.362645
F46->F47,45,75,434.8092,352.9217,0.854193,-0.351552,2.429965,-0.860179,1.655826
F46->F47,45,76,435.0177,330.8603,1.016788,-0.432873,2.245963,-0.73859,1.266624
F46->F47,45,77,433.6998,309.4443,1.322282,-0.53562,2.666254,-1.035049,1.433768
F46->F47,45,78,430.5743,287.6875,1.591238,-0.617891,2.48104,-0.663459,0.890968
F46->F47,45,79,427.3951,265.9163,1.754365,-0.685361,0.524745,-0.194373,1.324022
F46->F47,45,80,424.0298,244.2861,1.771324,-0.712036,2.207881,-0.820635,0.449861
F46->F47,45,81,419.5974,223.3308,1.571424,-0.692313,1.696504,-1.032036,0.362018
F46->F47,45,82,414.1273,202.9209,1.290627,-0.670407,0.508428,-0.417133,0.822182
F46->F47,45,83,407.7769,182.3736,1.006993,-0.653047,1.634096,-1.076337,0.756593
F46->F47,45,84,400.6379,161.7854,0.727252,-0.625294,0.108415,-0.045709,0.847867
F46->F47,45,85,390.6673,141.5818,0.557313,-0.595178,0.889516,-0.894576,0.447212
F46->F47,45,86,378.1765,121.7722,0.410622,-0.519627,0.800706,-0.892656,0.539737
F46->F47,45,87,362.0105,104.5379,0.268257,-0.382217,0.232385,-0.0535,0.330668
F46->F47,45,88,343.0948,92.0601,0.146981,-0.241005,0.129088,-0.346192,0.106699
F46->F47,45,89,321.9248,86.6583,0.067866,-0.167389,-0.145662,-0.073019,0.233453
F46->F47,45,90,300.3245,87.6698,0.014313,-0.172348,0.041134,-0.104247,0.073192
F46->F47,45,91,279.0487,94.4331,-0.011139,-0.208834,-0.007851,-0.116803,0.09209
F46->F47,45,92,260.0671,107.5598,-0.013372,-0.292385,0.271899,-0.487114,0.345396
F46->F47,45,93,245.6816,125.4639,-0.064133,-0.344367,-0.150789,-0.061118,0.296208
F46->F47,45,94,233.5049,145.0672,-0.265468,-0.434028,-0.235157,-0.141692,0.293903
F46->F47,45,95,224.9308,166.198,-0.441313,-0.462212,-0.757155,-0.950261,0.581333
F46->F47,45,96,218.9685,187.2984,-0.650281,-0.490417,-0.66276,-0.957822,0.467571
F46->F47,45,97,216.5587,208.0747,-0.884026,-0.523389,-0.110786,-0.215255,0.832374
F46->F47,45,98,215.437,228.7388,-1.007761,-0.527853,0.450606,-0.03085,1.540729
F46->F47,45,99,213.8431,249.4982,-1.00957,-0.520351,-0.076711,-0.037522,1.050405
F46->F47,45,100,212.1497,270.548,-0.888947,-0.505939,-0.241958,-0.223269,0.706044
F46->F47,45,101,209.7681,291.8388,-0.848329,-0.479546,-1.437102,-0.748932,0.647474
F46->F47,45,102,207.8515,313.3945,-0.841391,-0.453494,-0.671158,-0.207848,0.298867
F46->F47,45,103,205.7586,335.1787,-0.746023,-0.415347,0.390623,-0.193138,1.158163
F46->F47,45,104,203.4483,356.2608,-0.629056,-0.374496,-0.207845,0.0002,0.563751
F46->F47,45,105,203.3958,377.502,-0.469417,-0.337583,-1.096094,-0.800995,0.779407
F46->F47,45,106,208.7118,397.9211,-0.311754,-0.346133,0.238757,0.012828,0.657202
F46->F47,45,107,219.7686,417.3521,-0.175895,-0.347291,0.917122,-0.076106,1.126156
F46->F47,45,108,421.6329,420.842,0.739021,-0.532209,5.930389,-2.044491,5.407153
F46->F47,45,109,429.1772,399.4133,0.898187,-0.360129,1.01196,-0.23635,0.168124
F46->F47,45,110,437.2566,377.1494,0.842582,-0.287277,0.539919,-0.172821,0.323581
F46->F47,45,111,440.289,353.6544,0.877353,-0.326246,3.406715,-1.834719,2.945023
F46->F47,45,112,441.111,330.9192,1.095522,-0.385704,0.357314,-0.093286,0.794015
F46->F47,45,113,439.8,308.8264,1.324968,-0.495215,2.527463,-1.110296,1.350673
F46->F47,45,114,437.7584,286.4265,1.53951,-0.595511,2.208974,-0.845456,0.714601
F46->F47,45,115,435.4371,264.0356,1.686546,-0.67899,2.160128,-0.777749,0.48377
F46->F47,45,116,432.9416,241.9246,1.674314,-0.715881,1.88276,-1.297916,0.618234
F46->F47,45,117,429.1639,220.8043,1.448559,-0.707333,1.687995,-1.187947,0.536953
F46->F47,45,118,423.5704,200.2746,1.176465,-0.696944,1.559354,-1.187975,0.622668
F46->F47,45,119,417.0108,179.3377,0.894409,-0.681135,1.137151,-0.954553,0.365624
F46->F47,45,120,408.627,158.6215,0.650601,-0.662492,0.094284,-0.05933,0.820544
F46->F47,45,121,398.2692,137.6395,0.512506,-0.627631,0.756336,-0.979251,0.42789
F46->F47,45,122,384.5552,116.9669,0.362673,-0.518469,-0.051665,-0.299792,0.468503
F46->F47,45,123,366.8929,98.6333,0.224032,-0.366031,20.0,-20.0,27.867215
F46->F47,45,124,346.0042,85.8979,0.118872,-0.22727,0.216569,-0.395589,0.194617
F46->F47,45,125,323.0215,80.5437,0.047288,-0.144002,0.047053,-0.069486,0.074516
F46->F47,45,126,299.4408,82.0415,0.012067,-0.145787,0.080046,-0.016801,0.145803
F46->F47,45,127,276.5896,89.2889,-0.006159,-0.207728,0.07745,-0.172905,0.090571
F46->F47,45,128,256.2954,103.3056,-0.01229,-0.330314,0.18266,-0.281729,0.200913
F46->F47,45,129,241.6858,122.5459,-0.049425,-0.376772,-0.164043,0.104803,0.495027
F46->F47,45,130,229.2651,143.3687,-0.218037,-0.451645,-0.103403,0.03941,0.504258
F46->F47,45,131,219.3316,165.1285,-0.380621,-0.485664,-0.6328,-0.896722,0.482248
F46->F47,45,132,212.2365,186.5666,-0.554319,-0.501157,-0.681853,-0.815021,0.338785
F46->F47,45,133,208.7696,207.2678,-0.779687,-0.534654,-0.820659,-0.849875,0.317873
F46->F47,45,134,206.6767,227.936,-0.916554,-0.538833,0.406709,-0.10809,1.391605
F46->F47,45,135,205.0866,248.7935,-0.936359,-0.521193,-1.282513,-0.831696,0.46501
F46->F47,45,136,203.6228,269.9151,-0.829994,-0.509259,0.08863,-0.275606,0.947874
F46->F47,45,137,201.6248,291.14,-0.772791,-0.472881,-1.046789,-0.773648,0.40686
F46->F47,45,138,199.5719,312.7459,-0.768094,-0.434278,-0.905688,-0.126127,0.337474
F46->F47,45,139,197.5586,334.4798,-0.673808,-0.389488,-0.002308,-0.031174,0.761119
F46->F47,45,140,195.0518,356.1732,-0.556449,-0.337084,-8.323587,-1.90372,7.923559
F46->F47,45,141,193.8729,378.2837,-0.425218,-0.279344,-1.81237,-0.915283,1.525978
F46->F47,45,142,200.2372,400.2053,-0.278053,-0.310036,-2.304735,-0.79616,2.084168
F46->F47,45,143,214.2192,418.581,-0.150488,-0.348275,-2.617057,-0.985578,2.547571
F46->F47,45,144,428.5791,422.2335,0.716626,-0.446977,4.377819,-2.061728,4.001468
F46->F47,45,145,435.7248,401.2099,0.854711,-0.305543,0.027221,0.086096,0.915489
F46->F47,45,146,443.222,378.6858,0.77273,-0.295745,0.248827,0.040853,0.622714
F46->F47,45,147,445.9111,354.5156,0.957653,-0.293194,3.323053,-1.840865,2.82673
F46->F47,45,148,446.6357,331.0552,1.189056,-0.348266,0.390176,-0.013012,0.866374
F46->F47,45,149,445.9591,308.0734,1.362258,-0.468872,2.144944,-0.825877,0.860261
F46->F47,45,150,444.8099,285.1949,1.50814,-0.579625,2.012392,-0.879424,0.586643
F46->F47,45,151,443.5097,262.0708,1.619435,-0.672868,2.092252,-0.779052,0.484594
F46->F47,45,152,441.8735,239.5215,1.574149,-0.722835,1.677872,-1.304952,0.591285
F46->F47,45,153,438.5789,218.3344,1.338335,-0.727398,1.56252,-1.229023,0.549442
F46->F47,45,154,433.1344,197.5707,1.077496,-0.726257,1.383845,-0.857166,0.333146
F46->F47,45,155,425.7393,176.5443,0.80594,-0.715547,20.0,-19.196936,26.645332
F46->F47,45,156,416.684,155.4115,0.619097,-0.710766,19.49484,-20.0,26.988298
F46->F47,45,157,405.613,133.8304,0.493436,-0.670415,0.028897,-0.199791,0.661273
F46->F47,45,158,390.9476,112.2863,0.323216,-0.526088,0.048457,-0.130914,0.481306
F46->F47,45,159,371.7104,93.1148,0.188516,-0.361546,-0.055064,-0.000891,0.435205
F46->F47,45,160,348.9989,79.9341,0.086889,-0.220597,20.0,-20.0,28.067005
F46->F47,45,161,323.8781,74.8196,0.03686,-0.137776,0.120015,-0.084383,0.098821
F46->F47,45,162,298.5472,76.545,0.016226,-0.128272,0.022726,0.057471,0.185857
F46->F47,45,163,273.8331,84.4605,0.005395,-0.225989,0.039297,-0.064353,0.165154
F46->F47,45,164,252.434,99.2049,-0.006997,-0.369137,0.363901,-0.245113,0.391085
F46->F47,45,165,237.5604,119.8157,-0.048584,-0.420213,-0.075755,0.058095,0.479079
F46->F47,45,166,224.7582,141.661,-0.189829,-0.480553,-0.139097,0.051184,0.534151
F46->F47,45,167,213.4758,163.9443,-0.342833,-0.520084,-0.658179,-0.912928,0.503756
F46->F47,45,168,205.4142,185.798,-0.483148,-0.525481,0.103776,-0.33804,0.616129
F46->F47,45,169,200.7708,206.5076,-0.678896,-0.549206,-0.71717,-0.971498,0.424023
F46->F47,45,170,198.1051,227.1317,-0.807932,-0.545811,0.270174,-0.159929,1.145084
F46->F47,45,171,196.3275,248.0757,-0.849653,-0.526162,-1.316468,-0.665244,0.487094
F46->F47,45,172,195.0715,269.2491,-0.768038,-0.505231,-1.059729,-0.874989,0.470962
F46->F47,45,173,193.3741,290.47,-0.709276,-0.463087,0.700553,-0.147798,1.444655
F46->F47,45,174,191.456,311.7848,-0.699146,-0.415071,-3.021767,-0.984726,2.391459
F46->F47,45,175,189.162,333.8252,-0.616485,-0.35891,-0.509189,-0.031831,0.344229
F46->F47,45,176,186.5222,355.7551,-0.496652,-0.290084,-8.011117,-1.889523,7.682798
F46->F47,45,177,184.4816,379.2811,-0.377128,-0.223392,-1.76515,-0.858971,1.526619
F46->F47,45,178,191.3587,403.0045,-0.250355,-0.290593,0.00503,-0.167191,0.283636
F46->F47,45,179,208.6687,419.864,-0.131502,-0.349481,-1.704564,-1.055423,1.724203
F47->F48,46,0,401.6548,416.3592,0.58226,-0.778983,-0.040863,0.071391,1.054238
F47->F48,46,1,410.1917,395.5695,0.623083,-0.734794,-1.778388,-0.061186,2.494156
F47->F48,46,2,416.598,372.6765,0.798385,-0.532307,-0.190801,-0.190021,1.046732
F47->F48,46,3,421.1915,351.5584,0.831899,-0.473447,0.133729,-0.018649,0.833237
F47->F48,46,4,423.4538,330.5636,0.853648,-0.486644,0.19357,0.056005,0.854501
F47->F48,46,5,420.9821,310.5412,1.021481,-0.514108,-0.111101,-0.329979,1.147452
F47->F48,46,6,417.6565,289.7866,1.157554,-0.523862,-0.210734,-0.189989,1.408433
F47->F48,46,7,413.0618,269.2969,1.241159,-0.524824,1.989586,-0.765636,0.786215
F47->F48,46,8,407.9569,248.6456,1.276161,-0.519667,0.232405,0.022647,1.176236
F47->F48,46,9,402.2149,228.092,1.193522,-0.485055,0.492677,0.144459,0.942057
F47->F48,46,10,396.4534,207.8945,1.016811,-0.44444,0.43826,0.006408,0.733475
F47->F48,46,11,390.5973,188.0681,0.839155,-0.419021,1.298313,-0.710469,0.543845
F47->F48,46,12,384.295,168.3084,0.6765,-0.402738,1.142677,-0.684428,0.544674
F47->F48,46,13,376.5481,148.9982,0.521837,-0.383111,0.333063,-0.110573,0.331531
F47->F48,46,14,365.9799,131.3854,0.378357,-0.356577,0.132934,-0.215968,0.282849
F47->F48,46,15,352.6945,116.1513,0.254156,-0.276421,-0.014481,-0.147753,0.297861
F47->F48,46,16,337.3794,104.9299,0.131357,-0.200267,0.071082,-0.078423,0.135938
F47->F48,46,17,320.0499,99.1851,0.037815,-0.13705,0.040822,-0.119765,0.017545
F47->F48,46,18,301.8393,99.0857,-0.017196,-0.122702,-0.041735,-0.001093,0.12406
F47->F48,46,19,283.7292,104.9113,-0.056537,-0.125571,0.030372,-0.179229,0.10214
F47->F48,46,20,267.2289,115.9612,-0.081634,-0.142203,-0.011177,-0.014901,0.1455
F47->F48,46,21,252.9563,130.9417,-0.159516,-0.182298,-0.049047,-0.225926,0.118772
F47->F48,46,22,241.829,148.412,-0.368199,-0.238735,-0.338932,-0.129791,0.112807
F47->F48,46,23,235.7981,168.2706,-0.638699,-0.284846,-0.219767,0.013275,0.514179
F47->F48,46,24,232.2999,188.5293,-0.945482,-0.333823,-0.944456,-0.74454,0.410718
F47->F48,46,25,230.9745,209.2372,-1.245525,-0.377558,-0.148033,-0.120334,1.127233
F47->F48,46,26,230.9498,229.7602,-1.463069,-0.402003,-1.656694,-0.831107,0.470767
F47->F48,46,27,229.9875,250.4711,-1.516407,-0.418679,-2.309707,-0.641068,0.823883
F47->F48,46,28,228.0364,271.4188,-1.442023,-0.436188,-0.95233,-0.24491,0.525725
F47->F48,46,29,225.1403,292.7168,-1.419348,-0.452289,-0.597004,-0.121018,0.886561
F47->F48,46,30,222.8036,314.1124,-1.384654,-0.479143,-0.250383,-0.016704,1.224916
F47->F48,46,31,221.4918,335.3679,-1.241324,-0.501138,-1.793151,-0.826042,0.640371
F47->F48,46,32,220.3481,355.9598,-1.050209,-0.501345,-2.075903,-0.94024,1.115651
F47->F48,46,33,221.3284,375.3891,-0.782672,-0.477943,-0.36576,-0.189602,0.506908
F47->F48,46,34,225.1387,395.2077,-0.497484,-0.417064,0.03542,-0.26126,0.555213
F47->F48,46,35,231.0301,413.8981,-0.259683,-0.42938,-0.366162,-0.155878,0.293497
F47->F48,46,36,408.8737,416.8449,0.547404,-0.720859,-0.307634,0.111418,1.19322
F47->F48,46,37,416.6484,396.1967,0.625042,-0.623463,-2.345726,-0.086537,3.0189
F47->F48,46,38,423.9238,373.2079,0.708651,-0.433668,0.072092,-0.019146,0.759629
F47->F48,46,39,429.5666,351.7126,0.655683,-0.409341,0.198187,0.011655,0.621723
F47->F48,46,40,430.4361,330.5981,0.722786,-0.437388,0.017422,-0.085583,0.788229
F47->F48,46,41,428.2585,309.6371,0.94704,-0.47863,-0.0576,-0.201225,1.042236
F47->F48,46,42,425.1138,288.3428,1.109101,-0.504815,0.138877,-0.157617,1.030476
F47->F48,46,43,421.1718,267.2099,1.206793,-0.523889,0.44986,0.191831,1.041731
F47->F48,46,44,416.6811,246.1781,1.211967,-0.52124,0.127285,0.028306,1.215951
F47->F48,46,45,411.7202,225.2355,1.089173,-0.488238,2.000492,-0.797002,0.962204
F47->F48,46,46,405.9033,205.0411,0.901173,-0.453847,1.813867,-1.012332,1.070007
F47->F48,46,47,400.1142,184.6478,0.727475,-0.433213,0.903801,-0.789724,0.397733
F47->F48,46,48,393.0179,164.5412,0.54798,-0.407416,-0.116679,-0.208961,0.693654
F47->F48,46,49,383.8233,144.8773,0.43103,-0.38522,0.28081,-0.055076,0.362714
F47->F48,46,50,372.0985,126.1318,0.320944,-0.346447,0.176691,-0.187569,0.214596
F47->F48,46,51,357.4731,110.0075,0.213833,-0.248088,-0.085578,-0.178441,0.307404
F47->F48,46,52,340.3082,98.2556,0.108857,-0.157767,-0.039271,0.001677,0.217633
F47->F48,46,53,321.0864,92.6384,0.032063,-0.100905,0.046094,-0.134947,0.03682
F47->F48,46,54,301.2453,93.1841,-0.021973,-0.094611,-0.015263,-0.081486,0.014741
F47->F48,46,55,281.4318,99.4388,-0.048347,-0.105984,-0.074346,-0.005002,0.104276
F47->F48,46,56,263.8401,111.5249,-0.061961,-0.139798,-0.018304,0.003554,0.149853
F47->F48,46,57,249.3149,127.9967,-0.112046,-0.182065,0.046527,-0.125364,0.168406
F47->F48,46,58,237.5417,146.4765,-0.31351,-0.245096,-0.331943,-0.170281,0.077052
F47->F48,46,59,230.1467,167.0251,-0.549387,-0.291896,-0.297479,-0.022362,0.368927
F47->F48,46,60,225.3858,187.6602,-0.84379,-0.340974,-0.383631,-0.254242,0.468261
F47->F48,46,61,223.2573,208.349,-1.184865,-0.392272,-0.103835,-0.106142,1.118256
F47->F48,46,62,222.6679,228.9508,-1.454583,-0.420853,-1.754414,-0.892586,0.558955
F47->F48,46,63,221.5416,249.7346,-1.518299,-0.432987,-2.309331,-0.834495,0.887097
F47->F48,46,64,219.6501,270.6917,-1.414892,-0.444689,-1.358281,-0.214149,0.237389
F47->F48,46,65,217.0415,292.0646,-1.348639,-0.457687,-0.528865,0.012122,0.944855
F47->F48,46,66,214.9408,313.4736,-1.328933,-0.472353,-0.005907,-0.045018,1.390329
F47->F48,46,67,213.2406,335.0053,-1.185865,-0.482598,0.174824,-0.173739,1.395303
F47->F48,46,68,211.3661,355.7683,-0.997619,-0.469641,0.00579,-0.13455,1.057883
F47->F48,46,69,212.1389,376.1752,-0.735537,-0.444325,0.289075,-0.206597,1.05183
F47->F48,46,70,216.8722,396.5399,-0.452361,-0.425789,0.436948,0.007792,0.989376
F47->F48,46,71,225.409,415.6643,-0.24911,-0.413794,0.086902,-0.201832,0.397281
F47->F48,46,72,415.7142,418.7067,0.514438,-0.637114,0.193489,0.137915,0.838855
F47->F48,46,73,423.5423,397.8415,0.615632,-0.508478,-0.489724,-0.229351,1.140054
F47->F48,46,74,430.8368,374.9133,0.626661,-0.385454,0.067039,0.014838,0.688048
F47->F48,46,75,435.6634,352.5701,0.58799,-0.375632,-0.023496,-0.093233,0.673546
F47->F48,46,76,436.0345,330.4274,0.72889,-0.400566,0.322484,-0.121037,0.493257
F47->F48,46,77,435.0221,308.9087,0.922169,-0.450908,-0.074579,-0.179156,1.033128
F47->F48,46,78,432.1656,287.0696,1.08252,-0.491169,1.872317,-0.986033,0.932025
F47->F48,46,79,429.1495,265.2309,1.171013,-0.521777,0.28765,0.006942,1.029502
F47->F48,46,80,425.8012,243.5741,1.15208,-0.525383,0.209736,0.061158,1.109974
F47->F48,46,81,421.1688,222.6385,0.999704,-0.497166,0.355328,0.070085,0.858485
F47->F48,46,82,415.4179,202.2505,0.81542,-0.471358,1.323111,-0.700234,0.556897
F47->F48,46,83,408.7838,181.7205,0.643413,-0.450508,-0.321957,-0.363578,0.969276
F47->F48,46,84,401.3651,161.1601,0.472724,-0.427291,-0.120752,-0.099849,0.677814
F47->F48,46,85,391.2246,140.9866,0.367264,-0.399768,0.11413,-0.10666,0.387284
F47->F48,46,86,378.5871,121.2525,0.275609,-0.341148,0.127881,-0.128126,0.259233
F47->F48,46,87,362.2788,104.1557,0.182259,-0.237874,-0.010921,-0.270075,0.195846
F47->F48,46,88,343.2418,91.8191,0.09208,-0.131633,-0.166394,0.0648,0.324645
F47->F48,46,89,321.9926,86.4909,0.025048,-0.073901,0.054604,-0.048459,0.038998
F47->F48,46,90,300.3388,87.4975,-0.023888,-0.070424,-0.118874,-0.017797,0.108591
F47->F48,46,91,279.0376,94.2243,-0.043726,-0.095129,0.084165,-0.153706,0.140668
F47->F48,46,92,260.0538,107.2674,-0.049037,-0.158437,-0.163493,0.038935,0.228158
F47->F48,46,93,245.6175,125.1196,-0.094921,-0.197246,-0.160021,-0.045846,0.164804
F47->F48,46,94,233.2394,144.6332,-0.266747,-0.257616,-0.329027,-0.161009,0.114942
F47->F48,46,95,224.4894,165.7358,-0.475261,-0.309652,-0.365743,-0.17402,0.174328
F47->F48,46,96,218.3182,186.808,-0.746233,-0.355341,-0.510119,-0.404697,0.241218
F47->F48,46,97,215.6746,207.5513,-1.117895,-0.410949,-0.028067,-0.145037,1.121799
F47->F48,46,98,214.4292,228.2109,-1.406727,-0.44088,-1.855656,-1.104431,0.801147
F47->F48,46,99,212.8335,248.9779,-1.505111,-0.447599,-1.027277,-0.182422,0.546484
F47->F48,46,100,211.2608,270.042,-1.393758,-0.451755,-2.851179,-0.865147,1.514915
F47->F48,46,101,208.9197,291.3593,-1.302169,-0.453454,-0.951612,-0.015435,0.561026
F47->F48,46,102,207.0101,312.941,-1.286485,-0.459701,-2.787665,-1.015323,1.600706
F47->F48,46,103,205.0126,334.7634,-1.143961,-0.451147,-3.179143,-0.804385,2.065609
F47->F48,46,104,202.8193,355.8863,-0.950398,-0.427726,-0.310245,0.084125,0.819627
F47->F48,46,105,202.9264,377.1645,-0.696836,-0.397291,-2.833415,-1.20877,2.28549
F47->F48,46,106,208.4001,397.5749,-0.418533,-0.401597,-0.366358,0.288818,0.692383
F47->F48,46,107,219.5927,417.0048,-0.226937,-0.409451,-0.028467,-0.122635,0.348789
F47->F48,46,108,422.3719,420.3098,0.494,-0.547584,-0.068318,0.046091,0.817711
F47->F48,46,109,430.0754,399.0532,0.603835,-0.423622,-0.298122,-0.189847,0.93176
F47->F48,46,110,438.0992,376.8622,0.553679,-0.367486,2.9e-05,0.090383,0.718452
F47->F48,46,111,441.1664,353.3282,0.617532,-0.34879,0.638789,-0.240081,0.110768
F47->F48,46,112,442.2065,330.5335,0.796171,-0.363232,0.420051,-0.058159,0.484289
F47->F48,46,113,441.125,308.3312,0.941289,-0.427026,-0.029343,-0.16482,1.005425
F47->F48,46,114,439.2979,285.831,1.060365,-0.479815,2.143436,-0.908853,1.164954
F47->F48,46,115,437.1237,263.3567,1.132019,-0.521349,1.897212,-0.936878,0.870738
F47->F48,46,116,434.6159,241.2088,1.089612,-0.531685,0.386309,0.002732,0.88331
F47->F48,46,117,430.6124,220.0969,0.921682,-0.511645,1.734934,-1.073651,0.98855
F47->F48,46,118,424.7468,199.5777,0.74363,-0.493115,0.184936,-0.142544,0.659575
F47->F48,46,119,417.9052,178.6566,0.569083,-0.47345,-0.113559,-0.294551,0.705695
F47->F48,46,120,409.2776,157.959,0.422812,-0.456419,-0.05857,-0.132922,0.579981
F47->F48,46,121,398.7817,137.0119,0.334256,-0.426256,0.028622,-0.052965,0.48245
F47->F48,46,122,384.9178,116.4485,0.241243,-0.345794,0.135788,-0.158919,0.214576
F47->F48,46,123,367.1169,98.2673,0.151611,-0.228023,-0.124496,-0.429238,0.341646
F47->F48,46,124,346.1231,85.6706,0.071769,-0.123714,-0.151578,0.036078,0.274622
F47->F48,46,125,323.0688,80.3997,0.01091,-0.056417,0.034958,-0.031889,0.034351
F47->F48,46,126,299.4528,81.8957,-0.021899,-0.050866,-0.133929,-0.047028,0.112095
F47->F48,46,127,276.5835,89.0812,-0.036545,-0.093782,0.22962,-0.327235,0.354039
F47->F48,46,128,256.2831,102.9753,-0.04624,-0.185479,-0.009601,-0.065483,0.125465
F47->F48,46,129,241.6364,122.1691,-0.081885,-0.222565,-0.17044,-0.042156,0.200971
F47->F48,46,130,229.0471,142.9171,-0.231095,-0.279719,-0.236838,-0.183865,0.096026
F47->F48,46,131,218.951,164.6428,-0.429349,-0.34486,-0.154396,-0.301505,0.27835
F47->F48,46,132,211.6822,186.0655,-0.676358,-0.37918,-0.387257,-0.089294,0.409406
F47->F48,46,133,207.9899,206.7331,-1.043904,-0.43481,-0.448076,-0.060529,0.703631
F47->F48,46,134,205.7601,227.3972,-1.331764,-0.458756,-1.644375,-1.014096,0.637282
F47->F48,46,135,204.1502,248.2723,-1.443216,-0.457001,-0.740228,-0.107181,0.785217
F47->F48,46,136,202.7928,269.4059,-1.361904,-0.457912,-2.637794,-0.932742,1.361381
F47->F48,46,137,200.852,290.6671,-1.26301,-0.446708,-0.931599,-0.013292,0.545602
F47->F48,46,138,198.8038,312.3116,-1.243141,-0.435669,-2.60993,-1.194252,1.563189
F47->F48,46,139,196.8848,334.0904,-1.107641,-0.417914,-0.562341,0.024347,0.702101
F47->F48,46,140,194.4953,355.8361,-0.913788,-0.373464,-0.235271,-0.026017,0.762303
F47->F48,46,141,193.4477,378.0043,-0.677884,-0.307143,-5.275982,-1.94792,4.882075
F47->F48,46,142,199.9591,399.8953,-0.400598,-0.329848,-0.567158,-0.140238,0.252377
F47->F48,46,143,214.0687,418.2328,-0.208516,-0.393331,-0.235479,-0.002277,0.391983
F47->F48,46,144,429.2957,421.7865,0.473345,-0.471049,-0.518289,0.193286,1.193599
F47->F48,46,145,436.5795,400.9044,0.563208,-0.379516,-0.408692,-0.196528,0.988977
F47->F48,46,146,443.9947,378.3901,0.502772,-0.365352,0.179486,0.187722,0.640628
F47->F48,46,147,446.8687,354.2224,0.677779,-0.318226,2.944485,-0.986631,2.363201
F47->F48,46,148,447.8248,330.7069,0.864499,-0.335604,0.39,0.015543,0.590299
F47->F48,46,149,447.3214,307.6046,0.974887,-0.410586,-0.048947,-0.143965,1.05798
F47->F48,46,150,446.3181,284.6153,1.046823,-0.474242,0.238705,0.013818,0.944064
F47->F48,46,151,445.1292,261.3979,1.088776,-0.523593,0.310769,0.023019,0.950831
F47->F48,46,152,443.4476,238.7987,1.024606,-0.54199,0.395623,0.031706,0.851321
F47->F48,46,153,439.9173,217.607,0.85132,-0.530061,1.130187,-0.823117,0.404536
F47->F48,46,154,434.2118,196.8444,0.67797,-0.517517,0.28669,0.05626,0.694492
F47->F48,46,155,426.5453,175.8288,0.509787,-0.501759,20.0,-19.318742,27.091461
F47->F48,46,156,417.3031,154.7008,0.399704,-0.49482,20.0,-19.192935,27.088579
F47->F48,46,157,406.1064,133.16,0.317562,-0.459838,0.053358,-0.16385,0.396753
F47->F48,46,158,391.2708,111.7602,0.212253,-0.356867,0.07189,-0.0514,0.336173
F47->F48,46,159,371.8989,92.7533,0.123112,-0.229358,-0.023449,-0.159252,0.162465
F47->F48,46,160,349.0858,79.7135,0.047592,-0.121875,20.0,-20.0,28.164489
F47->F48,46,161,323.915,74.6818,0.004511,-0.053925,0.003651,-0.039954,0.013997
F47->F48,46,162,298.5635,76.4168,-0.016405,-0.037673,-0.038044,-0.186586,0.150477
F47->F48,46,163,273.8385,84.2345,-0.025209,-0.107007,0.20288,-0.223428,0.256083
F47->F48,46,164,252.427,98.8358,-0.040974,-0.212841,-0.094065,-0.197523,0.055257
F47->F48,46,165,237.5118,119.3955,-0.077192,-0.25614,-0.490108,-0.089404,0.445309
F47->F48,46,166,224.5684,141.1805,-0.207603,-0.310676,-0.703127,-0.793287,0.691706
F47->F48,46,167,213.133,163.4242,-0.403289,-0.390159,-0.938756,-0.658585,0.59898
F47->F48,46,168,204.9311,185.2725,-0.630369,-0.421751,-0.45152,0.142166,0.591599
F47->F48,46,169,200.0919,205.9584,-0.967145,-0.467076,-2.109583,-0.79571,1.188767
F47->F48,46,170,197.2972,226.5859,-1.23288,-0.478066,-1.253381,-0.738761,0.261499
F47->F48,46,171,195.4778,247.5495,-1.362209,-0.470334,-0.828262,-0.121722,0.637674
F47->F48,46,172,194.3035,268.7438,-1.312775,-0.460612,-2.759002,-0.910512,1.51459
F47->F48,46,173,192.6648,290.0069,-1.224361,-0.438387,-1.24002,0.104585,0.543198
F47->F48,46,174,190.7568,311.3697,-1.205479,-0.409933,-0.825138,-0.100283,0.490452
F47->F48,46,175,188.5455,333.4663,-1.079258,-0.371104,-1.565534,-0.135203,0.540475
F47->F48,46,176,186.0255,355.465,-0.886375,-0.301162,1.661668,0.162418,2.589871
F47->F48,46,177,184.1045,379.0577,-0.649808,-0.217044,-1.25807,-5.827181,5.643015
F47->F48,46,178,191.1083,402.7139,-0.388959,-0.263189,-2.854892,-0.958328,2.562039
F47->F48,46,179,208.5372,419.5145,-0.19482,-0.375811,-0.294617,0.070169,0.457009
F48->F49,47,0,402.2371,415.5802,-0.039476,-0.7498,-1.259984,-0.317964,1.294651
F48->F49,47,1,410.8148,394.8347,-0.051222,-0.770325,1.648196,-1.125218,1.736079
F48->F49,47,2,417.3964,372.1442,0.011117,-0.593797,0.93187,-1.087696,1.044855
F48->F49,47,3,422.0234,351.085,0.069003,-0.450413,-0.678698,-0.043987,0.851022
F48->F49,47,4,424.3075,330.0769,0.086439,-0.353581,-0.272028,-0.327517,0.359414
F48->F49,47,5,422.0036,310.0271,0.102769,-0.299423,-0.349024,-0.271719,0.452642
F48->F49,47,6,418.8141,289.2627,0.09801,-0.260177,-0.070851,-0.217863,0.174082
F48->F49,47,7,414.303,268.7721,0.087867,-0.225229,-0.137788,-0.00167,0.317647
F48->F49,47,8,409.2331,248.1259,0.04923,-0.195409,-0.000751,-0.096218,0.111072
F48->F49,47,9,403.4084,227.6069,0.014492,-0.155079,-0.048713,-0.024601,0.144981
F48->F49,47,10,397.4702,207.45,0.017666,-0.119529,-0.05246,-0.144349,0.074389
F48->F49,47,11,391.4364,187.649,0.061322,-0.089386,0.067119,0.01746,0.107003
F48->F49,47,12,384.9715,167.9056,0.090168,-0.069453,0.160294,0.11201,0.194542
F48->F49,47,13,377.07,148.6151,0.092166,-0.043972,-0.128656,0.013048,0.228065
F48->F49,47,14,366.3582,131.0288,0.085302,-0.022559,0.10984,-0.0076,0.028739
F48->F49,47,15,352.9487,115.8748,0.072908,0.005492,-0.17788,-0.041275,0.255111
F48->F49,47,16,337.5108,104.7297,0.030667,0.023582,0.081033,0.162379,0.147653
F48->F49,47,17,320.0877,99.048,-0.018116,0.042208,-0.021575,0.1124,0.070277
F48->F49,47,18,301.8221,98.963,-0.058308,0.053134,0.142761,-0.112328,0.260396
F48->F49,47,19,283.6727,104.7857,-0.074702,0.054299,0.016348,-0.179492,0.250896
F48->F49,47,20,267.1472,115.819,-0.082288,0.038135,0.071461,-0.201636,0.284831
F48->F49,47,21,252.7968,130.7594,-0.097827,0.011586,-0.152884,0.12948,0.130117
F48->F49,47,22,241.4608,148.1733,-0.149157,-0.01222,-0.070601,0.049508,0.099907
F48->F49,47,23,235.1594,167.9858,-0.285337,-0.069829,-0.461471,0.015739,0.19582
F48->F49,47,24,231.3545,188.1955,-0.467358,-0.135939,-0.318828,0.052184,0.23969
F48->F49,47,25,229.729,208.8596,-0.692096,-0.20908,-0.072837,-0.171251,0.620413
F48->F49,47,26,229.4868,229.3582,-0.884628,-0.266061,-0.470094,0.077114,0.538152
F48->F49,47,27,228.4711,250.0524,-0.933117,-0.305168,-0.618644,-0.049551,0.405257
F48->F49,47,28,226.5943,270.9826,-0.85743,-0.348014,-0.564202,-0.329558,0.293808
F48->F49,47,29,223.7209,292.2645,-0.814028,-0.392188,-0.208521,-0.014586,0.713598
F48->F49,47,30,221.4189,313.6332,-0.80934,-0.442699,0.046951,-0.199638,0.890119
F48->F49,47,31,220.2504,334.8668,-0.705348,-0.497147,-0.417713,0.038475,0.607968
F48->F49,47,32,219.2979,355.4585,-0.588681,-0.532911,0.0918,-0.224221,0.747224
F48->F49,47,33,220.5458,374.9112,-0.40836,-0.520862,-0.133999,-0.117611,0.487735
F48->F49,47,34,224.6412,394.7907,-0.24881,-0.513138,-0.669739,-1.088899,0.713219
F48->F49,47,35,230.7705,413.4687,-0.120985,-0.519385,2.145456,-0.299077,2.277124
F48->F49,47,36,409.4211,416.124,-0.050718,-0.702844,-2.484628,-0.282243,2.469985
F48->F49,47,37,417.2734,395.5732,-0.060732,-0.704384,2.011245,-1.114885,2.11225
F48->F49,47,38,424.6325,372.7742,0.01169,-0.549483,1.315633,-0.918857,1.355251
F48->F49,47,39,430.2223,351.3032,0.057583,-0.421558,-0.778639,0.018727,0.945049
F48->F49,47,40,431.1589,330.1608,0.105702,-0.343438,-0.315033,-0.300834,0.422886
F48->F49,47,41,429.2055,309.1585,0.125375,-0.296104,-0.187436,-0.131132,0.353647
F48->F49,47,42,426.2229,287.838,0.118379,-0.260714,-0.065052,-0.197057,0.194163
F48->F49,47,43,422.3786,266.686,0.103287,-0.2277,-0.174603,-0.102168,0.304929
F48->F49,47,44,417.8931,245.6568,0.060912,-0.19458,-0.105207,-0.128198,0.178892
F48->F49,47,45,412.8093,224.7472,0.026471,-0.15231,-0.099446,-0.109323,0.133052
F48->F49,47,46,406.8045,204.5873,0.022695,-0.11686,-0.263969,-0.298459,0.339343
F48->F49,47,47,400.8416,184.2146,0.061612,-0.089491,0.154172,0.036449,0.156295
F48->F49,47,48,393.5659,164.1338,0.083455,-0.068611,0.028387,0.090393,0.16827
F48->F49,47,49,384.2543,144.4921,0.083643,-0.044718,-0.102717,-0.110564,0.197651
F48->F49,47,50,372.4194,125.7853,0.081174,-0.016188,-0.026205,-0.00439,0.108024
F48->F49,47,51,357.687,109.7595,0.069571,0.021869,-0.11036,-0.038002,0.189631
F48->F49,47,52,340.417,98.0979,0.028427,0.047585,0.207755,0.115077,0.191609
F48->F49,47,53,321.1184,92.5375,-0.015137,0.062983,0.088972,0.079096,0.105349
F48->F49,47,54,301.2233,93.0895,-0.057846,0.069488,0.046875,-0.023131,0.139802
F48->F49,47,55,281.3835,99.3328,-0.064327,0.060263,-0.093048,0.032446,0.039983
F48->F49,47,56,263.7781,111.3851,-0.06851,0.030538,0.215442,-0.28736,0.426249
F48->F49,47,57,249.2029,127.8146,-0.0842,0.001009,-0.164683,0.011267,0.081134
F48->F49,47,58,237.2282,146.2314,-0.139,-0.024613,-0.061508,0.093233,0.141041
F48->F49,47,59,229.5973,166.7332,-0.260916,-0.089013,-0.324573,-0.040661,0.079938
F48->F49,47,60,224.542,187.3192,-0.443208,-0.153036,-0.539471,-0.390958,0.256659
F48->F49,47,61,222.0724,207.9567,-0.692502,-0.225551,-0.276197,-0.066358,0.445704
F48->F49,47,62,221.2133,228.5299,-0.908562,-0.278817,-0.606079,-0.22374,0.307457
F48->F49,47,63,220.0233,249.3016,-0.974469,-0.309974,-0.686683,0.014007,0.433342
F48->F49,47,64,218.2352,270.2471,-0.891834,-0.345286,-0.149826,-0.250517,0.748036
F48->F49,47,65,215.6929,291.6069,-0.826257,-0.38565,-0.188615,-0.094568,0.700939
F48->F49,47,66,213.6119,313.0012,-0.8242,-0.429687,0.52699,-0.101149,1.390558
F48->F49,47,67,212.0547,334.5227,-0.727676,-0.47742,0.028827,0.007473,0.898565
F48->F49,47,68,210.3685,355.2987,-0.598688,-0.492622,-1.207212,-0.683769,0.637839
F48->F49,47,69,211.4034,375.7309,-0.430058,-0.471359,0.860098,-0.125594,1.335686
F48->F49,47,70,216.4199,396.1141,-0.250274,-0.489119,0.389554,-1.226661,0.976395
F48->F49,47,71,225.1599,415.2505,-0.118824,-0.497884,1.672679,-0.100541,1.835038
F48->F49,47,72,416.2287,418.0696,-0.082811,-0.640917,0.372894,-0.796568,0.481553
F48->F49,47,73,424.1579,397.333,-0.06886,-0.631493,2.129019,-1.166946,2.262163
F48->F49,47,74,431.4635,374.5279,-0.018016,-0.525145,-0.706148,-0.013356,0.857586
F48->F49,47,75,436.2514,352.1945,0.048095,-0.393956,-0.727644,0.060475,0.899043
F48->F49,47,76,436.7634,330.0268,0.13354,-0.326595,-0.071846,-0.266724,0.213934
F48->F49,47,77,435.9443,308.4578,0.151471,-0.293775,0.037291,-0.080456,0.241954
F48->F49,47,78,433.2481,286.5784,0.1384,-0.261562,0.0344,-0.222184,0.111206
F48->F49,47,79,430.3205,264.7092,0.114519,-0.22993,-0.290934,-0.181477,0.408338
F48->F49,47,80,426.9532,243.0487,0.06696,-0.195775,-0.028197,-0.104969,0.131531
F48->F49,47,81,422.1685,222.1413,0.027884,-0.15593,-0.231534,-0.153971,0.259426
F48->F49,47,82,416.2333,201.7792,0.023993,-0.121789,-0.168649,-0.147958,0.194412
F48->F49,47,83,409.4273,181.27,0.055346,-0.095938,0.069896,0.096197,0.192685
F48->F49,47,84,401.8379,160.7328,0.07338,-0.078468,-0.097805,0.021045,0.198008
F48->F49,47,85,391.5919,140.5869,0.073362,-0.052204,-0.023905,0.009882,0.115393
F48->F49,47,86,378.8627,120.9114,0.072107,-0.019774,0.089037,-0.147465,0.128808
F48->F49,47,87,362.461,103.9178,0.060851,0.022331,0.041114,0.118616,0.098286
F48->F49,47,88,343.3339,91.6874,0.02848,0.060014,0.229157,0.073309,0.201117
F48->F49,47,89,322.0177,86.417,-0.012561,0.076692,-0.025001,0.079424,0.012736
F48->F49,47,90,300.3149,87.4271,-0.05157,0.081042,-0.028957,0.051708,0.037038
F48->F49,47,91,278.9939,94.1292,-0.05417,0.060615,-0.072167,0.11402,0.056356
F48->F49,47,92,260.0047,107.109,-0.053335,0.013989,0.054766,-0.267202,0.301255
F48->F49,47,93,245.5226,124.9223,-0.079785,-0.012857,0.280423,-0.032178,0.360726
F48->F49,47,94,232.9727,144.3756,-0.130694,-0.042613,0.114188,0.044815,0.260021
F48->F49,47,95,224.0142,165.4261,-0.240459,-0.112587,-0.415449,0.080893,0.260875
F48->F49,47,96,217.572,186.4526,-0.417016,-0.176462,-0.383096,-0.063573,0.117875
F48->F49,47,97,214.5567,207.1404,-0.682759,-0.245106,-0.384691,0.083546,0.443686
F48->F49,47,98,213.0225,227.77,-0.907241,-0.295964,-0.652868,-0.176103,0.281198
F48->F49,47,99,211.3284,248.5303,-0.993575,-0.321779,-0.464533,0.270228,0.79395
F48->F49,47,100,209.867,269.5903,-0.921129,-0.346411,0.055889,-0.273784,0.979714
F48->F49,47,101,207.6176,290.9058,-0.8438,-0.378583,-0.232422,-0.174683,0.644483
F48->F49,47,102,205.7236,312.4813,-0.842462,-0.416806,-1.69281,-0.970856,1.014921
F48->F49,47,103,203.8686,334.3122,-0.743371,-0.445096,0.501584,-0.053148,1.305195
F48->F49,47,104,201.8689,355.4586,-0.609417,-0.444129,0.347447,-0.390777,0.958351
F48->F49,47,105,202.2296,376.7672,-0.45224,-0.417647,-1.090157,-0.698023,0.696813
F48->F49,47,106,207.9816,397.1733,-0.25373,-0.44121,0.354094,-0.874444,0.746419
F48->F49,47,107,219.3657,416.5953,-0.110244,-0.480264,1.014415,-0.172121,1.166109
F48->F49,47,108,422.8659,419.7622,-0.115494,-0.57972,0.672917,-1.04386,0.914887
F48->F49,47,109,430.6792,398.6295,-0.077793,-0.568166,0.813513,-0.944876,0.967645
F48->F49,47,110,438.6529,376.4947,-0.045307,-0.486328,-0.933137,-0.159578,0.946049
F48->F49,47,111,441.7839,352.9794,0.053776,-0.358473,-0.71405,0.085495,0.886941
F48->F49,47,112,443.0027,330.1703,0.154542,-0.298829,-0.071072,-0.290591,0.225764
F48->F49,47,113,442.0663,307.9041,0.176638,-0.289464,0.090525,-0.023626,0.279438
F48->F49,47,114,440.3583,285.3512,0.156573,-0.262616,-0.265463,-0.262908,0.422036
F48->F49,47,115,438.2557,262.8353,0.122477,-0.233485,-0.05881,-0.089258,0.23166
F48->F49,47,116,435.7056,240.6771,0.06664,-0.200563,-0.272808,-0.237607,0.341463
F48->F49,47,117,431.5341,219.5853,0.027059,-0.162648,-0.107638,-0.018409,0.197353
F48->F49,47,118,425.4905,199.0846,0.023357,-0.130285,-0.153843,-0.081262,0.183856
F48->F49,47,119,418.4743,178.1831,0.046153,-0.105923,-0.022072,-0.143643,0.077957
F48->F49,47,120,409.7004,157.5026,0.065053,-0.090956,-0.01446,0.070176,0.179682
F48->F49,47,121,399.1159,136.5856,0.059769,-0.067711,-0.012493,0.212447,0.289327
F48->F49,47,122,385.1591,116.1027,0.059187,-0.03295,0.024617,-0.066012,0.047835
F48->F49,47,123,367.2685,98.0392,0.052167,0.022458,20.0,-20.0,28.263313
F48->F49,47,124,346.1949,85.5469,0.021519,0.057279,0.116233,-0.038881,0.134972
F48->F49,47,125,323.0797,80.3432,-0.016389,0.0841,-0.065997,0.064102,0.053486
F48->F49,47,126,299.4309,81.8448,-0.041688,0.08903,0.104548,-0.05293,0.203808
F48->F49,47,127,276.5469,88.9874,-0.04235,0.056695,-0.115786,0.139675,0.110809
F48->F49,47,128,256.2369,102.7898,-0.043768,-0.005067,-0.25526,0.023394,0.213399
F48->F49,47,129,241.5545,121.9466,-0.070709,-0.031055,0.347979,0.165437,0.462502
F48->F49,47,130,228.816,142.6373,-0.12317,-0.068611,0.246546,0.114338,0.412505
F48->F49,47,131,218.5216,164.298,-0.229213,-0.151794,-0.443892,0.05548,0.298412
F48->F49,47,132,211.0059,185.6863,-0.397986,-0.20507,-0.224556,-0.092202,0.206923
F48->F49,47,133,206.946,206.2983,-0.663322,-0.268592,-0.383236,0.063952,0.43478
F48->F49,47,134,204.4283,226.9384,-0.882081,-0.311641,-0.80605,-0.134936,0.192367
F48->F49,47,135,202.707,247.8153,-0.981387,-0.334809,-0.478788,0.090824,0.658612
F48->F49,47,136,201.4309,268.948,-0.93965,-0.350308,-0.337191,-0.078271,0.66103
F48->F49,47,137,199.589,290.2204,-0.861245,-0.371834,-0.070945,0.003529,0.874912
F48->F49,47,138,197.5607,311.8759,-0.850423,-0.395759,0.283482,-0.169414,1.156276
F48->F49,47,139,195.7772,333.6724,-0.758766,-0.415202,-1.7581,-1.174514,1.255079
F48->F49,47,140,193.5815,355.4626,-0.616411,-0.389333,-0.040228,-0.170188,0.61645
F48->F49,47,141,192.7698,377.6972,-0.462801,-0.332321,-0.533299,-0.933819,0.605616
F48->F49,47,142,199.5585,399.5654,-0.245084,-0.367477,-0.972685,-0.787033,0.839899
F48->F49,47,143,213.8602,417.8394,-0.097245,-0.452527,1.087813,-0.159944,1.220641
F48->F49,47,144,429.769,421.3155,-0.143061,-0.524322,0.391048,-0.901088,0.653625
F48->F49,47,145,437.1427,400.5249,-0.097574,-0.51867,-3.025587,-0.05631,2.964294
F48->F49,47,146,444.4975,378.0247,-0.066601,-0.446701,0.653134,-4.008648,3.633935
F48->F49,47,147,447.5465,353.9041,0.062357,-0.321303,-0.495782,-0.190887,0.573173
F48->F49,47,148,448.6893,330.3713,0.167953,-0.28024,-0.530746,-0.018084,0.746262
F48->F49,47,149,448.2962,307.194,0.19391,-0.282915,0.126161,-0.016413,0.274979
F48->F49,47,150,447.3649,284.1411,0.168915,-0.268166,0.982216,-0.809329,0.976891
F48->F49,47,151,446.2179,260.8743,0.124265,-0.242917,-0.336056,-0.142684,0.471107
F48->F49,47,152,444.4722,238.2567,0.063208,-0.209843,-0.128289,-0.158549,0.198247
F48->F49,47,153,440.7686,217.077,0.024743,-0.171294,-0.115327,0.058068,0.26875
F48->F49,47,154,434.8898,196.3269,0.016509,-0.141206,-0.117484,-0.196967,0.145132
F48->F49,47,155,427.055,175.327,0.035858,-0.119612,20.0,-20.0,28.1744
F48->F49,47,156,417.7028,154.2059,0.056283,-0.109962,19.24321,-20.0,27.636059
F48->F49,47,157,406.424,132.7001,0.049224,-0.085602,-0.014036,0.013919,0.117924
F48->F49,47,158,391.4831,111.4033,0.047878,-0.049805,0.014127,-0.02625,0.041157
F48->F49,47,159,372.022,92.5239,0.036373,0.011396,0.011085,-0.022567,0.042343
F48->F49,47,160,349.1334,79.5916,0.010397,0.050197,20.0,-20.0,28.312446
F48->F49,47,161,323.9195,74.6279,-0.016509,0.079728,-0.007653,0.055903,0.025418
F48->F49,47,162,298.5471,76.3791,-0.032285,0.093747,0.023669,0.050725,0.070581
F48->F49,47,163,273.8133,84.1275,-0.027694,0.043603,0.010042,0.246219,0.2061
F48->F49,47,164,252.386,98.6229,-0.032386,-0.024418,-0.066914,0.061559,0.092651
F48->F49,47,165,237.4346,119.1393,-0.062796,-0.05316,0.224282,0.108613,0.329521
F48->F49,47,166,224.3608,140.8698,-0.116821,-0.096497,0.160129,0.228901,0.427299
F48->F49,47,167,212.7297,163.0341,-0.227648,-0.196703,-0.204578,0.107821,0.305396
F48->F49,47,168,204.3007,184.8507,-0.387322,-0.247671,-0.251598,-0.023401,0.262141
F48->F49,47,169,199.1248,205.4913,-0.637895,-0.303036,-0.20269,-0.03117,0.513142
F48->F49,47,170,196.0643,226.1078,-0.843034,-0.332241,-0.957168,-0.114118,0.24618
F48->F49,47,171,194.1156,247.0792,-0.955832,-0.347588,-0.386146,0.000791,0.667765
F48->F49,47,172,192.9907,268.2832,-0.94006,-0.358584,-0.387956,0.085151,0.708321
F48->F49,47,173,191.4404,289.5685,-0.866996,-0.367792,0.229034,-0.182198,1.111632
F48->F49,47,174,189.5513,310.9598,-0.861525,-0.373408,-0.36038,0.259903,0.807607
F48->F49,47,175,187.4662,333.0952,-0.771154,-0.368315,-1.713302,-1.116715,1.203223
F48->F49,47,176,185.1392,355.1639,-0.626162,-0.320266,-1.154114,-0.095964,0.573623
F48->F49,47,177,183.4547,378.8407,-0.462948,-0.256054,-0.345144,-0.867731,0.622919
F48->F49,47,178,190.7194,402.4507,-0.240772,-0.299086,0.131506,-0.041599,0.452648
F48->F49,47,179,208.3424,419.1387,-0.085659,-0.422996,0.958571,-0.100856,1.09279
F49->F50,48,0,402.1976,414.8304,-0.924083,-0.753952,-1.019691,-0.920701,0.192214
F49->F50,48,1,410.7636,394.0644,-0.991845,-0.867805,-0.272271,-1.022654,0.736047
F49->F50,48,2,417.4075,371.5504,-1.032204,-0.72281,-1.900036,-0.022222,1.115328
F49->F50,48,3,422.0924,350.6346,-0.912476,-0.460488,-0.434866,-1.077355,0.780151
F49->F50,48,4,424.3939,329.7233,-0.888142,-0.222467,-1.639499,-0.027764,0.776174
F49->F50,48,5,422.1064,309.7277,-1.05178,-0.06982,-1.034943,-0.135417,0.067724
F49->F50,48,6,418.9121,289.0025,-1.216784,0.030512,-1.296181,-0.019713,0.09395
F49->F50,48,7,414.3909,268.5468,-1.324449,0.109755,-1.161594,-0.125723,0.286308
F49->F50,48,8,409.2823,247.9305,-1.432335,0.168723,-1.123303,-0.112551,0.417871
F49->F50,48,9,403.4229,227.4518,-1.39282,0.218662,-1.199305,0.032914,0.268236
F49->F50,48,10,397.4879,207.3305,-1.158768,0.252056,-0.78702,0.215576,0.373534
F49->F50,48,11,391.4978,187.5596,-0.841557,0.292736,-0.69793,0.328265,0.147956
F49->F50,48,12,385.0617,167.8362,-0.578779,0.32105,-0.273712,0.102248,0.37542
F49->F50,48,13,377.1621,148.5711,-0.391192,0.358902,-0.438944,0.586326,0.232383
F49->F50,48,14,366.4435,131.0063,-0.240763,0.380192,-0.122007,0.158767,0.251262
F49->F50,48,15,353.0216,115.8803,-0.122239,0.348053,0.093931,0.302109,0.220998
F49->F50,48,16,337.5414,104.7533,-0.063685,0.29244,-0.010936,0.189722,0.115471
F49->F50,48,17,320.0696,99.0902,-0.050088,0.244293,-0.109366,0.200264,0.07384
F49->F50,48,18,301.7638,99.0161,-0.067442,0.238305,0.004637,0.246724,0.072569
F49->F50,48,19,283.598,104.84,-0.046714,0.233504,-0.096278,0.145132,0.101322
F49->F50,48,20,267.065,115.8571,-0.023171,0.206958,-0.152749,0.121744,0.155087
F49->F50,48,21,252.699,130.771,0.065726,0.179176,-4.8e-05,0.13048,0.081838
F49->F50,48,22,241.3116,148.1611,0.261334,0.174574,0.361538,0.10255,0.123403
F49->F50,48,23,234.8741,167.916,0.409259,0.110677,0.541108,0.049152,0.145497
F49->F50,48,24,230.8871,188.0595,0.519877,0.022475,0.590729,0.156264,0.151392
F49->F50,48,25,229.0369,208.6505,0.610772,-0.082593,0.11603,0.002152,0.501948
F49->F50,48,26,228.6021,229.0921,0.695071,-0.165168,0.916713,-0.161814,0.221667
F49->F50,48,27,227.538,249.7472,0.796484,-0.222631,1.219237,0.002402,0.478916
F49->F50,48,28,225.7369,270.6346,0.8755,-0.281719,1.280068,-0.221084,0.409087
F49->F50,48,29,222.9069,291.8723,0.884537,-0.343166,1.210359,-0.054331,0.435414
F49->F50,48,30,220.6096,313.1905,0.814563,-0.399951,-0.957542,-0.820229,1.821261
F49->F50,48,31,219.5451,334.3696,0.788821,-0.472714,2.699753,-0.04291,1.95867
F49->F50,48,32,218.7092,354.9255,0.666496,-0.536499,0.629054,-0.070898,0.467105
F49->F50,48,33,220.1374,374.3903,0.566493,-0.539898,0.292382,-1.085955,0.610994
F49->F50,48,34,224.3924,394.2775,0.362197,-0.617631,-0.98192,-0.763028,1.351958
F49->F50,48,35,230.6495,412.9493,0.227665,-0.630449,2.01061,-0.062942,1.871084
F49->F50,48,36,409.3704,415.4212,-0.904165,-0.724047,0.083106,-0.768938,0.988291
F49->F50,48,37,417.2127,394.8688,-1.011471,-0.861577,-0.954817,-0.767111,0.110152
F49->F50,48,38,424.6442,372.2247,-0.923412,-0.743073,-1.464965,-0.20091,0.766303
F49->F50,48,39,430.2799,350.8817,-0.723066,-0.462337,-0.379343,-1.065619,0.69433
F49->F50,48,40,431.2646,329.8173,-0.689724,-0.253288,-1.650467,-0.030404,0.986258
F49->F50,48,41,429.3309,308.8624,-0.915775,-0.099764,-1.152186,-0.158722,0.243653
F49->F50,48,42,426.3413,287.5773,-1.114709,0.009748,-1.556233,0.169491,0.469533
F49->F50,48,43,422.4819,266.4583,-1.250316,0.107683,-1.163725,-0.152875,0.27457
F49->F50,48,44,417.954,245.4622,-1.330968,0.176912,-0.831962,0.069749,0.510383
F49->F50,48,45,412.8358,224.5949,-1.241286,0.232299,-0.764445,0.241857,0.476937
F49->F50,48,46,406.8272,204.4704,-1.011466,0.272982,-0.360581,-0.122813,0.761777
F49->F50,48,47,400.9033,184.1251,-0.7075,0.311054,-0.814975,0.252743,0.122274
F49->F50,48,48,393.6493,164.0652,-0.441405,0.329619,-0.107,0.035432,0.445391
F49->F50,48,49,384.338,144.4474,-0.302845,0.360866,-0.377812,0.668304,0.316446
F49->F50,48,50,372.5006,125.7692,-0.182196,0.383164,-0.079684,0.089294,0.311236
F49->F50,48,51,357.7565,109.7813,-0.081501,0.350134,0.152624,0.379814,0.235999
F49->F50,48,52,340.4455,98.1455,-0.041603,0.29318,0.129347,0.211078,0.189644
F49->F50,48,53,321.1033,92.6004,-0.038076,0.246533,-0.080972,0.162981,0.09392
F49->F50,48,54,301.1655,93.159,-0.063787,0.240083,0.174148,0.286432,0.242407
F49->F50,48,55,281.3191,99.3931,-0.037059,0.220383,-0.074461,0.05272,0.171784
F49->F50,48,56,263.7096,111.4156,-0.020449,0.182171,0.06447,0.160634,0.087607
F49->F50,48,57,249.1187,127.8156,0.02416,0.157387,0.148127,0.168799,0.124491
F49->F50,48,58,237.0892,146.2068,0.201965,0.155143,0.594962,0.222859,0.398788
F49->F50,48,59,229.3364,166.6442,0.334045,0.079376,0.714401,0.05016,0.381476
F49->F50,48,60,224.0988,187.1662,0.432514,-0.002081,0.689453,0.113626,0.28179
F49->F50,48,61,221.3799,207.7311,0.536274,-0.091455,0.47507,-0.110365,0.064059
F49->F50,48,62,220.3048,228.2511,0.651106,-0.161695,0.679996,0.044478,0.208187
F49->F50,48,63,219.0488,248.9916,0.730636,-0.208891,0.908761,0.051724,0.315671
F49->F50,48,64,217.3434,269.9018,0.785962,-0.262873,0.859858,-0.158755,0.127676
F49->F50,48,65,214.8666,291.2212,0.768675,-0.31952,1.224075,-0.093928,0.508214
F49->F50,48,66,212.7877,312.5715,0.724897,-0.380682,-0.717249,-0.816514,1.506563
F49->F50,48,67,211.327,334.0453,0.677839,-0.453368,-0.030627,-0.824841,0.799949
F49->F50,48,68,209.7698,354.806,0.587149,-0.492187,0.565331,-0.078687,0.414076
F49->F50,48,69,210.9733,375.2595,0.46412,-0.476941,0.550485,-0.990103,0.520379
F49->F50,48,70,216.1696,395.625,0.293826,-0.549426,0.999034,0.0464,0.923215
F49->F50,48,71,225.0411,414.7526,0.218299,-0.612485,1.623189,0.003965,1.534186
F49->F50,48,72,416.1459,417.4287,-0.938829,-0.690232,0.468467,-0.685827,1.407303
F49->F50,48,73,424.0891,396.7015,-1.027375,-0.849654,-2.656631,-0.156699,1.770498
F49->F50,48,74,431.4455,374.0027,-0.888436,-0.741669,-1.453508,-0.190969,0.789035
F49->F50,48,75,436.2995,351.8006,-0.66265,-0.438315,-2.235083,-0.17871,1.593719
F49->F50,48,76,436.8969,329.7003,-0.645882,-0.254325,-1.458069,-0.229076,0.81258
F49->F50,48,77,436.0958,308.164,-0.82917,-0.122601,-1.019586,-0.150865,0.192501
F49->F50,48,78,433.3865,286.3168,-1.039719,-0.002079,-1.013374,-0.212587,0.21215
F49->F50,48,79,430.435,264.4792,-1.182673,0.104447,-1.121138,-0.196443,0.307117
F49->F50,48,80,427.0202,242.8529,-1.243657,0.184163,-0.699971,0.170285,0.543864
F49->F50,48,81,422.1964,221.9854,-1.130269,0.239018,-0.759237,0.191005,0.374126
F49->F50,48,82,416.2573,201.6574,-0.904984,0.285991,-0.232613,-0.047108,0.750359
F49->F50,48,83,409.4826,181.1741,-0.620523,0.318852,-0.353312,-0.05647,0.460726
F49->F50,48,84,401.9112,160.6544,-0.373292,0.332216,0.032194,0.207968,0.424095
F49->F50,48,85,391.6653,140.5346,-0.249179,0.361506,-0.785302,0.997975,0.832178
F49->F50,48,86,378.9348,120.8916,-0.148249,0.36954,-0.140744,0.073094,0.296541
F49->F50,48,87,362.5219,103.9402,-0.063451,0.339112,-0.085425,0.504924,0.167262
F49->F50,48,88,343.3623,91.7474,-0.02126,0.288236,0.026122,0.188108,0.110774
F49->F50,48,89,322.0051,86.4937,-0.024542,0.243884,-0.191635,0.261655,0.168035
F49->F50,48,90,300.2634,87.5081,-0.047494,0.23595,0.178443,0.269235,0.228375
F49->F50,48,91,278.9397,94.1898,-0.020779,0.203385,-0.13557,0.056996,0.186029
F49->F50,48,92,259.9514,107.123,-0.001996,0.158448,-0.319519,0.27579,0.338511
F49->F50,48,93,245.4428,124.9095,0.00601,0.139121,0.380551,0.013589,0.395018
F49->F50,48,94,232.842,144.333,0.151545,0.130382,0.419347,0.26189,0.29835
F49->F50,48,95,223.7737,165.3135,0.27214,0.052233,0.655106,0.064517,0.383163
F49->F50,48,96,217.155,186.2762,0.358698,-0.027989,0.534799,0.036459,0.187523
F49->F50,48,97,213.874,206.8953,0.479222,-0.097604,0.736898,0.013819,0.280734
F49->F50,48,98,212.1152,227.4741,0.601319,-0.161643,0.470618,-0.376712,0.251669
F49->F50,48,99,210.3348,248.2085,0.67919,-0.208418,0.859307,-0.008573,0.269035
F49->F50,48,100,208.9459,269.2439,0.697143,-0.251203,0.717166,-0.15681,0.096493
F49->F50,48,101,206.7738,290.5272,0.679511,-0.30878,0.983235,-0.03928,0.406052
F49->F50,48,102,204.8811,312.0645,0.638467,-0.367587,0.994393,-0.134871,0.425253
F49->F50,48,103,203.1253,333.8671,0.599362,-0.432523,-1.120582,-0.898485,1.781945
F49->F50,48,104,201.2595,355.0145,0.517125,-0.44888,0.798529,-0.123953,0.429844
F49->F50,48,105,201.7773,376.3495,0.366784,-0.422054,0.429932,-0.951479,0.533177
F49->F50,48,106,207.7278,396.7321,0.237631,-0.486297,0.798647,0.045823,0.773234
F49->F50,48,107,219.2555,416.115,0.213396,-0.583973,-0.521039,-0.879652,0.79172
F49->F50,48,108,422.7504,419.1825,-0.99886,-0.670942,3.31512,2.246786,5.208028
F49->F50,48,109,430.6014,398.0614,-1.045969,-0.819825,-2.16022,-0.297622,1.230549
F49->F50,48,110,438.6076,376.0083,-0.860283,-0.668076,0.103179,-0.891256,0.988974
F49->F50,48,111,441.8377,352.6209,-0.701446,-0.387896,0.058232,-0.957164,0.949303
F49->F50,48,112,443.1572,329.8714,-0.685555,-0.232259,-1.234477,-0.105121,0.563453
F49->F50,48,113,442.2429,307.6147,-0.7998,-0.136066,-1.021674,-0.087477,0.227133
F49->F50,48,114,440.5148,285.0885,-0.974059,-0.013798,-0.74544,0.030187,0.232812
F49->F50,48,115,438.3782,262.6018,-1.119491,0.100646,-1.112118,-0.300621,0.401335
F49->F50,48,116,435.7722,240.4765,-1.165748,0.185289,-0.775523,0.054347,0.411608
F49->F50,48,117,431.5612,219.4226,-1.034248,0.245564,-0.733082,0.06354,0.3519
F49->F50,48,118,425.5138,198.9543,-0.818173,0.296138,-0.182888,-0.025819,0.71221
F49->F50,48,119,418.5205,178.0772,-0.548615,0.325893,0.112279,0.252985,0.664903
F49->F50,48,120,409.7654,157.4117,-0.330062,0.339227,0.13273,0.057356,0.541874
F49->F50,48,121,399.1757,136.5179,-0.2377,0.357773,0.14993,0.268216,0.397842
F49->F50,48,122,385.2183,116.0697,-0.136012,0.345942,0.090354,0.147613,0.300958
F49->F50,48,123,367.3207,98.0617,-0.046405,0.327757,20.0,-20.0,28.549537
F49->F50,48,124,346.2164,85.6042,-0.011776,0.271376,0.023318,0.303991,0.047909
F49->F50,48,125,323.0634,80.4273,-0.016193,0.238414,-0.194394,0.294326,0.186767
F49->F50,48,126,299.3893,81.9339,-0.027219,0.229232,-0.034631,0.27906,0.050376
F49->F50,48,127,276.5046,89.0441,-0.002174,0.186567,-0.053463,0.131491,0.075259
F49->F50,48,128,256.1931,102.7848,0.019434,0.137887,-0.427746,0.243667,0.459521
F49->F50,48,129,241.4838,121.9155,0.00957,0.122744,0.512629,0.277492,0.526322
F49->F50,48,130,228.6928,142.5687,0.118759,0.101054,0.467105,0.186988,0.35879
F49->F50,48,131,218.2924,164.1462,0.233644,0.019141,0.669517,0.205486,0.474036
F49->F50,48,132,210.6079,185.4812,0.315254,-0.048128,0.420037,-0.095164,0.114857
F49->F50,48,133,206.2826,206.0297,0.43111,-0.103367,0.930874,-0.077414,0.500437
F49->F50,48,134,203.5463,226.6268,0.544139,-0.161886,0.749123,-0.180149,0.205796
F49->F50,48,135,201.7256,247.4805,0.598868,-0.215921,0.4088,-0.193947,0.191334
F49->F50,48,136,200.4913,268.5976,0.607066,-0.246991,0.612907,-0.153646,0.093528
F49->F50,48,137,198.7278,289.8486,0.597542,-0.302281,0.735526,-0.072521,0.268009
F49->F50,48,138,196.7103,311.4802,0.568347,-0.358473,1.114869,-0.082644,0.612183
F49->F50,48,139,195.0184,333.2572,0.527253,-0.417371,-0.806755,-0.877028,1.41098
F49->F50,48,140,192.9651,355.0733,0.472201,-0.415459,-0.545501,-0.940084,1.144967
F49->F50,48,141,192.307,377.3649,0.322599,-0.389574,-0.602006,-0.812162,1.0166
F49->F50,48,142,199.3135,399.1979,0.251934,-0.456593,2.03101,-0.076243,1.819279
F49->F50,48,143,213.7629,417.3869,0.225552,-0.554301,-0.699275,-0.962313,1.010831
F49->F50,48,144,429.626,420.7912,-1.044485,-0.646642,-1.013883,-0.088041,0.559438
F49->F50,48,145,437.0452,400.0062,-1.03202,-0.751883,-2.199524,-0.123127,1.326047
F49->F50,48,146,444.4309,377.578,-0.845709,-0.572155,-1.937926,-0.117199,1.183184
F49->F50,48,147,447.6089,353.5828,-0.764392,-0.333711,2.762812,-2.090053,3.940293
F49->F50,48,148,448.8572,330.0911,-0.744228,-0.21921,-0.936446,-0.075855,0.239788
F49->F50,48,149,448.4901,306.9111,-0.805078,-0.136261,-0.753426,0.078228,0.220621
F49->F50,48,150,447.5338,283.8729,-0.93042,-0.027956,-0.645993,0.118255,0.319807
F49->F50,48,151,446.3422,260.6314,-1.0597,0.087127,-1.349539,0.156531,0.298033
F49->F50,48,152,444.5354,238.0468,-1.093181,0.181935,-0.959179,0.011725,0.216628
F49->F50,48,153,440.7933,216.9057,-0.95102,0.252909,-0.690606,0.056287,0.326306
F49->F50,48,154,434.9063,196.1857,-0.750901,0.303794,0.0387,0.242169,0.792001
F49->F50,48,155,427.0909,175.2074,-0.498842,0.331107,20.0,-20.0,28.871377
F49->F50,48,156,417.7591,154.096,-0.318112,0.34323,18.497656,-19.185773,27.118538
F49->F50,48,157,406.4732,132.6145,-0.237467,0.35703,0.213855,0.096584,0.521079
F49->F50,48,158,391.5309,111.3535,-0.125521,0.320832,0.003157,0.049708,0.30011
F49->F50,48,159,372.0584,92.5353,-0.046169,0.304473,0.039125,0.011946,0.304708
F49->F50,48,160,349.1438,79.6418,-0.007172,0.252484,20.0,-20.0,28.468404
F49->F50,48,161,323.903,74.7076,-0.009058,0.224887,-0.080968,0.218856,0.072162
F49->F50,48,162,298.5148,76.4728,-0.011423,0.22195,-0.021646,0.155035,0.067691
F49->F50,48,163,273.7856,84.1711,0.01997,0.164833,-0.109523,0.167394,0.129518
F49->F50,48,164,252.3536,98.5985,0.04404,0.116833,-0.236337,0.19518,0.291118
F49->F50,48,165,237.3719,119.0862,0.019623,0.108141,0.453713,-0.081351,0.473647
F49->F50,48,166,224.244,140.7733,0.09758,0.080132,0.684613,0.457532,0.697882
F49->F50,48,167,212.502,162.8374,0.200971,-0.012325,0.759971,0.396911,0.692788
F49->F50,48,168,203.9134,184.6031,0.29066,-0.067043,0.344002,-0.188744,0.132878
F49->F50,48,169,198.4869,205.1883,0.385415,-0.118934,1.066185,-0.142926,0.681192
F49->F50,48,170,195.2212,225.7756,0.474117,-0.169073,1.141017,-0.237077,0.670358
F49->F50,48,171,193.1598,246.7316,0.515868,-0.217054,0.68615,0.081728,0.343899
F49->F50,48,172,192.0507,267.9246,0.521082,-0.257259,0.837932,-0.159421,0.331612
F49->F50,48,173,190.5734,289.2007,0.534595,-0.304673,1.222693,-0.252006,0.690111
F49->F50,48,174,188.6898,310.5864,0.500845,-0.350876,1.494242,-0.198675,1.004988
F49->F50,48,175,186.6951,332.7268,0.470567,-0.39427,-0.065346,-0.76824,0.653496
F49->F50,48,176,184.513,354.8436,0.433453,-0.389254,-0.278903,-0.845689,0.84604
F49->F50,48,177,182.9918,378.5846,0.290354,-0.385037,-3.71427,-1.987503,4.313342
F49->F50,48,178,190.4786,402.1516,0.260512,-0.451949,2.73391,-0.012898,2.512063
F49->F50,48,179,208.2567,418.7157,0.239202,-0.524369,-0.138139,-1.004016,0.610284
