frame_pair,frame_idx,node,node_x_px,node_y_px,gt_dx,gt_dy,pred_dx,pred_dy,error_px
F1->F2,0,0,409.9315,403.2275,-0.132816,-0.375533,-0.513623,0.082052,0.595313
F1->F2,0,1,418.3476,384.7786,-0.105391,-0.393748,-0.397601,-0.047473,0.453092
F1->F2,0,2,425.5264,365.9869,-0.052923,-0.323861,0.058645,0.07042,0.409762
F1->F2,0,3,430.3619,346.5725,-0.003432,-0.257688,-0.233553,0.042637,0.378353
F1->F2,0,4,432.6155,326.6716,0.045211,-0.208542,-0.028608,0.11835,0.335123
F1->F2,0,5,432.4001,306.5886,0.090497,-0.17292,-0.251946,-0.166835,0.342497
F1->F2,0,6,429.8391,286.6223,0.144326,-0.152892,-0.324317,-0.093956,0.472334
F1->F2,0,7,425.3237,266.8902,0.213768,-0.143164,-0.257347,-0.149335,0.471156
F1->F2,0,8,419.5385,247.3112,0.269835,-0.129436,-0.222337,-0.254661,0.507853
F1->F2,0,9,413.1808,227.7945,0.295828,-0.109721,0.136994,0.178944,0.329478
F1->F2,0,10,406.5966,208.3319,0.288813,-0.082306,-0.105483,-0.205337,0.413045
F1->F2,0,11,399.415,189.0833,0.26043,-0.05867,0.021423,-0.086254,0.240593
F1->F2,0,12,391.1776,170.229,0.224108,-0.029933,0.160046,-0.020128,0.064808
F1->F2,0,13,381.4029,152.1285,0.197387,0.007763,0.029184,-0.000618,0.168411
F1->F2,0,14,369.5294,135.7537,0.162998,0.044672,0.350137,0.120298,0.201842
F1->F2,0,15,354.9836,122.2068,0.117764,0.076802,0.169298,0.092811,0.053963
F1->F2,0,16,337.7215,112.4864,0.062076,0.102715,0.158704,0.089366,0.097546
F1->F2,0,17,318.7047,107.3955,0.006688,0.130699,0.075981,0.268768,0.154482
F1->F2,0,18,299.0324,107.6239,-0.035739,0.137352,0.038057,0.004271,0.152173
F1->F2,0,19,280.0245,113.0694,-0.061612,0.131049,-0.099613,0.248449,0.123397
F1->F2,0,20,263.1088,123.2199,-0.066086,0.121012,-0.095634,0.131563,0.031376
F1->F2,0,21,249.3336,137.3627,-0.042683,0.113232,-0.184613,0.141188,0.144657
F1->F2,0,22,239.1261,154.4626,-0.004059,0.106063,0.155737,0.125296,0.160949
F1->F2,0,23,232.6757,173.4812,0.032323,0.0872,-0.051676,0.077882,0.084514
F1->F2,0,24,228.8919,193.5668,0.082669,0.068253,-0.035051,0.117704,0.127685
F1->F2,0,25,226.1689,213.9652,0.133574,0.048912,-0.041006,-0.00088,0.181542
F1->F2,0,26,223.7282,234.3101,0.179854,0.022252,0.353886,0.117726,0.1985
F1->F2,0,27,221.6138,254.62,0.199198,-0.017226,-0.037372,0.215979,0.33219
F1->F2,0,28,219.9001,274.9295,0.205691,-0.055453,0.148299,0.016324,0.0919
F1->F2,0,29,218.6193,295.2723,0.19619,-0.089151,0.421291,-0.138172,0.230377
F1->F2,0,30,217.8055,315.6657,0.175986,-0.116257,-0.075745,-0.071032,0.255761
F1->F2,0,31,217.6771,336.0092,0.14855,-0.142914,0.18156,-0.102823,0.051932
F1->F2,0,32,218.58,356.1368,0.093542,-0.164819,0.456715,-0.166922,0.363179
F1->F2,0,33,221.4295,375.7161,0.053386,-0.18253,0.469918,-0.091992,0.426258
F1->F2,0,34,227.2689,394.3853,0.000552,-0.186188,0.16871,-0.080598,0.198561
F1->F2,0,35,235.0917,412.4423,-0.0342,-0.159199,2.02456,-0.031375,2.062724
F1->F2,0,36,416.1681,406.1487,-0.142232,-0.378689,-0.758606,-0.062476,0.692753
F1->F2,0,37,424.5625,387.4559,-0.122439,-0.381063,-1.009992,-0.085371,0.935513
F1->F2,0,38,431.8651,368.0277,-0.071392,-0.311228,0.104381,0.111582,0.457891
F1->F2,0,39,436.8139,347.7259,-0.013011,-0.24709,-2.022833,0.841564,2.285728
F1->F2,0,40,439.1335,326.9965,0.054186,-0.190991,-0.268293,-0.076424,0.342226
F1->F2,0,41,439.0263,306.1229,0.098093,-0.156478,-0.082773,-0.118917,0.184725
F1->F2,0,42,436.8172,285.3406,0.14781,-0.134242,-0.133025,-0.155653,0.28165
F1->F2,0,43,432.967,264.8423,0.211711,-0.124578,-0.075401,-0.042087,0.298727
F1->F2,0,44,427.8835,244.6703,0.260268,-0.113371,0.278275,0.144062,0.258061
F1->F2,0,45,421.925,224.9114,0.27768,-0.094835,0.113025,0.186128,0.325655
F1->F2,0,46,415.301,205.2784,0.2669,-0.072145,-0.079094,-0.132848,0.351278
F1->F2,0,47,407.6769,185.7812,0.240559,-0.053448,-0.014664,0.007423,0.262382
F1->F2,0,48,398.7933,166.5799,0.204536,-0.026724,-0.057649,-0.084293,0.26843
F1->F2,0,49,388.2393,147.9225,0.174851,0.008058,0.241823,0.172068,0.177157
F1->F2,0,50,375.3203,130.743,0.136667,0.04889,0.256271,0.173767,0.172914
F1->F2,0,51,359.2796,116.3646,0.092305,0.084422,0.127256,0.100282,0.038381
F1->F2,0,52,340.2979,106.229,0.048796,0.115423,0.104068,0.122667,0.055745
F1->F2,0,53,319.4758,101.4129,0.001074,0.143554,0.102686,0.156311,0.10241
F1->F2,0,54,298.2211,102.1904,-0.045502,0.148911,0.016405,0.038586,0.126507
F1->F2,0,55,277.8644,108.0884,-0.068367,0.141253,0.065786,0.222109,0.156636
F1->F2,0,56,259.7671,119.0331,-0.076349,0.132725,0.169616,0.145689,0.246306
F1->F2,0,57,245.4461,134.3994,-0.060696,0.122981,-0.088582,0.210922,0.092256
F1->F2,0,58,234.8006,152.4942,-0.010201,0.113849,0.143478,0.114635,0.153681
F1->F2,0,59,227.2525,172.1476,0.025996,0.09523,0.146002,-0.075846,0.20897
F1->F2,0,60,222.1063,192.5688,0.07589,0.076054,0.039796,0.121209,0.057807
F1->F2,0,61,218.4538,212.99,0.128529,0.056967,0.443148,-0.214004,0.415224
F1->F2,0,62,215.5606,233.3903,0.174312,0.028001,0.47732,-0.010031,0.305386
F1->F2,0,63,213.4376,253.8456,0.191549,-0.009782,-0.199796,0.179535,0.434732
F1->F2,0,64,211.9206,274.3415,0.1969,-0.048856,-0.037371,-0.152406,0.256136
F1->F2,0,65,210.8087,294.8657,0.188921,-0.084341,0.498391,-0.108346,0.310399
F1->F2,0,66,210.0567,315.4679,0.167346,-0.114283,0.357607,-0.047842,0.201528
F1->F2,0,67,209.8198,336.131,0.136038,-0.141809,0.555964,-0.073177,0.425498
F1->F2,0,68,210.4439,356.8145,0.079423,-0.164174,1.409227,-0.094649,1.33162
F1->F2,0,69,212.9197,377.6051,0.034169,-0.174207,0.413743,-0.007493,0.414572
F1->F2,0,70,219.4692,397.4406,-0.00604,-0.185092,0.666317,-0.026098,0.6909
F1->F2,0,71,229.6962,414.8906,-0.029542,-0.162071,1.019864,-0.024951,1.058326
F1->F2,0,72,422.4047,409.07,-0.149252,-0.376293,-0.966296,-0.107872,0.860006
F1->F2,0,73,430.7774,390.1332,-0.135603,-0.364204,-0.970253,-0.126852,0.867743
F1->F2,0,74,438.2037,370.0686,-0.091878,-0.300071,-0.151248,-0.079053,0.228853
F1->F2,0,75,443.2659,348.8792,-0.021831,-0.225015,-0.338424,-0.068213,0.353296
F1->F2,0,76,445.6514,327.3215,0.060369,-0.169074,-0.183475,-0.170282,0.243847
F1->F2,0,77,445.6526,305.6572,0.10633,-0.13733,-0.048086,-0.134516,0.154441
F1->F2,0,78,443.7954,284.0588,0.152197,-0.114847,0.040045,-0.120041,0.112272
F1->F2,0,79,440.6104,262.7944,0.209961,-0.104453,0.180775,0.088055,0.194708
F1->F2,0,80,436.2285,242.0293,0.248569,-0.0942,0.370655,0.253963,0.368947
F1->F2,0,81,430.6692,222.0282,0.26024,-0.080081,0.014687,0.080847,0.293589
F1->F2,0,82,424.0054,202.2249,0.249895,-0.062763,0.152758,0.107243,0.1958
F1->F2,0,83,415.9389,182.4791,0.225628,-0.049337,0.10957,0.116599,0.202495
F1->F2,0,84,406.4089,162.9308,0.191899,-0.030548,-0.107217,0.094038,0.324024
F1->F2,0,85,395.0757,143.7165,0.151803,0.00286,0.283411,0.22473,0.257967
F1->F2,0,86,381.1111,125.7322,0.109148,0.045044,0.187419,-0.086423,0.153003
F1->F2,0,87,363.5756,110.5223,0.070315,0.08158,0.197127,0.056688,0.129232
F1->F2,0,88,342.8744,99.9715,0.034392,0.119462,0.098723,0.18476,0.091665
F1->F2,0,89,320.2468,95.4304,-0.007382,0.149415,0.112871,0.140658,0.120571
F1->F2,0,90,297.4098,96.7569,-0.048377,0.156794,0.008064,0.114221,0.070697
F1->F2,0,91,275.7043,103.1073,-0.072499,0.151289,0.045057,0.232296,0.142763
F1->F2,0,92,256.4255,114.8464,-0.083122,0.145365,0.15822,0.138222,0.241448
F1->F2,0,93,241.5586,131.4362,-0.077808,0.131598,-0.059246,0.222566,0.092843
F1->F2,0,94,230.4752,150.5258,-0.018452,0.12218,0.109902,0.184338,0.142613
F1->F2,0,95,221.8294,170.814,0.021107,0.102231,0.145932,-0.096677,0.234831
F1->F2,0,96,215.3206,191.5707,0.066407,0.083692,0.06495,0.148992,0.065316
F1->F2,0,97,210.7387,212.0149,0.119956,0.063204,0.27681,-0.183535,0.292375
F1->F2,0,98,207.3931,232.4704,0.164452,0.032214,0.631249,0.3034,0.539853
F1->F2,0,99,205.2615,253.0711,0.182882,-0.003825,0.089835,-0.082124,0.121608
F1->F2,0,100,203.941,273.7534,0.186801,-0.043119,0.365499,-0.354025,0.358602
F1->F2,0,101,202.9982,294.4591,0.177854,-0.082664,0.392607,-0.133912,0.220783
F1->F2,0,102,202.308,315.2701,0.156139,-0.112409,0.405573,-0.015887,0.267458
F1->F2,0,103,201.9625,336.2528,0.124018,-0.144535,0.328694,-0.330429,0.276494
F1->F2,0,104,202.3078,357.4923,0.068531,-0.163865,0.364297,-0.181614,0.296298
F1->F2,0,105,204.4098,379.4941,0.01423,-0.169357,0.681301,0.024504,0.694669
F1->F2,0,106,211.6695,400.4958,-0.017115,-0.18683,0.890613,-0.09203,0.912665
F1->F2,0,107,224.3007,417.3389,-0.023362,-0.164082,-0.076094,0.026117,0.197374
F1->F2,0,108,428.6414,411.9913,-0.155994,-0.364141,-0.886477,-0.238603,0.741192
F1->F2,0,109,436.9924,392.8104,-0.144277,-0.346504,-0.729486,-0.055407,0.653611
F1->F2,0,110,444.5424,372.1094,-0.108277,-0.283948,-0.667579,-0.154264,0.57414
F1->F2,0,111,449.7179,350.0325,-0.025201,-0.197859,-0.392471,-0.185065,0.367493
F1->F2,0,112,452.1693,327.6464,0.066426,-0.150291,-0.239644,-0.197458,0.309683
F1->F2,0,113,452.2788,305.1914,0.118413,-0.119088,-0.155243,-0.167677,0.277936
F1->F2,0,114,450.7735,282.7771,0.159005,-0.094742,-0.063796,-0.111583,0.223436
F1->F2,0,115,448.2537,260.7464,0.207081,-0.08366,0.261802,0.142799,0.232976
F1->F2,0,116,444.5735,239.3884,0.236026,-0.079653,0.155778,-0.003054,0.110938
F1->F2,0,117,439.4135,219.1451,0.245014,-0.067826,0.043171,0.030737,0.224622
F1->F2,0,118,432.7099,199.1713,0.233707,-0.056131,0.368641,0.194249,0.284425
F1->F2,0,119,424.2008,179.177,0.212935,-0.045051,0.30504,0.263327,0.321839
F1->F2,0,120,414.0245,159.2817,0.183154,-0.031637,0.353014,0.24892,0.327971
F1->F2,0,121,401.9121,139.5105,0.132151,-0.006868,0.230509,0.11483,0.156476
F1->F2,0,122,386.9019,120.7215,0.082846,0.03593,0.013457,-0.119713,0.17041
F1->F2,0,123,367.8717,104.6801,0.048963,0.078149,0.157314,0.000563,0.133265
F1->F2,0,124,345.4508,93.7141,0.016156,0.113564,0.150232,0.110106,0.134121
F1->F2,0,125,321.0179,89.4478,-0.025323,0.150774,0.093601,0.196048,0.12725
F1->F2,0,126,296.5985,91.3234,-0.04817,0.162795,-0.034212,0.198522,0.038356
F1->F2,0,127,273.5442,98.1263,-0.074773,0.161723,0.001371,0.181968,0.07879
F1->F2,0,128,253.0838,110.6596,-0.087665,0.158339,0.166305,0.099329,0.260736
F1->F2,0,129,237.6711,128.473,-0.088913,0.142922,0.160587,0.186637,0.253301
F1->F2,0,130,226.1497,148.5574,-0.028817,0.131032,0.121646,0.226027,0.177942
F1->F2,0,131,216.4062,169.4804,0.017501,0.108305,0.12746,-0.050426,0.193097
F1->F2,0,132,208.5349,190.5726,0.056727,0.09108,-0.008347,0.197501,0.12474
F1->F2,0,133,203.0236,211.0397,0.108622,0.068956,0.468444,-0.197151,0.447531
F1->F2,0,134,199.2255,231.5505,0.149435,0.035955,0.363678,0.093467,0.221828
F1->F2,0,135,197.0853,252.2966,0.167684,-0.001907,0.007686,-0.081383,0.17865
F1->F2,0,136,195.9615,273.1654,0.17386,-0.040861,0.64222,-0.135867,0.477899
F1->F2,0,137,195.1876,294.0525,0.16614,-0.081226,0.344684,-0.114604,0.181638
F1->F2,0,138,194.5593,315.0723,0.143308,-0.113791,0.235353,-0.029731,0.124652
F1->F2,0,139,194.1052,336.3747,0.110028,-0.146239,0.27285,-0.223265,0.180122
F1->F2,0,140,194.1716,358.1701,0.059615,-0.167207,-0.239893,-0.049582,0.321777
F1->F2,0,141,195.8999,381.3831,-0.006314,-0.180688,0.022698,0.10065,0.28283
F1->F2,0,142,203.8698,403.5511,-0.021656,-0.202384,-0.837557,-0.806055,1.014945
F1->F2,0,143,218.9052,419.7871,-0.024384,-0.173677,-0.127119,0.152821,0.34228
F1->F2,0,144,434.878,414.9125,-0.160316,-0.345983,-0.711168,-0.220046,0.565064
F1->F2,0,145,443.2073,395.4877,-0.149579,-0.325265,-0.393938,-0.199954,0.274616
F1->F2,0,146,450.8811,374.1503,-0.117045,-0.25781,-1.012059,-0.038782,0.921425
F1->F2,0,147,456.1699,351.1859,-0.027463,-0.17674,-0.365176,-0.375242,0.391731
F1->F2,0,148,458.6872,327.9714,0.072571,-0.133652,-0.332501,-0.167444,0.406479
F1->F2,0,149,458.9051,304.7257,0.129145,-0.102955,-0.304436,-0.233075,0.452685
F1->F2,0,150,457.7516,281.4953,0.164293,-0.074427,-0.149501,-0.10528,0.315307
F1->F2,0,151,455.8971,258.6985,0.202387,-0.066403,0.126825,0.100367,0.18309
F1->F2,0,152,452.9186,236.7475,0.223781,-0.065889,-0.116451,-0.131604,0.34652
F1->F2,0,153,448.1577,216.2619,0.23007,-0.057729,0.365787,0.210404,0.300524
F1->F2,0,154,441.4143,196.1178,0.21881,-0.051416,0.253432,0.192699,0.246558
F1->F2,0,155,432.4628,175.875,0.2076,-0.04238,0.269674,0.366757,0.413819
F1->F2,0,156,421.6402,155.6326,0.172271,-0.035827,0.138399,0.050293,0.092542
F1->F2,0,157,408.7485,135.3045,0.116817,-0.01634,0.081933,-0.007613,0.03596
F1->F2,0,158,392.6928,115.7108,0.058275,0.024481,-0.012792,-0.007096,0.077767
F1->F2,0,159,372.1677,98.8379,0.024866,0.062978,0.091824,-0.024371,0.11006
F1->F2,0,160,348.0272,87.4567,-0.005166,0.100723,0.068635,0.011153,0.116057
F1->F2,0,161,321.789,83.4652,-0.034112,0.141096,0.053186,0.122725,0.08921
F1->F2,0,162,295.7873,85.8899,-0.044434,0.16446,-0.107958,0.195516,0.070709
F1->F2,0,163,271.3842,93.1452,-0.07224,0.171963,0.053445,0.159687,0.126283
F1->F2,0,164,249.7421,106.4728,-0.089593,0.171487,0.140838,0.123845,0.235304
F1->F2,0,165,233.7835,125.5097,-0.099838,0.154404,0.306591,0.050918,0.419397
F1->F2,0,166,221.8242,146.589,-0.037196,0.138393,0.110677,0.224006,0.170868
F1->F2,0,167,210.9831,168.1467,0.013789,0.114578,0.221704,0.02527,0.226284
F1->F2,0,168,201.7492,189.5745,0.049806,0.097005,-0.214028,0.232291,0.296497
F1->F2,0,169,195.3085,210.0645,0.096147,0.075481,0.069108,-0.087765,0.16547
F1->F2,0,170,191.0579,230.6306,0.130492,0.038895,0.244015,-0.102614,0.181417
F1->F2,0,171,188.9092,251.5221,0.148497,0.001578,0.130196,0.017031,0.023954
F1->F2,0,172,187.982,272.5773,0.159672,-0.040968,0.464016,-0.427301,0.491811
F1->F2,0,173,187.3771,293.6459,0.152752,-0.081151,0.237653,-0.026876,0.100767
F1->F2,0,174,186.8106,314.8745,0.130673,-0.114777,0.449892,0.047221,0.357973
F1->F2,0,175,186.2479,336.4965,0.093994,-0.154663,0.252475,-0.235778,0.178034
F1->F2,0,176,186.0355,358.8478,0.051658,-0.17868,-0.286508,0.10295,0.440082
F1->F2,0,177,187.39,383.272,-0.02696,-0.204288,-7.75444,4.059619,8.825807
F1->F2,0,178,196.0701,406.6064,-0.033553,-0.229496,-0.032943,-0.820282,0.590787
F1->F2,0,179,213.5098,422.2354,-0.024029,-0.185019,-0.399499,0.237944,0.565575
F2->F3,1,0,409.7987,402.8519,0.878166,-1.015185,-1.002141,-0.248222,2.030711
F2->F3,1,1,418.2422,384.3849,0.807755,-0.653436,1.288737,-0.805376,0.50441
F2->F3,1,2,425.4735,365.663,0.878941,-0.641067,2.550907,-1.182864,1.75756
F2->F3,1,3,430.3585,346.3148,0.673565,-0.781732,1.520995,-1.229489,0.958449
F2->F3,1,4,432.6607,326.463,0.720134,-0.931287,0.234539,-1.257281,0.584871
F2->F3,1,5,432.4906,306.4157,0.865849,-0.986341,0.672035,-1.084101,0.217074
F2->F3,1,6,429.9835,286.4694,0.909223,-0.993436,0.715609,-0.982385,0.19393
F2->F3,1,7,425.5375,266.747,0.970387,-0.966269,0.849852,-1.008758,0.127804
F2->F3,1,8,419.8083,247.1817,0.924553,-0.882435,0.916472,-0.989144,0.107014
F2->F3,1,9,413.4766,227.6848,0.590129,-0.747914,0.636862,-1.167272,0.421953
F2->F3,1,10,406.8854,208.2496,0.124652,-0.616785,-0.843086,-0.012094,1.141126
F2->F3,1,11,399.6754,189.0246,-0.24075,-0.553226,-0.849954,-0.158999,0.725634
F2->F3,1,12,391.4017,170.1991,-0.482163,-0.473792,0.051335,-0.638873,0.558456
F2->F3,1,13,381.6003,152.1362,-0.589658,-0.404505,-0.221248,-0.592735,0.413711
F2->F3,1,14,369.6924,135.7984,-0.573648,-0.365919,-0.444792,-0.27142,0.159793
F2->F3,1,15,355.1014,122.2836,-0.451665,-0.398987,-0.191326,-0.617248,0.339727
F2->F3,1,16,337.7836,112.5891,-0.231274,-0.378115,-0.39339,-0.286861,0.186035
F2->F3,1,17,318.7114,107.5262,0.021627,-0.387401,-0.045477,-0.380512,0.067457
F2->F3,1,18,298.9966,107.7613,0.264571,-0.439597,0.089759,-0.555227,0.209593
F2->F3,1,19,279.9629,113.2005,0.385718,-0.516357,-0.191924,-0.560075,0.579294
F2->F3,1,20,263.0428,123.3409,0.452739,-0.563949,0.080748,-0.62301,0.37665
F2->F3,1,21,249.2909,137.4759,0.465338,-0.538506,0.501232,-0.521322,0.039796
F2->F3,1,22,239.1221,154.5686,0.437089,-0.528694,0.273492,-0.668757,0.215364
F2->F3,1,23,232.708,173.5684,0.523167,-0.487357,1.359545,-0.324958,0.851998
F2->F3,1,24,228.9746,193.6351,0.58016,-0.568154,0.350765,-1.003683,0.492247
F2->F3,1,25,226.3025,214.0141,0.827082,-0.627821,1.190448,-0.104781,0.636871
F2->F3,1,26,223.9081,234.3324,1.144943,-0.691788,0.636982,-0.788903,0.517161
F2->F3,1,27,221.813,254.6028,1.304143,-0.790529,1.118772,-0.869887,0.201644
F2->F3,1,28,220.1058,274.8741,1.277386,-0.841384,1.326257,-1.149384,0.311853
F2->F3,1,29,218.8155,295.1832,1.060356,-0.839816,0.178504,-0.932649,0.886725
F2->F3,1,30,217.9814,315.5494,0.939099,-0.81215,0.358241,-1.060717,0.631807
F2->F3,1,31,217.8256,335.8663,0.918945,-0.705575,0.165962,-0.989549,0.804751
F2->F3,1,32,218.6736,355.972,0.856566,-0.618657,0.421268,-1.182456,0.712288
F2->F3,1,33,221.4829,375.5336,0.69478,-0.710635,0.695073,-1.075073,0.364438
F2->F3,1,34,227.2695,394.1991,0.588359,-0.696653,0.558446,-1.019772,0.3245
F2->F3,1,35,235.0575,412.2831,0.46324,-1.033847,-0.24533,-1.05957,0.709036
F2->F3,1,36,416.0259,405.77,0.881853,-0.876753,-0.969036,-0.182062,1.976964
F2->F3,1,37,424.4401,387.0748,0.811249,-0.612071,1.304275,-0.867605,0.555313
F2->F3,1,38,431.7937,367.7165,0.701994,-0.716081,1.96529,-0.925509,1.280538
F2->F3,1,39,436.8009,347.4788,0.633895,-0.817281,1.631167,-1.082581,1.031957
F2->F3,1,40,439.1876,326.8055,0.737873,-0.904481,0.455641,-1.071343,0.327869
F2->F3,1,41,439.1244,305.9664,0.873864,-0.992579,0.470624,-0.795751,0.448713
F2->F3,1,42,436.9651,285.2063,0.893926,-1.020056,0.543305,-1.029975,0.350761
F2->F3,1,43,433.1788,264.7177,0.946708,-1.02402,0.708748,-1.050752,0.239456
F2->F3,1,44,428.1438,244.5569,0.87948,-0.963904,0.450639,-0.726382,0.490226
F2->F3,1,45,422.2027,224.8165,0.506854,-0.854848,0.384132,-0.78026,0.143611
F2->F3,1,46,415.5679,205.2062,0.061601,-0.744865,0.197021,-0.833727,0.161972
F2->F3,1,47,407.9175,185.7278,-0.293,-0.692312,0.17838,-0.855445,0.49881
F2->F3,1,48,398.9978,166.5532,-0.501211,-0.63478,-1.03259,-0.211928,0.679094
F2->F3,1,49,388.4141,147.9305,-0.563103,-0.58083,-0.590376,-0.700856,0.123085
F2->F3,1,50,375.4569,130.7919,-0.5661,-0.542558,-0.717821,-0.177703,0.395143
F2->F3,1,51,359.3719,116.449,-0.462788,-0.566089,-0.287154,-0.737506,0.24542
F2->F3,1,52,340.3467,106.3444,-0.260795,-0.526502,-0.40179,-0.495028,0.144465
F2->F3,1,53,319.4768,101.5565,-0.001707,-0.521139,-0.043896,-0.421429,0.108268
F2->F3,1,54,298.1756,102.3393,0.278181,-0.552005,0.219378,-0.676615,0.137788
F2->F3,1,55,277.796,108.2296,0.381402,-0.629415,-0.072279,-0.741312,0.467276
F2->F3,1,56,259.6908,119.1659,0.448211,-0.612491,0.205088,-0.707748,0.261119
F2->F3,1,57,245.3854,134.5224,0.458631,-0.54018,0.534262,-0.622466,0.111763
F2->F3,1,58,234.7904,152.608,0.428291,-0.533604,0.288158,-0.747524,0.255733
F2->F3,1,59,227.2785,172.2428,0.467683,-0.488918,0.900313,-0.215494,0.51179
F2->F3,1,60,222.1821,192.6448,0.550917,-0.545637,0.892273,-0.707088,0.377611
F2->F3,1,61,218.5824,213.047,0.818765,-0.616066,1.353193,-0.206241,0.673476
F2->F3,1,62,215.735,233.4183,1.116918,-0.685363,0.668535,-0.642167,0.450459
F2->F3,1,63,213.6292,253.8358,1.24347,-0.798122,1.268869,-1.111437,0.314343
F2->F3,1,64,212.1175,274.2926,1.214264,-0.874614,1.111739,-1.014562,0.173484
F2->F3,1,65,210.9976,294.7814,1.025335,-0.886201,0.973169,-0.915791,0.059974
F2->F3,1,66,210.2241,315.3536,0.914634,-0.865424,0.551444,-0.864863,0.36319
F2->F3,1,67,209.9558,335.9892,0.910938,-0.760142,1.416655,-1.048688,0.582244
F2->F3,1,68,210.5233,356.6504,0.822246,-0.709494,1.1308,-0.889949,0.357449
F2->F3,1,69,212.9538,377.4309,0.627135,-0.805766,1.120429,-1.030088,0.541903
F2->F3,1,70,219.4632,397.2555,0.399902,-0.826854,0.549306,-0.841619,0.150132
F2->F3,1,71,229.6667,414.7285,0.374078,-1.11464,-0.133596,-1.186899,0.512791
F2->F3,1,72,422.2555,408.6937,0.904127,-0.712886,2.078143,-0.851241,1.18214
F2->F3,1,73,430.6418,389.7689,0.76979,-0.616345,2.249974,-1.082354,1.551809
F2->F3,1,74,438.1119,369.7685,0.596472,-0.74945,1.939538,-0.842966,1.346317
F2->F3,1,75,443.2441,348.6542,0.663674,-0.86144,0.050514,-0.048058,1.018605
F2->F3,1,76,445.7118,327.1524,0.795268,-0.929067,0.689562,-1.181665,0.273824
F2->F3,1,77,445.7589,305.5198,0.887409,-1.00211,0.72827,-1.140691,0.211022
F2->F3,1,78,443.9476,283.944,0.875874,-1.063667,0.398553,-0.860596,0.518723
F2->F3,1,79,440.8204,262.6899,0.930273,-1.081555,0.540712,-1.284557,0.43928
F2->F3,1,80,436.4771,241.9352,0.829915,-1.05058,0.276069,-0.833217,0.594972
F2->F3,1,81,430.9295,221.9481,0.446098,-0.949794,0.513055,-1.26173,0.319041
F2->F3,1,82,424.2553,202.1621,0.018069,-0.85685,-0.12748,-1.109522,0.291595
F2->F3,1,83,416.1645,182.4298,-0.340259,-0.81063,0.017661,-0.922479,0.374989
F2->F3,1,84,406.6008,162.9003,-0.522678,-0.761353,-2.572903,1.377279,2.962629
F2->F3,1,85,395.2275,143.7194,-0.536496,-0.726935,-0.595336,-0.802393,0.095688
F2->F3,1,86,381.2202,125.7773,-0.528347,-0.688849,-0.138179,-0.752981,0.395404
F2->F3,1,87,363.646,110.6039,-0.42696,-0.649073,-0.420115,-0.764699,0.115828
F2->F3,1,88,342.9088,100.091,-0.273881,-0.62046,-0.512576,-0.209492,0.475258
F2->F3,1,89,320.2395,95.5798,-0.024263,-0.588595,-0.074628,-0.457738,0.140215
F2->F3,1,90,297.3614,96.9137,0.248597,-0.649989,0.290478,-0.69552,0.061863
F2->F3,1,91,275.6318,103.2586,0.371565,-0.710421,0.093528,-0.838973,0.306317
F2->F3,1,92,256.3423,114.9917,0.44335,-0.663714,-0.269457,-0.553385,0.721296
F2->F3,1,93,241.4808,131.5678,0.487227,-0.541427,0.377222,-0.728025,0.21661
F2->F3,1,94,230.4567,150.648,0.421751,-0.499769,0.22989,-0.863189,0.410956
F2->F3,1,95,221.8505,170.9162,0.406276,-0.462114,0.556808,-0.083747,0.407211
F2->F3,1,96,215.387,191.6544,0.523217,-0.514096,0.814831,-0.765392,0.384952
F2->F3,1,97,210.8587,212.0781,0.799877,-0.58988,1.258767,-0.253285,0.569101
F2->F3,1,98,207.5575,232.5026,1.056515,-0.657578,0.319545,-1.150471,0.886604
F2->F3,1,99,205.4444,253.0672,1.163758,-0.787742,2.258363,-0.389653,1.164746
F2->F3,1,100,204.1278,273.7103,1.122674,-0.896987,0.497706,-1.214313,0.700914
F2->F3,1,101,203.176,294.3765,0.987068,-0.924528,0.872679,-0.985377,0.129567
F2->F3,1,102,202.4641,315.1577,0.88401,-0.918437,0.602119,-0.925982,0.281992
F2->F3,1,103,202.0865,336.1083,0.866034,-0.8563,0.91216,-1.168102,0.315196
F2->F3,1,104,202.3763,357.3284,0.783016,-0.824247,1.260397,-1.087368,0.545092
F2->F3,1,105,204.424,379.3247,0.535722,-0.924871,1.127188,-1.047771,0.6041
F2->F3,1,106,211.6524,400.309,0.234987,-1.046085,0.351073,-1.027955,0.117494
F2->F3,1,107,224.2774,417.1748,0.298219,-1.19066,0.06093,-1.109142,0.2509
F2->F3,1,108,428.4854,411.6271,0.931311,-0.640207,2.4319,-0.968077,1.53599
F2->F3,1,109,436.8481,392.4639,0.719043,-0.635137,2.091661,-1.070253,1.439932
F2->F3,1,110,444.4341,371.8255,0.527149,-0.808015,1.464267,-0.705505,0.942708
F2->F3,1,111,449.6927,349.8347,0.714763,-0.925312,0.023021,-0.081554,1.09107
F2->F3,1,112,452.2357,327.4961,0.82651,-0.95984,0.77877,-0.973812,0.049743
F2->F3,1,113,452.3972,305.0723,0.88612,-1.019085,0.770973,-1.102125,0.141966
F2->F3,1,114,450.9325,282.6823,0.865149,-1.097064,0.298828,-0.849414,0.618102
F2->F3,1,115,448.4608,260.6628,0.904591,-1.136338,2.174814,-1.782952,1.425334
F2->F3,1,116,444.8096,239.3088,0.777022,-1.113064,0.429053,-0.858229,0.431304
F2->F3,1,117,439.6585,219.0772,0.389918,-1.031358,0.325951,-0.826607,0.21451
F2->F3,1,118,432.9436,199.1152,-0.026844,-0.953898,-0.003254,-1.129268,0.176949
F2->F3,1,119,424.4138,179.132,-0.392614,-0.916941,-0.091063,-0.985313,0.309205
F2->F3,1,120,414.2077,159.2501,-0.545045,-0.877459,-0.314897,-1.195125,0.392275
F2->F3,1,121,402.0442,139.5036,-0.477593,-0.824203,-0.923434,-0.861343,0.447385
F2->F3,1,122,386.9848,120.7574,-0.439257,-0.758232,-0.339926,-0.832319,0.123917
F2->F3,1,123,367.9206,104.7583,-0.392975,-0.724055,-0.415006,-0.799807,0.07889
F2->F3,1,124,345.467,93.8277,-0.242111,-0.651261,0.02033,-0.560541,0.277679
F2->F3,1,125,320.9926,89.5986,-0.005784,-0.628128,-0.13986,-0.512702,0.176917
F2->F3,1,126,296.5504,91.4862,0.203382,-0.725208,0.12101,-0.654538,0.108533
F2->F3,1,127,273.4695,98.288,0.352676,-0.782919,0.134765,-0.857036,0.230171
F2->F3,1,128,252.9961,110.8179,0.430323,-0.692824,-0.273806,-0.772708,0.708647
F2->F3,1,129,237.5821,128.6159,0.482623,-0.530172,0.377559,-0.644878,0.155551
F2->F3,1,130,226.1209,148.6884,0.406838,-0.430879,0.070154,-0.923717,0.596864
F2->F3,1,131,216.4237,169.5887,0.34255,-0.374904,0.484389,-0.351806,0.143707
F2->F3,1,132,208.5916,190.6637,0.502472,-0.459071,1.211096,-0.49582,0.709576
F2->F3,1,133,203.1323,211.1087,0.765514,-0.537224,1.361275,-0.305884,0.6391
F2->F3,1,134,199.3749,231.5864,0.976714,-0.638876,0.311641,-1.276264,0.921187
F2->F3,1,135,197.253,252.2947,1.048375,-0.750526,1.582615,-0.140858,0.810622
F2->F3,1,136,196.1354,273.1245,1.027264,-0.897767,0.315963,-1.056101,0.728711
F2->F3,1,137,195.3538,293.9713,0.937499,-0.956016,1.054653,-1.030353,0.138748
F2->F3,1,138,194.7026,314.9585,0.839512,-0.982671,1.141937,-1.016209,0.304278
F2->F3,1,139,194.2152,336.2284,0.810153,-0.951649,0.955497,-1.304474,0.381589
F2->F3,1,140,194.2313,358.0029,0.696864,-1.006995,-0.106321,-2.084215,1.343691
F2->F3,1,141,195.8936,381.2024,0.325199,-1.177505,0.247787,-1.207821,0.083136
F2->F3,1,142,203.8481,403.3487,0.14567,-1.300905,-0.629362,-0.974644,0.840905
F2->F3,1,143,218.8809,419.6134,0.244716,-1.256005,0.009947,-1.046939,0.314365
F2->F3,1,144,434.7177,414.5666,0.947103,-0.598633,1.908576,-0.987234,1.037035
F2->F3,1,145,443.0577,395.1624,0.664814,-0.674222,1.562235,-1.138253,1.010291
F2->F3,1,146,450.764,373.8925,0.508885,-0.890848,1.327487,-0.964282,0.821889
F2->F3,1,147,456.1424,351.0092,0.729884,-0.97824,-0.10511,-0.187204,1.150197
F2->F3,1,148,458.7598,327.8377,0.83078,-1.000445,-1.038646,-0.075673,2.085655
F2->F3,1,149,459.0342,304.6227,0.857886,-1.046274,0.68346,-1.15224,0.204092
F2->F3,1,150,457.9159,281.4209,0.849801,-1.131254,0.254071,-0.81988,0.672196
F2->F3,1,151,456.0995,258.6321,0.879875,-1.180204,0.680704,-1.255128,0.212797
F2->F3,1,152,453.1423,236.6817,0.716959,-1.165506,0.07768,-0.909479,0.688642
F2->F3,1,153,448.3878,216.2042,0.333413,-1.109382,-0.094491,-1.063819,0.430323
F2->F3,1,154,441.6331,196.0664,-0.081008,-1.039258,-0.135746,-1.082869,0.069987
F2->F3,1,155,432.6704,175.8326,-0.461345,-0.992948,-0.730582,-0.860466,0.300066
F2->F3,1,156,421.8125,155.5968,-0.535923,-0.943943,-0.763755,-1.00317,0.235404
F2->F3,1,157,408.8653,135.2882,-0.418997,-0.884782,-0.753683,-0.898998,0.334988
F2->F3,1,158,392.751,115.7352,-0.353511,-0.797097,-0.610453,-0.90609,0.279103
F2->F3,1,159,372.1925,98.9009,-0.310254,-0.725932,-0.042718,-0.477024,0.365418
F2->F3,1,160,348.0221,87.5574,-0.177395,-0.634951,-0.292925,-0.482801,0.191042
F2->F3,1,161,321.7549,83.6063,-0.003414,-0.60618,-0.16117,-0.567006,0.162547
F2->F3,1,162,295.7428,86.0544,0.160836,-0.76622,0.156679,-0.654168,0.112129
F2->F3,1,163,271.3119,93.3172,0.305322,-0.839315,0.187277,-0.838205,0.11805
F2->F3,1,164,249.6525,106.6443,0.402091,-0.705254,-0.086619,-1.157783,0.666047
F2->F3,1,165,233.6837,125.6642,0.461727,-0.461232,0.504605,-0.313675,0.15366
F2->F3,1,166,221.787,146.7274,0.355711,-0.338574,-0.127647,-0.668113,0.585005
F2->F3,1,167,210.9969,168.2613,0.288311,-0.266981,0.538076,0.111566,0.45352
F2->F3,1,168,201.799,189.6715,0.457064,-0.355296,0.84514,-0.316471,0.390013
F2->F3,1,169,195.4047,210.14,0.708732,-0.444411,0.226604,-0.791985,0.594353
F2->F3,1,170,191.1884,230.6695,0.890675,-0.582517,0.083798,-1.015254,0.915594
F2->F3,1,171,189.0577,251.5237,0.935313,-0.718553,0.459224,-0.981286,0.543773
F2->F3,1,172,188.1416,272.5364,0.925044,-0.870521,0.183696,-1.015054,0.755306
F2->F3,1,173,187.5298,293.5648,0.867997,-0.969865,0.971719,-0.954101,0.104913
F2->F3,1,174,186.9412,314.7597,0.797409,-1.045736,1.223244,-1.074196,0.426785
F2->F3,1,175,186.3419,336.3418,0.73666,-1.114255,-0.813526,-1.999453,1.785119
F2->F3,1,176,186.0872,358.6692,0.647804,-1.216481,0.754629,-2.046014,0.836383
F2->F3,1,177,187.3631,383.0678,0.199113,-1.378087,0.389088,-1.970623,0.622245
F2->F3,1,178,196.0365,406.3769,0.217696,-1.412739,-0.248804,-0.717649,0.837122
F2->F3,1,179,213.4857,422.0504,0.206276,-1.359471,0.307928,-1.053409,0.322502
F3->F4,2,0,410.6768,401.8368,1.367283,-1.660945,3.613609,-3.124817,2.681212
F3->F4,2,1,419.05,383.7314,1.151745,-1.108708,-2.638917,7.951542,9.821265
F3->F4,2,2,426.3524,365.022,1.181957,-1.197395,3.30179,-1.966324,2.254982
F3->F4,2,3,431.032,345.5331,0.912601,-1.461823,1.503002,-2.035389,0.823135
F3->F4,2,4,433.3809,325.5317,1.039874,-1.700032,3.00059,-2.799639,2.248009
F3->F4,2,5,433.3564,305.4294,1.221454,-1.803959,2.793047,-3.089892,2.030647
F3->F4,2,6,430.8927,285.476,1.232133,-1.848099,0.810402,-2.047071,0.466312
F3->F4,2,7,426.5079,265.7808,1.307625,-1.850211,2.114086,-2.820062,1.261345
F3->F4,2,8,420.7329,246.2993,1.229907,-1.769735,1.212558,-1.876655,0.108318
F3->F4,2,9,414.0667,226.9369,0.658494,-1.585366,1.317984,-1.741854,0.677802
F3->F4,2,10,407.01,207.6328,-0.09373,-1.399706,0.215481,-1.929276,0.613234
F3->F4,2,11,399.4346,188.4714,-0.581743,-1.32339,0.104341,-1.908754,0.901866
F3->F4,2,12,390.9196,169.7253,-0.848516,-1.228288,-0.895196,-1.007552,0.225618
F3->F4,2,13,381.0106,151.7317,-0.981696,-1.144153,-1.01166,-1.212634,0.074749
F3->F4,2,14,369.1188,135.4325,-0.94208,-1.121245,-0.782232,-0.94555,0.237529
F3->F4,2,15,354.6497,121.8846,-0.713045,-1.198412,-0.848144,-1.095116,0.170064
F3->F4,2,16,337.5523,112.211,-0.315124,-1.173955,-0.265037,-1.085303,0.101822
F3->F4,2,17,318.733,107.1388,0.131344,-1.178398,-0.047448,-0.951131,0.289167
F3->F4,2,18,299.2612,107.3217,0.563129,-1.253654,0.265598,-0.993901,0.394965
F3->F4,2,19,280.3486,112.6841,0.792463,-1.347886,0.412759,-1.466746,0.397873
F3->F4,2,20,263.4955,122.777,0.913207,-1.379555,0.460988,-1.353543,0.452967
F3->F4,2,21,249.7563,136.9374,0.86173,-1.332781,0.715479,-1.179565,0.211812
F3->F4,2,22,239.5592,154.0399,0.681512,-1.346381,0.70761,-1.455522,0.112218
F3->F4,2,23,233.2312,173.0811,0.729698,-1.264224,1.398388,-1.408186,0.684011
F3->F4,2,24,229.5548,193.0669,0.681176,-1.404744,2.159105,-1.237843,1.487323
F3->F4,2,25,227.1296,213.3862,1.006605,-1.507465,1.239169,-1.792078,0.367547
F3->F4,2,26,225.053,233.6406,1.541772,-1.585215,1.413346,-1.853256,0.297219
F3->F4,2,27,223.1171,253.8123,1.871363,-1.694316,1.405215,-2.011742,0.563962
F3->F4,2,28,221.3832,274.0327,1.892605,-1.726659,1.707737,-1.813586,0.204284
F3->F4,2,29,219.8758,294.3433,1.499399,-1.672043,0.771623,2.144719,3.885528
F3->F4,2,30,218.9205,314.7373,1.228429,-1.585004,4.008871,-1.16492,2.811997
F3->F4,2,31,218.7446,335.1607,1.208255,-1.372955,0.72001,-0.917037,0.668016
F3->F4,2,32,219.5301,355.3533,1.117628,-1.196051,0.542237,4.057809,5.285274
F3->F4,2,33,222.1777,374.8229,0.922697,-1.291275,1.730952,-0.775539,0.958781
F3->F4,2,34,227.8579,393.5025,0.817958,-1.211467,0.867516,-0.91377,0.301794
F3->F4,2,35,235.5207,411.2493,0.650377,-1.719328,0.447626,-1.806664,0.220761
F3->F4,2,36,416.9077,404.8933,1.420397,-1.477659,1.660101,-1.365676,0.264571
F3->F4,2,37,425.2513,386.4628,1.167212,-1.097288,-8.001134,8.803722,13.49402
F3->F4,2,38,432.4957,367.0004,0.905512,-1.388165,2.833677,-2.115407,2.060753
F3->F4,2,39,437.4348,346.6615,0.888445,-1.533221,1.675807,-1.991622,0.911082
F3->F4,2,40,439.9255,325.901,1.096902,-1.682344,1.184751,-2.062493,0.390168
F3->F4,2,41,439.9983,304.9738,1.264878,-1.832347,2.419004,-2.669382,1.425704
F3->F4,2,42,437.859,284.1863,1.233297,-1.89998,0.431178,-1.87022,0.802671
F3->F4,2,43,434.1255,263.6937,1.290522,-1.947433,0.23986,-1.954088,1.050683
F3->F4,2,44,429.0232,243.593,1.169231,-1.892569,0.736395,-2.22863,0.547983
F3->F4,2,45,422.7095,223.9617,0.529508,-1.741737,0.956443,-1.917899,0.461851
F3->F4,2,46,415.6295,204.4614,-0.188861,-1.582403,0.176965,-1.853849,0.455534
F3->F4,2,47,407.6245,185.0355,-0.653593,-1.523531,-0.28193,-1.982746,0.590773
F3->F4,2,48,398.4966,165.9184,-0.871063,-1.461487,-1.373535,-1.259929,0.541391
F3->F4,2,49,387.851,147.3497,-0.917359,-1.406699,-0.808848,-1.227235,0.209718
F3->F4,2,50,374.8908,130.2493,-0.904525,-1.397474,-0.936949,-1.110387,0.288913
F3->F4,2,51,358.9091,115.8829,-0.697736,-1.464668,-0.859834,-1.277233,0.247805
F3->F4,2,52,340.0859,105.8179,-0.343903,-1.407411,-0.345319,-1.34138,0.066047
F3->F4,2,53,319.4751,101.0353,0.102792,-1.391771,-0.031175,-1.221408,0.216727
F3->F4,2,54,298.4538,101.7873,0.593988,-1.440181,0.215837,-1.185349,0.456001
F3->F4,2,55,278.1774,107.6002,0.788727,-1.533487,0.658514,-1.348547,0.226182
F3->F4,2,56,260.139,118.5534,0.914265,-1.466587,0.892515,-1.279278,0.188567
F3->F4,2,57,245.844,133.9822,0.892995,-1.331014,0.78323,-1.055989,0.296121
F3->F4,2,58,235.2187,152.0744,0.695816,-1.354521,0.742144,-1.472471,0.126722
F3->F4,2,59,227.7462,171.7539,0.679712,-1.269065,1.463124,-1.448661,0.803735
F3->F4,2,60,222.7331,192.0992,0.68511,-1.370069,0.84569,-1.75104,0.41343
F3->F4,2,61,219.4011,212.4309,1.046627,-1.490784,1.914903,-1.208031,0.913155
F3->F4,2,62,216.8519,232.7329,1.541705,-1.58033,1.255819,-1.764498,0.340072
F3->F4,2,63,214.8726,253.0377,1.807881,-1.713929,1.1386,-1.93259,0.704094
F3->F4,2,64,213.3317,273.418,1.816557,-1.784505,1.114448,-1.851824,0.705329
F3->F4,2,65,212.023,293.8952,1.476895,-1.750504,0.851771,-1.831328,0.630328
F3->F4,2,66,211.1387,314.4882,1.224169,-1.671577,3.658194,-1.087863,2.503038
F3->F4,2,67,210.8668,335.2291,1.233235,-1.4571,1.254387,-1.238482,0.219639
F3->F4,2,68,211.3456,355.9409,1.096739,-1.335282,9.528525,7.144175,11.958102
F3->F4,2,69,213.581,376.6251,0.853154,-1.448168,3.783411,-0.887334,2.983444
F3->F4,2,70,219.8631,396.4286,0.537218,-1.453168,1.749658,-1.017817,1.288232
F3->F4,2,71,230.0407,413.6139,0.506398,-1.868957,0.548198,-1.98303,0.12149
F3->F4,2,72,423.1596,407.9808,1.489116,-1.263171,2.469913,-1.036713,1.006601
F3->F4,2,73,431.4116,389.1526,1.103144,-1.160772,-3.024252,-4.101662,5.067961
F3->F4,2,74,438.7083,369.0191,0.752065,-1.456288,1.679326,-2.095978,1.126507
F3->F4,2,75,443.9077,347.7928,0.944649,-1.62088,1.433766,-1.710618,0.497282
F3->F4,2,76,446.507,326.2233,1.190925,-1.753426,1.239895,-1.908054,0.162197
F3->F4,2,77,446.6463,304.5177,1.304477,-1.86791,0.852945,-2.163207,0.53952
F3->F4,2,78,444.8234,282.8803,1.225902,-1.981629,0.271568,-2.008138,0.954702
F3->F4,2,79,441.7506,261.6083,1.283129,-2.042569,-1.030576,-1.047169,2.51874
F3->F4,2,80,437.307,240.8846,1.101865,-2.024491,0.168036,-1.997779,0.93421
F3->F4,2,81,431.3756,220.9983,0.447014,-1.87461,0.237611,-1.862879,0.209731
F3->F4,2,82,424.2734,201.3052,-0.234479,-1.734951,0.685346,-1.938414,0.942059
F3->F4,2,83,415.8242,181.6192,-0.711597,-1.681439,-1.311227,-1.287286,0.717574
F3->F4,2,84,406.0781,162.1389,-0.881992,-1.629289,-2.037734,-0.952953,1.339093
F3->F4,2,85,394.691,142.9924,-0.840233,-1.615516,-1.19896,-1.385863,0.425941
F3->F4,2,86,380.6919,125.0884,-0.807977,-1.611784,-1.155552,-1.374568,0.420809
F3->F4,2,87,363.219,109.9548,-0.617909,-1.575394,-0.543415,-1.217557,0.365508
F3->F4,2,88,342.6349,99.4705,-0.350858,-1.542713,-0.573048,-1.150443,0.450826
F3->F4,2,89,320.2152,94.9912,0.070272,-1.490229,-0.219213,-1.39413,0.305019
F3->F4,2,90,297.61,96.2637,0.544559,-1.590441,0.01896,-1.29419,0.60334
F3->F4,2,91,276.0034,102.5482,0.765875,-1.668663,0.633469,-1.449616,0.255955
F3->F4,2,92,256.7857,114.328,0.899166,-1.563843,1.201551,-1.282253,0.413194
F3->F4,2,93,241.968,131.0264,0.965851,-1.338836,0.835539,-0.99061,0.37181
F3->F4,2,94,230.8785,150.1482,0.711366,-1.306313,0.945261,-1.480232,0.29147
F3->F4,2,95,222.2568,170.4541,0.612411,-1.233739,0.784257,-1.240073,0.171962
F3->F4,2,96,215.9102,191.1403,0.697138,-1.320676,0.744684,-1.524809,0.209597
F3->F4,2,97,211.6586,211.4882,1.075999,-1.445462,1.755736,-1.043056,0.78992
F3->F4,2,98,208.614,231.845,1.507231,-1.536281,1.795478,-1.177555,0.460186
F3->F4,2,99,206.6081,252.2795,1.716283,-1.700968,1.179951,-1.887722,0.567917
F3->F4,2,100,205.2505,272.8133,1.685138,-1.824014,0.955377,-2.024604,0.756827
F3->F4,2,101,204.1631,293.4519,1.444696,-1.813925,0.674588,-1.836651,0.770444
F3->F4,2,102,203.3482,314.2392,1.215366,-1.755394,0.652043,-1.785402,0.564122
F3->F4,2,103,202.9525,335.252,1.190917,-1.594221,-0.204888,-1.69909,1.399739
F3->F4,2,104,203.1593,356.5042,1.069767,-1.509923,1.075713,-2.141108,0.631213
F3->F4,2,105,204.9597,378.3998,0.747597,-1.644002,0.317501,-2.008779,0.563956
F3->F4,2,106,211.8874,399.2629,0.284812,-1.822415,2.503249,-0.980179,2.372935
F3->F4,2,107,224.5756,415.9841,0.384488,-2.031365,0.595687,-2.061036,0.213272
F3->F4,2,108,429.4167,410.9869,1.571333,-1.169433,2.780771,-1.213518,1.210241
F3->F4,2,109,437.5671,391.8288,1.018925,-1.224412,1.117931,-0.988753,0.255612
F3->F4,2,110,444.9613,371.0175,0.657975,-1.556654,1.488614,-1.94195,0.91565
F3->F4,2,111,450.4074,348.9094,1.021271,-1.746474,1.321319,-1.687761,0.305739
F3->F4,2,112,453.0622,326.5363,1.247941,-1.835608,1.482375,-1.750771,0.249312
F3->F4,2,113,453.2833,304.0533,1.316265,-1.92025,0.691232,-2.231064,0.698049
F3->F4,2,114,451.7976,281.5852,1.23165,-2.049635,0.577915,-2.217539,0.674953
F3->F4,2,115,449.3654,259.5264,1.267288,-2.132371,0.655531,-2.157201,0.61226
F3->F4,2,116,445.5866,238.1957,1.032626,-2.113672,1.456066,-2.644582,0.679092
F3->F4,2,117,440.0484,218.0459,0.380964,-1.985784,1.610401,-3.091095,1.653248
F3->F4,2,118,432.9167,198.1613,-0.273028,-1.863953,0.756548,-12.002012,10.190205
F3->F4,2,119,424.0212,178.2151,-0.769904,-1.818251,-9.133982,3.200338,9.754181
F3->F4,2,120,413.6627,158.3726,-0.87521,-1.781894,-0.449418,-1.994677,0.475999
F3->F4,2,121,401.5666,138.6794,-0.706591,-1.743832,-1.305839,-1.413996,0.684025
F3->F4,2,122,386.5455,119.9992,-0.630577,-1.691036,-1.012158,-1.334061,0.522528
F3->F4,2,123,367.5276,104.0342,-0.541106,-1.672705,-0.369828,-1.602808,0.184991
F3->F4,2,124,345.2248,93.1764,-0.284727,-1.562921,-0.49878,-1.36439,0.291948
F3->F4,2,125,320.9868,88.9704,0.116437,-1.540623,-0.150401,-1.381987,0.310432
F3->F4,2,126,296.7538,90.761,0.464636,-1.700032,0.05159,-1.480607,0.467712
F3->F4,2,127,273.8221,97.5051,0.723379,-1.790725,0.560248,-1.546328,0.293839
F3->F4,2,128,253.4264,110.1251,0.860329,-1.634005,1.405211,-1.023289,0.818456
F3->F4,2,129,238.0648,128.0857,0.96746,-1.33717,0.504462,-0.96297,0.595309
F3->F4,2,130,226.5277,148.2575,0.713698,-1.206767,1.065784,-1.562913,0.500803
F3->F4,2,131,216.7663,169.2138,0.532174,-1.105606,0.229486,-1.104094,0.302692
F3->F4,2,132,209.0941,190.2046,0.726248,-1.231324,1.58944,-1.100593,0.873035
F3->F4,2,133,203.8978,210.5714,1.087795,-1.36032,1.784634,-1.130504,0.733758
F3->F4,2,134,200.3516,230.9476,1.426467,-1.497975,1.886838,-1.143968,0.580743
F3->F4,2,135,198.3014,251.5442,1.557913,-1.642494,1.187778,-2.10736,0.594223
F3->F4,2,136,197.1626,272.2268,1.547417,-1.825151,1.057082,-2.052481,0.54047
F3->F4,2,137,196.2913,293.0153,1.391469,-1.864854,1.465597,-1.993902,0.148823
F3->F4,2,138,195.5421,313.9758,1.180892,-1.853563,1.274972,-1.983741,0.160616
F3->F4,2,139,195.0253,335.2768,1.137943,-1.751573,1.297131,-1.917513,0.22995
F3->F4,2,140,194.9281,356.9959,0.977387,-1.784464,0.598776,-1.882389,0.391069
F3->F4,2,141,196.2188,380.0249,0.44094,-2.021983,-0.478681,-1.856267,0.934432
F3->F4,2,142,203.9938,402.0478,0.132699,-2.210484,-0.158875,-1.941853,0.396458
F3->F4,2,143,219.1256,418.3574,0.317884,-2.15102,0.62127,-2.077487,0.31217
F3->F4,2,144,435.6648,413.9679,1.633,-1.132662,1.062577,-1.198127,0.574168
F3->F4,2,145,443.7225,394.4882,0.942883,-1.316476,0.817897,-1.118346,0.234258
F3->F4,2,146,451.2729,373.0016,0.643826,-1.695037,1.193564,-1.871882,0.577482
F3->F4,2,147,456.8723,350.0309,1.052211,-1.85167,-0.054059,-1.02693,1.379866
F3->F4,2,148,459.5906,326.8373,1.256942,-1.930934,1.52439,-2.250845,0.416979
F3->F4,2,149,459.8921,303.5765,1.290729,-1.994269,2.061871,-2.84388,1.147388
F3->F4,2,150,458.7657,280.2896,1.234415,-2.114342,0.450123,-1.718719,0.878426
F3->F4,2,151,456.9793,257.4519,1.259262,-2.198294,1.74963,-2.953247,0.90023
F3->F4,2,152,453.8593,235.5162,0.962884,-2.183021,2.166856,-3.04392,1.4801
F3->F4,2,153,448.7212,215.0948,0.330791,-2.089066,0.43185,-1.807401,0.299246
F3->F4,2,154,441.5521,195.0271,-0.315218,-1.96849,0.082758,-2.125312,0.427759
F3->F4,2,155,432.209,174.8396,-0.818201,-1.905737,14.835384,-19.227774,23.347114
F3->F4,2,156,421.2765,154.6528,-0.797617,-1.856868,-0.959308,-1.54362,0.352518
F3->F4,2,157,408.4463,134.4034,-0.568851,-1.812026,-0.937466,-1.209737,0.706136
F3->F4,2,158,392.3975,114.9381,-0.454789,-1.718721,-0.828864,-1.359465,0.518649
F3->F4,2,159,371.8823,98.175,-0.381828,-1.637166,-0.605846,-1.268898,0.431052
F3->F4,2,160,347.8447,86.9225,-0.167078,-1.507165,-0.249538,-1.166449,0.350552
F3->F4,2,161,321.7515,83.0001,0.120368,-1.485157,0.060522,-1.211246,0.280373
F3->F4,2,162,295.9037,85.2881,0.383596,-1.749641,0.06094,-1.545921,0.381587
F3->F4,2,163,271.6172,92.4779,0.630299,-1.882363,0.544652,-1.492045,0.399604
F3->F4,2,164,250.0546,105.939,0.797187,-1.674715,0.832,-0.834499,0.840937
F3->F4,2,165,234.1454,125.2029,0.93471,-1.249399,0.184132,-0.964886,0.802692
F3->F4,2,166,222.1427,146.3888,0.639904,-1.072122,1.407742,-1.405801,0.837207
F3->F4,2,167,211.2852,167.9943,0.456534,-0.945263,0.604082,-0.698601,0.287423
F3->F4,2,168,202.2561,189.3162,0.705972,-1.068945,0.171247,-1.23781,0.560755
F3->F4,2,169,196.1134,209.6956,1.057263,-1.213451,0.196329,-1.927687,1.118633
F3->F4,2,170,192.079,230.087,1.343743,-1.404754,0.045234,-1.829421,1.366187
F3->F4,2,171,189.993,250.8051,1.41506,-1.592472,1.266577,-2.063106,0.493502
F3->F4,2,172,189.0667,271.6659,1.396729,-1.778181,0.95206,-1.884181,0.457128
F3->F4,2,173,188.3978,292.5949,1.306641,-1.883862,1.182104,-2.163844,0.30643
F3->F4,2,174,187.7386,313.714,1.143161,-1.953861,1.911031,-1.94399,0.767933
F3->F4,2,175,187.0785,335.2276,1.058926,-1.999182,-0.426748,-2.645504,1.620173
F3->F4,2,176,186.735,357.4527,0.93756,-2.101957,-5.893311,-12.077415,12.090102
F3->F4,2,177,187.5622,381.6897,0.258955,-2.313121,-0.212941,-1.854631,0.657951
F3->F4,2,178,196.2542,404.9641,0.260069,-2.38571,-0.091265,-2.045305,0.489195
F3->F4,2,179,213.692,420.6909,0.269156,-2.356049,-1.905552,-2.881864,2.237373
F4->F5,3,0,412.0441,400.1758,1.312903,-2.384124,1.445514,-2.04289,0.366096
F4->F5,3,1,420.2017,382.6227,0.896724,-1.845113,-3.963185,5.848861,9.100326
F4->F5,3,2,427.5344,363.8246,0.915456,-1.994984,2.169621,-1.955662,1.254782
F4->F5,3,3,431.9446,344.0713,0.74875,-2.271659,0.377986,-1.809308,0.59265
F4->F5,3,4,434.4207,323.8317,0.988331,-2.486493,-1.088612,-1.074874,2.511247
F4->F5,3,5,434.5779,303.6254,1.124787,-2.578136,1.022318,-2.953842,0.389429
F4->F5,3,6,432.1248,283.6279,1.090034,-2.647961,0.378421,-3.068714,0.826696
F4->F5,3,7,427.8155,263.9305,1.200965,-2.697356,0.849656,-3.139528,0.564743
F4->F5,3,8,421.9628,244.5295,1.118734,-2.65845,1.053034,-2.922513,0.272114
F4->F5,3,9,414.7252,225.3515,0.404291,-2.461771,0.636707,-3.283099,0.853579
F4->F5,3,10,406.9163,206.2331,-0.440146,-2.26382,-0.774327,-2.072612,0.385017
F4->F5,3,11,398.8529,187.148,-0.841404,-2.193626,-0.677903,-1.954086,0.290021
F4->F5,3,12,390.071,168.497,-0.988826,-2.109369,-0.27522,-2.706686,0.930602
F4->F5,3,13,380.0289,150.5876,-1.083382,-2.029518,-1.09323,-2.036442,0.012039
F4->F5,3,14,368.1767,134.3112,-1.030503,-2.036983,-0.664369,-2.142287,0.380976
F4->F5,3,15,353.9367,120.6862,-0.732583,-2.141431,-0.431448,-2.006643,0.329924
F4->F5,3,16,337.2372,111.037,-0.243537,-2.107837,-0.350908,-1.941673,0.197836
F4->F5,3,17,318.8643,105.9604,0.291561,-2.082051,0.1461,-1.759127,0.354173
F4->F5,3,18,299.8243,106.068,0.81944,-2.157228,0.496869,-2.023169,0.349319
F4->F5,3,19,281.141,111.3362,1.121739,-2.238068,0.612101,-2.056093,0.541152
F4->F5,3,20,264.4087,121.3974,1.291223,-2.209752,0.598507,-2.334296,0.703822
F4->F5,3,21,250.618,135.6046,1.175435,-2.129469,1.088679,-2.21568,0.122307
F4->F5,3,22,240.2407,152.6936,0.797507,-2.192045,1.271462,-1.995396,0.513132
F4->F5,3,23,233.9609,171.8169,0.742672,-2.08916,0.487954,-2.901468,0.851309
F4->F5,3,24,230.2359,191.6622,0.513372,-2.276595,1.738127,-2.262216,1.22484
F4->F5,3,25,228.1362,211.8788,0.772991,-2.438229,1.341883,-2.254349,0.597871
F4->F5,3,26,226.5948,232.0554,1.431935,-2.526606,2.081503,-2.368024,0.668645
F4->F5,3,27,224.9885,252.118,1.944331,-2.615119,2.00585,-2.150703,0.468473
F4->F5,3,28,223.2758,272.306,2.100348,-2.623674,2.55255,-1.870948,0.878114
F4->F5,3,29,221.3752,292.6713,1.600759,-2.521309,1.966967,-2.181301,0.499713
F4->F5,3,30,220.149,313.1523,1.126222,-2.390313,0.702088,-2.755489,0.559681
F4->F5,3,31,219.9528,333.7878,1.10451,-2.119521,2.996205,-1.774772,1.922852
F4->F5,3,32,220.6478,354.1573,0.974354,-1.888786,4.11127,18.376879,20.507009
F4->F5,3,33,223.1004,373.5317,0.826166,-1.938241,0.422709,-2.052753,0.419393
F4->F5,3,34,228.6758,392.291,0.77133,-1.768822,-0.135523,-2.143143,0.98107
F4->F5,3,35,236.1711,409.53,0.582335,-2.270995,3.964581,-2.257857,3.382272
F4->F5,3,36,418.3281,403.4156,1.428526,-2.235365,0.440781,-1.893006,1.045395
F4->F5,3,37,426.4185,385.3655,0.906477,-1.906344,-6.031642,6.107694,10.600109
F4->F5,3,38,433.4012,365.6123,0.604356,-2.304083,4.875654,-3.052382,4.336351
F4->F5,3,39,438.3232,345.1283,0.7519,-2.372171,0.25421,-1.959716,0.646385
F4->F5,3,40,441.0224,324.2187,1.098139,-2.491482,2.097852,-2.925529,1.089872
F4->F5,3,41,441.2631,303.1415,1.218677,-2.626768,1.387785,-3.056279,0.461603
F4->F5,3,42,439.0923,282.2863,1.134267,-2.706735,2.109948,-3.834319,1.491106
F4->F5,3,43,435.416,261.7462,1.212836,-2.80034,2.108757,-3.783224,1.329938
F4->F5,3,44,430.1925,241.7004,1.060983,-2.774628,2.323387,-3.769881,1.607542
F4->F5,3,45,423.239,222.2199,0.261791,-2.607917,0.417022,-2.794974,0.243078
F4->F5,3,46,415.4406,202.879,-0.544328,-2.432635,0.599208,-2.975232,1.265735
F4->F5,3,47,406.9709,183.5119,-0.910078,-2.390853,-0.697563,-1.863818,0.568268
F4->F5,3,48,397.6255,164.4569,-1.002504,-2.344439,-0.469194,-3.158353,0.973076
F4->F5,3,49,386.9337,145.943,-0.989303,-2.303975,-1.055272,-2.035965,0.276009
F4->F5,3,50,373.9863,128.8518,-0.958094,-2.34759,0.146737,-2.688044,1.156097
F4->F5,3,51,358.2114,114.4182,-0.677397,-2.441627,-0.594882,-2.032904,0.41697
F4->F5,3,52,339.742,104.4105,-0.25773,-2.358832,-0.429101,-2.105157,0.306136
F4->F5,3,53,319.5779,99.6436,0.267043,-2.313596,0.132319,-1.984359,0.355735
F4->F5,3,54,299.0477,100.3471,0.858861,-2.372679,0.437716,-2.154872,0.474134
F4->F5,3,55,278.9662,106.0667,1.108943,-2.453888,0.607684,-2.195696,0.563848
F4->F5,3,56,261.0533,117.0868,1.287187,-2.324053,0.919963,-2.415499,0.378439
F4->F5,3,57,246.737,132.6512,1.254203,-2.119374,0.99353,-2.399769,0.382847
F4->F5,3,58,235.9146,150.7199,0.849491,-2.19438,1.053862,-2.046844,0.252061
F4->F5,3,59,228.4259,170.4849,0.727089,-2.093268,1.170502,-2.302244,0.49019
F4->F5,3,60,223.4182,190.7291,0.578488,-2.234806,1.765633,-1.983979,1.213354
F4->F5,3,61,220.4477,210.9401,0.88114,-2.414421,1.421367,-2.074382,0.638335
F4->F5,3,62,218.3936,231.1526,1.485252,-2.522735,1.972175,-2.33833,0.520672
F4->F5,3,63,216.6805,251.3237,1.905732,-2.643201,1.469122,-2.987835,0.556239
F4->F5,3,64,215.1483,271.6335,2.023949,-2.689476,2.26236,-2.325818,0.434841
F4->F5,3,65,213.4999,292.1447,1.604138,-2.612087,2.577337,-2.011068,1.143827
F4->F5,3,66,212.3629,312.8166,1.155366,-2.487748,2.515187,-2.133026,1.405326
F4->F5,3,67,212.1,333.772,1.159867,-2.214129,1.634451,-2.071909,0.495435
F4->F5,3,68,212.4423,354.6056,0.983836,-2.039054,3.143492,-2.081742,2.160078
F4->F5,3,69,214.4341,375.1769,0.781669,-2.116384,2.642874,-1.81454,1.885522
F4->F5,3,70,220.4003,394.9755,0.471294,-2.087365,-1.12316,-2.843464,1.764644
F4->F5,3,71,230.5471,411.7449,0.410999,-2.482683,2.181207,-2.277312,1.782082
F4->F5,3,72,424.6487,406.7177,1.544788,-2.056044,0.346596,-1.960411,1.202003
F4->F5,3,73,432.5148,387.9918,0.847713,-2.029053,1.518248,-7.263267,5.276988
F4->F5,3,74,439.4604,367.5628,0.420989,-2.404508,4.340305,-2.81088,3.940327
F4->F5,3,75,444.8524,346.1719,0.818977,-2.482493,2.579363,-3.101905,1.86618
F4->F5,3,76,447.6979,324.4699,1.211419,-2.60031,1.325155,-3.026108,0.440726
F4->F5,3,77,447.9508,302.6498,1.300382,-2.681689,0.913181,-3.173245,0.625742
F4->F5,3,78,446.0493,280.8987,1.165094,-2.802065,2.865937,-4.091688,2.134477
F4->F5,3,79,443.0338,259.5658,1.235795,-2.898413,0.522395,-3.289738,0.813679
F4->F5,3,80,438.4089,238.8601,0.995946,-2.900014,1.025647,-3.20109,0.302537
F4->F5,3,81,431.8226,219.1237,0.184154,-2.723821,0.200996,-2.854074,0.131337
F4->F5,3,82,424.0389,199.5703,-0.56687,-2.562745,0.225553,-2.857207,0.845365
F4->F5,3,83,415.1126,179.9377,-0.957375,-2.525061,-1.150423,-2.017309,0.543212
F4->F5,3,84,405.1961,160.5096,-0.976148,-2.496197,-0.752596,-2.743935,0.333691
F4->F5,3,85,393.8507,141.3769,-0.856851,-2.517778,-1.55907,-1.954622,0.900142
F4->F5,3,86,379.8839,123.4767,-0.808601,-2.572263,-1.047104,-2.240983,0.408203
F4->F5,3,87,362.6011,108.3795,-0.570189,-2.534658,-0.763344,-2.056103,0.516066
F4->F5,3,88,342.284,97.9278,-0.258265,-2.486915,-0.477925,-2.093961,0.450182
F4->F5,3,89,320.2855,93.5009,0.233779,-2.407126,0.019106,-1.978015,0.479813
F4->F5,3,90,298.1546,94.6733,0.79624,-2.52495,0.389709,-2.268828,0.480484
F4->F5,3,91,276.7693,100.8795,1.068071,-2.607988,0.718304,-2.336874,0.442538
F4->F5,3,92,257.6848,112.7642,1.241047,-2.46018,1.076762,-2.400722,0.174714
F4->F5,3,93,242.9338,129.6875,1.356685,-2.137566,1.016243,-2.228759,0.352444
F4->F5,3,94,231.5898,148.8419,0.90138,-2.140913,1.163218,-2.037841,0.281395
F4->F5,3,95,222.8692,169.2204,0.681063,-2.060977,1.121416,-2.234757,0.473402
F4->F5,3,96,216.6073,189.8196,0.653236,-2.176016,1.527415,-1.921601,0.910448
F4->F5,3,97,212.7346,210.0427,0.988737,-2.353631,1.242586,-2.062901,0.385958
F4->F5,3,98,210.1213,230.3087,1.52382,-2.473257,0.862063,-2.733442,0.711068
F4->F5,3,99,208.3244,250.5785,1.838478,-2.629117,1.609241,-2.615187,0.22966
F4->F5,3,100,206.9356,270.9893,1.875232,-2.735207,0.901003,-2.741322,0.974249
F4->F5,3,101,205.6078,291.638,1.583798,-2.686503,0.422234,-2.993173,1.201365
F4->F5,3,102,204.5635,312.4838,1.18229,-2.581345,2.625854,-2.029146,1.545575
F4->F5,3,103,204.1434,333.6578,1.144616,-2.344957,2.557743,-2.144096,1.427331
F4->F5,3,104,204.2291,354.9943,0.984781,-2.222872,3.4579,-2.184095,2.473423
F4->F5,3,105,205.7073,376.7558,0.701609,-2.34699,1.169213,-2.805624,0.65498
F4->F5,3,106,212.1722,397.4405,0.184506,-2.535755,-9.534441,15.120655,20.154571
F4->F5,3,107,224.9601,413.9528,0.278399,-2.726876,1.559242,-2.059684,1.444197
F4->F5,3,108,430.988,409.8175,1.683769,-1.975093,3.875557,-2.939648,2.394639
F4->F5,3,109,438.5861,390.6044,0.733884,-2.139955,2.805237,-9.122082,7.282898
F4->F5,3,110,445.6192,369.4608,0.311858,-2.517569,0.551151,-2.160321,0.429985
F4->F5,3,111,451.4287,347.1629,0.892566,-2.641464,2.388552,-2.821876,1.506826
F4->F5,3,112,454.3102,324.7007,1.292416,-2.72488,0.334739,-2.995099,0.99507
F4->F5,3,113,454.5996,302.133,1.345954,-2.761313,0.260651,-2.982742,1.107662
F4->F5,3,114,453.0293,279.5356,1.213166,-2.883378,0.974368,-3.1468,0.35555
F4->F5,3,115,450.6327,257.3941,1.252011,-2.984849,1.867641,-3.941694,1.137784
F4->F5,3,116,446.6192,236.0821,0.931481,-2.974851,0.774839,-3.181022,0.258926
F4->F5,3,117,440.4294,216.0601,0.141942,-2.816324,-0.058993,-2.964742,0.249806
F4->F5,3,118,432.6437,196.2973,-0.571315,-2.667992,-0.093118,-3.123554,0.660461
F4->F5,3,119,423.2512,176.3968,-0.994263,-2.631314,-0.037159,-2.961896,1.012587
F4->F5,3,120,412.7874,156.5907,-0.90763,-2.626321,-1.168325,-2.979506,0.438978
F4->F5,3,121,400.86,136.9356,-0.657946,-2.63544,-1.946794,-2.112008,1.391082
F4->F5,3,122,385.9149,118.3082,-0.574329,-2.623068,-0.817879,-2.102407,0.574808
F4->F5,3,123,366.9865,102.3615,-0.466946,-2.615337,-0.790589,-2.063322,0.639895
F4->F5,3,124,344.9401,91.6135,-0.172869,-2.470314,-0.256916,-2.181611,0.300688
F4->F5,3,125,321.1032,87.4298,0.290989,-2.443136,0.180879,-2.157416,0.306202
F4->F5,3,126,297.2184,89.061,0.693422,-2.62754,0.409117,-2.294806,0.437654
F4->F5,3,127,274.5455,95.7144,1.000664,-2.747922,0.620556,-2.391281,0.521224
F4->F5,3,128,254.2867,108.4911,1.164713,-2.565773,1.391193,-1.969078,0.638231
F4->F5,3,129,239.0322,126.7486,1.356776,-2.157736,0.687619,-1.800529,0.75853
F4->F5,3,130,227.2414,147.0508,0.936459,-2.03472,1.194315,-2.112133,0.269226
F4->F5,3,131,217.2984,168.1082,0.608846,-1.922323,0.9633,-2.115924,0.40388
F4->F5,3,132,209.8203,188.9733,0.760848,-2.06569,1.418877,-1.993595,0.661966
F4->F5,3,133,204.9856,209.2111,1.086883,-2.252227,1.349064,-2.116205,0.295365
F4->F5,3,134,201.7781,229.4496,1.491693,-2.408748,0.695264,-2.793257,0.884391
F4->F5,3,135,199.8593,249.9017,1.67637,-2.570111,2.882738,-2.041045,1.317283
F4->F5,3,136,198.71,270.4016,1.714861,-2.734897,2.243178,-2.261435,0.709426
F4->F5,3,137,197.6827,291.1504,1.532667,-2.744543,1.167322,-2.812551,0.371621
F4->F5,3,138,196.723,312.1223,1.182291,-2.687553,1.873031,-2.023956,0.957853
F4->F5,3,139,196.1633,333.5252,1.110681,-2.527404,1.333558,-3.037546,0.556703
F4->F5,3,140,195.9055,355.2114,0.930097,-2.50985,-4.880538,-13.130399,12.106179
F4->F5,3,141,196.6597,378.0029,0.376123,-2.744766,0.635006,-2.674828,0.268164
F4->F5,3,142,204.1265,399.8373,-0.028406,-2.947826,0.05015,-2.973057,0.082509
F4->F5,3,143,219.4435,416.2064,0.233227,-2.902413,1.829215,-2.075505,1.797485
F4->F5,3,144,437.2978,412.8353,1.814774,-1.978962,4.003046,-2.305421,2.21249
F4->F5,3,145,444.6654,393.1717,0.65763,-2.274692,0.854655,-2.047867,0.300448
F4->F5,3,146,451.9167,371.3066,0.307568,-2.667408,-0.094688,-2.043745,0.742136
F4->F5,3,147,457.9245,348.1792,0.93615,-2.776633,2.120042,-2.878519,1.188268
F4->F5,3,148,460.8475,324.9063,1.314328,-2.861423,-0.066038,-2.852988,1.380391
F4->F5,3,149,461.1828,301.5822,1.357328,-2.872338,-0.430657,-3.312503,1.841367
F4->F5,3,150,460.0001,278.1753,1.261468,-2.95433,-0.939832,-2.058038,2.376776
F4->F5,3,151,458.2386,255.2536,1.282463,-3.043215,0.301858,-2.927934,0.987358
F4->F5,3,152,454.8222,233.3331,0.886839,-3.023978,0.623144,-3.118826,0.280234
F4->F5,3,153,449.052,213.0057,0.142811,-2.896887,-0.414924,-3.230653,0.649975
F4->F5,3,154,441.2369,193.0586,-0.558002,-2.740438,1.430852,-3.713564,2.214162
F4->F5,3,155,431.3908,172.9339,-0.960923,-2.682513,-0.16918,-3.186044,0.938297
F4->F5,3,156,420.4789,152.796,-0.734267,-2.673193,-1.499547,-2.223494,0.887628
F4->F5,3,157,407.8774,132.5914,-0.44704,-2.678894,-1.833586,-2.119071,1.495297
F4->F5,3,158,391.9427,113.2194,-0.335336,-2.612354,-0.942088,-1.303983,1.442215
F4->F5,3,159,371.5005,96.5378,-0.264915,-2.530443,-0.711298,-1.480725,1.140686
F4->F5,3,160,347.6776,85.4153,-0.034315,-2.373422,-0.294497,-1.876498,0.560918
F4->F5,3,161,321.8718,81.515,0.290072,-2.360228,0.234142,-2.007308,0.357324
F4->F5,3,162,296.2873,83.5385,0.585072,-2.659721,0.447994,-2.343982,0.344211
F4->F5,3,163,272.2475,90.5955,0.869433,-2.843859,0.604963,-2.296506,0.607898
F4->F5,3,164,250.8517,104.2643,1.06703,-2.630212,-9.621948,-1.380679,10.761765
F4->F5,3,165,235.0801,123.9535,1.308127,-2.087725,0.284096,-1.713733,1.090188
F4->F5,3,166,222.7827,145.3167,0.856679,-1.896163,1.006044,-1.977037,0.169854
F4->F5,3,167,211.7417,167.0491,0.522197,-1.759968,1.15382,-1.99332,0.673351
F4->F5,3,168,202.962,188.2473,0.80284,-1.88697,1.154784,-2.07528,0.399155
F4->F5,3,169,197.1707,208.4822,1.123666,-2.088558,1.271739,-2.06683,0.149659
F4->F5,3,170,193.4228,228.6822,1.458943,-2.302533,0.349037,-3.017816,1.320425
F4->F5,3,171,191.4081,249.2127,1.555818,-2.510886,2.426423,-2.239999,0.911774
F4->F5,3,172,190.4634,269.8877,1.536766,-2.683361,-9.584554,-1.85511,11.152119
F4->F5,3,173,189.7045,290.711,1.445184,-2.762093,1.324281,-2.976814,0.24642
F4->F5,3,174,188.8818,311.7601,1.158736,-2.809064,-0.243714,-2.773982,1.402889
F4->F5,3,175,188.1374,333.2284,1.05837,-2.797781,-1.256336,-3.887901,2.558559
F4->F5,3,176,187.6725,355.3507,0.917674,-2.852713,7.845357,2.054836,8.489807
F4->F5,3,177,187.8211,379.3765,0.177033,-3.04695,-6.855078,20.0,24.095902
F4->F5,3,178,196.5143,402.5784,0.110922,-3.153754,2.360386,-2.185312,2.449076
F4->F5,3,179,213.9612,418.3348,0.185216,-3.192554,3.03762,-2.025773,3.081816
F5->F6,4,0,413.357,397.7917,0.652988,-3.386165,-0.58696,-2.995667,1.299985
F5->F6,4,1,421.0984,380.7776,0.118669,-2.96687,1.514088,-5.127185,2.5718
F5->F6,4,2,428.4498,361.8296,0.196988,-3.003084,2.623585,-4.054368,2.644536
F5->F6,4,3,432.6934,341.7996,0.20573,-3.092909,-1.013422,-3.035786,1.220489
F5->F6,4,4,435.4091,321.3452,0.474563,-3.157081,-0.324923,-3.016692,0.811718
F5->F6,4,5,435.7027,301.0473,0.446447,-3.113779,2.212999,-4.004913,1.978592
F5->F6,4,6,433.2148,280.9799,0.352686,-3.111696,-1.05918,-2.919217,1.424926
F5->F6,4,7,429.0164,261.2332,0.477254,-3.122692,-0.537964,-2.710484,1.095711
F5->F6,4,8,423.0815,241.8711,0.336791,-3.046181,-0.778768,-2.888554,1.12664
F5->F6,4,9,415.1295,222.8897,-0.452419,-2.798067,-0.404355,-3.118602,0.324119
F5->F6,4,10,406.4761,203.9693,-1.17695,-2.583228,-0.564559,-2.845594,0.666228
F5->F6,4,11,398.0115,184.9544,-1.348342,-2.503217,-1.160297,-2.954408,0.488808
F5->F6,4,12,389.0822,166.3876,-1.332914,-2.419398,-1.350737,-2.380237,0.043026
F5->F6,4,13,378.9455,148.5581,-1.334421,-2.338932,-1.05205,-2.565545,0.362059
F5->F6,4,14,367.1462,132.2743,-1.19824,-2.383951,-0.943201,-2.326646,0.261398
F5->F6,4,15,353.2041,118.5447,-0.799497,-2.520112,-1.011289,-2.237024,0.353546
F5->F6,4,16,336.9937,108.9292,-0.238533,-2.505698,-0.508216,-1.970565,0.599247
F5->F6,4,17,319.1559,103.8783,0.340184,-2.487725,-0.191578,-2.161622,0.62379
F5->F6,4,18,300.6438,103.9108,0.902843,-2.567949,0.395214,-2.369597,0.545005
F5->F6,4,19,282.2628,109.0981,1.254058,-2.649627,0.477305,-2.938658,0.828785
F5->F6,4,20,265.6999,119.1877,1.480759,-2.575641,0.646555,-2.638259,0.836551
F5->F6,4,21,251.7934,133.4751,1.408944,-2.422789,1.108122,-2.673876,0.39184
F5->F6,4,22,241.0382,150.5015,0.974088,-2.488225,0.89483,-2.755997,0.279256
F5->F6,4,23,234.7035,169.7277,0.861993,-2.394182,0.748179,-2.555148,0.197139
F5->F6,4,24,230.7493,189.3856,0.525776,-2.609478,0.337982,-3.022735,0.453925
F5->F6,4,25,228.9092,209.4406,0.59858,-2.854938,1.108178,-2.912604,0.51285
F5->F6,4,26,228.0267,229.5288,1.194357,-3.008783,1.78663,-2.895727,0.602967
F5->F6,4,27,226.9328,249.5029,1.792577,-3.125905,1.707709,-2.967314,0.179872
F5->F6,4,28,225.3761,269.6823,2.103919,-3.185899,2.189344,-3.12869,0.102812
F5->F6,4,29,222.976,290.15,1.652434,-3.126973,0.989605,-2.94666,0.686917
F5->F6,4,30,221.2752,310.762,0.986472,-3.039529,0.634646,-2.953745,0.362134
F5->F6,4,31,221.0573,331.6682,0.988057,-2.828292,0.614605,13.316105,16.148716
F5->F6,4,32,221.6221,352.2685,0.863773,-2.645624,4.963354,-8.265464,6.956232
F5->F6,4,33,223.9266,371.5934,0.785715,-2.689315,0.61133,-2.819085,0.217372
F5->F6,4,34,229.4471,390.5222,0.820932,-2.497525,-2.551528,-7.31333,5.87924
F5->F6,4,35,236.7534,407.259,0.511035,-2.897994,1.608379,-3.14812,1.12549
F5->F6,4,36,419.7567,401.1803,0.783217,-3.294905,-3.137433,-2.254458,4.056356
F5->F6,4,37,427.325,383.4591,0.095585,-3.098131,-3.928929,-2.881086,4.030363
F5->F6,4,38,434.0055,363.3082,-0.058266,-3.358123,2.612452,-4.147624,2.784968
F5->F6,4,39,439.0751,342.7561,0.244822,-3.239071,-0.735973,-2.944915,1.023956
F5->F6,4,40,442.1206,321.7272,0.651903,-3.191791,-0.099152,-2.937322,0.792994
F5->F6,4,41,442.4818,300.5147,0.611248,-3.176248,1.639949,-4.140446,1.409931
F5->F6,4,42,440.2265,279.5795,0.472041,-3.169574,-0.707772,-2.857537,1.220379
F5->F6,4,43,436.6288,258.9459,0.55515,-3.214673,-0.690137,-2.853339,1.296651
F5->F6,4,44,431.2535,238.9258,0.331948,-3.14259,-1.178314,-3.035316,1.514068
F5->F6,4,45,423.5008,219.612,-0.520237,-2.921818,-0.756281,-2.788809,0.27094
F5->F6,4,46,414.8963,200.4463,-1.204026,-2.728335,-1.14716,-3.123734,0.399467
F5->F6,4,47,406.0608,181.1211,-1.339411,-2.691852,-1.091157,-2.896236,0.321563
F5->F6,4,48,396.623,162.1125,-1.266204,-2.656328,-1.471752,-2.34408,0.37383
F5->F6,4,49,385.9444,143.639,-1.174972,-2.623361,-1.107286,-2.765734,0.157643
F5->F6,4,50,373.0282,126.5043,-1.061796,-2.718976,-1.37282,-2.368867,0.468309
F5->F6,4,51,357.534,111.9766,-0.685582,-2.836473,-0.995586,-2.333005,0.591256
F5->F6,4,52,339.4843,102.0516,-0.225708,-2.745434,-0.404915,-2.468363,0.329974
F5->F6,4,53,319.845,97.33,0.329116,-2.718753,-0.375855,-2.480533,0.744132
F5->F6,4,54,299.9066,97.9745,0.9453,-2.794064,0.255182,-2.469612,0.762582
F5->F6,4,55,280.0751,103.6128,1.228216,-2.888576,0.586044,-2.841257,0.643914
F5->F6,4,56,262.3405,114.7627,1.46075,-2.727401,0.943114,-2.759705,0.518643
F5->F6,4,57,247.9912,130.5318,1.491808,-2.428231,1.068047,-2.641396,0.474355
F5->F6,4,58,236.764,148.5255,1.030018,-2.484476,0.853249,-2.720693,0.295035
F5->F6,4,59,229.153,168.3916,0.821673,-2.403251,0.79054,-2.595571,0.194823
F5->F6,4,60,223.9967,188.4943,0.572254,-2.575528,0.316429,-2.89874,0.412204
F5->F6,4,61,221.3289,208.5257,0.692773,-2.829406,1.120109,-2.899683,0.433076
F5->F6,4,62,219.8788,228.6298,1.232005,-3.00067,1.590877,-2.775738,0.423537
F5->F6,4,63,218.5863,248.6805,1.717976,-3.15129,1.561297,-2.839798,0.348677
F5->F6,4,64,217.1722,268.944,1.950746,-3.239037,1.649027,-2.974645,0.40117
F5->F6,4,65,215.104,289.5326,1.592323,-3.205977,1.40823,-3.197291,0.184298
F5->F6,4,66,213.5182,310.3289,0.968801,-3.127547,1.168075,-3.029507,0.222085
F5->F6,4,67,213.2599,331.5578,0.98736,-2.906682,9.503337,14.148946,19.063482
F5->F6,4,68,213.4262,352.5665,0.820633,-2.772843,9.52854,-7.172917,9.756449
F5->F6,4,69,215.2158,373.0606,0.707999,-2.840375,3.136526,-1.83235,2.629421
F5->F6,4,70,220.8716,392.8881,0.482828,-2.804253,2.298933,-2.964006,1.823118
F5->F6,4,71,230.9581,409.2622,0.318189,-3.1305,1.928438,-3.149283,1.610359
F5->F6,4,72,426.1935,404.6616,0.906169,-3.164404,-1.07425,-2.110998,2.24315
F5->F6,4,73,433.3625,385.9628,0.050018,-3.279984,-7.052722,-1.937179,7.228558
F5->F6,4,74,439.8814,365.1583,-0.268318,-3.508303,2.455503,-3.712464,2.731462
F5->F6,4,75,445.6714,343.6894,0.294394,-3.363776,-0.472533,-3.274462,0.77211
F5->F6,4,76,448.9094,321.8696,0.774904,-3.310591,0.060117,-2.783966,0.887838
F5->F6,4,77,449.2512,299.9681,0.74403,-3.234036,1.320842,-3.749357,0.773478
F5->F6,4,78,447.2144,278.0966,0.562798,-3.258289,1.257047,-3.706522,0.826374
F5->F6,4,79,444.2695,256.6674,0.633154,-3.300369,0.906535,-3.947352,0.70237
F5->F6,4,80,439.4048,235.9601,0.311429,-3.244638,-1.374587,-3.126602,1.690143
F5->F6,4,81,432.0067,216.3999,-0.537236,-3.01992,-0.919277,-2.901804,0.399883
F5->F6,4,82,423.472,197.0075,-1.166716,-2.838585,-1.246703,-3.091362,0.265131
F5->F6,4,83,414.1553,177.4127,-1.342166,-2.810056,-1.131976,-2.924987,0.239561
F5->F6,4,84,404.22,158.0134,-1.174544,-2.80733,-0.76888,-2.676899,0.426117
F5->F6,4,85,392.9939,138.8591,-0.978647,-2.848838,-1.051543,-2.860476,0.073819
F5->F6,4,86,379.0753,120.9044,-0.865556,-2.95253,-0.714128,-2.701874,0.292847
F5->F6,4,87,362.0309,105.8448,-0.563897,-2.918383,-0.96013,-2.385426,0.664111
F5->F6,4,88,342.0258,95.4409,-0.214377,-2.878871,-0.117902,-2.666983,0.232818
F5->F6,4,89,320.5192,91.0938,0.30426,-2.807783,-0.059269,-2.663597,0.391079
F5->F6,4,90,298.9508,92.1483,0.884164,-2.93578,0.499286,-2.530939,0.558594
F5->F6,4,91,277.8373,98.2715,1.180577,-3.048224,0.582895,-2.960957,0.604019
F5->F6,4,92,258.9259,110.304,1.377917,-2.904993,0.897223,-2.691812,0.525845
F5->F6,4,93,244.2905,127.55,1.595457,-2.466848,0.79952,-2.629844,0.812455
F5->F6,4,94,232.4912,146.701,1.092859,-2.433649,1.015664,-2.586624,0.171348
F5->F6,4,95,223.5502,167.1594,0.754138,-2.380812,1.072125,-2.496869,0.338505
F5->F6,4,96,217.2606,187.6436,0.621712,-2.517715,0.516926,-2.691868,0.203246
F5->F6,4,97,213.7233,207.6891,0.79543,-2.765024,0.777225,-2.792527,0.032982
F5->F6,4,98,211.6451,227.8355,1.272081,-2.960405,1.305467,-2.918529,0.053556
F5->F6,4,99,210.1629,247.9494,1.621591,-3.13593,1.620227,-2.787659,0.348274
F5->F6,4,100,208.8109,268.2541,1.739492,-3.278409,1.586006,-3.144384,0.203766
F5->F6,4,101,207.1916,288.9515,1.500639,-3.277092,-0.098151,-3.793447,1.680104
F5->F6,4,102,205.7458,309.9025,0.954147,-3.212231,-1.750066,-3.930818,2.79806
F5->F6,4,103,205.2881,331.3128,0.928707,-3.02256,1.786027,-3.108042,0.861571
F5->F6,4,104,205.2139,352.7714,0.774289,-2.934979,-1.260835,-3.763575,2.197339
F5->F6,4,105,206.4089,374.4089,0.581277,-3.062337,-3.510614,-4.030722,4.20492
F5->F6,4,106,212.3567,394.9048,0.127294,-3.231785,1.823576,-3.18122,1.697035
F5->F6,4,107,225.2385,411.2259,0.169603,-3.401933,1.954365,-3.118276,1.807163
F5->F6,4,108,432.6718,407.8424,1.050881,-3.170993,2.270693,-3.015169,1.229725
F5->F6,4,109,439.3199,388.4644,-0.133691,-3.417666,2.11032,-3.088954,2.267959
F5->F6,4,110,445.9311,366.9432,-0.412701,-3.633237,0.192182,-2.838714,0.998575
F5->F6,4,111,452.3213,344.5214,0.333982,-3.533107,-0.510384,-2.775394,1.134496
F5->F6,4,112,455.6026,321.9758,0.868163,-3.438191,-0.884255,-2.926452,1.825608
F5->F6,4,113,455.9456,299.3717,0.829748,-3.306558,-0.33498,-3.249623,1.166119
F5->F6,4,114,454.2424,276.6522,0.661737,-3.326988,-0.265506,-3.209593,0.934645
F5->F6,4,115,451.8847,254.4092,0.691836,-3.367649,0.964759,-4.076659,0.759725
F5->F6,4,116,447.5507,233.1072,0.287254,-3.301889,-0.7088,-2.84816,1.094529
F5->F6,4,117,440.5713,213.2438,-0.510815,-3.097996,0.665942,-4.275377,1.664628
F5->F6,4,118,432.0724,193.6293,-1.113467,-2.923038,0.635139,-4.1737,2.149832
F5->F6,4,119,422.257,173.7655,-1.33762,-2.897385,-1.170425,-2.892256,0.167274
F5->F6,4,120,411.8798,153.9644,-1.052764,-2.929129,-0.650828,-2.580781,0.531881
F5->F6,4,121,400.2021,134.3002,-0.740918,-2.970967,-1.283985,-2.413206,0.778473
F5->F6,4,122,385.3406,115.6851,-0.608624,-3.000746,-1.015866,-2.474591,0.665346
F5->F6,4,123,366.5196,99.7462,-0.446935,-2.99654,-0.607803,-2.269983,0.744153
F5->F6,4,124,344.7672,89.1432,-0.122231,-2.849811,-0.030946,-2.652221,0.217658
F5->F6,4,125,321.3942,84.9867,0.361653,-2.836936,-0.350836,-2.536359,0.773296
F5->F6,4,126,297.9118,86.4334,0.780164,-3.029213,0.367242,-2.835939,0.455916
F5->F6,4,127,275.5462,92.9664,1.106949,-3.192433,0.631887,-2.904193,0.555667
F5->F6,4,128,255.4515,105.9253,1.28387,-3.02355,0.968462,-2.277071,0.810379
F5->F6,4,129,240.389,124.5908,1.584953,-2.51345,1.00212,-2.388121,0.596156
F5->F6,4,130,228.1779,145.0161,1.134585,-2.333966,1.391502,-2.470014,0.290715
F5->F6,4,131,217.9073,166.1858,0.651535,-2.26023,0.685644,-2.07692,0.186456
F5->F6,4,132,210.5812,186.9076,0.729855,-2.407267,0.406747,-2.940325,0.623338
F5->F6,4,133,206.0724,206.9589,0.904282,-2.670254,0.69053,-2.72168,0.219851
F5->F6,4,134,203.2698,227.0409,1.251305,-2.880703,1.249626,-2.83702,0.043715
F5->F6,4,135,201.5357,247.3315,1.421954,-3.094694,0.940867,-3.044538,0.483694
F5->F6,4,136,200.4249,267.6667,1.50134,-3.275999,1.520284,-2.978102,0.298499
F5->F6,4,137,199.2154,288.4059,1.370577,-3.331862,1.855932,-3.236328,0.494668
F5->F6,4,138,197.9053,309.4347,0.931632,-3.311005,1.724462,-2.960571,0.866824
F5->F6,4,139,197.274,330.9978,0.842632,-3.190166,0.92403,-3.879332,0.693957
F5->F6,4,140,196.8356,352.7016,0.690713,-3.181969,-1.167616,-3.982293,2.02334
F5->F6,4,141,197.0359,375.2581,0.247462,-3.408649,-9.542342,-12.081911,13.07921
F5->F6,4,142,204.0981,396.8895,-0.176916,-3.573004,1.189087,-3.054782,1.461
F5->F6,4,143,219.6767,413.304,0.129231,-3.651062,2.193098,-3.136261,2.127103
F5->F6,4,144,439.1126,410.8563,1.20861,-3.185901,2.517541,-3.246296,1.310324
F5->F6,4,145,445.323,390.897,-0.207232,-3.575046,1.107252,-3.124061,1.389697
F5->F6,4,146,452.2243,368.6392,-0.435338,-3.796914,-0.46292,-3.196865,0.600682
F5->F6,4,147,458.8607,345.4026,0.372311,-3.6782,-0.246804,-3.181225,0.793907
F5->F6,4,148,462.1619,322.0449,0.903842,-3.567453,5.908155,-7.918771,6.631524
F5->F6,4,149,462.5401,298.7099,0.886565,-3.408233,0.090036,-2.932879,0.927588
F5->F6,4,150,461.2616,275.2209,0.755182,-3.381722,-1.879915,-1.988954,2.980526
F5->F6,4,151,459.5211,252.2104,0.760201,-3.415358,0.538121,-4.093154,0.713251
F5->F6,4,152,455.709,230.3092,0.294765,-3.337547,0.797212,-4.066121,0.885027
F5->F6,4,153,449.1948,210.1089,-0.442241,-3.161747,-0.824978,-3.1034,0.387158
F5->F6,4,154,440.6789,190.3182,-1.038909,-2.979085,0.292807,-3.678211,1.504076
F5->F6,4,155,430.4299,170.2514,-1.250902,-2.932941,-1.795966,-2.275426,0.854062
F5->F6,4,156,419.7446,150.1228,-0.833233,-2.970288,-1.412602,-1.937044,1.184594
F5->F6,4,157,407.4304,129.9125,-0.498448,-3.008522,-1.602894,-2.117893,1.41881
F5->F6,4,158,391.6074,110.6071,-0.345812,-2.983273,-0.842337,-1.466919,1.595577
F5->F6,4,159,371.2355,94.0073,-0.239339,-2.904651,-0.866687,-1.714067,1.345755
F5->F6,4,160,347.6433,83.0419,0.016327,-2.748293,-0.094168,-2.109549,0.64823
F5->F6,4,161,322.1619,79.1547,0.359663,-2.759394,-0.226006,-2.233788,0.786937
F5->F6,4,162,296.8723,80.8788,0.669646,-3.055963,0.308365,-2.836355,0.42279
F5->F6,4,163,273.117,87.7517,0.960319,-3.28149,0.547526,-2.692568,0.719185
F5->F6,4,164,251.9188,101.6341,1.176848,-3.089545,0.724368,-1.723605,1.438934
F5->F6,4,165,236.3883,121.8658,1.528947,-2.467786,0.682175,-2.126401,0.912998
F5->F6,4,166,223.6393,143.4205,1.051448,-2.210995,1.281625,-2.423003,0.312935
F5->F6,4,167,212.2639,165.2891,0.534038,-2.119434,0.630661,-1.967451,0.180097
F5->F6,4,168,203.7649,186.3603,0.772041,-2.252272,-0.482133,-2.586977,1.298067
F5->F6,4,169,198.2943,206.3936,0.945875,-2.523805,0.877476,-2.80063,0.28515
F5->F6,4,170,194.8817,226.3797,1.212122,-2.789316,2.108694,-2.3389,1.003353
F5->F6,4,171,192.9639,246.7018,1.295615,-3.041777,1.111431,-3.136791,0.207248
F5->F6,4,172,192.0002,267.2043,1.25688,-3.243584,1.408385,-3.048228,0.24722
F5->F6,4,173,191.1496,287.949,1.212077,-3.352377,0.476337,-4.096228,1.046246
F5->F6,4,174,190.0405,308.951,0.855438,-3.4388,2.173266,-2.780611,1.473053
F5->F6,4,175,189.1958,330.4306,0.751905,-3.434661,0.970925,-4.007742,0.613507
F5->F6,4,176,188.5902,352.498,0.632893,-3.492839,0.209595,-4.211278,0.833868
F5->F6,4,177,187.9982,376.3296,0.016307,-3.671788,-0.217627,-9.944797,6.277369
F5->F6,4,178,196.6252,399.4247,-0.085695,-3.755062,4.935214,8.973508,13.683056
F5->F6,4,179,214.1464,415.1423,0.079516,-3.914685,6.918403,5.996976,12.042068
F6->F7,5,0,414.01,394.4055,-0.460823,-3.766334,-1.149188,-2.763657,1.216227
F6->F7,5,1,421.2171,377.8107,-1.025936,-3.582226,-3.679321,9.630075,13.476102
F6->F7,5,2,428.6468,358.8265,-0.88958,-3.463077,-1.998203,-13.876359,10.472129
F6->F7,5,3,432.8991,338.7067,-0.802773,-3.261694,-1.824851,-3.075734,1.038857
F6->F7,5,4,435.8836,318.1881,-0.688483,-3.133616,-2.379236,-3.342278,1.703581
F6->F7,5,5,436.1491,297.9335,-1.009713,-2.900974,-2.148727,-3.150464,1.166018
F6->F7,5,6,433.5675,277.8682,-1.189397,-2.762304,-1.465122,-3.321196,0.623205
F6->F7,5,7,429.4937,258.1105,-1.102262,-2.66604,-1.503119,-2.634459,0.4021
F6->F7,5,8,423.4183,238.8249,-1.300425,-2.495948,-1.823986,-2.930172,0.680196
F6->F7,5,9,414.6771,220.0917,-1.978604,-2.205373,-2.062458,-2.081367,0.149697
F6->F7,5,10,405.2992,201.3861,-2.382261,-1.987712,-2.543606,-1.876618,0.195893
F6->F7,5,11,396.6631,182.4512,-2.219267,-1.901371,-1.458918,-2.158931,0.802788
F6->F7,5,12,387.7493,163.9682,-1.985797,-1.817603,-1.844064,-1.747642,0.158059
F6->F7,5,13,377.6111,146.2191,-1.81239,-1.74518,-1.760725,-1.758722,0.05341
F6->F7,5,14,365.948,129.8903,-1.519939,-1.83082,-2.008338,-1.379345,0.665104
F6->F7,5,15,352.4046,116.0246,-0.997761,-2.015951,-0.750618,-1.604729,0.479775
F6->F7,5,16,336.7551,106.4235,-0.363132,-2.080913,-0.63173,-1.625297,0.528896
F6->F7,5,17,319.4961,101.3906,0.239528,-2.133543,-0.210257,-1.821413,0.547478
F6->F7,5,18,301.5466,101.3429,0.793234,-2.227296,0.186389,-1.954566,0.665314
F6->F7,5,19,283.5168,106.4485,1.165681,-2.328902,0.683237,-2.104379,0.532131
F6->F7,5,20,267.1807,116.612,1.424936,-2.241338,0.794879,-2.269179,0.630672
F6->F7,5,21,253.2024,131.0524,1.481647,-2.013505,0.916924,-2.126156,0.575849
F6->F7,5,22,242.0123,148.0133,1.235041,-2.01551,1.177404,-2.058986,0.072196
F6->F7,5,23,235.5655,167.3335,1.267459,-1.926891,1.407011,-2.184383,0.292877
F6->F7,5,24,231.2751,186.7761,1.096739,-2.119518,1.871454,-1.910868,0.802321
F6->F7,5,25,229.5078,206.5856,1.10713,-2.411991,2.019738,-2.239357,0.928793
F6->F7,5,26,229.2211,226.52,1.605673,-2.634215,2.273791,-2.348713,0.726562
F6->F7,5,27,228.7254,246.377,2.178465,-2.805673,2.577284,-2.164431,0.755148
F6->F7,5,28,227.48,266.4964,2.540983,-2.945186,2.056183,-2.906846,0.486314
F6->F7,5,29,224.6284,287.023,2.250007,-2.982754,3.638538,-2.076763,1.657962
F6->F7,5,30,222.2617,307.7225,1.513834,-2.980998,1.428768,-3.034806,0.100655
F6->F7,5,31,222.0454,328.84,1.485855,-2.896108,3.193108,-3.175281,1.729928
F6->F7,5,32,222.4859,349.6228,1.351501,-2.830492,0.273356,-4.067808,1.641142
F6->F7,5,33,224.7123,368.9041,1.214596,-2.931703,3.32474,-3.026385,2.112266
F6->F7,5,34,230.2681,388.0247,1.277085,-2.834287,0.396294,-3.263204,0.979674
F6->F7,5,35,237.2645,404.361,0.77106,-3.111821,1.014902,-3.343518,0.336367
F6->F7,5,36,420.5399,397.8854,-0.36544,-3.825654,-0.72978,-2.93326,0.963905
F6->F7,5,37,427.4206,380.361,-1.045039,-3.767378,-9.537766,9.152423,15.461167
F6->F7,5,38,433.9473,359.9501,-0.980389,-3.748391,-1.3783,-3.170822,0.70137
F6->F7,5,39,439.32,339.517,-0.660932,-3.461941,-2.065319,-3.013436,1.474266
F6->F7,5,40,442.7725,318.5354,-0.45391,-3.214135,-2.805644,-3.071969,2.356027
F6->F7,5,41,443.0931,297.3385,-0.756001,-2.987119,-1.958673,-3.073063,1.205739
F6->F7,5,42,440.6986,276.41,-0.965,-2.829994,-1.691379,-2.874753,0.727757
F6->F7,5,43,437.184,255.7312,-0.925373,-2.747785,-1.727714,-2.715434,0.802993
F6->F7,5,44,431.5854,235.7832,-1.165597,-2.581427,0.021224,-3.894935,1.770268
F6->F7,5,45,422.9806,216.6902,-1.848514,-2.315825,-2.187136,-2.235306,0.348064
F6->F7,5,46,413.6923,197.718,-2.207935,-2.116005,-1.474369,-3.239696,1.341939
F6->F7,5,47,404.7214,178.4292,-2.01001,-2.08633,-1.639296,-1.852268,0.438422
F6->F7,5,48,395.3568,159.4561,-1.729171,-2.057673,-1.745232,-1.668883,0.389121
F6->F7,5,49,384.7694,141.0157,-1.549631,-2.035482,-1.820232,-1.944437,0.285507
F6->F7,5,50,371.9664,123.7853,-1.296973,-2.175299,-1.290177,-2.013011,0.16243
F6->F7,5,51,356.8484,109.1401,-0.812627,-2.337595,-0.812567,-1.951737,0.385858
F6->F7,5,52,339.2586,99.3062,-0.308879,-2.3263,-0.641435,-1.748537,0.666636
F6->F7,5,53,320.1741,94.6112,0.251463,-2.365362,-0.25112,-2.148988,0.547181
F6->F7,5,54,300.8519,95.1804,0.842158,-2.45994,0.409078,-2.111662,0.555748
F6->F7,5,55,281.3033,100.7243,1.142196,-2.582364,0.859654,-2.21908,0.460223
F6->F7,5,56,263.8012,112.0353,1.393712,-2.425844,0.912827,-2.315578,0.493365
F6->F7,5,57,249.483,128.1036,1.514624,-2.053622,0.945631,-2.178633,0.582565
F6->F7,5,58,237.7941,146.041,1.244927,-2.012823,0.914573,-2.229394,0.395015
F6->F7,5,59,229.9747,165.9883,1.135938,-1.946618,1.535794,-1.908805,0.40164
F6->F7,5,60,224.5689,185.9188,0.997318,-2.107266,1.857832,-1.964001,0.872359
F6->F7,5,61,222.0217,205.6963,1.083771,-2.389523,2.297158,-2.304623,1.216353
F6->F7,5,62,221.1108,225.6292,1.557973,-2.616705,1.193889,-2.844299,0.429367
F6->F7,5,63,220.3042,245.5292,2.037373,-2.812846,1.518154,-2.607638,0.5583
F6->F7,5,64,219.123,265.705,2.287098,-2.975334,1.408513,-3.059406,0.882598
F6->F7,5,65,216.6963,286.3266,2.045384,-3.034714,2.287543,-2.789229,0.344825
F6->F7,5,66,214.487,307.2013,1.373355,-3.051875,1.344126,-2.916453,0.138541
F6->F7,5,67,214.2472,328.6512,1.340844,-2.955391,2.461166,-3.085487,1.127851
F6->F7,5,68,214.2468,349.7937,1.167744,-2.929065,2.837719,-3.100508,1.678752
F6->F7,5,69,215.9238,370.2202,1.056066,-3.031085,3.148223,-3.169782,2.096748
F6->F7,5,70,221.3544,390.0839,0.845496,-3.032595,2.688115,-2.852137,1.851435
F6->F7,5,71,231.2763,406.1317,0.536408,-3.294598,2.544781,-3.18348,2.011444
F6->F7,5,72,427.0997,401.4972,-0.268291,-3.849802,-0.256929,-3.116752,0.733138
F6->F7,5,73,433.4125,382.6828,-1.082367,-3.973646,-9.504466,-2.69099,8.519211
F6->F7,5,74,439.6131,361.65,-1.160131,-3.924321,0.263219,-3.811398,1.427823
F6->F7,5,75,445.9658,340.3256,-0.667809,-3.591634,-2.398368,-3.195815,1.775249
F6->F7,5,76,449.6843,318.559,-0.339453,-3.334012,-2.292356,-3.195015,1.957843
F6->F7,5,77,449.9952,296.7341,-0.5709,-3.053074,-1.648828,-2.958968,1.082028
F6->F7,5,78,447.7772,274.8383,-0.787657,-2.911498,-1.651131,-2.777278,0.873844
F6->F7,5,79,444.9027,253.367,-0.750901,-2.818771,-1.494217,-3.256882,0.862821
F6->F7,5,80,439.7162,232.7154,-1.06013,-2.665067,-0.920959,-3.137021,0.492046
F6->F7,5,81,431.4695,213.38,-1.726463,-2.401731,-1.020981,-2.876502,0.85036
F6->F7,5,82,422.3053,194.169,-2.049048,-2.213159,-0.750267,-2.848698,1.445939
F6->F7,5,83,412.8131,174.6026,-1.910556,-2.185199,-1.716731,-1.891469,0.351916
F6->F7,5,84,403.0454,155.2061,-1.543022,-2.209293,-1.605928,-1.864545,0.35044
F6->F7,5,85,392.0152,136.0103,-1.284169,-2.253798,-1.587156,-1.970665,0.414688
F6->F7,5,86,378.2098,117.9519,-1.058267,-2.410527,-1.175773,-2.177917,0.260606
F6->F7,5,87,361.467,102.9264,-0.671695,-2.43601,-0.769453,-2.234583,0.223896
F6->F7,5,88,341.8114,92.562,-0.273802,-2.478875,-0.472169,-2.125098,0.405595
F6->F7,5,89,320.8235,88.286,0.247346,-2.474297,-0.148853,-2.215651,0.473151
F6->F7,5,90,299.835,89.2125,0.802543,-2.611594,0.389611,-2.259466,0.542684
F6->F7,5,91,279.0179,95.2233,1.10683,-2.746946,0.770136,-2.179372,0.659926
F6->F7,5,92,260.3038,107.399,1.303915,-2.61816,0.919708,-2.286196,0.507755
F6->F7,5,93,245.886,125.0831,1.596347,-2.106605,0.911023,-2.068747,0.686368
F6->F7,5,94,233.5841,144.2673,1.273281,-1.97546,0.582752,-2.247051,0.742018
F6->F7,5,95,224.3044,164.7786,0.998758,-1.932594,1.405481,-2.282183,0.536317
F6->F7,5,96,217.8823,185.1259,0.921382,-2.054492,1.404948,-2.13213,0.489759
F6->F7,5,97,214.5187,204.9241,1.085962,-2.329866,2.247603,-2.271055,1.163129
F6->F7,5,98,212.9172,224.8751,1.517292,-2.572256,2.448507,-2.297377,0.970938
F6->F7,5,99,211.7845,244.8135,1.869316,-2.797087,1.608062,-2.70039,0.278575
F6->F7,5,100,210.5504,264.9757,1.994467,-2.996373,1.544552,-2.91162,0.457828
F6->F7,5,101,208.6922,285.6744,1.822854,-3.091689,1.821091,-2.848342,0.243353
F6->F7,5,102,206.7,306.6903,1.243193,-3.122085,0.66108,-2.900152,0.622984
F6->F7,5,103,206.2168,328.2903,1.178518,-3.051936,2.57032,-2.820611,1.410895
F6->F7,5,104,205.9882,349.8364,1.008526,-3.057485,2.056539,-3.105949,1.049133
F6->F7,5,105,206.9902,371.3465,0.839375,-3.202547,1.519011,-2.974633,0.716833
F6->F7,5,106,212.484,391.673,0.413594,-3.33015,3.949057,-2.910751,3.560251
F6->F7,5,107,225.4081,407.8239,0.31107,-3.504067,-1.672828,-3.971973,2.038329
F6->F7,5,108,433.7227,404.6714,-0.16919,-3.849784,-0.6692,-2.906156,1.067915
F6->F7,5,109,439.1862,385.0467,-1.200053,-4.105838,0.864048,-4.19189,2.065894
F6->F7,5,110,445.5184,363.31,-1.339237,-4.046761,0.004672,-3.974794,1.345835
F6->F7,5,111,452.6553,340.9883,-0.694471,-3.745809,-0.947052,-3.830024,0.266251
F6->F7,5,112,456.4708,318.5376,-0.245079,-3.448731,-2.062586,-2.878375,1.904899
F6->F7,5,113,456.7753,296.0651,-0.434193,-3.117458,-1.514398,-2.798996,1.12617
F6->F7,5,114,454.9042,273.3252,-0.619631,-2.96759,-0.08607,-3.951057,1.118881
F6->F7,5,115,452.5765,251.0416,-0.608765,-2.876684,-0.922703,-3.053984,0.360544
F6->F7,5,116,447.838,229.8053,-0.973186,-2.715575,-0.818768,-3.093567,0.408316
F6->F7,5,117,440.0605,210.1458,-1.574572,-2.47238,-0.785982,-2.772799,0.843875
F6->F7,5,118,430.9589,190.7063,-1.896313,-2.279981,-0.848363,-2.84191,1.189102
F6->F7,5,119,420.9194,170.8681,-1.812637,-2.268355,-1.759971,-2.094906,0.181269
F6->F7,5,120,410.827,151.0353,-1.380671,-2.316302,-1.525701,-1.897304,0.443388
F6->F7,5,121,399.4612,131.3292,-1.026801,-2.377431,-1.052461,-1.921539,0.456614
F6->F7,5,122,384.732,112.6843,-0.796593,-2.47843,-1.280705,-1.805526,0.828954
F6->F7,5,123,366.0727,96.7496,-0.531869,-2.533223,-0.929624,-2.082837,0.600881
F6->F7,5,124,344.645,86.2934,-0.173314,-2.470427,-0.244236,-2.104211,0.37302
F6->F7,5,125,321.7559,82.1497,0.3084,-2.51665,0.079622,-2.077836,0.494871
F6->F7,5,126,298.692,83.4042,0.719237,-2.720281,0.376939,-2.566659,0.375191
F6->F7,5,127,276.6531,89.774,1.046019,-2.891849,0.833837,-2.203721,0.720097
F6->F7,5,128,256.7353,102.9018,1.227894,-2.716686,1.190115,-2.275929,0.442374
F6->F7,5,129,241.974,122.0774,1.579854,-2.162544,0.472603,-2.060646,1.11193
F6->F7,5,130,229.3125,142.6821,1.287906,-1.891979,0.686028,-2.048191,0.62182
F6->F7,5,131,218.5588,163.9256,0.843703,-1.825421,1.200986,-2.289644,0.585793
F6->F7,5,132,211.311,184.5003,0.934196,-1.964853,1.44343,-2.14672,0.540736
F6->F7,5,133,206.9767,204.2886,1.096569,-2.253003,2.040849,-2.201438,0.945687
F6->F7,5,134,204.5211,224.1601,1.421622,-2.51487,2.452916,-2.324594,1.048701
F6->F7,5,135,202.9576,244.2369,1.601906,-2.773189,1.260794,-3.031833,0.428082
F6->F7,5,136,201.9262,264.3907,1.665757,-2.993655,1.688185,-2.987674,0.023212
F6->F7,5,137,200.586,285.074,1.569525,-3.14066,1.557276,-2.701987,0.438844
F6->F7,5,138,198.8369,306.1237,1.141061,-3.209102,1.458572,-3.088029,0.339811
F6->F7,5,139,198.1166,327.8076,0.994945,-3.197694,2.554865,-2.760929,1.619912
F6->F7,5,140,197.5263,349.5196,0.827778,-3.252894,-7.58568,-18.23579,17.183522
F6->F7,5,141,197.2833,371.8495,0.500796,-3.476547,2.621734,-2.69546,2.260194
F6->F7,5,142,203.9212,393.3165,0.04738,-3.560511,-1.733715,1.790264,5.639423
F6->F7,5,143,219.8059,409.6529,0.227268,-3.737745,0.063651,4.962521,8.701805
F6->F7,5,144,440.3212,407.6704,-0.007689,-3.870734,8.125497,-2.985549,8.181214
F6->F7,5,145,445.1158,387.322,-1.357429,-4.254374,-1.182482,-3.236063,1.033229
F6->F7,5,146,451.789,364.8422,-1.407048,-4.209514,-0.062054,-4.011366,1.359512
F6->F7,5,147,459.233,341.7244,-0.703862,-3.883237,-1.274792,-4.012178,0.585309
F6->F7,5,148,463.0657,318.4774,-0.196026,-3.549655,9.866168,1.4482,11.235048
F6->F7,5,149,463.4267,295.3016,-0.329515,-3.194466,-1.277046,-3.188964,0.947547
F6->F7,5,150,462.0167,271.8392,-0.471434,-3.007691,-0.308202,-4.049467,1.054487
F6->F7,5,151,460.2813,248.7951,-0.47172,-2.919929,-0.910375,-2.929188,0.438753
F6->F7,5,152,456.0038,226.9716,-0.863049,-2.751435,-1.189266,-3.211233,0.563765
F6->F7,5,153,448.7525,206.9471,-1.406828,-2.52771,-0.718084,-2.892242,0.779264
F6->F7,5,154,439.64,187.3391,-1.737208,-2.331622,-0.998038,-2.907249,0.936866
F6->F7,5,155,429.179,167.3184,-1.68406,-2.297752,-1.700278,-2.236566,0.063299
F6->F7,5,156,418.9114,147.1525,-1.161161,-2.351267,-1.564802,-2.10635,0.472134
F6->F7,5,157,406.9319,126.904,-0.789415,-2.411763,-1.042216,-1.142234,1.294455
F6->F7,5,158,391.2616,107.6238,-0.535148,-2.473085,-1.006483,-1.232399,1.3272
F6->F7,5,159,370.9962,91.1027,-0.338067,-2.470924,-0.807821,-1.351907,1.213618
F6->F7,5,160,347.6596,80.2936,-0.034572,-2.398132,-0.066054,-1.746424,0.652468
F6->F7,5,161,322.5216,76.3953,0.314777,-2.471355,0.159185,-2.070751,0.429758
F6->F7,5,162,297.542,77.8228,0.626747,-2.76905,0.273474,-2.44508,0.479331
F6->F7,5,163,274.0773,84.4702,0.920744,-2.982336,0.660228,-2.178842,0.844672
F6->F7,5,164,253.0956,98.5445,1.142767,-2.759837,1.157855,-2.272331,0.487739
F6->F7,5,165,237.9172,119.398,1.537424,-2.12215,-0.006495,-1.969978,1.5514
F6->F7,5,166,224.6908,141.2095,1.208966,-1.778214,0.8196,-1.941397,0.422179
F6->F7,5,167,212.7979,163.1697,0.690226,-1.705733,0.915209,-2.157343,0.504548
F6->F7,5,168,204.5369,184.1081,0.917236,-1.838117,0.971523,-1.937208,0.112987
F6->F7,5,169,199.2402,203.8698,1.063932,-2.12903,1.763024,-1.927799,0.727478
F6->F7,5,170,196.0939,223.5904,1.31137,-2.438966,0.754211,-2.61015,0.582863
F6->F7,5,171,194.2595,243.66,1.407332,-2.73266,1.269351,-3.145631,0.435412
F6->F7,5,172,193.257,263.9607,1.337524,-2.983801,1.453615,-3.188857,0.235638
F6->F7,5,173,192.3617,284.5966,1.301763,-3.17008,1.499661,-3.075799,0.219209
F6->F7,5,174,190.896,305.5122,0.966073,-3.338692,-0.975067,-3.907776,2.02284
F6->F7,5,175,189.9477,326.9959,0.816391,-3.405118,1.971843,-2.981419,1.230687
F6->F7,5,176,189.2231,349.0052,0.689254,-3.518718,1.858324,-2.763621,1.391724
F6->F7,5,177,188.0145,372.6578,0.256963,-3.700414,-0.601766,1.066606,4.843748
F6->F7,5,178,196.5395,395.6696,0.053183,-3.680508,4.487293,2.017989,7.220401
F6->F7,5,179,214.2259,411.2276,0.18962,-3.916801,2.708059,2.815474,7.187911
F7->F8,6,0,413.5492,390.6392,-1.538041,-2.976155,-0.279003,-2.720644,1.284703
F7->F8,6,1,420.1912,374.2285,-2.108773,-3.109106,-2.783527,-3.895033,1.035845
F7->F8,6,2,427.7572,355.3634,-2.039374,-2.937516,-1.461709,-3.013077,0.582586
F7->F8,6,3,432.0964,335.445,-2.038845,-2.520374,-2.320922,-3.038781,0.590181
F7->F8,6,4,435.1952,315.0545,-2.195589,-2.255628,-3.960952,-2.012447,1.782034
F7->F8,6,5,435.1394,295.0325,-2.805503,-1.878658,-3.251321,-2.095135,0.495596
F7->F8,6,6,432.3781,275.1059,-3.084009,-1.618254,-1.22052,-2.894189,2.258452
F7->F8,6,7,428.3914,255.4445,-3.087634,-1.408648,-3.098385,-2.048982,0.640424
F7->F8,6,8,422.1179,236.329,-3.261147,-1.169534,-4.125962,-1.111176,0.866782
F7->F8,6,9,412.6985,217.8863,-3.634069,-0.899766,-3.510485,-0.774774,0.175772
F7->F8,6,10,402.9169,199.3984,-3.639573,-0.715229,-3.539925,0.171614,0.892424
F7->F8,6,11,394.4439,180.5498,-3.162302,-0.636898,-2.921016,-1.099024,0.521324
F7->F8,6,12,385.7635,162.1506,-2.71573,-0.562181,-3.019428,-0.394728,0.346804
F7->F8,6,13,375.7987,144.474,-2.313754,-0.521482,-2.009178,-0.716986,0.361924
F7->F8,6,14,364.428,128.0595,-1.851413,-0.635078,-1.873783,-0.879062,0.245008
F7->F8,6,15,351.4068,114.0087,-1.233461,-0.88612,-0.990693,-0.984425,0.261917
F7->F8,6,16,336.392,104.3426,-0.539978,-1.073919,-0.328613,-1.022679,0.217487
F7->F8,6,17,319.7356,99.2571,0.064477,-1.225472,-0.001651,-1.042216,0.194823
F7->F8,6,18,302.3398,99.1156,0.580649,-1.327275,0.183619,-1.241967,0.406091
F7->F8,6,19,284.6825,104.1196,0.938867,-1.442279,0.704499,-1.468303,0.235808
F7->F8,6,20,268.6056,114.3707,1.182388,-1.35865,0.590861,-1.046622,0.668779
F7->F8,6,21,254.684,129.0388,1.358188,-1.102405,1.277797,-1.201543,0.127636
F7->F8,6,22,243.2473,145.9978,1.460487,-1.014198,1.872637,-1.039027,0.412897
F7->F8,6,23,236.833,165.4066,1.841325,-0.906076,1.961271,-0.827341,0.143479
F7->F8,6,24,232.3718,184.6566,2.074746,-1.029104,2.13518,-0.90248,0.140306
F7->F8,6,25,230.6149,204.1736,2.246123,-1.291047,2.603001,-0.926075,0.510458
F7->F8,6,26,230.8268,223.8858,2.72826,-1.534654,3.297357,-1.451133,0.575193
F7->F8,6,27,230.9039,243.5713,3.213872,-1.738332,2.494086,-1.852101,0.728722
F7->F8,6,28,230.021,263.5513,3.523444,-1.923153,4.020291,-1.248903,0.837538
F7->F8,6,29,226.8784,284.0403,3.356561,-2.032805,2.842992,-2.224957,0.548339
F7->F8,6,30,223.7755,304.7415,2.734231,-2.096314,4.131638,-2.117047,1.39756
F7->F8,6,31,223.5313,325.9438,2.602926,-2.123731,2.586747,-1.966569,0.157992
F7->F8,6,32,223.8374,346.7924,2.395392,-2.179296,3.953919,-1.912247,1.581241
F7->F8,6,33,225.9269,365.9724,2.093595,-2.363226,4.22153,-2.113989,2.142481
F7->F8,6,34,231.5452,385.1904,1.993169,-2.4265,2.976352,-2.961454,1.119296
F7->F8,6,35,238.0355,401.2492,1.360447,-2.632794,2.022617,-3.219094,0.884431
F7->F8,6,36,420.1744,394.0597,-1.477121,-3.274427,-0.77833,-3.039517,0.737219
F7->F8,6,37,426.3756,376.5936,-2.076607,-3.341404,-9.102169,9.65669,14.775282
F7->F8,6,38,432.9669,356.2017,-1.8704,-3.143021,-1.713182,-2.818757,0.360368
F7->F8,6,39,438.659,336.0551,-1.697152,-2.7652,-2.292667,-3.026158,0.650183
F7->F8,6,40,442.3185,315.3213,-1.910066,-2.398043,-3.395581,-7.98222,5.77839
F7->F8,6,41,442.3371,294.3514,-2.457274,-2.003533,-3.329206,-2.19716,0.893172
F7->F8,6,42,439.7336,273.58,-2.759656,-1.706919,-3.053924,-2.126991,0.512888
F7->F8,6,43,436.2586,252.9834,-2.78533,-1.497275,-2.63399,-1.809723,0.347171
F7->F8,6,44,430.4198,233.2018,-2.919242,-1.263755,-2.260205,-2.211741,1.15456
F7->F8,6,45,421.1321,214.3744,-3.244927,-1.009142,-2.890994,-0.977361,0.355357
F7->F8,6,46,411.4843,195.602,-3.216784,-0.828744,-3.689597,-0.039525,0.920011
F7->F8,6,47,402.7114,176.3429,-2.691733,-0.814884,-2.879971,-1.110777,0.350693
F7->F8,6,48,393.6276,157.3985,-2.207123,-0.794372,-2.221841,-0.789491,0.015507
F7->F8,6,49,383.2198,138.9802,-1.936909,-0.788193,-1.793212,-0.751082,0.148412
F7->F8,6,50,370.6694,121.61,-1.555731,-0.965935,-1.567262,-0.736255,0.22997
F7->F8,6,51,356.0358,106.8025,-0.985206,-1.211035,-1.109961,-1.076752,0.183292
F7->F8,6,52,338.9497,96.9799,-0.442033,-1.338262,-0.456182,-1.384963,0.048797
F7->F8,6,53,320.4255,92.2459,0.104855,-1.467832,-0.006417,-1.400477,0.13007
F7->F8,6,54,301.6941,92.7205,0.643481,-1.575283,0.206779,-1.33873,0.496655
F7->F8,6,55,282.4455,98.1419,0.933826,-1.690773,0.512279,-1.597252,0.431797
F7->F8,6,56,265.1949,109.6095,1.151811,-1.54929,0.632229,-1.257727,0.595798
F7->F8,6,57,250.9977,126.05,1.319504,-1.171508,1.37566,-1.305598,0.145374
F7->F8,6,58,239.039,144.0282,1.388009,-1.025761,1.802122,-1.157832,0.434664
F7->F8,6,59,231.1106,164.0417,1.592168,-0.935947,1.679576,-0.806946,0.155825
F7->F8,6,60,225.5662,183.8115,1.761429,-1.042849,2.031462,-0.781996,0.375449
F7->F8,6,61,223.1054,203.3068,2.029388,-1.280747,2.219404,-0.996152,0.3422
F7->F8,6,62,222.6688,223.0125,2.576678,-1.507608,3.434297,-1.489409,0.857812
F7->F8,6,63,222.3416,242.7164,3.036501,-1.723353,2.084456,-1.892431,0.966942
F7->F8,6,64,221.4101,262.7296,3.214564,-1.930175,2.174901,-1.879297,1.040907
F7->F8,6,65,218.7417,283.2919,3.007071,-2.056199,2.97966,-1.975591,0.085141
F7->F8,6,66,215.8604,304.1494,2.440675,-2.150888,3.742793,-2.067789,1.304767
F7->F8,6,67,215.5881,325.6958,2.295244,-2.170631,2.977988,-1.987499,0.706877
F7->F8,6,68,215.4145,346.8646,2.05299,-2.253908,3.700549,-1.979713,1.670219
F7->F8,6,69,216.9799,367.1891,1.818143,-2.406403,3.72888,-1.886791,1.980129
F7->F8,6,70,222.1999,387.0513,1.478797,-2.479938,1.408868,-3.983975,1.505662
F7->F8,6,71,231.8127,402.8371,1.090748,-2.73963,2.053857,-3.164409,1.052624
F7->F8,6,72,426.8314,397.6474,-1.410976,-3.41782,7.480809,3.799097,11.451976
F7->F8,6,73,432.3301,378.7091,-2.020629,-3.525999,-9.511101,9.648108,15.154678
F7->F8,6,74,438.4529,357.7256,-1.957074,-3.291537,-1.869331,-2.895724,0.405422
F7->F8,6,75,445.2979,336.734,-1.767972,-2.906588,-2.034577,-2.936105,0.268234
F7->F8,6,76,449.3448,315.225,-1.807314,-2.52555,-4.254289,-2.228932,2.464887
F7->F8,6,77,449.4243,293.681,-2.220611,-2.094036,-1.131609,-2.912218,1.362111
F7->F8,6,78,446.9896,271.9268,-2.489435,-1.789465,-2.521728,-1.807572,0.037023
F7->F8,6,79,444.1518,250.5482,-2.494073,-1.567791,-1.992337,-2.065491,0.706714
F7->F8,6,80,438.6561,230.0504,-2.63345,-1.34563,-1.868539,-2.121419,1.089466
F7->F8,6,81,429.743,210.9783,-2.943852,-1.086267,-2.94073,-0.986508,0.099808
F7->F8,6,82,420.2563,191.9558,-2.899612,-0.913798,-3.358124,-1.13683,0.509878
F7->F8,6,83,410.9025,172.4174,-2.451294,-0.894986,-2.55508,-0.779695,0.155124
F7->F8,6,84,401.5024,152.9968,-1.918343,-0.92517,-2.027882,-0.834005,0.142513
F7->F8,6,85,390.7311,133.7565,-1.624875,-0.96903,-1.831776,-0.718217,0.32514
F7->F8,6,86,377.1515,115.5413,-1.285429,-1.192164,-1.411554,-1.132217,0.139647
F7->F8,6,87,360.7953,100.4904,-0.820458,-1.33659,-0.646222,-1.081909,0.308578
F7->F8,6,88,341.5376,90.0832,-0.377149,-1.524775,-0.609576,-1.517647,0.232536
F7->F8,6,89,321.0709,85.8117,0.128921,-1.611897,0.088499,-1.604116,0.041164
F7->F8,6,90,300.6375,86.601,0.637996,-1.745685,0.291085,-1.518769,0.414533
F7->F8,6,91,280.1247,92.4764,0.923814,-1.854074,0.557406,-1.556542,0.471996
F7->F8,6,92,261.6077,104.7808,1.091383,-1.709455,0.963184,-1.407787,0.327778
F7->F8,6,93,247.4823,122.9765,1.372051,-1.219135,1.404879,-1.119843,0.104578
F7->F8,6,94,234.8574,142.2919,1.349092,-1.008872,1.560026,-1.05729,0.21642
F7->F8,6,95,225.3031,162.846,1.3678,-0.927203,1.071546,-0.968446,0.299111
F7->F8,6,96,218.8037,183.0714,1.505473,-1.012122,1.92062,-0.88482,0.434226
F7->F8,6,97,215.6047,202.5942,1.888155,-1.231428,2.168044,-0.973358,0.380707
F7->F8,6,98,214.4344,222.3028,2.422624,-1.464977,2.63394,-1.143411,0.384785
F7->F8,6,99,213.6538,242.0164,2.810612,-1.703063,1.599069,-1.716524,1.211618
F7->F8,6,100,212.5448,261.9793,2.882945,-1.932746,2.165639,-2.230672,0.776715
F7->F8,6,101,210.5151,282.5827,2.676167,-2.098295,2.235395,-2.004658,0.450608
F7->F8,6,102,207.9431,303.5682,2.169487,-2.212172,1.067246,-3.008034,1.359534
F7->F8,6,103,207.3953,325.2383,2.020394,-2.254164,3.027862,-1.929096,1.058613
F7->F8,6,104,206.9967,346.7789,1.774337,-2.354283,4.132555,-2.226372,2.361685
F7->F8,6,105,207.8296,368.144,1.509926,-2.523713,4.037671,-2.10814,2.561678
F7->F8,6,106,212.8976,388.3428,1.024285,-2.626314,0.82207,-3.817491,1.208218
F7->F8,6,107,225.7191,404.3199,0.782934,-2.836932,2.442054,-3.202746,1.69897
F7->F8,6,108,433.5535,400.8216,-1.330672,-3.444332,2.949932,1.99384,6.920787
F7->F8,6,109,437.9862,380.9409,-2.045698,-3.627286,0.69015,3.913023,8.021292
F7->F8,6,110,444.1792,359.2632,-2.124052,-3.393674,-2.069695,-2.995442,0.401924
F7->F8,6,111,451.9608,337.2425,-1.875091,-3.036824,-1.835223,-2.809513,0.23078
F7->F8,6,112,456.2257,315.0889,-1.716499,-2.63732,-2.329941,-3.107739,0.773049
F7->F8,6,113,456.3411,292.9477,-2.04054,-2.171568,-2.845364,-2.066839,0.81161
F7->F8,6,114,454.2845,270.3577,-2.243875,-1.853758,-2.17532,-2.138155,0.292542
F7->F8,6,115,451.9678,248.1649,-2.238239,-1.626964,-2.124037,-2.217953,0.601922
F7->F8,6,116,446.8648,227.0897,-2.397742,-1.397573,-1.764001,-1.897642,0.807277
F7->F8,6,117,438.4859,207.6734,-2.650183,-1.148943,-2.957753,-0.947794,0.367505
F7->F8,6,118,429.0626,188.4263,-2.629775,-0.961649,-3.412126,-1.33028,0.864847
F7->F8,6,119,419.1067,168.5997,-2.224857,-0.963148,-2.384421,-1.188362,0.276011
F7->F8,6,120,409.4464,148.719,-1.730983,-0.995351,-1.617485,-0.713087,0.304228
F7->F8,6,121,398.4344,128.9518,-1.357923,-1.072808,-1.052192,-1.125626,0.31026
F7->F8,6,122,383.9354,110.2059,-1.02452,-1.275319,-1.185017,-1.215158,0.171401
F7->F8,6,123,365.5408,94.2164,-0.65736,-1.465517,-0.689285,-1.163249,0.30395
F7->F8,6,124,344.4717,83.823,-0.261629,-1.550551,-0.676919,-1.318269,0.475837
F7->F8,6,125,322.0643,79.6331,0.20382,-1.681052,-0.066313,-1.672474,0.270269
F7->F8,6,126,299.4112,80.6839,0.587683,-1.880972,0.276088,-1.672756,0.374761
F7->F8,6,127,277.6992,86.8822,0.893083,-1.997771,0.591852,-1.640203,0.467541
F7->F8,6,128,257.9632,100.1851,1.05671,-1.763477,0.793915,-1.653649,0.284822
F7->F8,6,129,243.5538,119.9148,1.364391,-1.253982,1.393329,-0.965361,0.290067
F7->F8,6,130,230.6004,140.7901,1.325882,-0.94056,1.156469,-1.069808,0.213086
F7->F8,6,131,219.4025,162.1002,1.173926,-0.815984,0.980201,-0.801826,0.194242
F7->F8,6,132,212.2452,182.5355,1.373281,-0.937544,1.934726,-0.847151,0.568675
F7->F8,6,133,208.0733,202.0356,1.750874,-1.169613,1.964509,-1.07779,0.232533
F7->F8,6,134,205.9427,221.6453,2.205966,-1.417026,2.377097,-1.25802,0.2336
F7->F8,6,135,204.5595,241.4637,2.480284,-1.682647,1.045177,-1.94216,1.458382
F7->F8,6,136,203.592,261.3971,2.512336,-1.928688,2.155055,-2.068551,0.383681
F7->F8,6,137,202.1555,281.9334,2.337333,-2.141853,1.988185,-2.025727,0.367954
F7->F8,6,138,199.978,302.9146,1.95159,-2.29537,1.181315,-2.97806,1.029266
F7->F8,6,139,199.1115,324.6099,1.7484,-2.387737,-0.365393,-2.791718,2.15205
F7->F8,6,140,198.3541,346.2667,1.506345,-2.509527,-9.169612,5.057069,13.085466
F7->F8,6,141,197.7841,368.3729,1.179892,-2.745711,1.081338,-3.027069,0.29812
F7->F8,6,142,203.9686,389.756,0.667006,-2.757627,8.675057,7.199329,12.777709
F7->F8,6,143,220.0332,405.9152,0.632909,-2.962717,2.184967,-3.152313,1.563595
F7->F8,6,144,440.3135,403.7997,-1.167937,-3.477522,2.613743,3.147756,7.628592
F7->F8,6,145,443.7584,383.0676,-2.161604,-3.730931,-1.445864,-3.149649,0.922047
F7->F8,6,146,450.3819,360.6327,-2.257634,-3.526136,-2.297016,-3.067952,0.459874
F7->F8,6,147,458.5291,337.8412,-1.958067,-3.154828,-2.003538,-2.86427,0.294095
F7->F8,6,148,462.8697,314.9278,-1.665118,-2.72059,-1.593697,-2.766739,0.085034
F7->F8,6,149,463.0972,292.1072,-1.894546,-2.243109,-3.263367,-1.975224,1.394787
F7->F8,6,150,461.5453,268.8315,-2.035053,-1.891701,-2.882237,-1.892241,0.847184
F7->F8,6,151,459.8095,245.8751,-1.993179,-1.678193,-2.073514,-1.98979,0.321787
F7->F8,6,152,455.1407,224.2202,-2.15557,-1.441533,-3.017288,-1.079815,0.934557
F7->F8,6,153,447.3457,204.4194,-2.367923,-1.194739,-2.657077,-0.752923,0.528026
F7->F8,6,154,437.9028,185.0075,-2.364386,-1.002703,-1.30586,-1.981164,1.441479
F7->F8,6,155,427.495,165.0207,-2.054847,-0.972825,-1.616314,-1.666569,0.820727
F7->F8,6,156,417.7503,144.8012,-1.533199,-1.000855,-1.11584,-1.175387,0.452382
F7->F8,6,157,406.1425,124.4922,-1.144415,-1.087832,-0.909688,-1.155968,0.244416
F7->F8,6,158,390.7264,105.1507,-0.774148,-1.278544,-1.008005,-1.156973,0.263569
F7->F8,6,159,370.6581,88.6318,-0.467191,-1.438207,-0.850129,-1.143066,0.483477
F7->F8,6,160,347.625,77.8955,-0.115325,-1.516757,-0.510697,-0.767514,0.847162
F7->F8,6,161,322.8363,73.924,0.223367,-1.670952,0.017364,-1.380891,0.355771
F7->F8,6,162,298.1687,75.0538,0.519553,-1.955541,0.256184,-1.740287,0.340144
F7->F8,6,163,274.998,81.4878,0.805897,-2.08062,0.562092,-1.632051,0.510544
F7->F8,6,164,254.2384,95.7847,1.010414,-1.768748,0.499743,-1.852419,0.51748
F7->F8,6,165,239.4546,117.2759,1.350729,-1.191836,0.845944,-0.661079,0.732469
F7->F8,6,166,225.8997,139.4313,1.252164,-0.82366,0.943899,-0.847944,0.30922
F7->F8,6,167,213.4882,161.4639,0.997003,-0.701605,0.723369,-0.753508,0.278514
F7->F8,6,168,205.4542,182.2699,1.276119,-0.809757,1.652697,-0.75983,0.379873
F7->F8,6,169,200.3042,201.7408,1.613221,-1.051468,2.093048,-1.018783,0.480939
F7->F8,6,170,197.4052,221.1514,1.986934,-1.354709,2.024366,-1.131103,0.226717
F7->F8,6,171,195.6668,240.9273,2.184224,-1.649999,0.568095,-1.847367,1.628136
F7->F8,6,172,194.5946,260.9769,2.114138,-1.927798,2.492876,-2.099451,0.415821
F7->F8,6,173,193.6635,281.4265,1.988222,-2.179159,2.112254,-2.143692,0.129003
F7->F8,6,174,191.862,302.1735,1.703873,-2.42372,1.028254,-2.850532,0.799142
F7->F8,6,175,190.7641,323.5908,1.490764,-2.575647,0.413849,-3.076017,1.187483
F7->F8,6,176,189.9124,345.4865,1.296613,-2.751488,-4.476098,6.200025,10.651468
F7->F8,6,177,188.2714,368.9574,0.951093,-2.940705,-0.232708,-15.742635,12.856546
F7->F8,6,178,196.5927,391.9891,0.611549,-2.814519,-9.570437,-7.988222,11.421036
F7->F8,6,179,214.4155,407.3108,0.589009,-3.049968,1.162352,-2.950265,0.581948
F8->F9,7,0,412.0112,387.663,-1.558569,-2.121909,-0.751582,-1.821025,0.861254
F8->F9,7,1,418.0824,371.1194,-2.102053,-2.294758,-1.019198,10.656802,12.996749
F8->F9,7,2,425.7179,352.4259,-2.190392,-2.201746,-5.390875,-1.283588,3.32958
F8->F9,7,3,430.0575,332.9246,-2.272114,-1.832931,-3.331354,-1.980394,1.069456
F8->F9,7,4,432.9996,312.7989,-2.542411,-1.591347,-3.913722,-1.801368,1.387301
F8->F9,7,5,432.3339,293.1539,-3.144481,-1.226267,-4.461354,-1.089331,1.323973
F8->F9,7,6,429.2941,273.4877,-3.393549,-0.973571,-3.941648,-0.928353,0.549961
F8->F9,7,7,425.3038,254.0358,-3.406393,-0.760082,-4.925434,-0.057454,1.67367
F8->F9,7,8,418.8567,235.1594,-3.55532,-0.530073,-3.227303,-0.894848,0.490567
F8->F9,7,9,409.0644,216.9865,-3.781147,-0.307128,-3.98372,-0.114828,0.279311
F8->F9,7,10,399.2774,198.6831,-3.645465,-0.162533,-4.117186,-0.209846,0.474087
F8->F9,7,11,391.2816,179.9129,-3.128735,-0.100419,-3.188376,0.004272,0.120487
F8->F9,7,12,383.0478,161.5884,-2.67617,-0.040968,-2.611038,0.176778,0.227279
F8->F9,7,13,373.485,143.9525,-2.221401,-0.029564,-2.278735,-0.088651,0.082331
F8->F9,7,14,362.5766,127.4244,-1.727188,-0.15635,-2.054847,-0.097702,0.332866
F8->F9,7,15,350.1734,113.1226,-1.137533,-0.412854,-0.893607,-0.562603,0.286225
F8->F9,7,16,335.852,103.2687,-0.490472,-0.621905,-1.006453,-0.45495,0.54232
F8->F9,7,17,319.8001,98.0316,0.05206,-0.77311,-0.023451,-0.690984,0.111565
F8->F9,7,18,302.9205,97.7883,0.50327,-0.836883,0.22823,-0.752317,0.287747
F8->F9,7,19,285.6214,102.6773,0.795035,-0.922294,0.497875,-0.659907,0.396423
F8->F9,7,20,269.788,113.0121,0.980466,-0.845264,0.785214,-0.532973,0.368305
F8->F9,7,21,256.0422,127.9364,1.161753,-0.619069,0.910609,-0.654027,0.253566
F8->F9,7,22,244.7078,144.9836,1.377848,-0.513424,1.863588,-0.16733,0.596426
F8->F9,7,23,238.6743,164.5006,1.858758,-0.399448,2.681676,-0.072147,0.885618
F8->F9,7,24,234.4466,183.6275,2.243998,-0.465862,3.020975,-0.329335,0.788881
F8->F9,7,25,232.861,202.8826,2.444728,-0.674036,2.892226,-0.710789,0.449004
F8->F9,7,26,233.555,222.3511,2.827738,-0.89712,3.099303,-0.736927,0.315292
F8->F9,7,27,234.1177,241.8329,3.202767,-1.088556,3.230465,-1.142041,0.060232
F8->F9,7,28,233.5445,261.6281,3.472664,-1.260919,3.410269,-1.217018,0.076292
F8->F9,7,29,230.235,282.0075,3.406314,-1.376797,2.847624,-1.098611,0.624117
F8->F9,7,30,226.5097,302.6451,2.933113,-1.447173,1.303491,-1.938057,1.70195
F8->F9,7,31,226.1342,323.8201,2.749705,-1.500123,3.969922,-1.136783,1.273163
F8->F9,7,32,226.2328,344.6131,2.547193,-1.587109,1.730639,-1.86497,0.862535
F8->F9,7,33,228.0205,363.6092,2.199345,-1.783196,2.542394,-1.657093,0.365492
F8->F9,7,34,233.5383,382.7639,2.030567,-1.882568,0.757979,-1.813739,1.274448
F8->F9,7,35,239.396,398.6164,1.448808,-2.039441,1.934333,-2.115631,0.491467
F8->F9,7,36,418.6973,390.7853,-1.49675,-2.503163,-2.732302,-1.743634,1.450335
F8->F9,7,37,424.299,373.2522,-2.032133,-2.56304,-4.885389,-1.013203,3.247008
F8->F9,7,38,431.0965,353.0587,-1.897062,-2.400608,-5.679206,-0.991128,4.036242
F8->F9,7,39,436.9619,333.2899,-1.801472,-2.096322,-3.344443,-2.020578,1.544829
F8->F9,7,40,440.4085,312.9232,-2.194494,-1.754625,-4.280056,-2.005628,2.100612
F8->F9,7,41,439.8798,292.3478,-2.769018,-1.362966,-2.700192,-0.838068,0.529391
F8->F9,7,42,436.9739,271.8731,-3.058225,-1.065245,-3.688584,-0.773098,0.694768
F8->F9,7,43,433.4733,251.4862,-3.081816,-0.848321,-4.686483,0.014214,1.821791
F8->F9,7,44,427.5006,231.938,-3.153233,-0.627774,-3.112979,-1.05207,0.426201
F8->F9,7,45,417.8871,213.3652,-3.321209,-0.415295,-3.92279,-0.123182,0.668753
F8->F9,7,46,408.2676,194.7733,-3.157446,-0.270486,-1.990296,-0.914535,1.333056
F8->F9,7,47,400.0196,175.528,-2.587512,-0.272085,-2.866605,0.118902,0.480379
F8->F9,7,48,391.4205,156.6041,-2.106363,-0.258687,-2.476103,-0.090597,0.406155
F8->F9,7,49,381.2829,138.192,-1.836422,-0.267394,-2.3618,-0.32292,0.528305
F8->F9,7,50,369.1137,120.644,-1.446211,-0.458514,-1.604736,-0.070877,0.418799
F8->F9,7,51,355.0506,105.5915,-0.897402,-0.712843,-1.016968,-0.63984,0.140091
F8->F9,7,52,338.5077,95.6416,-0.390853,-0.869395,-0.302392,-0.773653,0.130353
F8->F9,7,53,320.5304,90.778,0.102984,-0.992258,-0.023703,-0.950093,0.13352
F8->F9,7,54,302.3375,91.1452,0.572133,-1.059114,0.27747,-0.909315,0.330554
F8->F9,7,55,283.3793,96.4511,0.794493,-1.109776,0.651553,-0.784614,0.355193
F8->F9,7,56,266.3467,108.0602,0.944863,-0.997573,0.931011,-0.739529,0.258415
F8->F9,7,57,252.3172,124.8785,1.097632,-0.688159,0.79761,-0.640805,0.303736
F8->F9,7,58,240.427,143.0025,1.27943,-0.531904,1.768437,-0.144284,0.624001
F8->F9,7,59,232.7028,163.1058,1.591229,-0.428817,2.574475,0.045471,1.09166
F8->F9,7,60,227.3277,182.7687,1.8698,-0.488759,2.836631,-0.120642,1.034539
F8->F9,7,61,225.1348,202.026,2.158569,-0.67608,3.186607,-0.359966,1.075542
F8->F9,7,62,225.2455,221.5048,2.657125,-0.871433,2.654266,-0.622926,0.248524
F8->F9,7,63,225.3781,240.993,3.04492,-1.066828,2.895797,-1.05689,0.149454
F8->F9,7,64,224.6246,260.7995,3.192038,-1.262104,3.164227,-1.242474,0.034041
F8->F9,7,65,221.7488,281.2357,3.040276,-1.391844,3.031282,-1.130597,0.261402
F8->F9,7,66,218.3011,301.9986,2.588133,-1.497324,1.725518,-1.752457,0.899555
F8->F9,7,67,217.8833,323.5251,2.408405,-1.546198,0.70877,-1.862266,1.728774
F8->F9,7,68,217.4675,344.6107,2.177133,-1.659286,2.143444,-1.900981,0.244031
F8->F9,7,69,218.798,364.7827,1.898149,-1.822632,2.793256,-1.823881,0.895108
F8->F9,7,70,223.6787,384.5713,1.551233,-1.906783,2.199025,-1.610528,0.712322
F8->F9,7,71,232.9035,400.0975,1.184314,-2.117108,2.590311,-1.959756,1.414774
F8->F9,7,72,425.4204,394.2296,-1.43299,-2.699049,18.710287,8.943472,23.265853
F8->F9,7,73,430.3095,375.1831,-1.920112,-2.760308,-2.518689,-2.009245,0.960411
F8->F9,7,74,436.4959,354.4341,-1.86485,-2.56417,-3.549801,-1.725701,1.882044
F8->F9,7,75,443.53,333.8274,-1.834795,-2.253912,-3.656551,-1.87343,1.861065
F8->F9,7,76,447.5375,312.6994,-2.064028,-1.888418,-4.213352,-1.929129,2.149709
F8->F9,7,77,447.2037,291.587,-2.516228,-1.460094,-2.770356,-1.012759,0.51448
F8->F9,7,78,444.5001,270.1373,-2.777377,-1.144114,-1.26933,-2.11012,1.790914
F8->F9,7,79,441.6577,248.9804,-2.776096,-0.914622,-2.893659,-0.83984,0.139332
F8->F9,7,80,436.0227,228.7047,-2.817883,-0.708637,-2.823595,-0.946322,0.237754
F8->F9,7,81,426.7992,209.892,-2.978276,-0.487164,-3.878806,-0.02749,1.011066
F8->F9,7,82,417.3567,191.042,-2.808996,-0.348309,-2.652923,0.092515,0.467637
F8->F9,7,83,408.4513,171.5224,-2.312985,-0.343528,-2.665494,0.070316,0.543625
F8->F9,7,84,399.5841,152.0716,-1.800825,-0.373746,-2.370557,0.018529,0.691719
F8->F9,7,85,389.1062,132.7875,-1.538513,-0.42099,-2.095908,-0.211673,0.595401
F8->F9,7,86,375.8661,114.3492,-1.194786,-0.662806,-0.706342,-0.715987,0.491331
F8->F9,7,87,359.9748,99.1538,-0.744538,-0.837841,-0.994414,-0.824901,0.250211
F8->F9,7,88,341.1604,88.5584,-0.326048,-1.05471,-0.143706,-0.837183,0.283843
F8->F9,7,89,321.1998,84.1998,0.138249,-1.138048,0.038816,-1.033529,0.144261
F8->F9,7,90,301.2755,84.8553,0.587596,-1.197425,0.334408,-0.964813,0.343821
F8->F9,7,91,281.0486,90.6223,0.790658,-1.216898,0.539057,-0.847705,0.446773
F8->F9,7,92,262.6991,103.0714,0.890133,-1.094431,0.899922,-0.685685,0.408863
F8->F9,7,93,248.8544,121.7574,1.135571,-0.71804,0.605315,-0.573862,0.549508
F8->F9,7,94,236.2065,141.283,1.219107,-0.522741,1.731525,0.015635,0.74325
F8->F9,7,95,226.6709,161.9188,1.358703,-0.417539,1.965991,-0.14786,0.664474
F8->F9,7,96,220.3091,182.0593,1.553868,-0.470454,2.758286,0.096775,1.331304
F8->F9,7,97,217.4928,201.3628,1.969119,-0.637562,1.758601,-0.6187,0.211361
F8->F9,7,98,216.8571,220.8378,2.473536,-0.834734,2.376626,-0.867306,0.102237
F8->F9,7,99,216.4644,240.3133,2.832828,-1.047089,2.573207,-0.960726,0.273608
F8->F9,7,100,215.4278,260.0466,2.895976,-1.260299,0.46052,-1.920122,2.523254
F8->F9,7,101,213.1912,280.4844,2.704579,-1.428576,1.442354,-1.927567,1.357278
F8->F9,7,102,210.1126,301.356,2.279038,-1.555332,1.511786,-1.756883,0.793284
F8->F9,7,103,209.4157,322.9842,2.116753,-1.624822,1.36072,-2.003672,0.845643
F8->F9,7,104,208.771,344.4247,1.87607,-1.753262,2.069964,-2.059175,0.362184
F8->F9,7,105,209.3395,365.6203,1.583859,-1.931946,3.037975,-2.031875,1.457546
F8->F9,7,106,213.9219,385.7165,1.149831,-2.017165,0.286062,-1.842168,0.881318
F8->F9,7,107,226.5021,401.4829,0.881904,-2.177811,3.276997,-2.030749,2.399604
F8->F9,7,108,432.2228,397.3773,-1.368988,-2.78763,-3.645805,-0.812811,3.013935
F8->F9,7,109,435.9405,377.3136,-1.905902,-2.889013,-0.580121,-3.14974,1.351175
F8->F9,7,110,442.0551,355.8696,-1.974733,-2.676834,-3.073854,-2.055202,1.262733
F8->F9,7,111,450.0857,334.2057,-1.930734,-2.386574,-1.864806,-2.846109,0.46424
F8->F9,7,112,454.5092,312.4515,-1.954026,-2.003993,-1.01816,-2.811683,1.236207
F8->F9,7,113,454.3006,290.7761,-2.322797,-1.543527,-1.66447,-1.700571,0.676798
F8->F9,7,114,452.0407,268.5039,-2.513277,-1.209393,-1.734075,-1.896938,1.03917
F8->F9,7,115,449.7295,246.5379,-2.501359,-0.970739,-2.648169,-0.867913,0.179238
F8->F9,7,116,444.467,225.6922,-2.552592,-0.758066,-1.236806,-1.955501,1.779085
F8->F9,7,117,435.8357,206.5245,-2.657757,-0.543472,-2.256636,-1.222726,0.788851
F8->F9,7,118,426.4328,187.4647,-2.519162,-0.388213,-2.750381,-0.01008,0.443224
F8->F9,7,119,416.8819,167.6366,-2.058364,-0.40341,-1.37554,-1.117678,0.988143
F8->F9,7,120,407.7154,147.7236,-1.619384,-0.426313,-2.133926,0.031725,0.688878
F8->F9,7,121,397.0764,127.879,-1.290557,-0.507016,-1.145555,-0.901024,0.419843
F8->F9,7,122,382.9109,108.9306,-0.960498,-0.738171,-0.786063,-0.833657,0.19886
F8->F9,7,123,364.8834,92.7509,-0.593012,-0.972235,-0.962553,-0.739031,0.436972
F8->F9,7,124,344.2101,82.2724,-0.217246,-1.089045,-0.039902,-0.970417,0.213362
F8->F9,7,125,322.2681,77.952,0.211714,-1.209046,0.09468,-1.072057,0.180174
F8->F9,7,126,299.9989,78.803,0.553718,-1.284358,0.478891,-1.147274,0.156177
F8->F9,7,127,278.5922,84.8844,0.769604,-1.301339,0.439492,-1.068084,0.404205
F8->F9,7,128,259.0199,98.4216,0.871699,-1.10128,0.781793,-0.685885,0.425013
F8->F9,7,129,244.9182,118.6608,1.127823,-0.726674,0.570217,-0.584969,0.575331
F8->F9,7,130,231.9263,139.8495,1.186194,-0.459844,1.792195,0.167796,0.87245
F8->F9,7,131,220.5765,161.2842,1.163583,-0.308507,1.970853,-0.160455,0.820734
F8->F9,7,132,213.6185,181.5979,1.367191,-0.402793,2.576695,0.230824,1.36542
F8->F9,7,133,209.8242,200.866,1.783238,-0.581088,1.299757,-0.859052,0.557689
F8->F9,7,134,208.1487,220.2283,2.235126,-0.791562,2.207929,-0.96897,0.179481
F8->F9,7,135,207.0398,239.781,2.521348,-1.028725,2.022922,-1.031223,0.498431
F8->F9,7,136,206.1043,259.4684,2.559694,-1.256342,1.99264,-1.210771,0.568882
F8->F9,7,137,204.4928,279.7915,2.372044,-1.471125,3.449502,-1.23413,1.103214
F8->F9,7,138,201.9296,300.6192,2.031761,-1.636508,3.77253,-1.095184,1.822995
F8->F9,7,139,200.8599,322.2222,1.836387,-1.752586,2.268297,-1.934573,0.468684
F8->F9,7,140,199.8604,343.7572,1.591325,-1.897622,-9.522185,3.875069,12.523341
F8->F9,7,141,198.964,365.6272,1.28681,-2.136688,1.758328,-1.818338,0.568925
F8->F9,7,142,204.6356,386.9984,0.826675,-2.107966,0.61247,-1.768797,0.401148
F8->F9,7,143,220.6661,402.9525,0.71567,-2.260717,-0.526637,-2.924496,1.40852
F8->F9,7,144,439.1455,400.3221,-1.223162,-2.859218,-3.868666,-1.077905,3.18932
F8->F9,7,145,441.5968,379.3367,-1.980941,-3.008013,-0.897949,-2.979651,1.083364
F8->F9,7,146,448.1243,357.1066,-2.106276,-2.821618,-3.036416,-2.044006,1.21237
F8->F9,7,147,456.571,334.6863,-2.016447,-2.508305,-1.765131,-2.923001,0.484905
F8->F9,7,148,461.2046,312.2072,-1.889721,-2.085971,-4.086159,-1.153438,2.386201
F8->F9,7,149,461.2026,289.864,-2.167038,-1.613931,-2.108255,-2.049695,0.439711
F8->F9,7,150,459.5103,266.9398,-2.294465,-1.243431,-3.214114,-1.205378,0.920436
F8->F9,7,151,457.8164,244.1969,-2.231954,-1.022376,-2.706886,-0.846731,0.50637
F8->F9,7,152,452.9852,222.7786,-2.285059,-0.799606,-1.229626,-2.054436,1.639676
F8->F9,7,153,444.9778,203.2247,-2.361033,-0.581614,-1.997124,-1.171504,0.693108
F8->F9,7,154,435.5384,184.0048,-2.241924,-0.419809,-2.573321,0.098212,0.614955
F8->F9,7,155,425.4401,164.0479,-1.887457,-0.401608,-1.235588,-1.084064,0.943758
F8->F9,7,156,416.2171,143.8004,-1.444603,-0.415245,-0.952679,-1.038594,0.794074
F8->F9,7,157,404.9981,123.4044,-1.102694,-0.508764,-0.904934,-0.999995,0.529545
F8->F9,7,158,389.9523,103.8722,-0.737285,-0.735857,-0.828676,-1.074588,0.350843
F8->F9,7,159,370.1909,87.1936,-0.421917,-0.950116,-0.080453,-0.089528,0.925856
F8->F9,7,160,347.5097,76.3787,-0.08342,-1.067775,0.067284,-0.843461,0.270237
F8->F9,7,161,323.0597,72.253,0.233235,-1.215065,0.266816,-1.077221,0.141875
F8->F9,7,162,298.6883,73.0982,0.501753,-1.31041,0.550442,-1.210904,0.11078
F8->F9,7,163,275.8039,79.4072,0.702423,-1.328879,0.450444,-1.048872,0.376693
F8->F9,7,164,255.2488,94.016,0.838299,-1.072888,0.838007,-0.631845,0.441043
F8->F9,7,165,240.8054,116.084,1.124156,-0.652649,0.673665,-0.605683,0.452933
F8->F9,7,166,227.1519,138.6077,1.119479,-0.346451,1.695447,0.209202,0.800305
F8->F9,7,167,214.4852,160.7623,0.989407,-0.196516,1.837547,-0.148361,0.849506
F8->F9,7,168,206.7303,181.4602,1.240658,-0.272872,2.015259,-0.034172,0.810546
F8->F9,7,169,201.9174,200.6893,1.616209,-0.472316,0.807813,-0.808441,0.875491
F8->F9,7,170,199.3922,219.7967,1.999361,-0.738567,2.166688,-1.137587,0.432683
F8->F9,7,171,197.851,239.2773,2.225276,-0.999308,1.736663,-0.713199,0.566216
F8->F9,7,172,196.7087,259.0491,2.176413,-1.258377,2.082182,-1.168129,0.130477
F8->F9,7,173,195.6517,279.2473,2.021288,-1.509442,2.916111,-1.088128,0.989047
F8->F9,7,174,193.5659,299.7498,1.781948,-1.76076,3.884837,-1.094053,2.206046
F8->F9,7,175,192.2549,321.0152,1.571674,-1.929312,2.541686,-1.792231,0.97965
F8->F9,7,176,191.209,342.735,1.366845,-2.124626,-4.22717,5.164117,9.18797
F8->F9,7,177,189.2225,366.0167,1.084798,-2.314191,1.173148,-1.128872,1.188607
F8->F9,7,178,197.2042,389.1746,0.738648,-2.132414,1.016224,-1.976631,0.318303
F8->F9,7,179,215.0045,404.2608,0.643031,-2.312633,2.200182,-2.134621,1.567293
F9->F10,8,0,410.4526,385.5411,-1.19685,-1.428939,-3.834434,-0.226503,2.898741
F9->F10,8,1,415.9803,368.8246,-1.731851,-1.56584,-1.041547,-1.929202,0.780097
F9->F10,8,2,423.5275,350.2242,-1.949891,-1.552304,-1.821637,-1.930157,0.399027
F9->F10,8,3,427.7854,331.0917,-2.081165,-1.302784,-1.32494,-2.105438,1.102783
F9->F10,8,4,430.4572,311.2075,-2.372381,-1.134753,-4.266533,-1.14705,1.894192
F9->F10,8,5,429.1894,291.9276,-2.857481,-0.834539,-2.936792,-0.785172,0.09342
F9->F10,8,6,425.9006,272.5141,-3.037995,-0.633292,-2.383926,-1.124392,0.817916
F9->F10,8,7,421.8974,253.2757,-3.035621,-0.455092,-3.847635,-0.046049,0.909221
F9->F10,8,8,415.3014,234.6294,-3.166928,-0.260883,-2.029372,-0.769699,1.246165
F9->F10,8,9,405.2833,216.6794,-3.333771,-0.084136,-3.218108,-0.196174,0.161029
F9->F10,8,10,395.6319,198.5206,-3.174913,0.02539,-3.121155,0.156612,0.141806
F9->F10,8,11,388.1528,179.8125,-2.719569,0.068983,-2.312068,-0.263468,0.525909
F9->F10,8,12,380.3716,161.5475,-2.332436,0.11112,-2.309271,0.012157,0.101639
F9->F10,8,13,371.2636,143.9229,-1.905373,0.101467,-1.909598,0.18604,0.084678
F9->F10,8,14,360.8494,127.2681,-1.447311,-0.023984,-1.644111,0.173326,0.278678
F9->F10,8,15,349.0358,112.7097,-0.937316,-0.253394,-0.674279,-0.180499,0.272951
F9->F10,8,16,335.3615,102.6468,-0.37962,-0.433782,-0.24706,-0.231243,0.242063
F9->F10,8,17,319.8522,97.2585,0.077366,-0.546701,-0.164498,-0.408566,0.278531
F9->F10,8,18,303.4237,96.9514,0.44849,-0.575051,0.373335,-0.499895,0.106286
F9->F10,8,19,286.4164,101.755,0.668826,-0.638693,0.715419,-0.459954,0.184712
F9->F10,8,20,270.7685,112.1668,0.80492,-0.58239,0.177763,-0.731425,0.644622
F9->F10,8,21,257.204,127.3174,0.956162,-0.39544,1.142376,-0.079211,0.366983
F9->F10,8,22,246.0856,144.4702,1.170594,-0.298843,1.46964,-0.175695,0.323411
F9->F10,8,23,240.5331,164.1011,1.625762,-0.185029,1.924095,-0.14053,0.301633
F9->F10,8,24,236.6906,183.1616,2.030662,-0.209255,2.191281,-0.162308,0.167339
F9->F10,8,25,235.3057,202.2085,2.207888,-0.363241,2.769688,-0.159668,0.597546
F9->F10,8,26,236.3828,221.454,2.482516,-0.551063,3.153582,-0.412407,0.685242
F9->F10,8,27,237.3205,240.7444,2.757284,-0.711088,3.350212,-0.362168,0.687974
F9->F10,8,28,237.0171,260.3672,2.978979,-0.853491,3.248968,-0.903617,0.274603
F9->F10,8,29,233.6413,280.6307,2.98498,-0.949887,3.531602,-1.213277,0.60677
F9->F10,8,30,229.4428,301.198,2.64998,-1.005654,2.837669,-0.800434,0.278105
F9->F10,8,31,228.8839,322.32,2.456468,-1.045602,2.572903,-0.861712,0.217653
F9->F10,8,32,228.78,343.0259,2.283714,-1.124341,0.498189,-2.048638,2.010577
F9->F10,8,33,230.2198,361.826,1.951416,-1.30038,-0.025435,-1.711881,2.019226
F9->F10,8,34,235.5689,380.8813,1.765194,-1.385138,-0.659401,-9.615551,8.580114
F9->F10,8,35,240.8448,396.5769,1.277051,-1.514812,-0.217148,-2.030787,1.580778
F9->F10,8,36,417.2006,388.2821,-1.128756,-1.814584,-4.41155,-0.315118,3.609035
F9->F10,8,37,422.2668,370.6892,-1.636614,-1.834306,-1.293917,-2.086006,0.425199
F9->F10,8,38,429.1994,350.658,-1.63006,-1.763993,-2.109509,-2.062185,0.564614
F9->F10,8,39,435.1604,331.1936,-1.580092,-1.570702,-1.427055,-2.163739,0.612465
F9->F10,8,40,438.214,311.1686,-1.997819,-1.297531,-4.264529,-1.118683,2.273755
F9->F10,8,41,437.1108,290.9849,-2.502064,-0.968862,-4.237805,-0.241796,1.881867
F9->F10,8,42,433.9157,270.8078,-2.732604,-0.720025,-2.291576,-1.151744,0.61716
F9->F10,8,43,430.3915,250.6378,-2.734551,-0.538543,-4.028187,-0.138833,1.35398
F9->F10,8,44,424.3473,231.3102,-2.78072,-0.355883,-2.959851,-0.047323,0.356788
F9->F10,8,45,414.5659,212.9499,-2.889537,-0.189127,-2.774236,-0.022951,0.202259
F9->F10,8,46,405.1101,194.5028,-2.703401,-0.080034,-1.330244,-5.077712,5.18289
F9->F10,8,47,397.4321,175.2559,-2.200943,-0.093842,-2.490151,-0.233515,0.321169
F9->F10,8,48,389.3142,156.3454,-1.796064,-0.088441,-2.223837,-0.271483,0.46529
F9->F10,8,49,379.4464,137.9246,-1.559755,-0.108462,-1.611003,0.267242,0.379183
F9->F10,8,50,367.6675,120.1855,-1.210639,-0.293364,-1.341301,-0.2709,0.132579
F9->F10,8,51,354.1532,104.8786,-0.730286,-0.516421,-0.978664,-0.187916,0.411834
F9->F10,8,52,338.1168,94.7722,-0.293451,-0.649294,-0.262874,-0.475368,0.176593
F9->F10,8,53,320.6334,89.7858,0.129329,-0.726698,0.215542,-0.552838,0.194062
F9->F10,8,54,302.9097,90.0861,0.515839,-0.749861,0.487623,-0.597666,0.154788
F9->F10,8,55,284.1738,95.3413,0.669413,-0.770883,0.664105,-0.438479,0.332446
F9->F10,8,56,267.2916,107.0626,0.768542,-0.69528,0.461384,-0.875036,0.35589
F9->F10,8,57,253.4148,124.1903,0.893568,-0.456576,1.145181,-0.100163,0.436279
F9->F10,8,58,241.7064,142.4706,1.079181,-0.318556,1.143017,-0.32562,0.064226
F9->F10,8,59,234.294,162.677,1.385107,-0.210311,2.122169,-0.069911,0.750316
F9->F10,8,60,229.1975,182.2799,1.675717,-0.230733,1.911861,-0.140229,0.252893
F9->F10,8,61,227.2934,201.3499,1.924697,-0.370295,2.799747,-0.216177,0.888519
F9->F10,8,62,227.9026,220.6334,2.318897,-0.530483,1.477836,-0.789851,0.880145
F9->F10,8,63,228.423,239.9262,2.623416,-0.692371,2.840124,-0.206574,0.531941
F9->F10,8,64,227.8167,259.5374,2.746368,-0.856384,2.674324,-0.669177,0.200591
F9->F10,8,65,224.7891,279.8438,2.654802,-0.966256,2.82074,-0.903122,0.177542
F9->F10,8,66,220.8892,300.5012,2.311398,-1.056226,4.512052,0.048106,2.4622
F9->F10,8,67,220.2917,321.9789,2.136125,-1.09618,3.170867,-1.059864,1.03538
F9->F10,8,68,219.6447,342.9514,1.944678,-1.203076,3.324264,-1.204706,1.379587
F9->F10,8,69,220.6962,362.9601,1.67161,-1.358376,0.414469,-2.037107,1.428663
F9->F10,8,70,225.23,382.6645,1.35455,-1.431064,0.854076,-7.358076,5.948105
F9->F10,8,71,234.0878,397.9804,1.04571,-1.587639,-0.161554,-2.075356,1.302058
F9->F10,8,72,423.9874,391.5305,-1.060869,-2.026591,-2.328869,-0.99413,1.635175
F9->F10,8,73,428.3894,372.4228,-1.501363,-2.047315,-1.135842,-2.262388,0.424102
F9->F10,8,74,434.631,351.8699,-1.513858,-1.948847,-2.168169,-2.080898,0.667503
F9->F10,8,75,441.6952,331.5735,-1.544475,-1.738247,-1.725322,-1.964223,0.289432
F9->F10,8,76,445.4735,310.811,-1.844055,-1.434911,-4.26364,-1.147823,2.436557
F9->F10,8,77,444.6874,290.1269,-2.25501,-1.063986,-2.805419,-0.963552,0.559498
F9->F10,8,78,441.7228,268.9932,-2.475393,-0.792573,-2.224465,-1.154795,0.440647
F9->F10,8,79,438.8816,248.0658,-2.455411,-0.598815,-2.029077,-1.036594,0.611073
F9->F10,8,80,433.2048,227.9961,-2.457494,-0.434274,-2.818568,-0.00077,0.564181
F9->F10,8,81,423.8209,209.4048,-2.565901,-0.257098,-1.142118,-0.913876,1.567965
F9->F10,8,82,414.5477,190.6937,-2.380669,-0.152277,-2.448948,-0.296386,0.159466
F9->F10,8,83,406.1383,171.1789,-1.942499,-0.160034,-2.293104,0.119809,0.448594
F9->F10,8,84,397.7832,151.6979,-1.513547,-0.190508,-1.123607,-0.832335,0.750996
F9->F10,8,85,387.5677,132.3665,-1.297323,-0.240953,-1.511189,0.307195,0.588392
F9->F10,8,86,374.6713,113.6864,-0.995507,-0.471836,-1.253522,-0.484726,0.258337
F9->F10,8,87,359.2303,98.316,-0.601088,-0.628253,-0.295283,-0.776247,0.339733
F9->F10,8,88,340.8344,87.5037,-0.237199,-0.816427,-0.111307,-0.623564,0.230315
F9->F10,8,89,321.338,83.0618,0.168483,-0.852686,0.191461,-0.750145,0.105084
F9->F10,8,90,301.8631,83.6578,0.536842,-0.841014,0.455571,-0.741619,0.128391
F9->F10,8,91,281.8392,89.4054,0.663581,-0.830739,0.506949,-0.500708,0.365313
F9->F10,8,92,263.5892,101.9769,0.718103,-0.747501,0.706611,-0.544178,0.203647
F9->F10,8,93,249.99,121.0393,0.92591,-0.473054,1.034208,-0.105577,0.383103
F9->F10,8,94,237.4256,140.7602,1.021875,-0.312303,1.026996,-0.354559,0.042566
F9->F10,8,95,228.0296,161.5012,1.178467,-0.195951,1.580473,0.024016,0.458251
F9->F10,8,96,221.863,181.5888,1.367904,-0.216335,1.946096,-0.151307,0.581838
F9->F10,8,97,219.462,200.7252,1.731073,-0.341392,2.424099,-0.418451,0.697297
F9->F10,8,98,219.3306,220.0031,2.142764,-0.500252,1.26557,-0.879696,0.955745
F9->F10,8,99,219.2972,239.2662,2.44134,-0.676674,2.701882,0.00576,0.730478
F9->F10,8,100,218.3237,258.7863,2.501832,-0.856252,2.243546,-0.923385,0.266868
F9->F10,8,101,215.8958,279.0558,2.354376,-1.002561,2.097,-0.919217,0.270535
F9->F10,8,102,212.3917,299.8007,2.011857,-1.113282,1.948311,-0.83072,0.289619
F9->F10,8,103,211.5324,321.3594,1.867466,-1.174529,3.213509,-1.184758,1.346082
F9->F10,8,104,210.6471,342.6714,1.665289,-1.299538,3.552116,-0.879669,1.932978
F9->F10,8,105,210.9234,363.6883,1.384627,-1.47885,1.345639,-1.860887,0.384022
F9->F10,8,106,215.0717,383.6993,1.026398,-1.552591,-3.250256,7.3599,9.885457
F9->F10,8,107,227.384,399.3051,0.781141,-1.64702,-0.146966,-1.912886,0.965436
F9->F10,8,108,430.8538,394.5897,-1.003043,-2.162709,0.202841,-1.949176,1.224645
F9->F10,8,109,434.0346,374.4246,-1.462009,-2.202539,-0.450915,-3.484199,1.632471
F9->F10,8,110,440.0804,353.1927,-1.561094,-2.076519,-2.220315,-2.069609,0.659257
F9->F10,8,111,448.155,331.8191,-1.60263,-1.880628,-1.969917,-2.044566,0.402213
F9->F10,8,112,452.5552,310.4476,-1.716511,-1.554198,-3.772339,-1.047849,2.117266
F9->F10,8,113,451.9778,289.2326,-2.066166,-1.148296,-3.081384,-1.129763,1.015388
F9->F10,8,114,449.5274,267.2945,-2.227184,-0.854967,-2.243907,-1.199948,0.345386
F9->F10,8,115,447.2282,245.5672,-2.202919,-0.650199,-1.993282,-0.957911,0.372337
F9->F10,8,116,441.9144,224.9341,-2.210678,-0.47985,-2.991673,-0.204244,0.828198
F9->F10,8,117,433.178,205.981,-2.268183,-0.308437,-2.664207,0.225362,0.664663
F9->F10,8,118,423.9137,187.0765,-2.113791,-0.187735,-2.34282,-0.324869,0.266945
F9->F10,8,119,414.8235,167.2332,-1.704921,-0.215178,-1.823819,0.054135,0.294392
F9->F10,8,120,406.096,147.2973,-1.349638,-0.233945,-0.695045,-0.590931,0.745608
F9->F10,8,121,395.7859,127.3719,-1.082476,-0.310266,-0.643985,-0.585884,0.517919
F9->F10,8,122,381.9504,108.1924,-0.797108,-0.530457,-0.629581,-0.563007,0.17066
F9->F10,8,123,364.2904,91.7787,-0.473297,-0.753389,-0.306999,-0.463309,0.334367
F9->F10,8,124,343.9928,81.1834,-0.141783,-0.847612,-0.097949,-0.654206,0.198312
F9->F10,8,125,322.4798,76.743,0.235581,-0.912449,0.051934,-0.736214,0.25453
F9->F10,8,126,300.5526,77.5186,0.508154,-0.875521,0.408041,-0.921138,0.110016
F9->F10,8,127,279.3618,83.5831,0.643885,-0.870653,0.574429,-0.577039,0.301717
F9->F10,8,128,259.8916,97.3203,0.704389,-0.72305,0.969004,-0.426497,0.397448
F9->F10,8,129,246.046,117.9342,0.918292,-0.466132,0.419033,-0.070105,0.637257
F9->F10,8,130,233.1125,139.3897,0.994355,-0.253365,1.197886,-0.430655,0.269921
F9->F10,8,131,221.74,160.9757,0.999533,-0.093359,1.22587,0.007985,0.24799
F9->F10,8,132,214.9857,181.1952,1.173219,-0.155045,1.859514,-0.107489,0.687941
F9->F10,8,133,211.6074,200.2849,1.544009,-0.28952,2.029728,-0.286303,0.48573
F9->F10,8,134,210.3838,219.4367,1.925386,-0.461826,2.424579,-0.251839,0.54156
F9->F10,8,135,209.5612,238.7523,2.175819,-0.661021,1.765009,0.123727,0.885773
F9->F10,8,136,208.664,258.212,2.217938,-0.854861,2.177716,-0.85255,0.040288
F9->F10,8,137,206.8649,278.3204,2.060144,-1.045066,1.968792,-0.981027,0.111562
F9->F10,8,138,203.9613,298.9827,1.774872,-1.193372,2.149936,-1.044118,0.403671
F9->F10,8,139,202.6963,320.4696,1.610394,-1.299271,-0.009918,-1.979756,1.757404
F9->F10,8,140,201.4518,341.8596,1.398269,-1.44384,-3.946077,-6.189238,7.147086
F9->F10,8,141,200.2508,363.4905,1.126299,-1.681658,-6.251889,0.943742,7.831372
F9->F10,8,142,205.4622,384.8904,0.749709,-1.635701,4.259874,-1.168408,3.541133
F9->F10,8,143,221.3818,400.6918,0.623435,-1.722549,0.176338,-1.848425,0.464479
F9->F10,8,144,437.9224,397.4629,-0.887725,-2.270917,0.108488,-1.984232,1.036643
F9->F10,8,145,439.6158,376.3287,-1.517005,-2.354537,2.112472,13.028239,15.805154
F9->F10,8,146,446.018,354.285,-1.657897,-2.242365,-2.34259,-2.076495,0.704498
F9->F10,8,147,454.5546,332.178,-1.655713,-2.01046,-2.294297,-2.231698,0.675823
F9->F10,8,148,459.3148,310.1212,-1.636046,-1.639067,3.009784,-1.148026,4.671708
F9->F10,8,149,459.0356,288.2501,-1.912554,-1.217898,-2.797774,-0.990127,0.914054
F9->F10,8,150,457.2158,265.6964,-2.020726,-0.885579,-2.239253,-0.995835,0.244766
F9->F10,8,151,455.5844,243.1746,-1.953173,-0.697573,-3.144743,-0.088234,1.338332
F9->F10,8,152,450.7001,221.979,-1.964178,-0.517649,-2.792973,0.040456,0.99919
F9->F10,8,153,442.6167,202.643,-1.997423,-0.340629,-2.587668,0.25819,0.840817
F9->F10,8,154,433.2965,183.585,-1.861651,-0.213345,-2.041588,-0.046698,0.245252
F9->F10,8,155,423.5527,163.6463,-1.547406,-0.208149,-1.814532,-0.045934,0.312521
F9->F10,8,156,414.7725,143.3851,-1.196231,-0.215291,-0.797263,-0.825157,0.728774
F9->F10,8,157,403.8954,122.8956,-0.919481,-0.303088,-0.108887,-0.207081,0.81626
F9->F10,8,158,389.215,103.1363,-0.605073,-0.517962,-0.113644,-0.072634,0.663189
F9->F10,8,159,369.769,86.2434,-0.324879,-0.727165,-0.02614,-0.156946,0.643735
F9->F10,8,160,347.4263,75.3109,-0.024891,-0.828558,0.054167,-0.574216,0.266345
F9->F10,8,161,323.2929,71.038,0.258452,-0.919753,-0.187545,-0.776286,0.468504
F9->F10,8,162,299.19,71.7878,0.466599,-0.853219,0.362701,-0.902801,0.115122
F9->F10,8,163,276.5064,78.0783,0.590159,-0.864161,0.502403,-0.649911,0.231525
F9->F10,8,164,256.0871,92.9431,0.674965,-0.670403,0.629015,-0.350818,0.322872
F9->F10,8,165,241.9295,115.4314,0.916801,-0.390955,0.056876,0.057669,0.969915
F9->F10,8,166,228.2714,138.2612,0.940063,-0.148085,1.248859,-0.498887,0.467351
F9->F10,8,167,215.4746,160.5658,0.844058,0.016957,1.060098,0.205,0.286415
F9->F10,8,168,207.9709,181.1873,1.042852,-0.024581,1.968599,-0.14097,0.933035
F9->F10,8,169,203.5336,200.217,1.378322,-0.188844,1.943295,-0.171563,0.565237
F9->F10,8,170,201.3915,219.0581,1.709169,-0.416564,1.88934,0.035431,0.486581
F9->F10,8,171,200.0763,238.278,1.916073,-0.634575,1.864124,0.208449,0.844622
F9->F10,8,172,198.8851,257.7908,1.884586,-0.858748,2.210007,-1.026226,0.365989
F9->F10,8,173,197.673,277.7379,1.742119,-1.083978,1.825963,-0.878917,0.22154
F9->F10,8,174,195.3479,297.9891,1.54801,-1.313381,2.087229,-1.15123,0.563071
F9->F10,8,175,193.8265,319.0859,1.367803,-1.468405,0.306346,-2.023845,1.198
F9->F10,8,176,192.5758,340.6103,1.183096,-1.661288,0.664963,-1.920254,0.579246
F9->F10,8,177,190.3073,363.7025,0.951043,-1.848925,0.774386,-15.864038,14.016226
F9->F10,8,178,197.9429,387.0422,0.651396,-1.647106,4.954782,-1.144645,4.33262
F9->F10,8,179,215.6476,401.9482,0.538343,-1.767543,9.509727,4.05133,10.693223
F10->F11,9,0,409.2557,384.1122,-1.084615,-0.86183,-0.092503,-1.85932,1.406866
F10->F11,9,1,414.2485,367.2588,-1.640226,-1.008609,-2.58042,-8.948075,7.99494
F10->F11,9,2,421.5776,348.6719,-1.960275,-1.040463,-2.767321,-0.969153,0.810191
F10->F11,9,3,425.7042,329.7889,-2.110929,-0.837922,-3.89584,-1.046157,1.797017
F10->F11,9,4,428.0848,310.0728,-2.420055,-0.703075,-3.095297,-0.978401,0.729216
F10->F11,9,5,426.3319,291.0931,-2.843615,-0.435612,-3.538961,-0.780672,0.776256
F10->F11,9,6,422.8626,271.8808,-2.991651,-0.257999,-2.674777,-0.868831,0.688132
F10->F11,9,7,418.8618,252.8206,-2.998872,-0.092803,-3.683793,0.267524,0.77392
F10->F11,9,8,412.1345,234.3685,-3.109902,0.080116,-3.605949,0.173717,0.5048
F10->F11,9,9,401.9495,216.5953,-3.20058,0.219935,-3.986761,0.804581,0.979741
F10->F11,9,10,392.457,198.546,-2.993485,0.3035,-2.115971,0.059007,0.910938
F10->F11,9,11,385.4333,179.8815,-2.553759,0.334813,-2.155096,0.152865,0.43822
F10->F11,9,12,378.0392,161.6586,-2.185523,0.364796,-2.03607,0.434585,0.164945
F10->F11,9,13,369.3582,144.0244,-1.750672,0.342203,-1.677312,0.340752,0.073375
F10->F11,9,14,359.4021,127.2441,-1.310181,0.230085,-1.060529,0.271624,0.253084
F10->F11,9,15,348.0985,112.4563,-0.85563,0.019213,-0.757905,-0.068378,0.131234
F10->F11,9,16,334.9819,102.213,-0.364164,-0.146497,-0.654594,-0.079979,0.29795
F10->F11,9,17,319.9295,96.7118,0.026824,-0.25164,-0.19457,-0.286377,0.224102
F10->F11,9,18,303.8722,96.3764,0.328875,-0.279586,0.194883,-0.282115,0.134016
F10->F11,9,19,287.0852,101.1163,0.506985,-0.358818,0.487312,-0.420159,0.064419
F10->F11,9,20,271.5734,111.5844,0.629707,-0.334945,0.885473,-0.129534,0.328039
F10->F11,9,21,258.1601,126.9219,0.771507,-0.164847,0.881707,0.057081,0.247782
F10->F11,9,22,247.2562,144.1713,1.017924,-0.058213,1.006385,0.172517,0.231019
F10->F11,9,23,242.1588,163.9161,1.496996,0.061705,1.220189,0.13191,0.285571
F10->F11,9,24,238.7212,182.9524,1.954043,0.068946,1.861593,0.248905,0.202318
F10->F11,9,25,237.5136,201.8453,2.147974,-0.041054,2.123607,0.061727,0.105629
F10->F11,9,26,238.8653,220.9029,2.355168,-0.203316,2.989894,-0.172085,0.635493
F10->F11,9,27,240.0778,240.0333,2.548337,-0.344216,3.211921,-0.209641,0.677092
F10->F11,9,28,239.9961,259.5137,2.718196,-0.468336,3.107347,-0.039009,0.579448
F10->F11,9,29,236.6263,279.6808,2.771924,-0.555926,1.492081,-1.180129,1.423948
F10->F11,9,30,232.0928,300.1923,2.558211,-0.608352,1.323989,-1.228952,1.381466
F10->F11,9,31,231.3404,321.2744,2.366547,-0.649739,2.756646,-1.051554,0.560029
F10->F11,9,32,231.0637,341.9016,2.197302,-0.736647,2.886996,-1.073301,0.767473
F10->F11,9,33,232.1712,360.5256,1.868943,-0.90669,3.561461,-0.832225,1.694156
F10->F11,9,34,237.3341,379.4962,1.63581,-0.998194,1.034646,-1.262603,0.656742
F10->F11,9,35,242.1218,395.0621,1.189423,-1.106054,0.97746,-1.207466,0.234974
F10->F11,9,36,416.0718,386.4675,-1.014808,-1.261225,-1.163163,-0.959099,0.336585
F10->F11,9,37,420.6302,368.8549,-1.524812,-1.285159,-1.839847,-0.951841,0.458637
F10->F11,9,38,427.5694,348.8941,-1.598493,-1.255797,-2.39995,-1.237963,0.801655
F10->F11,9,39,433.5803,329.6229,-1.573683,-1.116157,-3.813407,-1.122843,2.239734
F10->F11,9,40,436.2162,309.8711,-2.022657,-0.874569,-3.357201,-0.997861,1.340227
F10->F11,9,41,434.6087,290.016,-2.493102,-0.574335,-3.581469,-0.8725,1.12847
F10->F11,9,42,431.1831,270.0878,-2.700873,-0.343876,-2.455771,-1.14581,0.838554
F10->F11,9,43,427.6569,250.0993,-2.699447,-0.175287,-3.231621,-0.024942,0.553004
F10->F11,9,44,421.5666,230.9544,-2.712956,-0.014249,-3.150831,-0.170916,0.465058
F10->F11,9,45,411.6764,212.7608,-2.736523,0.117318,-2.591646,0.333212,0.259999
F10->F11,9,46,402.4067,194.4227,-2.50397,0.201959,-2.129357,-0.140963,0.507869
F10->F11,9,47,395.2312,175.1621,-2.025877,0.18344,-2.149232,0.012211,0.211035
F10->F11,9,48,387.5181,156.257,-1.647056,0.18382,-3.083338,0.77348,1.552612
F10->F11,9,49,377.8867,137.8161,-1.420787,0.163162,-1.277448,0.084484,0.163512
F10->F11,9,50,366.4569,119.8922,-1.096264,-0.008217,-0.985314,0.05665,0.128521
F10->F11,9,51,353.4229,104.3622,-0.664007,-0.213805,-0.821413,-0.108425,0.189424
F10->F11,9,52,337.8234,94.123,-0.277504,-0.344853,-0.302969,-0.231912,0.115776
F10->F11,9,53,320.7627,89.0591,0.08279,-0.404556,-0.150264,-0.401564,0.233073
F10->F11,9,54,303.4255,89.3362,0.39031,-0.425331,0.227696,-0.344624,0.181541
F10->F11,9,55,284.8432,94.5705,0.515308,-0.483855,0.288564,-0.489447,0.226813
F10->F11,9,56,268.0601,106.3673,0.607095,-0.439643,0.76642,-0.162143,0.319986
F10->F11,9,57,254.3084,123.7338,0.710847,-0.227415,0.984911,0.011062,0.363294
F10->F11,9,58,242.7856,142.152,0.923808,-0.084036,0.742243,0.146096,0.293132
F10->F11,9,59,235.6791,162.4667,1.264425,0.035593,1.150895,0.209402,0.207602
F10->F11,9,60,230.8732,182.0492,1.601238,0.047195,1.678868,0.251291,0.218361
F10->F11,9,61,229.2181,200.9796,1.858753,-0.050129,1.781813,0.116847,0.18385
F10->F11,9,62,230.2215,220.1029,2.184598,-0.185098,2.771138,-0.126455,0.589465
F10->F11,9,63,231.0464,239.2338,2.421699,-0.325097,2.779303,-0.21825,0.373226
F10->F11,9,64,230.563,258.681,2.507509,-0.469468,2.918073,0.121118,0.719274
F10->F11,9,65,227.4439,278.8776,2.450021,-0.569308,2.319903,-0.88065,0.337438
F10->F11,9,66,223.2006,299.445,2.207966,-0.655924,1.637118,-0.955675,0.644761
F10->F11,9,67,222.4278,320.8828,2.040842,-0.700591,2.033501,-1.154458,0.453926
F10->F11,9,68,221.5893,341.7484,1.863712,-0.812624,1.730328,-0.807766,0.133472
F10->F11,9,69,222.3678,361.6017,1.587219,-0.966927,2.35249,-0.980989,0.765399
F10->F11,9,70,226.5845,381.2335,1.258595,-1.04221,2.657749,-1.054018,1.399204
F10->F11,9,71,235.1335,396.3928,0.986079,-1.173913,1.983879,-1.058262,1.00448
F10->F11,9,72,422.9266,389.5039,-0.944739,-1.488497,-0.56083,-0.687183,0.888533
F10->F11,9,73,426.888,370.3755,-1.359717,-1.502573,-2.00824,-1.106089,0.76012
F10->F11,9,74,433.1171,349.9211,-1.404048,-1.447172,-0.328051,-1.958754,1.191421
F10->F11,9,75,440.1507,329.8352,-1.489451,-1.289776,-3.306468,-1.285958,1.81702
F10->F11,9,76,443.6294,309.3761,-1.860341,-1.01673,-3.255493,-0.912109,1.39907
F10->F11,9,77,442.4324,289.0629,-2.245802,-0.672945,-2.219334,-1.193305,0.521032
F10->F11,9,78,439.2474,268.2007,-2.45339,-0.414595,-2.226207,-1.006035,0.633572
F10->F11,9,79,436.4262,247.467,-2.425764,-0.233391,-2.96467,0.00866,0.590769
F10->F11,9,80,430.7473,227.5618,-2.377073,-0.091807,-2.963229,-0.027183,0.589708
F10->F11,9,81,421.255,209.1477,-2.404305,0.052835,-3.855919,0.942412,1.702507
F10->F11,9,82,412.167,190.5414,-2.181395,0.135525,-2.273875,-0.198821,0.346901
F10->F11,9,83,404.1958,171.0189,-1.760805,0.123676,-1.941252,0.000338,0.21857
F10->F11,9,84,396.2697,151.5074,-1.368746,0.096716,-1.530033,0.272655,0.23868
F10->F11,9,85,386.2704,132.1255,-1.178219,0.051053,-1.143873,0.082617,0.046647
F10->F11,9,86,373.6758,113.2145,-0.901338,-0.164689,-0.982958,-0.034571,0.153599
F10->F11,9,87,358.6292,97.6877,-0.544736,-0.319309,-0.554983,-0.164617,0.15503
F10->F11,9,88,340.5972,86.6873,-0.218658,-0.500496,-0.285162,-0.402608,0.118342
F10->F11,9,89,321.5065,82.2091,0.128241,-0.512081,-0.085465,-0.312347,0.292513
F10->F11,9,90,302.4,82.8168,0.407588,-0.491669,0.259096,-0.42516,0.162706
F10->F11,9,91,282.5028,88.5747,0.51318,-0.553626,0.336916,-0.601191,0.182569
F10->F11,9,92,264.3073,101.2294,0.579502,-0.485722,0.743158,-0.145229,0.377781
F10->F11,9,93,250.9159,120.5663,0.744261,-0.242085,1.015032,-0.066635,0.322644
F10->F11,9,94,238.4474,140.4479,0.863147,-0.085321,0.574228,0.018201,0.306906
F10->F11,9,95,229.2081,161.3053,1.067507,0.047131,1.125567,0.120809,0.093806
F10->F11,9,96,223.2309,181.3725,1.285886,0.054696,2.431171,0.585307,1.26223
F10->F11,9,97,221.193,200.3838,1.645586,-0.031991,1.700829,0.299729,0.336289
F10->F11,9,98,221.4734,219.5028,2.003321,-0.160061,2.245807,0.177181,0.415369
F10->F11,9,99,221.7386,238.5896,2.251165,-0.311536,2.752642,-0.184523,0.517311
F10->F11,9,100,220.8256,257.93,2.293743,-0.468728,2.531546,-0.146164,0.400746
F10->F11,9,101,218.2502,278.0533,2.166435,-0.602879,0.994891,-0.991471,1.234309
F10->F11,9,102,214.4035,298.6874,1.901684,-0.709575,1.530821,-0.961417,0.44829
F10->F11,9,103,213.3999,320.1848,1.772547,-0.776172,2.216963,-1.021155,0.507467
F10->F11,9,104,212.3124,341.3719,1.587724,-0.904936,1.284518,-1.004103,0.319011
F10->F11,9,105,212.308,362.2095,1.305041,-1.08421,-0.618835,-1.929322,2.101313
F10->F11,9,106,216.0981,382.1468,0.975747,-1.15741,1.695759,-1.244228,0.725227
F10->F11,9,107,228.1651,397.6581,0.751582,-1.226589,1.519553,-0.987485,0.804333
F10->F11,9,108,429.8508,392.427,-0.883251,-1.654565,-2.67268,0.0916,2.50023
F10->F11,9,109,432.5726,372.2221,-1.292687,-1.667612,-1.738797,-1.184956,0.657245
F10->F11,9,110,438.5193,351.1162,-1.397044,-1.580373,-2.559611,-0.962598,1.316514
F10->F11,9,111,446.5523,329.9385,-1.534145,-1.436189,-3.358965,-1.200276,1.840007
F10->F11,9,112,450.8387,308.8934,-1.726375,-1.139142,-4.84305,-0.137933,3.273543
F10->F11,9,113,449.9116,288.0843,-2.060501,-0.760683,-2.495562,-1.306621,0.698088
F10->F11,9,114,447.3002,266.4395,-2.214387,-0.476492,-1.808721,-0.945997,0.620484
F10->F11,9,115,445.0253,244.917,-2.176251,-0.282663,-2.699794,0.062366,0.62701
F10->F11,9,116,439.7038,224.4543,-2.126513,-0.135143,-2.247053,-0.298948,0.203376
F10->F11,9,117,430.9098,205.6725,-2.11034,0.006066,-2.198104,-0.11083,0.146176
F10->F11,9,118,421.7999,186.8887,-1.916714,0.104375,-1.952312,0.048335,0.06639
F10->F11,9,119,413.1186,167.018,-1.518892,0.074398,-1.607581,0.124067,0.101651
F10->F11,9,120,404.7464,147.0633,-1.214391,0.064894,-1.329435,-0.054319,0.165671
F10->F11,9,121,394.7034,127.0617,-0.98624,-0.002709,-0.71235,-0.115469,0.296193
F10->F11,9,122,381.1533,107.662,-0.726478,-0.214956,-0.517673,-0.344021,0.245474
F10->F11,9,123,363.8171,91.0253,-0.426819,-0.440904,-0.240706,-0.379804,0.195885
F10->F11,9,124,343.851,80.3357,-0.127356,-0.533322,-0.40639,-0.458948,0.288775
F10->F11,9,125,322.7154,75.8305,0.196069,-0.563037,0.096454,-0.466204,0.138924
F10->F11,9,126,301.0608,76.6431,0.382939,-0.526692,0.283543,-0.473887,0.112553
F10->F11,9,127,280.0057,82.7124,0.499808,-0.607446,0.446732,-0.614193,0.053503
F10->F11,9,128,260.596,96.5973,0.574744,-0.455046,0.43845,-0.308287,0.200285
F10->F11,9,129,246.9643,117.468,0.746707,-0.233038,0.910306,-0.082596,0.222255
F10->F11,9,130,234.1068,139.1363,0.839187,-0.034831,0.520271,0.043078,0.328294
F10->F11,9,131,222.7396,160.8823,0.899119,0.141909,1.848069,0.799709,1.154646
F10->F11,9,132,216.1589,181.0401,1.076841,0.105859,1.999946,0.754597,1.128266
F10->F11,9,133,213.1514,199.9954,1.444687,0.013763,1.614885,0.239342,0.282584
F10->F11,9,134,212.3092,218.9749,1.790109,-0.127021,2.848779,0.976521,1.529243
F10->F11,9,135,211.737,238.0913,2.010337,-0.298126,1.302837,-1.101883,1.070786
F10->F11,9,136,210.882,257.3572,2.042396,-0.468593,0.745831,-0.763089,1.329589
F10->F11,9,137,208.925,277.2753,1.895151,-0.64368,3.105129,-0.137896,1.311436
F10->F11,9,138,205.7362,297.7893,1.660751,-0.786244,1.398832,-1.139091,0.439434
F10->F11,9,139,204.3067,319.1703,1.521432,-0.894652,1.536319,-0.883367,0.01868
F10->F11,9,140,202.85,340.4157,1.325729,-1.04312,-0.7277,-2.013455,2.27115
F10->F11,9,141,201.3771,361.8089,1.065004,-1.27718,-0.622357,-1.918823,1.805241
F10->F11,9,142,206.212,383.2547,0.739569,-1.230497,-1.477552,-1.655099,2.257413
F10->F11,9,143,222.0052,398.9692,0.605767,-1.287705,1.70845,-1.113056,1.116429
F10->F11,9,144,437.0347,395.192,-0.796394,-1.787206,-0.475376,-1.191073,0.677073
F10->F11,9,145,438.0988,373.9741,-1.316478,-1.830253,-1.896903,-1.182101,0.870054
F10->F11,9,146,444.3601,352.0426,-1.478066,-1.752484,-0.350572,-2.00219,1.154814
F10->F11,9,147,452.8989,330.1676,-1.576491,-1.567833,-3.232037,-1.125528,1.713613
F10->F11,9,148,457.6788,308.4822,-1.643414,-1.225217,-4.346069,3.84435,5.744985
F10->F11,9,149,457.1231,287.0322,-1.904313,-0.82999,-2.593656,-0.727598,0.696906
F10->F11,9,150,455.1951,264.8108,-2.011334,-0.508127,-1.770824,-0.840439,0.410214
F10->F11,9,151,453.6312,242.477,-1.932269,-0.328414,-1.025789,-0.894337,1.068632
F10->F11,9,152,448.7359,221.4614,-1.881241,-0.170963,-2.087113,-0.104293,0.216398
F10->F11,9,153,440.6193,202.3024,-1.84692,-0.020694,-1.392756,-0.344313,0.557669
F10->F11,9,154,431.4348,183.3716,-1.670397,0.084783,-1.788996,0.151742,0.136196
F10->F11,9,155,422.0052,163.4381,-1.366083,0.08667,-1.27464,-0.105412,0.212738
F10->F11,9,156,413.5762,143.1698,-1.07998,0.092304,-0.72975,-0.679271,0.847342
F10->F11,9,157,402.9759,122.5925,-0.844481,0.011775,-0.166516,-0.052647,0.681019
F10->F11,9,158,388.6099,102.6183,-0.556536,-0.199531,-0.121031,-0.133651,0.44046
F10->F11,9,159,369.4441,85.5163,-0.291612,-0.4176,0.02529,-0.119055,0.435381
F10->F11,9,160,347.4014,74.4824,-0.016525,-0.520591,-0.393422,-0.361968,0.408917
F10->F11,9,161,323.5514,70.1182,0.2269,-0.566581,0.250775,-0.471704,0.097835
F10->F11,9,162,299.6566,70.9346,0.349458,-0.513577,0.200424,-0.441265,0.16565
F10->F11,9,163,277.0965,77.2142,0.462669,-0.626093,0.544717,-0.558189,0.106502
F10->F11,9,164,256.7621,92.2727,0.555961,-0.391572,0.464805,-0.20554,0.207165
F10->F11,9,165,242.8463,115.0404,0.75159,-0.155937,0.83255,-0.237758,0.115105
F10->F11,9,166,229.2115,138.1131,0.794792,0.060766,0.434232,-0.138191,0.41181
F10->F11,9,167,216.3186,160.5828,0.757052,0.2484,1.564677,1.042088,1.132342
F10->F11,9,168,209.0138,181.1627,0.937443,0.235542,1.774254,0.767349,0.991499
F10->F11,9,169,204.9119,200.0281,1.267828,0.104873,1.76237,0.22828,0.509708
F10->F11,9,170,203.1007,218.6416,1.574222,-0.087301,0.862347,0.039278,0.723041
F10->F11,9,171,201.9924,237.6434,1.766383,-0.27484,1.981872,-0.392339,0.245442
F10->F11,9,172,200.7697,256.932,1.742237,-0.474134,0.871006,-0.870047,0.956969
F10->F11,9,173,199.4151,276.6539,1.60206,-0.683324,0.972443,-0.933961,0.67767
F10->F11,9,174,196.8959,296.6757,1.440811,-0.901037,1.229075,-1.02228,0.243992
F10->F11,9,175,195.1943,317.6175,1.286967,-1.054033,1.706363,-0.986844,0.424744
F10->F11,9,176,193.7589,338.9491,1.115562,-1.247793,-0.600557,-2.1429,1.935531
F10->F11,9,177,191.2584,361.8536,0.90439,-1.434682,2.422801,-1.255107,1.528992
F10->F11,9,178,198.5943,385.3951,0.644375,-1.232785,0.816502,-1.121351,0.205049
F10->F11,9,179,216.1859,400.1807,0.516692,-1.31955,-0.126927,-1.880608,0.853834
F11->F12,10,0,408.1711,383.2503,-0.946892,-0.468621,-1.887725,-0.002161,1.05012
F11->F12,10,1,412.6083,366.2502,-1.517813,-0.606757,-4.081754,-0.300153,2.582208
F11->F12,10,2,419.6173,347.6314,-1.911745,-0.664659,-4.949836,-0.272883,3.063248
F11->F12,10,3,423.5933,328.951,-2.072424,-0.506904,-3.524996,0.306945,1.665028
F11->F12,10,4,425.6647,309.3697,-2.363659,-0.404745,-2.036377,-0.989034,0.669706
F11->F12,10,5,423.4883,290.6575,-2.722739,-0.172517,-3.369765,-0.165838,0.64706
F11->F12,10,6,419.8709,271.6228,-2.834526,-0.022566,-2.745232,0.105976,0.156513
F11->F12,10,7,415.8629,252.7278,-2.846788,0.125092,-2.716422,-0.056978,0.223931
F11->F12,10,8,409.0246,234.4486,-2.946203,0.277472,-2.291637,-0.013672,0.716395
F11->F12,10,9,398.7489,216.8152,-2.990768,0.387785,-3.431016,0.549914,0.469153
F11->F12,10,10,389.4635,198.8495,-2.764229,0.450688,-3.005172,0.767162,0.397754
F11->F12,10,11,382.8795,180.2163,-2.352935,0.471156,-2.600331,1.09748,0.673414
F11->F12,10,12,375.8536,162.0234,-2.010968,0.491032,-2.148646,0.928297,0.458427
F11->F12,10,13,367.6075,144.3666,-1.585731,0.458893,-1.862832,0.916787,0.535212
F11->F12,10,14,358.0919,127.4742,-1.174181,0.358997,-0.939762,0.38642,0.236018
F11->F12,10,15,347.2429,112.4755,-0.774003,0.166134,-0.387706,-0.003292,0.421818
F11->F12,10,16,334.6178,102.0665,-0.34404,0.010545,-0.224276,-0.132612,0.186648
F11->F12,10,17,319.9563,96.4602,-0.00696,-0.096099,-0.079499,0.00242,0.122343
F11->F12,10,18,304.2011,96.0968,0.247412,-0.131752,0.203223,-0.265995,0.141329
F11->F12,10,19,287.5922,100.7575,0.402928,-0.211853,0.469077,-0.282471,0.096761
F11->F12,10,20,272.2031,111.2495,0.506955,-0.190678,0.378279,-0.245877,0.140016
F11->F12,10,21,258.9316,126.7571,0.629128,-0.032567,0.720448,0.164627,0.217313
F11->F12,10,22,248.2742,144.1131,0.878516,0.078209,0.916602,0.178833,0.107591
F11->F12,10,23,243.6558,163.9778,1.350216,0.198935,1.320487,0.115707,0.088378
F11->F12,10,24,240.6753,183.0213,1.817869,0.224999,1.912662,0.288789,0.114259
F11->F12,10,25,239.6616,201.8042,2.011143,0.146152,1.754984,0.171749,0.257435
F11->F12,10,26,241.2204,220.6996,2.164459,0.006174,2.379761,-0.068067,0.227743
F11->F12,10,27,242.6261,239.6891,2.299133,-0.116969,2.765338,0.025425,0.487467
F11->F12,10,28,242.7143,259.0454,2.430784,-0.223697,3.340861,0.019838,0.942098
F11->F12,10,29,239.3982,279.1248,2.512389,-0.300449,1.40333,-0.994752,1.308461
F11->F12,10,30,234.651,299.584,2.384457,-0.348116,3.125756,-0.09663,0.782796
F11->F12,10,31,233.7069,320.6247,2.20822,-0.385726,3.368162,0.033017,1.233212
F11->F12,10,32,233.261,341.165,2.044173,-0.473063,3.86884,-7.6e-05,1.884974
F11->F12,10,33,234.0402,359.6189,1.730344,-0.632636,1.246221,-1.246814,0.782042
F11->F12,10,34,238.9699,378.498,1.473699,-0.721307,1.102478,-5.42626,4.719575
F11->F12,10,35,243.3113,393.9561,1.06262,-0.810426,3.137191,-1.453009,2.17181
F11->F12,10,36,415.057,385.2063,-0.879011,-0.864035,-1.173317,-0.90832,0.297618
F11->F12,10,37,419.1054,367.5697,-1.393246,-0.88432,-4.682693,0.038051,3.416318
F11->F12,10,38,425.9709,347.6383,-1.535498,-0.88644,-1.78852,-0.981935,0.270443
F11->F12,10,39,432.0066,328.5067,-1.524933,-0.79165,-3.632402,0.0706,2.277038
F11->F12,10,40,434.1935,308.9965,-1.958535,-0.578796,-1.539078,-0.776074,0.463533
F11->F12,10,41,432.1156,289.4417,-2.387043,-0.311897,-3.094109,-0.056641,0.751731
F11->F12,10,42,428.4822,269.7439,-2.566682,-0.105276,-2.787303,0.105591,0.305187
F11->F12,10,43,424.9575,249.924,-2.557364,0.044713,-2.394971,-0.107104,0.222306
F11->F12,10,44,418.8537,230.9401,-2.552882,0.185187,-2.039543,0.073942,0.525254
F11->F12,10,45,408.9399,212.8781,-2.526465,0.288069,-2.250554,0.095102,0.336695
F11->F12,10,46,399.9027,194.6247,-2.276441,0.353513,-2.784727,0.776024,0.660962
F11->F12,10,47,393.2053,175.3455,-1.836991,0.332354,-2.621825,1.165535,1.14462
F11->F12,10,48,385.871,156.4408,-1.490169,0.328532,-2.341921,0.724617,0.939343
F11->F12,10,49,376.4659,137.9793,-1.277126,0.307019,-1.940455,0.667216,0.754816
F11->F12,10,50,365.3606,119.884,-0.982844,0.150003,-0.741132,0.278137,0.273575
F11->F12,10,51,352.7589,104.1484,-0.59933,-0.03862,-0.523089,0.149826,0.203285
F11->F12,10,52,337.5459,93.7781,-0.260458,-0.16874,-0.314947,-0.339042,0.178807
F11->F12,10,53,320.8455,88.6545,0.047234,-0.229654,-0.092955,-0.053653,0.225009
F11->F12,10,54,303.8158,88.9109,0.307562,-0.264773,0.305862,-0.315534,0.050789
F11->F12,10,55,285.3585,94.0866,0.42002,-0.326682,0.671862,-0.215521,0.275283
F11->F12,10,56,268.6672,105.9277,0.495403,-0.286288,0.500687,-0.046075,0.240271
F11->F12,10,57,255.0192,123.5063,0.574704,-0.093137,0.677932,0.283546,0.390571
F11->F12,10,58,243.7094,142.068,0.788448,0.048796,1.006371,0.149489,0.240062
F11->F12,10,59,236.9435,162.5022,1.132396,0.17222,1.257974,0.100604,0.144563
F11->F12,10,60,232.4744,182.0964,1.484445,0.205746,1.338818,0.040398,0.220334
F11->F12,10,61,231.0768,200.9295,1.733036,0.136891,1.863823,0.284445,0.197174
F11->F12,10,62,232.4061,219.9178,1.995287,0.021712,1.839297,0.154727,0.205002
F11->F12,10,63,233.4681,238.9087,2.177728,-0.099255,2.047353,-0.139291,0.136384
F11->F12,10,64,233.0706,258.2115,2.233769,-0.225263,3.036679,0.151975,0.887115
F11->F12,10,65,229.8939,278.3083,2.204898,-0.313161,3.139523,-0.250093,0.93675
F11->F12,10,66,225.4086,298.7891,2.038684,-0.393401,3.266117,-0.079081,1.267039
F11->F12,10,67,224.4687,320.1822,1.887481,-0.437621,3.249904,-0.002818,1.430123
F11->F12,10,68,223.453,340.9357,1.725111,-0.547566,1.838126,-0.790359,0.267808
F11->F12,10,69,223.955,360.6348,1.457829,-0.696376,-2.446081,-1.707968,4.032844
F11->F12,10,70,227.8431,380.1913,1.128382,-0.768852,4.057034,-0.905018,2.931816
F11->F12,10,71,236.1196,395.2189,0.884875,-0.8773,3.806697,-1.204105,2.940041
F11->F12,10,72,421.9818,388.0155,-0.810388,-1.099437,-0.65977,-0.921857,0.232853
F11->F12,10,73,425.5283,368.873,-1.213537,-1.106608,-1.937164,-1.004799,0.730755
F11->F12,10,74,431.7131,348.4739,-1.290956,-1.084029,-1.709439,-0.886401,0.462802
F11->F12,10,75,438.6613,328.5454,-1.39255,-0.971126,-2.359702,-1.090794,0.974527
F11->F12,10,76,441.7691,308.3594,-1.789611,-0.724615,-2.892025,-0.184795,1.227486
F11->F12,10,77,440.1866,288.39,-2.143029,-0.412608,-3.137721,-0.152017,1.028261
F11->F12,10,78,436.794,267.7861,-2.332532,-0.174392,-2.464211,-0.141998,0.135605
F11->F12,10,79,434.0005,247.2336,-2.296363,-0.011596,-1.96591,0.01943,0.331906
F11->F12,10,80,428.3702,227.47,-2.218034,0.109504,-2.09896,0.104329,0.119187
F11->F12,10,81,418.8507,209.2006,-2.197598,0.227187,-3.404897,0.763502,1.321062
F11->F12,10,82,409.9856,190.6769,-1.964589,0.292517,-2.696968,1.009342,1.024801
F11->F12,10,83,402.435,171.1425,-1.575981,0.278081,-2.628638,1.176736,1.384077
F11->F12,10,84,394.901,151.6041,-1.221867,0.253976,-1.07685,0.006482,0.28685
F11->F12,10,85,385.0922,132.1766,-1.054557,0.212655,-1.092239,0.221201,0.038639
F11->F12,10,86,372.7744,113.0498,-0.807688,0.015059,-0.582712,0.068307,0.231191
F11->F12,10,87,358.0845,97.3684,-0.48988,-0.134812,-0.430773,-0.348285,0.221505
F11->F12,10,88,340.3785,86.1868,-0.201709,-0.309852,-0.246482,-0.387234,0.089401
F11->F12,10,89,321.6347,81.697,0.092104,-0.326888,-0.038227,-0.278074,0.139172
F11->F12,10,90,302.8076,82.3252,0.32745,-0.326589,0.302891,-0.383064,0.061585
F11->F12,10,91,283.016,88.021,0.424307,-0.39695,0.461677,-0.209126,0.191506
F11->F12,10,92,264.8868,100.7437,0.479941,-0.323638,0.479356,-0.107253,0.216385
F11->F12,10,93,251.6601,120.3242,0.609518,-0.106872,0.576574,0.278924,0.3872
F11->F12,10,94,239.3106,140.3626,0.729866,0.042347,0.969966,0.101403,0.247256
F11->F12,10,95,230.2756,161.3524,0.94809,0.178858,0.734165,0.098469,0.228531
F11->F12,10,96,224.5168,181.4272,1.179012,0.207871,1.001806,0.124409,0.195877
F11->F12,10,97,222.8386,200.3518,1.517416,0.148383,1.303056,0.11708,0.216634
F11->F12,10,98,223.4767,219.3428,1.819087,0.042806,1.529795,0.402306,0.461445
F11->F12,10,99,223.9897,238.278,2.017797,-0.088149,1.643259,0.041649,0.396392
F11->F12,10,100,223.1193,257.4613,2.044033,-0.225315,2.579269,0.061184,0.60709
F11->F12,10,101,220.4166,277.4504,1.940416,-0.345331,-0.054055,-0.731776,2.031565
F11->F12,10,102,216.3052,297.9778,1.737675,-0.444289,2.990992,-0.20539,1.275883
F11->F12,10,103,215.1724,319.4087,1.625268,-0.510545,0.645733,-0.797726,1.020766
F11->F12,10,104,213.9001,340.4669,1.459869,-0.63675,0.449177,-1.165867,1.140816
F11->F12,10,105,213.6131,361.1252,1.185941,-0.810808,0.798413,-0.896355,0.396858
F11->F12,10,106,217.0738,380.9893,0.883185,-0.883224,2.14117,-0.904237,1.25816
F11->F12,10,107,228.9167,396.4315,0.681153,-0.930522,-0.266789,-1.100314,0.963029
F11->F12,10,108,428.9675,390.7724,-0.749604,-1.286367,-0.813915,-0.913525,0.378348
F11->F12,10,109,431.2799,370.5545,-1.130848,-1.278681,-1.545434,-1.020146,0.488591
F11->F12,10,110,437.1222,349.5358,-1.234999,-1.219028,-1.957629,-0.945932,0.772512
F11->F12,10,111,445.0182,328.5023,-1.417953,-1.118133,-2.314755,-1.122316,0.896812
F11->F12,10,112,449.1123,307.7542,-1.654771,-0.849448,-1.669114,-0.764523,0.086127
F11->F12,10,113,447.8511,287.3236,-1.962151,-0.501553,-1.927799,-0.928045,0.427873
F11->F12,10,114,445.0858,265.963,-2.104099,-0.235383,-2.092612,-0.008749,0.226925
F11->F12,10,115,442.849,244.6343,-2.060129,-0.057474,-1.960426,-0.055477,0.099722
F11->F12,10,116,437.5772,224.3191,-1.973687,0.068277,-1.555757,0.310445,0.483022
F11->F12,10,117,428.7994,205.6786,-1.913219,0.184163,-2.924753,0.954897,1.271704
F11->F12,10,118,419.8832,186.9931,-1.710494,0.264378,-1.616597,0.26545,0.093902
F11->F12,10,119,411.5997,167.0924,-1.338811,0.233767,-1.015055,0.08388,0.356769
F11->F12,10,120,403.532,147.1282,-1.076904,0.229973,-0.960914,0.118882,0.160608
F11->F12,10,121,393.7172,127.059,-0.882612,0.171483,-0.752573,0.092444,0.152175
F11->F12,10,122,380.4268,107.447,-0.652781,-0.026096,-0.083062,-0.188143,0.592317
F11->F12,10,123,363.3903,90.5844,-0.381996,-0.246517,-0.247912,-0.107573,0.193091
F11->F12,10,124,343.7237,79.8024,-0.116245,-0.340495,-0.122707,-0.448695,0.108393
F11->F12,10,125,322.9115,75.2675,0.155549,-0.366681,0.025416,-0.357226,0.130476
F11->F12,10,126,301.4437,76.1164,0.308514,-0.366202,0.249732,-0.358248,0.059318
F11->F12,10,127,280.5055,82.105,0.416998,-0.451899,0.37084,-0.323338,0.136596
F11->F12,10,128,261.1708,96.1422,0.481389,-0.292333,0.522165,-0.036554,0.259009
F11->F12,10,129,247.711,117.235,0.618471,-0.097791,0.480628,-0.076246,0.139517
F11->F12,10,130,234.946,139.1015,0.710241,0.085473,0.802302,0.149334,0.112042
F11->F12,10,131,223.6387,161.0242,0.794828,0.267029,0.592811,0.160846,0.228223
F11->F12,10,132,217.2358,181.146,0.969727,0.250504,0.817455,0.176757,0.16919
F11->F12,10,133,214.5961,200.0092,1.315224,0.187618,1.110973,0.073123,0.234153
F11->F12,10,134,214.0993,218.8478,1.617447,0.071112,1.362796,-0.041884,0.278595
F11->F12,10,135,213.7473,237.7931,1.80157,-0.07718,1.42999,-0.0962,0.372067
F11->F12,10,136,212.9244,256.8886,1.821719,-0.226704,2.336058,-0.135978,0.52228
F11->F12,10,137,210.8202,276.6316,1.692017,-0.384808,0.243106,-0.923342,1.545756
F11->F12,10,138,207.397,297.0031,1.500424,-0.517423,1.156863,-0.995666,0.588855
F11->F12,10,139,205.8282,318.2757,1.384199,-0.622937,3.185102,-0.18466,1.853467
F11->F12,10,140,204.1758,339.3726,1.208745,-0.76856,-0.244543,-0.918404,1.460992
F11->F12,10,141,202.4421,360.5317,0.961963,-0.995276,0.534137,-0.614546,0.572704
F11->F12,10,142,206.9515,382.0242,0.678995,-0.953132,-0.011027,-0.750796,0.719076
F11->F12,10,143,222.611,397.6815,0.54927,-0.985848,0.228616,-1.164137,0.366887
F11->F12,10,144,436.2383,393.4048,-0.678522,-1.44202,0.328438,-1.818382,1.074996
F11->F12,10,145,436.7823,372.1439,-1.13028,-1.454547,-1.312417,-1.247724,0.275589
F11->F12,10,146,442.882,350.2901,-1.300571,-1.39956,-1.962611,-0.992338,0.777256
F11->F12,10,147,451.3224,328.5997,-1.446502,-1.250593,-2.429244,-1.130331,0.990073
F11->F12,10,148,456.0354,307.2569,-1.568651,-0.936724,-1.895197,-0.921064,0.326922
F11->F12,10,149,455.2187,286.2022,-1.810169,-0.571076,-1.604416,-0.883841,0.374374
F11->F12,10,150,453.1837,264.3027,-1.908785,-0.267811,-2.128001,-0.043985,0.313296
F11->F12,10,151,451.699,242.1486,-1.827126,-0.101477,-1.927914,0.058036,0.188687
F11->F12,10,152,446.8547,221.2904,-1.737421,0.034143,-1.59375,0.249332,0.258743
F11->F12,10,153,438.7724,202.2817,-1.664616,0.160895,-1.505079,0.3929,0.281564
F11->F12,10,154,429.7644,183.4564,-1.476779,0.248668,-1.25865,-0.101309,0.412388
F11->F12,10,155,420.6392,163.5248,-1.192165,0.248777,-1.234026,-0.044665,0.296413
F11->F12,10,156,412.4962,143.2621,-0.957498,0.262479,-0.201507,-0.184975,0.878486
F11->F12,10,157,402.1315,122.6043,-0.758553,0.191669,-0.201377,-0.200025,0.68108
F11->F12,10,158,388.0534,102.4188,-0.502208,-0.007397,0.004315,-0.026998,0.506903
F11->F12,10,159,369.1525,85.0987,-0.25902,-0.223363,-0.094911,-0.032696,0.251566
F11->F12,10,160,347.3849,73.9618,-0.011747,-0.32866,0.202665,-0.293354,0.2173
F11->F12,10,161,323.7783,69.5516,0.188611,-0.368404,-0.046724,-0.39454,0.236782
F11->F12,10,162,300.0061,70.421,0.281199,-0.365675,0.172722,-0.219677,0.181886
F11->F12,10,163,277.5592,76.5881,0.387898,-0.477172,0.287081,-0.291582,0.211205
F11->F12,10,164,257.318,91.8811,0.467981,-0.232996,0.573769,-0.287981,0.119224
F11->F12,10,165,243.5979,114.8845,0.627266,-0.023668,0.668128,0.223024,0.250053
F11->F12,10,166,230.0062,138.1739,0.674104,0.171165,0.507019,0.241495,0.181283
F11->F12,10,167,217.0757,160.8312,0.665662,0.367301,0.504676,0.252177,0.197914
F11->F12,10,168,209.9512,181.3983,0.830193,0.371252,0.496889,-0.143839,0.613523
F11->F12,10,169,206.1797,200.133,1.137492,0.269835,1.016094,-0.004786,0.300257
F11->F12,10,170,204.6749,218.5543,1.409358,0.106329,1.205795,-0.199001,0.366966
F11->F12,10,171,203.7588,237.3686,1.577698,-0.05697,1.54849,0.043957,0.105067
F11->F12,10,172,202.5119,256.4579,1.554993,-0.233495,2.334422,-0.137015,0.785377
F11->F12,10,173,201.0172,275.9706,1.425711,-0.424066,0.203719,-1.009197,1.354859
F11->F12,10,174,198.3367,295.7746,1.290834,-0.626175,1.005997,-1.006658,0.475289
F11->F12,10,175,196.4813,316.5634,1.161413,-0.772568,2.455755,-0.150167,1.436212
F11->F12,10,176,194.8745,337.7013,1.007365,-0.961639,-1.947858,-1.924288,3.108061
F11->F12,10,177,192.1628,360.4189,0.813168,-1.144194,-0.438288,0.047467,1.728063
F11->F12,10,178,199.2387,384.1623,0.589944,-0.952905,0.906905,-0.734698,0.38481
F11->F12,10,179,216.7026,398.8611,0.462922,-1.013604,0.732525,-1.041209,0.271012
F12->F13,11,0,407.2242,382.7817,-0.785034,-0.194276,-2.208941,-0.184985,1.423938
F12->F13,11,1,411.0905,365.6434,-1.362669,-0.314337,-0.666451,-0.797014,0.84717
F12->F13,11,2,417.7056,346.9668,-1.803753,-0.382765,-1.473637,-0.93296,0.641631
F12->F13,11,3,421.5209,328.4441,-1.970481,-0.267729,-1.414346,-1.091935,0.994285
F12->F13,11,4,423.3011,308.965,-2.228883,-0.196529,-0.798537,-0.860765,1.577055
F12->F13,11,5,420.7656,290.4849,-2.524539,-7e-06,-2.826631,0.001618,0.302096
F12->F13,11,6,417.0364,271.6002,-2.602599,0.121294,-2.721292,0.181296,0.132997
F12->F13,11,7,413.0161,252.8529,-2.617584,0.249009,-2.956511,0.013553,0.412687
F12->F13,11,8,406.0784,234.7261,-2.710974,0.381402,-3.776532,0.935828,1.201167
F12->F13,11,9,395.7581,217.203,-2.72728,0.466515,-3.19422,0.710622,0.526898
F12->F13,11,10,386.6993,199.3002,-2.499228,0.511739,-2.825317,0.77869,0.421422
F12->F13,11,11,380.5266,180.6874,-2.122838,0.522019,-1.594012,0.368203,0.550741
F12->F13,11,12,373.8427,162.5144,-1.809769,0.532069,-2.002124,0.595174,0.202442
F12->F13,11,13,366.0218,144.8255,-1.408853,0.493353,-1.891681,0.756869,0.550058
F12->F13,11,14,356.9177,127.8332,-1.032817,0.403706,-0.56596,0.249293,0.491731
F12->F13,11,15,346.4689,112.6417,-0.686491,0.226345,-0.487477,0.086858,0.24303
F12->F13,11,16,334.2737,102.077,-0.311859,0.081778,-0.054958,0.219664,0.291566
F12->F13,11,17,319.9494,96.3641,-0.020354,-0.026293,0.089032,-0.023068,0.109434
F12->F13,11,18,304.4485,95.965,0.198284,-0.065723,0.075304,0.151778,0.249861
F12->F13,11,19,287.9952,100.5457,0.336298,-0.139836,0.453245,-0.19027,0.127358
F12->F13,11,20,272.7101,111.0588,0.418287,-0.11163,0.563067,0.176308,0.322289
F12->F13,11,21,259.5608,126.7245,0.51859,0.035887,0.524026,0.203256,0.167457
F12->F13,11,22,249.1527,144.1913,0.751983,0.145445,0.744484,0.276251,0.13102
F12->F13,11,23,245.006,164.1767,1.195513,0.264221,0.683237,0.411147,0.532929
F12->F13,11,24,242.4932,183.2463,1.647223,0.301544,1.124862,0.122395,0.552228
F12->F13,11,25,241.6727,201.9504,1.829696,0.245724,2.79859,0.674498,1.05953
F12->F13,11,26,243.3849,220.7058,1.941933,0.126312,2.166652,0.253533,0.258232
F12->F13,11,27,244.9252,239.5721,2.036199,0.021224,2.073852,0.075688,0.066212
F12->F13,11,28,245.1451,258.8217,2.140221,-0.068336,2.073157,-0.034596,0.075073
F12->F13,11,29,241.9106,278.8244,2.235354,-0.132668,1.79564,0.103698,0.499217
F12->F13,11,30,237.0355,299.2358,2.166622,-0.172785,2.700829,-0.010272,0.55838
F12->F13,11,31,235.9151,320.2389,2.014002,-0.203376,2.435953,-0.216318,0.42215
F12->F13,11,32,235.3052,340.6919,1.859004,-0.285062,1.796411,0.020692,0.312095
F12->F13,11,33,235.7705,358.9863,1.564543,-0.429873,1.983331,0.098719,0.674383
F12->F13,11,34,240.4436,377.7767,1.302508,-0.511171,2.399376,-0.306889,1.115729
F12->F13,11,35,244.3739,393.1456,0.925471,-0.585842,1.16689,-1.017742,0.494793
F12->F13,11,36,414.178,384.3423,-0.72374,-0.575682,-2.500583,0.000713,1.867993
F12->F13,11,37,417.7122,366.6854,-1.23803,-0.585838,-0.957479,-0.912719,0.430767
F12->F13,11,38,424.4354,346.7518,-1.43505,-0.610064,-1.74307,-0.758857,0.342076
F12->F13,11,39,430.4817,327.7151,-1.437389,-0.553777,-0.925409,-1.047851,0.711501
F12->F13,11,40,432.235,308.4177,-1.834716,-0.368979,-1.054021,-0.877121,0.931501
F12->F13,11,41,429.7286,289.1298,-2.208659,-0.137695,-0.737255,-0.84397,1.632132
F12->F13,11,42,425.9155,269.6386,-2.3599,0.042119,-4.184903,0.7562,1.959731
F12->F13,11,43,422.4001,249.9687,-2.343957,0.171504,-2.427058,-0.112838,0.296237
F12->F13,11,44,416.3008,231.1253,-2.33256,0.292153,-1.950965,0.067661,0.442732
F12->F13,11,45,406.4134,213.1662,-2.278985,0.3708,-2.034507,0.162736,0.32103
F12->F13,11,46,397.6263,194.9782,-2.028787,0.419994,-2.019741,0.090994,0.329124
F12->F13,11,47,391.3683,175.6779,-1.634161,0.396565,-1.233277,-0.01494,0.574494
F12->F13,11,48,384.3809,156.7693,-1.32257,0.388709,-1.969159,0.866366,0.803886
F12->F13,11,49,375.1888,138.2863,-1.125596,0.365344,-0.665105,0.439641,0.466446
F12->F13,11,50,364.3778,120.034,-0.863845,0.222161,-0.783795,0.21162,0.08074
F12->F13,11,51,352.1596,104.1098,-0.528196,0.050136,-0.454823,-0.029642,0.108388
F12->F13,11,52,337.2854,93.6094,-0.234,-0.077912,-0.046644,0.023346,0.212968
F12->F13,11,53,320.8927,88.4249,0.029773,-0.144982,0.07768,-0.157932,0.049626
F12->F13,11,54,304.1234,88.6461,0.257723,-0.191928,0.106636,0.004878,0.248113
F12->F13,11,55,285.7786,93.7599,0.35975,-0.238535,0.224747,-0.204343,0.139265
F12->F13,11,56,269.1626,105.6414,0.414981,-0.195192,0.648122,0.166984,0.430728
F12->F13,11,57,255.5939,123.4132,0.472864,-0.019936,0.691312,0.163646,0.285346
F12->F13,11,58,244.4979,142.1168,0.67065,0.115407,0.48779,0.045864,0.195638
F12->F13,11,59,238.0759,162.6745,1.00062,0.237011,1.429363,0.598092,0.560536
F12->F13,11,60,233.9589,182.3021,1.343224,0.285782,0.943777,0.227242,0.403714
F12->F13,11,61,232.8099,201.0664,1.573489,0.237665,2.059521,0.71999,0.684737
F12->F13,11,62,234.4014,219.9395,1.780063,0.139503,1.867439,0.222096,0.120233
F12->F13,11,63,235.6459,238.8095,1.919117,0.03636,1.971756,0.093914,0.077996
F12->F13,11,64,235.3043,257.9863,1.954521,-0.071054,1.544608,0.034333,0.423244
F12->F13,11,65,232.0988,277.9951,1.947421,-0.145972,1.460816,0.035932,0.519494
F12->F13,11,66,227.4473,298.3957,1.838326,-0.216593,2.562007,0.163925,0.817623
F12->F13,11,67,226.3562,319.7446,1.707408,-0.256214,1.730681,-0.114102,0.144005
F12->F13,11,68,225.1782,340.3882,1.560869,-0.358711,2.735774,0.013672,1.232506
F12->F13,11,69,225.4128,359.9384,1.310269,-0.498116,2.323405,-0.18137,1.061495
F12->F13,11,70,228.9715,379.4224,0.988494,-0.565345,2.719606,-0.093731,1.794204
F12->F13,11,71,237.0045,394.3416,0.769427,-0.653303,0.719696,-0.993627,0.343938
F12->F13,11,72,421.1714,386.916,-0.658269,-0.811706,-1.916061,-0.051861,1.469491
F12->F13,11,73,424.3148,367.7663,-1.053813,-0.809382,-1.612125,-0.857319,0.560366
F12->F13,11,74,430.4221,347.3899,-1.169335,-0.812604,-1.857828,-0.980046,0.708561
F12->F13,11,75,437.2687,327.5743,-1.265936,-0.736103,-1.174792,-1.128169,0.40252
F12->F13,11,76,439.9795,307.6347,-1.661491,-0.515216,-1.253755,-0.996289,0.630619
F12->F13,11,77,438.0436,287.9773,-1.974147,-0.23873,-0.849676,-0.811248,1.261829
F12->F13,11,78,434.4614,267.6117,-2.142776,-0.025394,-1.635021,0.15342,0.53832
F12->F13,11,79,431.7041,247.222,-2.100899,0.117163,-1.918209,0.030552,0.202181
F12->F13,11,80,426.1522,227.5795,-2.009185,0.21898,-3.246993,0.790035,1.363184
F12->F13,11,81,416.6531,209.4277,-1.962862,0.313787,-3.032393,0.864665,1.203064
F12->F13,11,82,408.021,190.9695,-1.734602,0.364572,-1.423404,0.067473,0.430246
F12->F13,11,83,400.859,171.4206,-1.385037,0.347935,-1.005805,0.096287,0.45513
F12->F13,11,84,393.6791,151.8581,-1.069914,0.325746,-1.806553,0.879915,0.921814
F12->F13,11,85,384.0376,132.3892,-0.924298,0.287503,-0.65191,0.209647,0.283296
F12->F13,11,86,371.9667,113.0649,-0.708487,0.108108,-0.87425,0.174601,0.178601
F12->F13,11,87,357.5946,97.2336,-0.429559,-0.036321,-0.450211,-0.11622,0.082524
F12->F13,11,88,340.1768,85.8769,-0.177963,-0.203461,-0.022524,-0.060639,0.211091
F12->F13,11,89,321.7268,81.3701,0.072012,-0.235693,0.091656,-0.215635,0.028076
F12->F13,11,90,303.135,81.9986,0.282384,-0.253324,0.257105,-0.209734,0.050389
F12->F13,11,91,283.4403,87.6241,0.370687,-0.300872,0.251931,-0.302211,0.118764
F12->F13,11,92,265.3668,100.4201,0.404609,-0.223094,0.48489,0.01599,0.252202
F12->F13,11,93,252.2696,120.2173,0.507408,-0.033237,0.69495,0.261983,0.349753
F12->F13,11,94,240.0404,140.405,0.617706,0.10624,0.372083,0.009223,0.264089
F12->F13,11,95,231.2237,161.5313,0.828923,0.240858,1.058733,0.72348,0.534544
F12->F13,11,96,225.6958,181.635,1.059302,0.285008,0.72503,0.404832,0.3551
F12->F13,11,97,224.356,200.5002,1.367072,0.245441,2.301588,0.613495,1.004382
F12->F13,11,98,225.2958,219.3856,1.615841,0.157502,1.788474,0.168812,0.173003
F12->F13,11,99,226.0075,238.1899,1.771345,0.04531,2.04716,0.019487,0.277021
F12->F13,11,100,225.1634,257.236,1.785062,-0.072518,1.123188,-0.151696,0.666594
F12->F13,11,101,222.3571,277.1051,1.704245,-0.177099,1.7695,0.096111,0.280894
F12->F13,11,102,218.0429,297.5335,1.552708,-0.265217,-0.334626,-0.638285,1.923853
F12->F13,11,103,216.7977,318.8981,1.457747,-0.326279,2.37143,-0.082533,0.945637
F12->F13,11,104,215.36,339.8302,1.312248,-0.445379,3.439276,-0.191068,2.142176
F12->F13,11,105,214.799,360.3144,1.05441,-0.610416,-0.008156,-0.713549,1.067559
F12->F13,11,106,217.957,380.1061,0.777052,-0.681037,0.869951,-0.996229,0.328597
F12->F13,11,107,229.5979,395.501,0.59414,-0.710346,-0.051533,-0.851355,0.66089
F12->F13,11,108,428.2179,389.486,-0.597942,-1.009215,-1.806752,0.113061,1.649463
F12->F13,11,109,430.149,369.2758,-0.963928,-0.98568,-2.174358,-1.139265,1.220135
F12->F13,11,110,435.8872,348.3168,-1.075774,-0.949073,-1.999148,-1.143586,0.943639
F12->F13,11,111,443.6002,327.3842,-1.271431,-0.882858,-1.331405,-1.113425,0.23824
F12->F13,11,112,447.4575,306.9048,-1.523991,-0.642624,-2.044976,-1.275909,0.820046
F12->F13,11,113,445.889,286.8221,-1.801065,-0.32726,-2.291521,-0.227266,0.500546
F12->F13,11,114,442.9817,265.7277,-1.929027,-0.085437,-2.155403,-0.124719,0.229759
F12->F13,11,115,440.7889,244.5769,-1.880336,0.073868,-1.702232,0.131353,0.18715
F12->F13,11,116,435.6036,224.3874,-1.776731,0.179779,-1.749786,0.086198,0.097383
F12->F13,11,117,426.8862,205.8628,-1.693783,0.274423,-1.285012,-0.132505,0.576787
F12->F13,11,118,418.1727,187.2575,-1.496649,0.339678,-0.849098,0.195262,0.663459
F12->F13,11,119,410.2609,167.3262,-1.159323,0.308721,-0.871549,0.115627,0.346554
F12->F13,11,120,402.4551,147.3582,-0.934848,0.307797,-0.698891,0.339858,0.238125
F12->F13,11,121,392.8346,127.2305,-0.770684,0.257099,-0.481826,-0.108469,0.465918
F12->F13,11,122,379.774,107.4209,-0.571401,0.076922,-0.399408,-0.074054,0.228857
F12->F13,11,123,363.0083,90.3379,-0.332256,-0.132073,-0.093349,-0.096019,0.241613
F12->F13,11,124,343.6074,79.4619,-0.099715,-0.229519,0.058945,-0.082301,0.216439
F12->F13,11,125,323.067,74.9008,0.129247,-0.265739,-0.056786,-0.196712,0.198426
F12->F13,11,126,301.7522,75.7502,0.26946,-0.293788,0.297083,-0.351004,0.063535
F12->F13,11,127,280.9225,81.6531,0.367962,-0.344411,0.236789,-0.242793,0.16593
F12->F13,11,128,261.6522,95.8499,0.409104,-0.191895,0.561226,0.224755,0.443552
F12->F13,11,129,248.3295,117.1372,0.519609,-0.024442,0.399332,-0.035698,0.120802
F12->F13,11,130,235.6562,139.187,0.602616,0.143026,0.381804,-0.027653,0.279087
F12->F13,11,131,224.4335,161.2913,0.692319,0.32177,1.035637,0.815749,0.601567
F12->F13,11,132,218.2055,181.3965,0.859133,0.320785,1.333101,0.677209,0.593029
F12->F13,11,133,215.9113,200.1968,1.1735,0.278822,0.811341,0.235035,0.364796
F12->F13,11,134,215.7167,218.919,1.431051,0.181708,1.539007,0.263156,0.135234
F12->F13,11,135,215.5489,237.716,1.580374,0.053983,1.542932,0.175235,0.126902
F12->F13,11,136,214.7461,256.6619,1.589636,-0.075337,0.944386,-0.186924,0.654829
F12->F13,11,137,212.5122,276.2468,1.479533,-0.215001,2.23561,-0.094386,0.765637
F12->F13,11,138,208.8974,296.4857,1.325725,-0.334385,1.908054,-0.077221,0.636585
F12->F13,11,139,207.2124,317.6528,1.231163,-0.432265,-1.091852,-0.816017,2.354499
F12->F13,11,140,205.3845,338.604,1.077088,-0.570528,0.313354,-1.06789,0.911405
F12->F13,11,141,203.4041,359.5364,0.847187,-0.786872,0.685352,-0.962207,0.238606
F12->F13,11,142,207.6305,381.0711,0.599256,-0.751469,-5.961647,4.303416,8.282349
F12->F13,11,143,223.1602,396.6957,0.47705,-0.764685,-0.243616,-0.84747,0.725405
F12->F13,11,144,435.5597,391.9628,-0.540235,-1.178009,0.436798,-0.852085,1.029961
F12->F13,11,145,435.6521,370.6893,-0.950943,-1.169667,-2.264352,-1.248763,1.315788
F12->F13,11,146,441.5815,348.8906,-1.121972,-1.131798,-2.097363,-1.062698,0.977835
F12->F13,11,147,449.8759,327.3492,-1.282895,-1.013582,-1.331147,-1.123898,0.120407
F12->F13,11,148,454.4667,306.3202,-1.435767,-0.730948,-0.443049,-2.213059,1.783856
F12->F13,11,149,453.4086,285.6312,-1.655204,-0.397786,-2.243895,-0.260693,0.604443
F12->F13,11,150,451.2749,264.0349,-1.743921,-0.119865,-2.27113,-0.271386,0.548551
F12->F13,11,151,449.8718,242.0471,-1.661366,0.031216,-1.703113,0.265969,0.238435
F12->F13,11,152,445.1173,221.3246,-1.554089,0.147437,-1.869874,-0.003671,0.350076
F12->F13,11,153,437.1078,202.4426,-1.463187,0.254572,-1.32648,0.054973,0.241927
F12->F13,11,154,428.2876,183.7051,-1.27852,0.327407,-0.837942,0.183544,0.463472
F12->F13,11,155,419.447,163.7736,-1.02054,0.3257,-1.963486,0.89328,1.100588
F12->F13,11,156,411.5387,143.5246,-0.828278,0.342966,-0.202885,-0.144217,0.792756
F12->F13,11,157,401.3729,122.796,-0.661365,0.281418,-0.002171,-0.018611,0.724261
F12->F13,11,158,387.5512,102.4114,-0.438411,0.099208,-0.114035,-0.005913,0.340984
F12->F13,11,159,368.8935,84.8753,-0.221311,-0.10767,0.07343,-0.093378,0.295087
F12->F13,11,160,347.3731,73.6331,-0.003313,-0.215678,0.055178,-0.184888,0.066099
F12->F13,11,161,323.9669,69.1832,0.16068,-0.267299,-0.167696,-0.134687,0.354142
F12->F13,11,162,300.2873,70.0553,0.24679,-0.299779,0.203638,-0.128238,0.176886
F12->F13,11,163,277.9471,76.1109,0.342433,-0.356294,0.283675,-0.138081,0.225986
F12->F13,11,164,257.786,91.6481,0.398072,-0.139685,0.873748,0.306262,0.652024
F12->F13,11,165,244.2252,114.8608,0.5298,0.044366,0.387092,0.129341,0.166092
F12->F13,11,166,230.6803,138.345,0.573835,0.219122,0.508586,0.318954,0.119264
F12->F13,11,167,217.7413,161.1985,0.577131,0.414154,1.106074,0.72162,0.611814
F12->F13,11,168,210.7814,181.7695,0.726051,0.42957,1.362102,0.770993,0.721894
F12->F13,11,169,207.3172,200.4028,1.002877,0.352758,0.718088,0.251468,0.302265
F12->F13,11,170,206.0843,218.6606,1.236923,0.212824,0.85351,-0.049286,0.464443
F12->F13,11,171,205.3365,237.3116,1.379019,0.070633,1.217363,-0.022441,0.186535
F12->F13,11,172,204.0669,256.2244,1.356286,-0.083065,0.993737,-0.228283,0.390551
F12->F13,11,173,202.4429,275.5465,1.241631,-0.253066,0.02157,-0.902404,1.382096
F12->F13,11,174,199.6275,295.1485,1.12991,-0.436517,0.205299,-0.845603,1.011066
F12->F13,11,175,197.6427,315.7909,1.02378,-0.571824,-0.399083,-0.728562,1.431471
F12->F13,11,176,195.8818,336.7396,0.888083,-0.751694,0.737267,-0.9299,0.233458
F12->F13,11,177,192.9759,359.2747,0.709755,-0.927639,-3.089152,-1.93746,3.930831
F12->F13,11,178,199.8286,383.2094,0.518288,-0.752005,-2.368239,2.23602,4.154556
F12->F13,11,179,217.1655,397.8475,0.396925,-0.79259,-0.345737,-0.727638,0.745497
F13->F14,12,0,406.4392,382.5875,-0.64242,0.009975,-1.525873,-0.027433,0.884245
F13->F14,12,1,409.7278,365.3291,-1.220319,-0.093622,-3.293232,1.255124,2.473072
F13->F14,12,2,415.9018,346.584,-1.691141,-0.164351,-0.620784,-0.880077,1.287606
F13->F14,12,3,419.5504,328.1764,-1.859043,-0.081718,-3.789576,-0.060154,1.930654
F13->F14,12,4,421.0722,308.7684,-2.086314,-0.034428,-3.156003,-0.086189,1.070941
F13->F14,12,5,418.241,290.4849,-2.327929,0.131529,-2.228842,0.019835,0.149312
F13->F14,12,6,414.4338,271.7215,-2.379452,0.229592,-2.35717,-0.208687,0.438846
F13->F14,12,7,410.3985,253.1019,-2.398421,0.340987,-1.364152,-0.010491,1.092359
F13->F14,12,8,403.3674,235.1075,-2.486598,0.456875,-3.104209,0.870516,0.743331
F13->F14,12,9,393.0309,217.6695,-2.48126,0.522316,-1.997101,0.251064,0.554966
F13->F14,12,10,384.2,199.8119,-2.25776,0.554166,-2.961784,0.806934,0.748025
F13->F14,12,11,378.4037,181.2095,-1.91483,0.556635,-2.056316,0.83539,0.312607
F13->F14,12,12,372.0329,163.0465,-1.628082,0.559226,-1.887039,0.775861,0.337623
F13->F14,12,13,364.6129,145.3188,-1.253086,0.516048,-1.628721,0.915192,0.548104
F13->F14,12,14,355.8849,128.2369,-0.91122,0.43788,-0.600292,0.469471,0.312529
F13->F14,12,15,345.7824,112.868,-0.611637,0.275072,-0.432414,0.307797,0.182186
F13->F14,12,16,333.9619,102.1588,-0.283778,0.140204,-0.433187,0.000876,0.204292
F13->F14,12,17,319.929,96.3378,-0.029509,0.033132,-0.056141,0.116975,0.08797
F13->F14,12,18,304.6468,95.8993,0.159391,-0.006846,0.116802,0.039941,0.063268
F13->F14,12,19,288.3315,100.4058,0.278931,-0.077304,0.161675,-0.207344,0.175098
F13->F14,12,20,273.1283,110.9471,0.345064,-0.050261,-0.035486,-0.048629,0.380554
F13->F14,12,21,260.0794,126.7604,0.428782,0.087767,0.503206,0.207361,0.14086
F13->F14,12,22,249.9047,144.3367,0.647825,0.196259,0.729711,0.137097,0.101022
F13->F14,12,23,246.2016,164.4409,1.064604,0.313204,1.953119,0.627432,0.942442
F13->F14,12,24,244.1404,183.5479,1.497397,0.358106,1.854002,0.889793,0.640202
F13->F14,12,25,243.5024,202.1961,1.669636,0.320269,2.067949,0.64354,0.512989
F13->F14,12,26,245.3268,220.8321,1.750938,0.21825,1.177462,0.285959,0.577459
F13->F14,12,27,246.9614,239.5933,1.81345,0.128887,2.175664,0.106452,0.362908
F13->F14,12,28,247.2853,258.7533,1.894274,0.053193,2.206382,0.158617,0.329432
F13->F14,12,29,244.1459,278.6917,1.994302,-0.001225,1.690823,0.031982,0.30529
F13->F14,12,30,239.2021,299.0631,1.968947,-0.034545,1.659207,0.051913,0.321581
F13->F14,12,31,237.9291,320.0356,1.841436,-0.060175,2.486342,-0.08977,0.645584
F13->F14,12,32,237.1642,340.4068,1.695803,-0.136883,1.877297,-0.060484,0.196918
F13->F14,12,33,237.3351,358.5564,1.419507,-0.267784,-0.792017,-0.933427,2.309529
F13->F14,12,34,241.7461,377.2655,1.158309,-0.343577,1.061023,-0.078599,0.282273
F13->F14,12,35,245.2994,392.5598,0.809235,-0.40786,1.483249,-0.06934,0.754249
F13->F14,12,36,413.4543,383.7666,-0.590463,-0.355546,-2.563765,-0.01688,2.002153
F13->F14,12,37,416.4741,366.0995,-1.101305,-0.357471,-0.159259,-0.048474,0.991428
F13->F14,12,38,423.0003,346.1418,-1.339577,-0.392956,-0.74469,-0.891526,0.776185
F13->F14,12,39,429.0443,327.1613,-1.352095,-0.365607,-3.581026,0.015635,2.2613
F13->F14,12,40,430.4003,308.0487,-1.713006,-0.204173,-2.984515,0.036898,1.29416
F13->F14,12,41,427.5199,288.9921,-2.030608,-0.003463,-1.960842,0.148743,0.167434
F13->F14,12,42,423.5556,269.6808,-2.158444,0.153461,-2.39513,0.00647,0.278616
F13->F14,12,43,420.0561,250.1402,-2.140328,0.266175,-3.149677,0.832908,1.157571
F13->F14,12,44,413.9682,231.4174,-2.125714,0.370784,-3.018893,0.830924,1.004737
F13->F14,12,45,404.1344,213.537,-2.053085,0.431026,-1.275563,0.120232,0.837337
F13->F14,12,46,395.5975,195.3982,-1.808655,0.467926,-1.551325,0.937051,0.535068
F13->F14,12,47,389.7342,176.0744,-1.455785,0.443389,-2.121913,0.817965,0.764221
F13->F14,12,48,383.0583,157.158,-1.175028,0.432532,-2.509684,1.097875,1.491304
F13->F14,12,49,374.0632,138.6517,-0.993181,0.408361,-1.850383,0.843525,0.961334
F13->F14,12,50,363.5139,120.2561,-0.76154,0.280173,-0.511847,0.371211,0.265772
F13->F14,12,51,351.6314,104.1599,-0.467995,0.122808,-0.622945,0.283486,0.223219
F13->F14,12,52,337.0514,93.5315,-0.211032,-0.003604,-0.362371,-0.208282,0.254551
F13->F14,12,53,320.9225,88.2799,0.018262,-0.0744,-0.147489,-0.027273,0.172321
F13->F14,12,54,304.3811,88.4542,0.2166,-0.123975,0.185187,-0.065431,0.066439
F13->F14,12,55,286.1383,93.5214,0.305432,-0.164426,0.146493,-0.063212,0.18843
F13->F14,12,56,269.5776,105.4462,0.348386,-0.125322,0.121981,-0.128161,0.226423
F13->F14,12,57,256.0668,123.3933,0.390768,0.035795,0.496106,-0.150593,0.214094
F13->F14,12,58,245.1685,142.2322,0.574112,0.166242,0.990317,0.287582,0.433531
F13->F14,12,59,239.0766,162.9115,0.889626,0.285325,1.992202,0.751198,1.19696
F13->F14,12,60,235.3021,182.5879,1.220719,0.344846,1.579071,0.863448,0.630368
F13->F14,12,61,234.3834,201.3041,1.435059,0.313401,0.864086,0.187225,0.584748
F13->F14,12,62,236.1815,220.079,1.596661,0.229576,0.492953,0.069036,1.115323
F13->F14,12,63,237.565,238.8458,1.698585,0.140879,1.383172,0.118839,0.316182
F13->F14,12,64,237.2588,257.9152,1.717174,0.049395,2.400977,0.083861,0.684672
F13->F14,12,65,234.0462,277.8491,1.724295,-0.015063,2.104192,-0.10599,0.390627
F13->F14,12,66,229.2856,298.1791,1.66047,-0.077199,2.146696,-0.053343,0.486811
F13->F14,12,67,228.0636,319.4883,1.55016,-0.112905,2.886012,0.07057,1.348392
F13->F14,12,68,226.739,340.0295,1.417513,-0.208318,1.682992,0.006846,0.341723
F13->F14,12,69,226.7231,359.4403,1.184062,-0.338428,-0.333796,-0.788503,1.58318
F13->F14,12,70,229.96,378.8571,0.871536,-0.401554,-2.4144,18.17773,18.867622
F13->F14,12,71,237.7739,393.6883,0.672543,-0.474297,2.176524,-0.160606,1.536347
F13->F14,12,72,420.5132,386.1043,-0.52649,-0.588848,-2.005433,-0.056516,1.57183
F13->F14,12,73,423.261,366.957,-0.917914,-0.579017,-0.521805,0.110877,0.795522
F13->F14,12,74,429.2528,346.5773,-1.071066,-0.596773,-1.167023,-1.030548,0.444262
F13->F14,12,75,436.0028,326.8382,-1.155275,-0.548256,-2.681459,-0.070475,1.599223
F13->F14,12,76,438.318,307.1195,-1.538265,-0.348024,-3.321585,-0.069654,1.804916
F13->F14,12,77,436.0695,287.7386,-1.80867,-0.103658,-2.079171,0.060997,0.316674
F13->F14,12,78,432.3187,267.5863,-1.959319,0.087597,-1.83111,0.312498,0.258878
F13->F14,12,79,429.6032,247.3392,-1.915164,0.213678,-1.590536,0.307862,0.338014
F13->F14,12,80,424.143,227.7985,-1.816339,0.300127,-1.464303,-0.256746,0.658815
F13->F14,12,81,414.6902,209.7415,-1.751048,0.377036,-0.99306,0.107614,0.804447
F13->F14,12,82,406.2864,191.334,-1.531607,0.416986,-1.906432,0.857105,0.578099
F13->F14,12,83,399.4739,171.7686,-1.219379,0.399466,-2.143648,0.845999,1.026481
F13->F14,12,84,392.6092,152.1838,-0.938048,0.37927,-1.630924,1.074615,0.981622
F13->F14,12,85,383.1133,132.6767,-0.81111,0.344877,-0.738197,0.441278,0.12087
F13->F14,12,86,371.2583,113.173,-0.623683,0.183881,-0.41577,-0.081254,0.336935
F13->F14,12,87,357.165,97.1973,-0.379269,0.044842,-0.463652,-0.284458,0.339939
F13->F14,12,88,339.9989,85.6735,-0.158049,-0.116739,-0.104631,-0.278018,0.169895
F13->F14,12,89,321.7989,81.1344,0.059939,-0.159233,-0.041472,-0.172324,0.102252
F13->F14,12,90,303.4174,81.7452,0.243256,-0.180613,0.24178,-0.143788,0.036854
F13->F14,12,91,283.811,87.3232,0.320876,-0.220647,0.144097,-0.08948,0.220126
F13->F14,12,92,265.7714,100.197,0.342976,-0.148503,0.199685,-0.074662,0.161199
F13->F14,12,93,252.7771,120.1841,0.424627,0.021936,0.473108,-0.159968,0.188254
F13->F14,12,94,240.6582,140.5112,0.526136,0.154867,0.869541,0.423402,0.435934
F13->F14,12,95,232.0526,161.7721,0.729382,0.286628,0.560006,0.393429,0.200236
F13->F14,12,96,226.7551,181.9201,0.958414,0.342092,1.718229,0.78207,0.878009
F13->F14,12,97,225.7231,200.7456,1.239545,0.318309,0.771485,0.385585,0.47287
F13->F14,12,98,226.9116,219.5431,1.44482,0.244786,0.531335,0.298185,0.915045
F13->F14,12,99,227.7789,238.2352,1.562652,0.148446,1.602334,0.200679,0.065597
F13->F14,12,100,226.9484,257.1635,1.564577,0.046796,2.102564,-0.052307,0.547039
F13->F14,12,101,224.0613,276.928,1.500173,-0.044898,1.674894,-0.046545,0.174729
F13->F14,12,102,219.5956,297.2683,1.392018,-0.123783,1.727083,0.03804,0.372096
F13->F14,12,103,218.2555,318.5718,1.313615,-0.18013,2.87044,0.108452,1.583345
F13->F14,12,104,216.6722,339.3848,1.184918,-0.292249,1.3031,-0.264986,0.121286
F13->F14,12,105,215.8534,359.704,0.944425,-0.44744,-0.768881,-0.73493,1.737258
F13->F14,12,106,218.7341,379.4251,0.687666,-0.515888,1.169604,0.21873,0.878595
F13->F14,12,107,230.192,394.7907,0.520834,-0.533746,-0.239221,-0.801137,0.805718
F13->F14,12,108,427.62,388.4768,-0.468458,-0.790039,-16.672489,-15.711434,22.027679
F13->F14,12,109,429.1851,368.2901,-0.827351,-0.758066,-0.022618,-0.816074,0.806821
F13->F14,12,110,434.8115,347.3677,-0.946571,-0.734927,-1.633277,-0.942356,0.717351
F13->F14,12,111,442.3288,326.5013,-1.143451,-0.693277,-2.474616,-0.283542,1.392797
F13->F14,12,112,445.9335,306.2621,-1.394046,-0.477411,-3.073252,-0.010572,1.742891
F13->F14,12,113,444.0879,286.4948,-1.645739,-0.191182,-2.175849,-0.119367,0.534952
F13->F14,12,114,441.0527,265.6422,-1.763537,0.028888,-1.031071,0.350625,0.800013
F13->F14,12,115,438.9085,244.6507,-1.707584,0.172205,-0.014632,-0.897224,2.00244
F13->F14,12,116,433.8268,224.5672,-1.595474,0.262513,-0.859043,0.047458,0.767189
F13->F14,12,117,425.1924,206.1372,-1.498924,0.340257,-2.687214,0.988612,1.353661
F13->F14,12,118,416.676,187.5972,-1.309602,0.394464,-0.925836,0.039844,0.522524
F13->F14,12,119,409.1016,167.6349,-1.005569,0.364399,-1.937082,0.851881,1.051358
F13->F14,12,120,401.5202,147.666,-0.812337,0.366139,-0.158473,0.145992,0.689929
F13->F14,12,121,392.0639,127.4876,-0.673588,0.323017,-1.362625,0.534653,0.720806
F13->F14,12,122,379.2026,107.4978,-0.501701,0.160078,-0.113152,-0.116732,0.477068
F13->F14,12,123,362.676,90.2058,-0.2913,-0.037748,-0.189404,-0.178743,0.173961
F13->F14,12,124,343.5077,79.2324,-0.08624,-0.139455,-0.042612,-0.148279,0.044512
F13->F14,12,125,323.1963,74.6351,0.113857,-0.185884,0.208619,-0.188398,0.094796
F13->F14,12,126,302.0217,75.4564,0.234746,-0.220006,0.215385,-0.116669,0.105135
F13->F14,12,127,281.2905,81.3086,0.321827,-0.253209,0.199363,-0.112785,0.186324
F13->F14,12,128,262.0613,95.658,0.349002,-0.118062,0.270082,-0.080659,0.087334
F13->F14,12,129,248.8491,117.1128,0.43929,0.029786,0.377927,-0.027608,0.084021
F13->F14,12,130,236.2589,139.33,0.514623,0.185827,1.269349,0.621564,0.87148
F13->F14,12,131,225.1258,161.613,0.607105,0.360249,1.108992,0.700606,0.60641
F13->F14,12,132,219.0646,181.7173,0.769084,0.37211,0.599782,0.278596,0.193411
F13->F14,12,133,217.0848,200.4756,1.056618,0.34686,0.853928,0.848083,0.540655
F13->F14,12,134,217.1478,219.1007,1.275239,0.265335,1.999618,0.895373,0.960038
F13->F14,12,135,217.1293,237.7699,1.394025,0.155093,1.035328,-0.200706,0.505228
F13->F14,12,136,216.3357,256.5865,1.392188,0.042775,1.407318,-0.006133,0.051195
F13->F14,12,137,213.9917,276.0318,1.296737,-0.080955,0.879816,0.102757,0.455602
F13->F14,12,138,210.2231,296.1513,1.176415,-0.188705,1.83751,0.044244,0.700936
F13->F14,12,139,208.4435,317.2205,1.101289,-0.279623,0.037378,-0.840187,1.202555
F13->F14,12,140,206.4616,338.0335,0.965861,-0.410416,-1.393464,-0.789074,2.389518
F13->F14,12,141,204.2513,358.7495,0.753109,-0.615323,-6.909087,-4.109552,8.421335
F13->F14,12,142,208.2298,380.3196,0.532109,-0.586761,1.77728,-0.009576,1.372441
F13->F14,12,143,223.6373,395.931,0.41718,-0.586765,1.648214,-0.06713,1.336213
F13->F14,12,144,435.0195,390.7848,-0.421843,-0.965834,-1.180526,-0.059855,1.181693
F13->F14,12,145,434.7011,369.5197,-0.806219,-0.943041,-0.665606,-0.842526,0.172845
F13->F14,12,146,440.4595,347.7588,-0.972677,-0.913661,-1.861518,-1.224652,0.941676
F13->F14,12,147,448.593,326.3356,-1.141452,-0.820941,-3.090293,-0.083111,2.083836
F13->F14,12,148,453.031,305.5893,-1.307872,-0.565785,-9.006942,19.001332,21.027309
F13->F14,12,149,451.7534,285.2334,-1.506925,-0.262343,-2.008435,-0.08383,0.532334
F13->F14,12,150,449.531,263.915,-1.588673,-0.008115,-1.830288,0.359954,0.440287
F13->F14,12,151,448.2105,242.0783,-1.502842,0.130757,-1.289393,-0.071794,0.294257
F13->F14,12,152,443.5632,221.472,-1.386529,0.231518,-0.798089,0.150666,0.593969
F13->F14,12,153,435.6446,202.6972,-1.284894,0.322756,-1.037229,-0.112326,0.500635
F13->F14,12,154,427.0091,184.0325,-1.105355,0.384145,-1.850574,0.824819,0.865763
F13->F14,12,155,418.4265,164.0993,-0.874186,0.381799,-0.421971,-0.143941,0.69347
F13->F14,12,156,410.7105,143.8676,-0.716787,0.40209,0.000586,-0.023922,0.834332
F13->F14,12,157,400.7115,123.0774,-0.577129,0.349592,-0.070582,0.000459,0.615211
F13->F14,12,158,387.1128,102.5106,-0.383738,0.183913,0.050851,0.044945,0.456267
F13->F14,12,159,368.6722,84.7677,-0.190993,-0.01312,-0.028272,-0.085152,0.177952
F13->F14,12,160,347.3698,73.4174,0.002265,-0.1247,0.14967,-0.072482,0.15638
F13->F14,12,161,324.1276,68.9159,0.143556,-0.187467,0.440344,-0.301084,0.317792
F13->F14,12,162,300.5341,69.7556,0.21558,-0.229164,0.275649,-0.229381,0.060069
F13->F14,12,163,278.2895,75.7546,0.300176,-0.247473,0.304358,-0.266367,0.019351
F13->F14,12,164,258.1841,91.5084,0.341058,-0.068386,0.165818,-0.136939,0.188171
F13->F14,12,165,244.755,114.9052,0.449826,0.093794,0.48907,-0.067403,0.165905
F13->F14,12,166,231.2542,138.5642,0.491691,0.253365,1.110414,0.701619,0.764035
F13->F14,12,167,218.3185,161.6126,0.504243,0.444752,0.78377,0.814628,0.46362
F13->F14,12,168,211.5075,182.1991,0.642634,0.469673,0.357181,-0.011531,0.559501
F13->F14,12,169,208.3201,200.7556,0.893845,0.413858,1.061638,1.22856,0.831801
F13->F14,12,170,207.3212,218.8734,1.094349,0.292486,1.797274,0.990277,0.990462
F13->F14,12,171,206.7155,237.3823,1.213101,0.168429,1.009885,0.07914,0.221967
F13->F14,12,172,205.4232,256.1413,1.188248,0.034132,1.078573,-0.029997,0.127048
F13->F14,12,173,203.6845,275.2935,1.085523,-0.117845,2.520895,1.103464,1.884645
F13->F14,12,174,200.7574,294.712,0.994049,-0.284221,1.813808,0.09213,0.902023
F13->F14,12,175,198.6665,315.219,0.908806,-0.409396,0.333434,-1.008591,0.830715
F13->F14,12,176,196.7699,335.9879,0.789703,-0.579684,-0.937755,-0.883219,1.753923
F13->F14,12,177,193.6857,358.3471,0.625655,-0.748576,-2.28003,-6.915949,6.817587
F13->F14,12,178,200.3469,382.4574,0.459825,-0.589344,-1.512929,-4.368351,4.262939
F13->F14,12,179,217.5624,397.0549,0.344569,-0.615005,1.651239,0.042334,1.462696
F14->F15,13,0,405.7968,382.5974,-0.515768,0.143369,0.843498,-0.924033,1.72828
F14->F15,13,1,408.5075,365.2355,-1.084249,0.055548,4.599357,14.586311,15.602771
F14->F15,13,2,414.2107,346.4196,-1.568771,-0.015046,-2.417435,-0.249256,0.880389
F14->F15,13,3,417.6913,328.0947,-1.734947,0.039799,-3.177325,-0.02755,1.443949
F14->F15,13,4,418.9859,308.734,-1.932774,0.066661,-2.740946,-0.020415,0.812849
F14->F15,13,5,415.9131,290.6165,-2.123355,0.204873,-2.018418,-0.077989,0.3017
F14->F15,13,6,412.0544,271.9511,-2.147803,0.284768,-1.853709,0.160425,0.3193
F14->F15,13,7,408.0001,253.4429,-2.163326,0.383674,-3.352974,0.881529,1.289621
F14->F15,13,8,400.8808,235.5643,-2.242449,0.488894,-2.845231,0.86349,0.709696
F14->F15,13,9,390.5496,218.1918,-2.229857,0.546897,-2.507416,1.316075,0.817724
F14->F15,13,10,381.9423,200.3661,-2.028547,0.575557,-2.240679,0.650824,0.225089
F14->F15,13,11,376.4889,181.7661,-1.728633,0.576075,-2.005159,0.971601,0.482604
F14->F15,13,12,370.4048,163.6057,-1.47384,0.575987,-1.329255,0.501061,0.162846
F14->F15,13,13,363.3599,145.8349,-1.130191,0.53358,-1.718386,0.834638,0.660764
F14->F15,13,14,354.9737,128.6747,-0.823508,0.468536,-0.131958,0.203918,0.740448
F14->F15,13,15,345.1707,113.1431,-0.564331,0.322072,-0.186039,0.169477,0.407909
F14->F15,13,16,333.6781,102.299,-0.272984,0.196047,-0.036035,0.13784,0.243993
F14->F15,13,17,319.8995,96.3709,-0.044627,0.089142,-0.047223,0.031347,0.057853
F14->F15,13,18,304.8062,95.8924,0.124412,0.047251,0.127978,-0.096292,0.143588
F14->F15,13,19,288.6104,100.3285,0.232317,-0.021715,0.167787,-0.112428,0.111324
F14->F15,13,20,273.4734,110.8969,0.287321,0.00377,0.39423,-0.017641,0.109032
F14->F15,13,21,260.5081,126.8482,0.35774,0.133881,-0.026614,0.308083,0.421988
F14->F15,13,22,250.5525,144.533,0.566096,0.241016,0.856024,0.537248,0.414502
F14->F15,13,23,247.2662,164.7541,0.958541,0.354579,0.871923,0.446808,0.126526
F14->F15,13,24,245.6378,183.906,1.368033,0.402691,1.152633,0.309202,0.234813
F14->F15,13,25,245.1721,202.5164,1.525986,0.376033,1.101473,0.003889,0.564537
F14->F15,13,26,247.0778,221.0504,1.578269,0.286155,1.570553,0.086217,0.200087
F14->F15,13,27,248.7749,239.7222,1.610579,0.206478,1.394386,0.111468,0.236149
F14->F15,13,28,249.1796,258.8065,1.66835,0.138728,1.447548,-0.003452,0.262618
F14->F15,13,29,246.1402,278.6905,1.764618,0.089092,0.215885,-0.885756,1.830001
F14->F15,13,30,241.1711,299.0285,1.764914,0.057213,1.487375,-0.272659,0.431096
F14->F15,13,31,239.7706,319.9754,1.65847,0.033601,2.749868,0.034109,1.091398
F14->F15,13,32,238.86,340.27,1.523219,-0.041272,2.29195,-0.070509,0.769287
F14->F15,13,33,238.7546,358.2886,1.265096,-0.162335,0.884166,0.272014,0.577726
F14->F15,13,34,242.9044,376.9219,1.014085,-0.232202,0.331383,-0.773996,0.871563
F14->F15,13,35,246.1086,392.1519,0.690434,-0.282471,2.340379,-0.079997,1.662323
F14->F15,13,36,412.8638,383.4111,-0.474659,-0.205271,-0.573648,-0.054149,0.180657
F14->F15,13,37,415.3728,365.7421,-0.974581,-0.200426,9.596876,13.907225,17.628997
F14->F15,13,38,421.6607,345.7488,-1.242135,-0.241924,-2.564063,0.057216,1.355352
F14->F15,13,39,427.6922,326.7957,-1.264438,-0.238232,-2.353224,-0.147573,1.092554
F14->F15,13,40,428.6873,307.8446,-1.583487,-0.09704,-2.934296,0.124506,1.368856
F14->F15,13,41,425.4893,288.9886,-1.849018,0.076036,-0.51175,-0.79181,1.594191
F14->F15,13,42,421.3972,269.8342,-1.948495,0.21362,-1.714695,0.189536,0.235037
F14->F15,13,43,417.9158,250.4064,-1.922623,0.312663,-2.933139,0.935915,1.187259
F14->F15,13,44,411.8425,231.7882,-1.903954,0.407002,-2.642349,0.984219,0.937234
F14->F15,13,45,402.0813,213.968,-1.827568,0.459574,-2.972977,0.786783,1.19123
F14->F15,13,46,393.7889,195.8661,-1.606786,0.491925,-2.413773,0.642841,0.820977
F14->F15,13,47,388.2784,176.5178,-1.303377,0.469629,-1.692307,0.906443,0.58487
F14->F15,13,48,381.8833,157.5906,-1.057373,0.459112,-1.743549,0.784613,0.759466
F14->F15,13,49,373.07,139.06,-0.892909,0.437567,-1.604163,1.028579,0.924758
F14->F15,13,50,362.7524,120.5363,-0.691065,0.326525,-0.310491,0.034069,0.479965
F14->F15,13,51,351.1634,104.2827,-0.434316,0.185925,-0.165522,0.124948,0.275624
F14->F15,13,52,336.8404,93.5278,-0.205165,0.062565,-0.031324,0.255837,0.259951
F14->F15,13,53,320.9408,88.2055,0.000709,-0.011825,0.009161,-0.029372,0.019476
F14->F15,13,54,304.5977,88.3302,0.179869,-0.064818,0.21383,-0.121361,0.065958
F14->F15,13,55,286.4438,93.357,0.261151,-0.102525,0.282476,0.02877,0.133015
F14->F15,13,56,269.926,105.3209,0.296739,-0.066878,0.308452,-0.11551,0.050022
F14->F15,13,57,256.4576,123.4291,0.325669,0.084332,0.048113,0.191667,0.297588
F14->F15,13,58,245.7426,142.3984,0.498861,0.210111,0.338668,0.170128,0.165107
F14->F15,13,59,239.9662,163.1968,0.798005,0.325211,0.846597,0.335442,0.049658
F14->F15,13,60,236.5228,182.9327,1.114926,0.389957,1.038499,0.267774,0.144117
F14->F15,13,61,235.8184,201.6175,1.309273,0.369396,0.653675,0.381194,0.655704
F14->F15,13,62,237.7781,220.3086,1.429068,0.294697,0.918099,0.035433,0.572981
F14->F15,13,63,239.2636,238.9867,1.495287,0.214498,1.135304,0.10608,0.375956
F14->F15,13,64,238.976,257.9646,1.495641,0.131914,0.552102,0.168866,0.944263
F14->F15,13,65,235.7705,277.8341,1.510735,0.073088,1.7924,-0.152761,0.36103
F14->F15,13,66,230.9461,298.1019,1.477834,0.014107,1.871112,0.05835,0.395759
F14->F15,13,67,229.6137,319.3754,1.382984,-0.020048,2.854995,-0.125015,1.475748
F14->F15,13,68,228.1565,339.8211,1.264447,-0.111375,3.271165,-0.059377,2.007391
F14->F15,13,69,227.9071,359.1018,1.048813,-0.235157,2.180803,0.049131,1.167143
F14->F15,13,70,230.8315,378.4555,0.754093,-0.293205,3.572775,-0.048048,2.829323
F14->F15,13,71,238.4464,393.214,0.570398,-0.347205,1.480008,-0.170975,0.926525
F14->F15,13,72,419.9867,385.5155,-0.415167,-0.435988,-0.457301,-0.20676,0.233068
F14->F15,13,73,422.3431,366.3779,-0.800431,-0.420003,9.503376,13.707639,17.485958
F14->F15,13,74,428.1817,345.9805,-0.9836,-0.444408,-2.61641,0.153434,1.738817
F14->F15,13,75,434.8475,326.29,-1.05339,-0.418619,-2.480922,-0.278867,1.434356
F14->F15,13,76,436.7797,306.7715,-1.40736,-0.23788,-2.203436,0.080407,0.857347
F14->F15,13,77,434.2608,287.635,-1.642768,-0.019295,-0.428488,-1.068371,1.604692
F14->F15,13,78,430.3593,267.6739,-1.767036,0.152241,-1.325633,-0.104748,0.510764
F14->F15,13,79,427.688,247.5529,-1.717541,0.264116,-1.334121,-0.1288,0.548994
F14->F15,13,80,422.3267,228.0986,-1.613949,0.339877,-2.699309,1.131558,1.343416
F14->F15,13,81,412.9392,210.1186,-1.544393,0.406114,-3.386626,0.741506,1.872514
F14->F15,13,82,404.7548,191.751,-1.34981,0.441149,-2.165213,0.825539,0.901464
F14->F15,13,83,398.2546,172.168,-1.083085,0.425082,-1.73945,0.920452,0.822318
F14->F15,13,84,391.6711,152.5631,-0.837028,0.408838,-0.42386,-0.020053,0.59553
F14->F15,13,85,382.3022,133.0216,-0.72853,0.381509,-0.222794,0.227125,0.528775
F14->F15,13,86,370.6346,113.3569,-0.56867,0.240676,-0.370517,-0.121656,0.412976
F14->F15,13,87,356.7858,97.2421,-0.354058,0.111624,-0.114763,-0.080302,0.306754
F14->F15,13,88,339.8408,85.5567,-0.155334,-0.04292,-0.041766,0.19832,0.266635
F14->F15,13,89,321.8588,80.9752,0.041475,-0.093647,-0.000549,-0.042277,0.06637
F14->F15,13,90,303.6607,81.5646,0.207608,-0.120398,0.232428,-0.151527,0.039812
F14->F15,13,91,284.1318,87.1026,0.280619,-0.157386,0.376003,-0.03079,0.158507
F14->F15,13,92,266.1144,100.0485,0.296828,-0.088214,0.25594,-0.105661,0.044455
F14->F15,13,93,253.2017,120.206,0.359434,0.069308,0.095756,0.085622,0.264183
F14->F15,13,94,241.1843,140.6661,0.455018,0.1963,0.339994,0.088982,0.157314
F14->F15,13,95,232.782,162.0588,0.649684,0.323448,0.244352,0.395792,0.411738
F14->F15,13,96,227.7135,182.2621,0.872371,0.385333,1.692712,0.739973,0.893717
F14->F15,13,97,226.9627,201.064,1.123033,0.371383,0.703664,0.401163,0.420425
F14->F15,13,98,228.3564,219.7879,1.286193,0.307054,0.722378,0.214534,0.571355
F14->F15,13,99,229.3415,238.3836,1.366478,0.219467,0.464386,0.19785,0.902351
F14->F15,13,100,228.513,257.2103,1.353742,0.126813,0.533626,0.30453,0.839151
F14->F15,13,101,225.5615,276.8831,1.30236,0.042545,1.735273,-0.007998,0.435854
F14->F15,13,102,220.9876,297.1445,1.226284,-0.032008,1.468103,-0.198637,0.293669
F14->F15,13,103,219.5691,318.3917,1.159462,-0.087069,1.855971,-0.162078,0.700537
F14->F15,13,104,217.8571,339.0925,1.046458,-0.194762,2.239897,-0.151023,1.194241
F14->F15,13,105,216.7978,359.2566,0.825442,-0.341938,3.092665,0.004822,2.293588
F14->F15,13,106,219.4218,378.9092,0.59178,-0.405907,-5.906089,-3.149819,7.053464
F14->F15,13,107,230.7128,394.2569,0.439578,-0.40891,0.949043,-0.020734,0.640496
F14->F15,13,108,427.1515,387.6868,-0.361376,-0.638898,-0.765681,0.047251,0.796406
F14->F15,13,109,428.3578,367.532,-0.716809,-0.601964,-1.322405,-0.069466,0.806412
F14->F15,13,110,433.8649,346.6328,-0.839409,-0.586109,-2.757709,0.093219,2.035034
F14->F15,13,111,441.1854,325.808,-1.02846,-0.560613,-1.077392,-0.876583,0.319736
F14->F15,13,112,444.5395,305.7847,-1.267095,-0.364427,-1.192077,-0.235038,0.149563
F14->F15,13,113,442.4422,286.3036,-1.489661,-0.10274,-1.895658,-0.034311,0.411723
F14->F15,13,114,439.2892,265.6711,-1.588462,0.098025,-2.075011,-0.011506,0.498726
F14->F15,13,115,437.201,244.8229,-1.529969,0.226513,-1.243767,-0.073919,0.414936
F14->F15,13,116,432.2313,224.8297,-1.410854,0.303318,-0.185897,0.168258,1.23238
F14->F15,13,117,423.6935,206.4775,-1.31195,0.368045,-0.988436,0.139525,0.396084
F14->F15,13,118,415.3664,187.9916,-1.147451,0.415925,-1.925129,1.020033,0.984748
F14->F15,13,119,408.096,167.9993,-0.884073,0.388843,-0.477795,-0.19658,0.712588
F14->F15,13,120,400.7079,148.0321,-0.720301,0.394893,-1.659691,1.028306,1.13299
F14->F15,13,121,391.3903,127.8106,-0.604588,0.362434,-0.288892,0.0781,0.424864
F14->F15,13,122,378.7009,107.6579,-0.459461,0.218652,-0.078569,0.073461,0.407627
F14->F15,13,123,362.3847,90.168,-0.274065,0.035784,0.079801,0.002032,0.355473
F14->F15,13,124,343.4215,79.093,-0.088401,-0.065577,-0.043365,0.072839,0.145558
F14->F15,13,125,323.3101,74.4492,0.093033,-0.119008,0.041231,-0.091292,0.05875
F14->F15,13,126,302.2564,75.2364,0.202489,-0.160692,0.010254,-0.26221,0.217393
F14->F15,13,127,281.6123,81.0554,0.284703,-0.186625,0.323586,-0.066094,0.126647
F14->F15,13,128,262.4103,95.5399,0.305294,-0.059986,0.140711,-0.135524,0.18109
F14->F15,13,129,249.2884,117.1426,0.376834,0.075342,0.155086,0.067617,0.221883
F14->F15,13,130,236.7735,139.5158,0.445925,0.222314,0.430778,0.046524,0.17644
F14->F15,13,131,225.7329,161.9733,0.538144,0.391199,0.794698,0.689433,0.393399
F14->F15,13,132,219.8337,182.0894,0.691834,0.409726,1.38511,0.640568,0.730698
F14->F15,13,133,218.1415,200.8225,0.949246,0.395918,1.084551,0.337585,0.147343
F14->F15,13,134,218.423,219.366,1.126515,0.324271,0.934016,0.192307,0.233389
F14->F15,13,135,218.5233,237.925,1.21312,0.223335,1.888588,0.885989,0.946238
F14->F15,13,136,217.7279,256.6293,1.197797,0.120474,0.255562,-0.026601,0.953645
F14->F15,13,137,215.2885,275.9509,1.115477,0.006295,1.253712,-0.091851,0.169534
F14->F15,13,138,211.3995,295.9626,1.021088,-0.094989,1.444919,-0.112597,0.424197
F14->F15,13,139,209.5448,316.9409,0.959123,-0.183551,1.130148,-0.210911,0.1732
F14->F15,13,140,207.4275,337.6231,0.841236,-0.30924,-1.065273,-0.775948,1.962802
F14->F15,13,141,205.0044,358.1342,0.648421,-0.50383,-5.505856,-8.26427,9.904522
F14->F15,13,142,208.7619,379.7328,0.453385,-0.478834,-3.06786,-1.993686,3.833268
F14->F15,13,143,224.0545,395.3442,0.34784,-0.462539,-1.210032,-0.908895,1.620555
F14->F15,13,144,434.5977,389.8189,-0.326742,-0.819814,2.19524,-0.935762,2.524646
F14->F15,13,145,433.8949,368.5766,-0.689518,-0.786122,-1.78866,0.016227,1.360837
F14->F15,13,146,439.4868,346.8451,-0.848829,-0.760657,-2.955358,0.042738,2.254531
F14->F15,13,147,447.4515,325.5146,-1.014898,-0.684338,-1.227925,-1.049244,0.422536
F14->F15,13,148,451.7231,305.0235,-1.183297,-0.450954,-0.013651,-0.742793,1.205505
F14->F15,13,149,450.2464,284.971,-1.357983,-0.172053,-1.556519,0.12747,0.359347
F14->F15,13,150,447.9424,263.9069,-1.427323,0.061744,-2.01574,-0.021537,0.594281
F14->F15,13,151,446.7076,242.2091,-1.3449,0.188861,-1.167596,0.006858,0.25409
F14->F15,13,152,442.1767,221.7035,-1.221087,0.27243,-0.859946,0.157499,0.378989
F14->F15,13,153,434.3597,203.0199,-1.119185,0.346584,-0.978548,0.210126,0.195958
F14->F15,13,154,425.9038,184.4166,-0.961555,0.400479,-1.582649,1.087371,0.926055
F14->F15,13,155,417.5523,164.4811,-0.760035,0.400481,-0.369622,-0.086597,0.624233
F14->F15,13,156,409.9937,144.2697,-0.632344,0.427772,-0.103602,0.083978,0.630684
F14->F15,13,157,400.1344,123.427,-0.51818,0.387752,0.009765,0.028472,0.638599
F14->F15,13,158,386.7291,102.6945,-0.353889,0.240605,-0.010384,-0.001422,0.420206
F14->F15,13,159,368.4812,84.7545,-0.183131,0.057077,0.008396,0.029725,0.193471
F14->F15,13,160,347.3721,73.2927,-0.005579,-0.053019,0.085529,0.052293,0.139253
F14->F15,13,161,324.2711,68.7285,0.121504,-0.120366,0.019441,-0.11839,0.102083
F14->F15,13,162,300.7497,69.5264,0.186358,-0.173342,0.019121,-0.266859,0.191608
F14->F15,13,163,278.5897,75.5072,0.265273,-0.174576,0.251063,-0.051865,0.123532
F14->F15,13,164,258.5251,91.44,0.300286,-0.013629,0.367842,-0.279299,0.274125
F14->F15,13,165,245.2048,114.999,0.388389,0.135164,0.227798,0.02747,0.193358
F14->F15,13,166,231.7459,138.8175,0.426589,0.283503,0.552468,0.435256,0.197167
F14->F15,13,167,218.8227,162.0574,0.443937,0.46953,0.823676,0.804843,0.506593
F14->F15,13,168,212.1501,182.6688,0.56952,0.49931,0.198747,0.133263,0.521021
F14->F15,13,169,209.2139,201.1695,0.790665,0.457692,2.041752,0.707609,1.275805
F14->F15,13,170,208.4155,219.1659,0.954919,0.347054,0.576034,0.358315,0.379052
F14->F15,13,171,207.9286,237.5507,1.047212,0.233408,0.763545,0.112082,0.308524
F14->F15,13,172,206.6115,256.1754,1.016352,0.110075,0.202872,-0.05816,0.830694
F14->F15,13,173,204.77,275.1756,0.924609,-0.030726,-0.638846,-0.998923,1.838966
F14->F15,13,174,201.7515,294.4277,0.849863,-0.187175,1.186916,-0.093094,0.349937
F14->F15,13,175,199.5753,314.8096,0.778171,-0.307578,0.490111,-0.210679,0.303921
F14->F15,13,176,197.5596,335.4082,0.675876,-0.471692,-1.818145,-0.971447,2.543599
F14->F15,13,177,194.3114,357.5985,0.530106,-0.633701,-3.743243,-12.0097,12.152155
F14->F15,13,178,200.8067,381.868,0.386134,-0.48709,6.723363,9.684162,11.983941
F14->F15,13,179,217.907,396.4399,0.281691,-0.493821,-0.374538,-0.924536,0.784953
F15->F16,14,0,405.281,382.7408,-0.401533,0.280626,1.052029,0.028421,1.47528
F15->F16,14,1,407.4232,365.291,-0.960588,0.210117,-3.425121,-0.166487,2.493141
F15->F16,14,2,412.6419,346.4046,-1.444914,0.14242,-2.151125,-0.132716,0.757915
F15->F16,14,3,415.9564,328.1345,-1.610301,0.179683,-1.800699,0.096876,0.207626
F15->F16,14,4,417.0531,308.8007,-1.788262,0.191161,-2.111843,0.104871,0.334888
F15->F16,14,5,413.7897,290.8213,-1.949012,0.307399,-1.374104,-0.078124,0.692204
F15->F16,14,6,409.9066,272.2359,-1.971758,0.367187,-1.288541,-0.051314,0.801205
F15->F16,14,7,405.8368,253.8266,-2.003177,0.450038,-0.838923,0.180381,1.195074
F15->F16,14,8,398.6383,236.0532,-2.082271,0.534634,-2.595278,1.174856,0.820403
F15->F16,14,9,388.3197,218.7387,-2.048331,0.565699,-2.10416,0.836947,0.276934
F15->F16,14,10,379.9137,200.9417,-1.83874,0.573544,-2.657295,0.841519,0.861303
F15->F16,14,11,374.7603,182.3422,-1.548973,0.561538,-1.981251,0.814908,0.501059
F15->F16,14,12,368.931,164.1817,-1.30603,0.552683,-1.540004,0.829013,0.36208
F15->F16,14,13,362.2297,146.3685,-0.985426,0.504532,-0.500557,0.485295,0.485251
F15->F16,14,14,354.1502,129.1433,-0.705905,0.44305,-1.133853,0.595687,0.454353
F15->F16,14,15,344.6064,113.4651,-0.482755,0.308742,-0.293564,0.230422,0.204762
F15->F16,14,16,333.4051,102.495,-0.231862,0.191294,-0.149741,0.097604,0.124586
F15->F16,14,17,319.8549,96.46,-0.040056,0.09167,0.229149,-0.074513,0.316368
F15->F16,14,18,304.9306,95.9397,0.098466,0.050999,0.091294,0.080648,0.030504
F15->F16,14,19,288.8427,100.3068,0.187384,-0.009581,0.201763,-0.051263,0.044092
F15->F16,14,20,273.7607,110.9007,0.226633,0.017797,0.082435,-0.02583,0.150653
F15->F16,14,21,260.8659,126.9821,0.277646,0.137289,0.557446,0.288974,0.31827
F15->F16,14,22,251.1186,144.774,0.458891,0.240658,0.271819,0.265168,0.18867
F15->F16,14,23,248.2247,165.1087,0.80799,0.347415,-0.033926,0.301142,0.843187
F15->F16,14,24,247.0058,184.3087,1.184294,0.399312,1.555962,0.931805,0.649374
F15->F16,14,25,246.6981,202.8924,1.331481,0.386226,1.929469,1.006375,0.861496
F15->F16,14,26,248.656,221.3365,1.3746,0.316046,1.464204,0.220272,0.131155
F15->F16,14,27,250.3855,239.9287,1.396353,0.254719,1.638392,0.407929,0.286455
F15->F16,14,28,250.8479,258.9452,1.443724,0.205735,1.405176,0.06007,0.150679
F15->F16,14,29,247.9049,278.7796,1.53784,0.171419,3.80472,1.345919,2.553075
F15->F16,14,30,242.936,299.0857,1.561944,0.152125,0.832491,0.081135,0.732899
F15->F16,14,31,241.429,320.009,1.484915,0.139726,1.754163,0.062161,0.280197
F15->F16,14,32,240.3832,340.2287,1.36225,0.078324,0.47186,-0.023972,0.896247
F15->F16,14,33,240.0197,358.1263,1.124411,-0.023564,2.291925,-0.185142,1.178642
F15->F16,14,34,243.9185,376.6897,0.879927,-0.086171,1.21202,-0.180355,0.34519
F15->F16,14,35,246.799,391.8695,0.585103,-0.141737,3.276509,0.020138,2.69627
F15->F16,14,36,412.3891,383.2058,-0.372567,-0.050431,3.130262,-1.026668,3.636324
F15->F16,14,37,414.3982,365.5416,-0.858629,-0.034633,0.052523,-1.120727,1.417673
F15->F16,14,38,420.4186,345.5069,-1.141353,-0.081301,-2.191426,-0.212959,1.058295
F15->F16,14,39,426.4278,326.5574,-1.172439,-0.0925,-2.289812,-0.204567,1.122979
F15->F16,14,40,427.1038,307.7475,-1.460902,0.029711,-4.229783,0.855975,2.889535
F15->F16,14,41,423.6403,289.0646,-1.691276,0.177433,-1.639541,0.321292,0.152879
F15->F16,14,42,419.4487,270.0478,-1.785745,0.294356,-2.938271,0.893639,1.299021
F15->F16,14,43,415.9932,250.7191,-1.775789,0.378884,-0.952637,0.238658,0.83501
F15->F16,14,44,409.9386,232.1952,-1.764253,0.455319,-0.925859,0.04688,0.932591
F15->F16,14,45,400.2538,214.4276,-1.67284,0.484715,-1.948848,0.919001,0.514573
F15->F16,14,46,392.1821,196.3581,-1.442308,0.500653,-2.370756,0.678954,0.945413
F15->F16,14,47,386.975,176.9875,-1.154199,0.474168,-1.80199,0.932485,0.793529
F15->F16,14,48,380.8259,158.0497,-0.922845,0.458017,-0.6074,0.4798,0.316196
F15->F16,14,49,372.1771,139.4976,-0.767499,0.431953,-1.149404,0.71028,0.472564
F15->F16,14,50,362.0613,120.8628,-0.586176,0.329074,-1.143818,0.558289,0.602913
F15->F16,14,51,350.7291,104.4687,-0.363154,0.198494,-0.2609,0.200695,0.102278
F15->F16,14,52,336.6352,93.5904,-0.166612,0.077829,-0.212283,-0.109471,0.192788
F15->F16,14,53,320.9415,88.1937,0.003311,0.006139,0.130762,-0.104299,0.168643
F15->F16,14,54,304.7776,88.2654,0.151568,-0.045447,0.056225,-0.036643,0.095748
F15->F16,14,55,286.7049,93.2544,0.216273,-0.076977,0.195439,-0.007656,0.072385
F15->F16,14,56,270.2227,105.254,0.238902,-0.041054,0.250921,0.056311,0.098104
F15->F16,14,57,256.7832,123.5134,0.254534,0.094274,0.633809,0.370706,0.469323
F15->F16,14,58,246.2415,142.6085,0.402338,0.213086,0.270486,0.111303,0.166567
F15->F16,14,59,240.7642,163.522,0.668193,0.321801,-0.131198,0.384165,0.80182
F15->F16,14,60,237.6377,183.3227,0.96402,0.390894,1.101282,0.546312,0.207354
F15->F16,14,61,237.1277,201.9869,1.145045,0.382996,1.213492,0.73957,0.363084
F15->F16,14,62,239.2072,220.6033,1.240558,0.324713,2.286244,0.645184,1.093692
F15->F16,14,63,240.7589,239.2012,1.289534,0.261906,0.715,0.338797,0.579656
F15->F16,14,64,240.4717,258.0965,1.283776,0.199999,1.214323,0.126248,0.101306
F15->F16,14,65,237.2812,277.9072,1.307644,0.156601,3.117675,0.992564,1.993751
F15->F16,14,66,232.4239,298.116,1.306242,0.112462,0.609051,0.091539,0.697505
F15->F16,14,67,230.9967,319.3554,1.234315,0.087923,1.317989,-0.260838,0.358658
F15->F16,14,68,229.421,339.7098,1.129902,0.011173,1.252103,0.036607,0.12482
F15->F16,14,69,228.956,358.8667,0.932511,-0.098209,1.699674,0.008678,0.774573
F15->F16,14,70,231.5856,378.1623,0.64875,-0.152966,-0.021202,-0.741897,0.892007
F15->F16,14,71,239.0168,392.8668,0.480145,-0.20567,-3.353448,-2.769573,4.611945
F15->F16,14,72,419.5715,385.0795,-0.315942,-0.273597,-3.814325,-17.688825,17.763132
F15->F16,14,73,421.5426,365.9579,-0.691963,-0.248041,0.907801,-1.21882,1.871272
F15->F16,14,74,427.1981,345.5361,-0.894927,-0.280083,-2.256068,-0.224355,1.362281
F15->F16,14,75,433.7941,325.8713,-0.958802,-0.271177,-2.441306,-0.291023,1.482637
F15->F16,14,76,435.3723,306.5336,-1.287219,-0.111761,-2.092855,0.048747,0.82147
F15->F16,14,77,432.618,287.6157,-1.497926,0.07926,-1.254924,-0.02865,0.265885
F15->F16,14,78,428.5923,267.8261,-1.616153,0.230225,-2.321607,0.84951,0.938712
F15->F16,14,79,425.9705,247.817,-1.583739,0.328618,-0.785253,0.127395,0.823451
F15->F16,14,80,420.7127,228.4385,-1.490486,0.390389,-0.948777,0.130961,0.600626
F15->F16,14,81,411.3948,210.5247,-1.403298,0.438811,-1.906458,0.961561,0.72556
F15->F16,14,82,403.405,192.1922,-1.198521,0.460008,-1.845141,0.876613,0.769205
F15->F16,14,83,397.1715,172.5931,-0.945295,0.442495,-1.957146,0.889503,1.106191
F15->F16,14,84,390.8341,152.9719,-0.717527,0.423824,-0.109465,-0.037421,0.763208
F15->F16,14,85,381.5737,133.4031,-0.618391,0.3947,-0.441918,0.086359,0.35527
F15->F16,14,86,370.0659,113.5976,-0.475756,0.265155,-0.23069,0.116926,0.286407
F15->F16,14,87,356.4317,97.3537,-0.28973,0.139513,-0.290348,0.023954,0.115561
F15->F16,14,88,339.6855,85.5138,-0.118384,-0.010622,0.004034,-0.104435,0.15423
F15->F16,14,89,321.9003,80.8816,0.042144,-0.064377,0.076981,0.021866,0.093013
F15->F16,14,90,303.8683,81.4442,0.179026,-0.094197,0.111611,-0.118825,0.071773
F15->F16,14,91,284.4125,86.9452,0.234984,-0.123028,0.105013,-0.071032,0.139986
F15->F16,14,92,266.4112,99.9603,0.239234,-0.05552,0.374899,0.249441,0.333775
F15->F16,14,93,253.5611,120.2753,0.286842,0.080599,0.436008,0.107887,0.151641
F15->F16,14,94,241.6393,140.8624,0.36575,0.200004,0.324656,0.118356,0.091407
F15->F16,14,95,233.4317,162.3822,0.539891,0.319726,0.132068,0.268648,0.411009
F15->F16,14,96,228.5859,182.6475,0.753479,0.388178,1.16696,0.533998,0.438441
F15->F16,14,97,228.0857,201.4353,0.981276,0.384979,0.932749,0.724903,0.343371
F15->F16,14,98,229.6426,220.0949,1.117334,0.336205,1.810273,0.890762,0.887524
F15->F16,14,99,230.708,238.6031,1.177037,0.267131,0.415872,-0.023303,0.814692
F15->F16,14,100,229.8667,257.3371,1.160658,0.195899,0.991751,0.130341,0.181183
F15->F16,14,101,226.8638,276.9256,1.122834,0.129473,0.446108,-0.021169,0.69329
F15->F16,14,102,222.2139,297.1125,1.080127,0.071064,0.542646,0.021472,0.539764
F15->F16,14,103,220.7285,318.3046,1.032466,0.027334,1.4831,-0.23894,0.523424
F15->F16,14,104,218.9036,338.8978,0.933517,-0.066777,1.35857,-0.028837,0.426742
F15->F16,14,105,217.6233,358.9146,0.730283,-0.199709,2.068834,0.00292,1.353801
F15->F16,14,106,220.0135,378.5033,0.509831,-0.266256,0.817937,-0.789671,0.607365
F15->F16,14,107,231.1524,393.848,0.368339,-0.269825,-2.092241,-1.760571,2.876939
F15->F16,14,108,426.7902,387.0479,-0.262583,-0.470438,1.017814,-0.851259,1.335829
F15->F16,14,109,427.641,366.9301,-0.612728,-0.425456,-1.077607,-0.087649,0.574653
F15->F16,14,110,433.0255,346.0467,-0.74242,-0.418181,-2.473134,-0.270437,1.737009
F15->F16,14,111,440.1569,325.2474,-0.925699,-0.411207,-2.388094,-0.255228,1.470691
F15->F16,14,112,443.2724,305.4203,-1.152903,-0.239157,-1.161793,-0.066355,0.173031
F15->F16,14,113,440.9525,286.2009,-1.353557,-0.006238,-1.223063,-0.061407,0.141676
F15->F16,14,114,437.7007,265.7691,-1.449585,0.172599,-0.608289,0.12559,0.842608
F15->F16,14,115,435.671,245.0494,-1.406151,0.288502,-0.65743,0.120546,0.767328
F15->F16,14,116,430.8205,225.133,-1.294326,0.356519,-0.624982,0.241878,0.67909
F15->F16,14,117,422.3816,206.8455,-1.180908,0.409387,-2.118424,0.902605,1.05934
F15->F16,14,118,414.219,188.4075,-1.006743,0.446039,-0.371011,-0.210087,0.913596
F15->F16,14,119,407.2119,168.3881,-0.756295,0.418609,-1.529533,1.174091,1.081041
F15->F16,14,120,399.9876,148.427,-0.608348,0.42134,-0.129292,0.061596,0.599092
F15->F16,14,121,390.7857,128.173,-0.507282,0.388253,-1.138471,0.592055,0.663276
F15->F16,14,122,378.2415,107.8766,-0.378337,0.256085,-0.171647,-0.047655,0.367395
F15->F16,14,123,362.1107,90.2038,-0.216192,0.081331,-0.120241,0.01812,0.114901
F15->F16,14,124,343.3331,79.0274,-0.058142,-0.02442,-0.063038,-0.107781,0.083505
F15->F16,14,125,323.4032,74.3302,0.089973,-0.083152,0.029529,-0.074092,0.06112
F15->F16,14,126,302.4589,75.0757,0.177351,-0.128487,0.207028,-0.214975,0.091439
F15->F16,14,127,281.897,80.8688,0.238873,-0.14513,0.127988,-0.112498,0.115588
F15->F16,14,128,262.7156,95.4799,0.246907,-0.027832,0.390385,0.25816,0.319965
F15->F16,14,129,249.6652,117.2179,0.303864,0.086429,0.181915,0.026941,0.135685
F15->F16,14,130,237.2194,139.7381,0.360031,0.220996,0.349065,0.056065,0.165295
F15->F16,14,131,226.2711,162.3645,0.446431,0.378363,1.015483,0.65937,0.634654
F15->F16,14,132,220.5255,182.4991,0.594323,0.408332,0.664873,0.450012,0.081942
F15->F16,14,133,219.0907,201.2184,0.829954,0.406203,0.460725,0.253706,0.399482
F15->F16,14,134,219.5495,219.6903,0.980255,0.351065,0.179087,0.098965,0.839896
F15->F16,14,135,219.7364,238.1484,1.048625,0.270962,0.233822,0.118374,0.828967
F15->F16,14,136,218.9257,256.7498,1.029818,0.190483,0.46178,-0.045273,0.615019
F15->F16,14,137,216.4039,275.9572,0.960724,0.097485,1.331255,0.005195,0.381852
F15->F16,14,138,212.4206,295.8676,0.894454,0.015671,0.634318,0.064777,0.26473
F15->F16,14,139,210.5039,316.7573,0.854365,-0.057633,1.419522,-0.193545,0.58127
F15->F16,14,140,208.2687,337.3139,0.749925,-0.169565,2.032813,-0.114141,1.284085
F15->F16,14,141,205.6528,357.6304,0.56989,-0.349999,1.731815,0.157767,1.268029
F15->F16,14,142,209.2153,379.254,0.390463,-0.338154,1.608646,-0.036333,1.255016
F15->F16,14,143,224.4023,394.8817,0.289777,-0.324002,-1.097634,-1.756454,1.994199
F15->F16,14,144,434.2709,388.9991,-0.233807,-0.647409,-0.455164,-0.280802,0.428252
F15->F16,14,145,433.2054,367.7905,-0.577762,-0.602293,-1.450631,-0.070377,1.022171
F15->F16,14,146,438.638,346.0845,-0.737524,-0.586093,-2.163193,-0.244904,1.465927
F15->F16,14,147,446.4366,324.8303,-0.904385,-0.531996,-2.441625,-0.177714,1.577538
F15->F16,14,148,450.5398,304.5725,-1.074258,-0.326037,-1.128798,0.003905,0.334419
F15->F16,14,149,448.8885,284.799,-1.231214,-0.077885,-1.4044,-0.125339,0.17957
F15->F16,14,150,446.515,263.9686,-1.29885,0.130374,-0.995087,0.032161,0.319245
F15->F16,14,151,445.3627,242.3979,-1.230864,0.247366,-0.65434,0.189531,0.579418
F15->F16,14,152,440.9556,221.9759,-1.109004,0.329188,-0.814298,0.140418,0.34998
F15->F16,14,153,433.2405,203.3665,-0.996183,0.399826,-1.301517,0.691013,0.421923
F15->F16,14,154,424.9422,184.8171,-0.829871,0.443749,-0.42118,-0.055791,0.645421
F15->F16,14,155,416.7922,164.8815,-0.639572,0.439412,-0.110719,0.180334,0.588903
F15->F16,14,156,409.3613,144.6974,-0.531673,0.459295,-0.140183,0.02648,0.583604
F15->F16,14,157,399.6162,123.8147,-0.432316,0.418976,-0.058695,0.075508,0.507507
F15->F16,14,158,386.3752,102.9351,-0.28516,0.283564,-0.012981,-0.018963,0.406945
F15->F16,14,159,368.2981,84.8116,-0.134084,0.108427,-0.008014,0.006773,0.161947
F15->F16,14,160,347.3665,73.2397,0.015056,-0.006446,-0.054752,-0.082427,0.103181
F15->F16,14,161,324.3927,68.6081,0.117077,-0.080015,0.012488,-0.10031,0.106539
F15->F16,14,162,300.936,69.3531,0.164532,-0.139823,0.20374,-0.062893,0.086345
F15->F16,14,163,278.855,75.3326,0.221672,-0.129523,0.182494,-0.104022,0.046747
F15->F16,14,164,258.8254,91.4264,0.24195,0.015647,0.837236,0.680709,0.892565
F15->F16,14,165,245.5932,115.1341,0.313373,0.139285,0.225153,0.068844,0.112893
F15->F16,14,166,232.1725,139.101,0.347041,0.272023,0.418517,0.11263,0.174685
F15->F16,14,167,219.2666,162.5269,0.367016,0.446342,1.043318,0.603755,0.694381
F15->F16,14,168,212.7196,183.1681,0.486611,0.484378,0.28545,0.174983,0.36904
F15->F16,14,169,210.0046,201.6272,0.690012,0.459976,0.962487,0.176498,0.393195
F15->F16,14,170,209.3705,219.513,0.832891,0.370124,0.499686,-0.125258,0.597017
F15->F16,14,171,208.9758,237.7841,0.909192,0.279254,0.422879,0.133173,0.50778
F15->F16,14,172,207.6278,256.2855,0.881723,0.181373,0.792634,0.075894,0.138068
F15->F16,14,173,205.6946,275.1449,0.801589,0.065293,0.961144,0.086209,0.16092
F15->F16,14,174,202.6013,294.2406,0.744179,-0.065624,0.457104,-0.127127,0.293589
F15->F16,14,175,200.3535,314.5021,0.6959,-0.165705,1.537399,-0.049755,0.849451
F15->F16,14,176,198.2355,334.9366,0.602669,-0.313397,1.785658,-1.165378,1.457853
F15->F16,14,177,194.8415,356.9648,0.461753,-0.466831,4.734439,10.874048,12.11905
F15->F16,14,178,201.1929,381.3809,0.335424,-0.344797,1.642414,0.138075,1.393337
F15->F16,14,179,218.1887,395.9461,0.234244,-0.353243,2.067863,-0.842732,1.89783
F16->F17,15,0,404.8795,383.0214,-0.252173,0.647426,-0.133023,0.935579,0.311816
F16->F17,15,1,406.4626,365.5011,-0.809977,0.563003,-2.951516,-18.114336,18.799712
F16->F17,15,2,411.197,346.547,-1.311891,0.473225,-0.673165,0.188165,0.69945
F16->F17,15,3,414.3461,328.3141,-1.485819,0.477172,-0.863222,0.112382,0.721596
F16->F17,15,4,415.2648,308.9918,-1.651195,0.466466,-0.957115,0.151472,0.762212
F16->F17,15,5,411.8407,291.1287,-1.792548,0.543986,-2.80027,0.991642,1.102678
F16->F17,15,6,407.9348,272.6031,-1.821542,0.561652,-0.234704,-0.093839,1.716893
F16->F17,15,7,403.8336,254.2766,-1.855811,0.597424,-2.777164,0.949953,0.986493
F16->F17,15,8,396.5561,236.5879,-1.891218,0.618019,-2.706744,0.980758,0.892559
F16->F17,15,9,386.2714,219.3044,-1.763255,0.573355,-2.510657,1.223001,0.990277
F16->F17,15,10,378.075,201.5152,-1.491943,0.529526,-2.002524,0.715024,0.543233
F16->F17,15,11,373.2113,182.9037,-1.182317,0.490732,-1.591225,1.042483,0.686756
F16->F17,15,12,367.625,164.7344,-0.943058,0.46115,-1.051487,0.660629,0.227043
F16->F17,15,13,361.2442,146.873,-0.66238,0.395547,-0.496477,0.095885,0.342522
F16->F17,15,14,353.4443,129.5863,-0.432241,0.327044,-0.230514,0.153629,0.26602
F16->F17,15,15,344.1237,113.7739,-0.277076,0.213103,-0.090749,0.073411,0.232877
F16->F17,15,16,333.1732,102.6863,-0.106983,0.107416,0.003456,0.126524,0.11208
F16->F17,15,17,319.8148,96.5517,0.000734,0.034311,0.089443,-0.034504,0.112272
F16->F17,15,18,305.0291,95.9907,0.068024,0.008367,0.078572,-0.065722,0.074836
F16->F17,15,19,289.0301,100.2972,0.108628,-0.022354,0.278468,-0.216103,0.257651
F16->F17,15,20,273.9874,110.9185,0.117598,0.011433,0.138426,-0.198861,0.211323
F16->F17,15,21,261.1435,127.1193,0.133237,0.10717,0.16655,0.061205,0.056767
F16->F17,15,22,251.5775,145.0147,0.253665,0.206442,0.339794,0.090733,0.144246
F16->F17,15,23,249.0327,165.4561,0.49678,0.296768,0.784833,0.401144,0.306381
F16->F17,15,24,248.1901,184.708,0.785912,0.358003,1.39388,0.70539,0.700217
F16->F17,15,25,248.0295,203.2786,0.90726,0.379162,0.47533,-0.016335,0.585647
F16->F17,15,26,250.0306,221.6526,0.944474,0.357938,0.425344,0.289088,0.523676
F16->F17,15,27,251.7818,240.1834,0.945641,0.341444,0.542597,0.45393,0.418446
F16->F17,15,28,252.2917,259.151,0.967264,0.338153,0.552999,0.225938,0.429195
F16->F17,15,29,249.4427,278.951,1.040266,0.341091,0.300782,0.084788,0.782641
F16->F17,15,30,244.4979,299.2379,1.10031,0.353507,0.341484,-8.340735,8.727295
F16->F17,15,31,242.9139,320.1487,1.079802,0.366091,1.909814,0.25547,0.837351
F16->F17,15,32,241.7454,340.307,0.98364,0.341169,-0.286623,0.238353,1.274417
F16->F17,15,33,241.1441,358.1027,0.804993,0.289519,0.022752,0.098668,0.805187
F16->F17,15,34,244.7984,376.6036,0.574631,0.2504,0.904701,0.068103,0.377065
F16->F17,15,35,247.3841,391.7277,0.339104,0.191626,0.019468,-0.044195,0.397213
F16->F17,15,36,412.0166,383.1553,-0.233559,0.333193,-1.340995,0.981883,1.283439
F16->F17,15,37,413.5396,365.507,-0.720714,0.324116,9.639165,11.156819,14.989148
F16->F17,15,38,419.2772,345.4256,-1.036151,0.248184,-1.214878,0.053183,0.264515
F16->F17,15,39,425.2553,326.4649,-1.082365,0.20915,-2.980313,0.955836,2.039546
F16->F17,15,40,425.6429,307.7772,-1.352332,0.303169,-2.63746,1.241826,1.591424
F16->F17,15,41,421.949,289.2421,-1.55757,0.417583,-1.146905,0.120305,0.506972
F16->F17,15,42,417.663,270.3422,-1.655895,0.498046,-0.413235,-0.167096,1.409474
F16->F17,15,43,414.2174,251.098,-1.655132,0.544958,-2.915841,0.909308,1.312302
F16->F17,15,44,408.1743,232.6505,-1.608746,0.564353,-2.006345,0.952822,0.555872
F16->F17,15,45,398.5809,214.9123,-1.434945,0.52554,-0.449101,0.005448,1.114623
F16->F17,15,46,390.7398,196.8587,-1.146171,0.499055,-1.727012,0.946811,0.73339
F16->F17,15,47,385.8208,177.4616,-0.848108,0.458162,-0.376309,-0.029423,0.678479
F16->F17,15,48,379.9031,158.5077,-0.624343,0.423031,-1.680357,1.045262,1.225699
F16->F17,15,49,371.4096,139.9296,-0.483315,0.377713,-0.439104,0.03867,0.341913
F16->F17,15,50,361.4751,121.1919,-0.334578,0.277228,0.140358,0.136911,0.495231
F16->F17,15,51,350.3659,104.6672,-0.179344,0.15526,-0.057434,0.040904,0.16715
F16->F17,15,52,336.4686,93.6682,-0.049337,0.039866,0.095819,0.096683,0.155879
F16->F17,15,53,320.9448,88.1998,0.038406,-0.014518,-0.013962,-0.02412,0.053241
F16->F17,15,54,304.9292,88.2199,0.109896,-0.046865,0.133631,-0.104072,0.061936
F16->F17,15,55,286.9212,93.1775,0.128719,-0.057412,0.121408,-0.140932,0.083839
F16->F17,15,56,270.4616,105.213,0.126085,-0.017017,0.330358,-0.203908,0.276867
F16->F17,15,57,257.0378,123.6077,0.12541,0.079992,0.27135,0.085518,0.146045
F16->F17,15,58,246.6438,142.8216,0.216734,0.189953,0.36537,-0.019609,0.256922
F16->F17,15,59,241.4324,163.8438,0.400686,0.285675,0.816743,0.235462,0.419076
F16->F17,15,60,238.6018,183.7136,0.634954,0.359403,0.883172,0.714833,0.433524
F16->F17,15,61,238.2727,202.3699,0.787009,0.382821,0.333131,-0.029167,0.612976
F16->F17,15,62,240.4477,220.928,0.853065,0.369201,0.379467,0.061476,0.564791
F16->F17,15,63,242.0484,239.4631,0.870258,0.351393,0.290859,-0.020552,0.688511
F16->F17,15,64,241.7554,258.2965,0.848524,0.339527,0.243757,0.164076,0.629703
F16->F17,15,65,238.5889,278.0638,0.86722,0.33451,1.172312,0.711835,0.485237
F16->F17,15,66,233.7301,298.2285,0.918581,0.327803,1.478953,-0.008875,0.653735
F16->F17,15,67,232.231,319.4433,0.894611,0.324127,0.161754,0.21969,0.740262
F16->F17,15,68,230.5509,339.7209,0.813803,0.285328,0.983129,0.22326,0.180343
F16->F17,15,69,229.8885,358.7685,0.662691,0.220078,0.292553,-0.042834,0.45401
F16->F17,15,70,232.2344,378.0093,0.412667,0.182587,1.117188,0.252286,0.707961
F16->F17,15,71,239.497,392.6611,0.268689,0.131731,-0.31117,0.064452,0.583749
F16->F17,15,72,419.2556,384.8059,-0.176924,0.113332,-2.46286,0.882266,2.411796
F16->F17,15,73,420.8507,365.7099,-0.565122,0.116281,0.096247,-0.008591,0.673054
F16->F17,15,74,426.3032,345.256,-0.805698,0.052991,-1.337747,-0.034523,0.539198
F16->F17,15,75,432.8353,325.6002,-0.882696,0.031387,-0.984234,0.185007,0.184145
F16->F17,15,76,434.0851,306.4219,-1.194002,0.160998,-2.236906,0.787561,1.216647
F16->F17,15,77,431.1201,287.6949,-1.383082,0.319032,-0.961859,0.086453,0.481167
F16->F17,15,78,426.9762,268.0563,-1.50489,0.44119,-0.875647,-0.115959,0.840453
F16->F17,15,79,424.3868,248.1456,-1.48336,0.509873,-0.860199,0.071001,0.762193
F16->F17,15,80,419.2222,228.8289,-1.361403,0.525505,-0.264677,-0.106754,1.265922
F16->F17,15,81,409.9915,210.9635,-1.187489,0.517769,-0.0832,0.066324,1.193004
F16->F17,15,82,402.2065,192.6522,-0.923653,0.499175,-0.400409,-0.148135,0.832342
F16->F17,15,83,396.2262,173.0356,-0.663494,0.470597,-1.321692,0.741937,0.711933
F16->F17,15,84,390.1166,153.3957,-0.456392,0.434793,-0.762028,0.924618,0.577357
F16->F17,15,85,380.9553,133.7978,-0.366024,0.386958,-0.161661,0.248635,0.246774
F16->F17,15,86,369.5902,113.8627,-0.247069,0.263657,-0.071711,0.177957,0.195179
F16->F17,15,87,356.142,97.4933,-0.121073,0.134551,-0.024004,-0.020494,0.182924
F16->F17,15,88,339.5671,85.5032,-0.006213,-0.00837,0.155265,0.089457,0.188799
F16->F17,15,89,321.9424,80.8172,0.070805,-0.05517,0.069286,-0.127933,0.072779
F16->F17,15,90,304.0473,81.35,0.132364,-0.072941,0.190979,-0.061083,0.059803
F16->F17,15,91,284.6474,86.8222,0.137363,-0.077049,0.16127,-0.133949,0.061718
F16->F17,15,92,266.6504,99.9048,0.116135,-0.012097,0.352978,-0.239805,0.328551
F16->F17,15,93,253.848,120.3559,0.14926,0.076194,0.314863,0.055295,0.166917
F16->F17,15,94,242.0051,141.0624,0.192421,0.183329,0.303465,0.033495,0.186497
F16->F17,15,95,233.9716,162.7019,0.315033,0.287057,-0.075209,0.416861,0.411264
F16->F17,15,96,229.3394,183.0357,0.491271,0.36136,-0.023665,0.458914,0.524095
F16->F17,15,97,229.067,201.8203,0.680153,0.386179,0.262024,0.143374,0.483515
F16->F17,15,98,230.76,220.4311,0.775958,0.378861,0.549089,0.141517,0.328331
F16->F17,15,99,231.885,238.8702,0.799538,0.358906,-0.022684,0.106125,0.860201
F16->F17,15,100,231.0274,257.533,0.771609,0.340959,-0.176523,-0.045729,1.023955
F16->F17,15,101,227.9867,277.0551,0.741307,0.320256,1.070778,0.668188,0.479174
F16->F17,15,102,223.294,297.1836,0.759231,0.302212,0.476184,-0.107416,0.497907
F16->F17,15,103,221.761,318.332,0.751615,0.286193,0.153144,0.162539,0.611112
F16->F17,15,104,219.8371,338.831,0.673173,0.229291,0.344065,-0.129031,0.486525
F16->F17,15,105,218.3536,358.7149,0.515518,0.141697,0.553713,0.159789,0.042264
F16->F17,15,106,220.5234,378.237,0.320153,0.076315,0.683236,0.953133,0.94902
F16->F17,15,107,231.5208,393.5782,0.195946,0.069163,-0.437865,0.177354,0.642979
F16->F17,15,108,426.5276,386.5774,-0.117979,-0.078337,0.055069,0.211274,0.337372
F16->F17,15,109,427.0282,366.5046,-0.485416,-0.055062,-1.060003,-0.189192,0.590035
F16->F17,15,110,432.2831,345.6285,-0.647232,-0.082373,-1.295881,0.009393,0.655108
F16->F17,15,111,439.2312,324.8362,-0.852285,-0.10606,-1.046179,-0.013209,0.21498
F16->F17,15,112,442.1195,305.1811,-1.073966,0.033276,-1.170244,-0.051299,0.12815
F16->F17,15,113,439.5989,286.1946,-1.253096,0.23527,-2.426423,0.702602,1.262971
F16->F17,15,114,436.2511,265.9417,-1.355887,0.390286,-0.97463,0.023415,0.529104
F16->F17,15,115,434.2648,245.3379,-1.314499,0.488063,-2.209162,0.774883,0.939514
F16->F17,15,116,429.5262,225.4895,-1.17011,0.523395,-0.201364,-0.049838,1.125639
F16->F17,15,117,421.2007,207.2549,-0.980889,0.531378,-0.277792,-0.185908,1.004412
F16->F17,15,118,413.2122,188.8536,-0.746817,0.528276,-0.210076,0.111432,0.679595
F16->F17,15,119,406.4556,168.8067,-0.495769,0.489246,-1.019682,0.873924,0.649971
F16->F17,15,120,399.3792,148.8484,-0.366635,0.468547,-0.007232,0.338616,0.382168
F16->F17,15,121,390.2784,128.5613,-0.284209,0.413288,0.052507,0.431727,0.33722
F16->F17,15,122,377.8631,108.1327,-0.178797,0.284459,-0.082935,0.150426,0.164786
F16->F17,15,123,361.8945,90.2851,-0.062616,0.115017,0.014999,0.038916,0.108699
F16->F17,15,124,343.2749,79.003,0.033585,-0.001671,0.190103,0.185028,0.243627
F16->F17,15,125,323.4931,74.247,0.10556,-0.062584,0.163945,-0.170874,0.123027
F16->F17,15,126,302.6363,74.9472,0.135601,-0.090046,0.098787,-0.126248,0.051632
F16->F17,15,127,282.1359,80.7237,0.135298,-0.078708,0.100593,-0.086635,0.035599
F16->F17,15,128,262.9625,95.4521,0.115126,0.016177,0.274275,-0.236369,0.298509
F16->F17,15,129,249.9691,117.3043,0.158493,0.086869,0.354993,-0.127824,0.291043
F16->F17,15,130,237.5794,139.9591,0.189594,0.197459,0.190537,0.101073,0.09639
F16->F17,15,131,226.7175,162.7428,0.261225,0.321484,0.23659,0.72621,0.405475
F16->F17,15,132,221.1199,182.9074,0.385703,0.37264,-0.216561,0.481644,0.612048
F16->F17,15,133,219.9207,201.6246,0.580787,0.397086,-0.074524,0.294706,0.66326
F16->F17,15,134,220.5298,220.0413,0.692784,0.386463,0.483748,-0.134502,0.561339
F16->F17,15,135,220.785,238.4193,0.726801,0.363685,0.011825,0.188128,0.736214
F16->F17,15,136,219.9555,256.9403,0.697283,0.340144,-0.050149,-0.107386,0.87117
F16->F17,15,137,217.3647,276.0547,0.640384,0.302808,-0.139091,0.27441,0.779992
F16->F17,15,138,213.3151,295.8833,0.629853,0.270675,0.64878,0.027143,0.244266
F16->F17,15,139,211.3583,316.6997,0.634702,0.238132,0.28396,-0.041484,0.448559
F16->F17,15,140,209.0186,337.1443,0.547462,0.1649,1.40775,0.707352,1.01703
F16->F17,15,141,206.2227,357.2804,0.397706,0.031875,2.757806,0.815292,2.486727
F16->F17,15,142,209.6057,378.9159,0.246852,0.014933,2.114325,0.960348,2.093147
F16->F17,15,143,224.6921,394.5577,0.152439,0.020201,0.864352,0.194999,0.733059
F16->F17,15,144,434.0371,388.3517,-0.086856,-0.254674,-1.462586,-0.147242,1.379919
F16->F17,15,145,432.6276,367.1882,-0.436885,-0.221968,-1.472234,-0.2882,1.037465
F16->F17,15,146,437.9005,345.4984,-0.632369,-0.242955,-0.962015,0.045134,0.437792
F16->F17,15,147,445.5323,324.2983,-0.83297,-0.222663,0.529821,-1.255344,1.709863
F16->F17,15,148,449.4655,304.2465,-1.002187,-0.051084,-0.192056,-1.220449,1.422578
F16->F17,15,149,447.6572,284.7211,-1.140709,0.165011,-0.837926,0.182763,0.303303
F16->F17,15,150,445.2162,264.099,-1.212959,0.353964,-0.872314,0.188916,0.378523
F16->F17,15,151,444.1319,242.6453,-1.148045,0.463722,-1.797214,1.067565,0.886593
F16->F17,15,152,439.8466,222.3051,-0.986241,0.531138,-0.007911,0.087157,1.07436
F16->F17,15,153,432.2443,203.7664,-0.805512,0.571434,-0.250249,-0.114324,0.882373
F16->F17,15,154,424.1123,185.2608,-0.586101,0.573387,-1.394383,0.848409,0.85379
F16->F17,15,155,416.1527,165.3209,-0.399776,0.542819,-1.520691,1.092229,1.248319
F16->F17,15,156,408.8297,145.1567,-0.321655,0.524436,0.001704,0.206998,0.453131
F16->F17,15,157,399.1839,124.2337,-0.238321,0.458553,0.077263,0.058757,0.509343
F16->F17,15,158,386.09,103.2187,-0.118279,0.323167,0.00194,0.060488,0.288882
F16->F17,15,159,368.164,84.92,-0.007602,0.1522,0.028954,0.006316,0.150394
F16->F17,15,160,347.3816,73.2333,0.078747,0.025549,0.062753,0.106132,0.082155
F16->F17,15,161,324.5097,68.5281,0.126351,-0.051316,0.085635,-0.072303,0.045807
F16->F17,15,162,301.1006,69.2132,0.129422,-0.093942,0.072188,-0.083218,0.058231
F16->F17,15,163,279.0766,75.2031,0.120563,-0.054538,0.060483,-0.080897,0.065608
F16->F17,15,164,259.0674,91.4421,0.105794,0.054528,-0.009627,-0.217915,0.295884
F16->F17,15,165,245.9066,115.2734,0.159473,0.124536,0.458493,-0.020875,0.332501
F16->F17,15,166,232.5195,139.3731,0.189786,0.225194,0.15638,0.039316,0.188856
F16->F17,15,167,219.6337,162.9732,0.216401,0.360404,0.287114,0.721003,0.367467
F16->F17,15,168,213.2062,183.6525,0.315805,0.410592,-0.088615,0.353969,0.408365
F16->F17,15,169,210.6946,202.0871,0.490757,0.424441,-0.165274,0.370839,0.658217
F16->F17,15,170,210.2033,219.8831,0.602132,0.395768,-0.036289,0.205346,0.666215
F16->F17,15,171,209.885,238.0634,0.649612,0.367689,0.165019,0.187925,0.516861
F16->F17,15,172,208.5095,256.4669,0.625883,0.336283,-0.036259,0.020569,0.733558
F16->F17,15,173,206.4962,275.2102,0.558106,0.286454,0.027502,0.150641,0.54771
F16->F17,15,174,203.3455,294.1749,0.535182,0.225395,0.780171,-0.017383,0.344906
F16->F17,15,175,201.0494,314.3364,0.536968,0.181059,-0.02507,0.020564,0.584504
F16->F17,15,176,198.8382,334.6232,0.451073,0.081636,0.554278,0.243622,0.192069
F16->F17,15,177,195.3032,356.4979,0.314042,-0.042596,3.51262,1.91524,3.750203
F16->F17,15,178,201.5283,381.0361,0.22463,0.014563,9.110791,9.543428,13.029318
F16->F17,15,179,218.4229,395.5928,0.125352,-0.00243,1.50603,0.198687,1.395249
F17->F18,16,0,404.6273,383.6688,0.024198,1.63301,-0.563139,1.139554,0.767114
F17->F18,16,1,405.6527,366.0642,-0.532092,1.420275,-1.858434,0.782886,1.471547
F17->F18,16,2,409.8851,347.0202,-1.137729,1.219429,-3.989889,1.916104,2.936013
F17->F18,16,3,412.8603,328.7913,-1.339158,1.107051,-3.170039,1.870872,1.983822
F17->F18,16,4,413.6136,309.4583,-1.481663,1.038276,-0.451298,0.002409,1.461052
F17->F18,16,5,410.0482,291.6727,-1.555837,1.004307,-1.317833,0.913873,0.254605
F17->F18,16,6,406.1133,273.1647,-1.517346,0.926706,-1.910399,1.104729,0.43149
F17->F18,16,7,401.9778,254.8741,-1.428602,0.839974,-1.44068,0.794433,0.047116
F17->F18,16,8,394.6649,237.2059,-1.236974,0.708042,-1.505048,1.255225,0.609322
F17->F18,16,9,384.5082,219.8778,-0.867965,0.532402,0.007346,0.234075,0.924752
F17->F18,16,10,376.583,202.0447,-0.521535,0.427109,0.023664,0.239729,0.576501
F17->F18,16,11,372.029,183.3944,-0.245864,0.367496,0.21115,0.226056,0.478401
F17->F18,16,12,366.6819,165.1955,-0.078151,0.311562,0.190081,0.269853,0.271455
F17->F18,16,13,360.5819,147.2685,0.070553,0.222668,0.070116,0.251193,0.028528
F17->F18,16,14,353.012,129.9134,0.149466,0.154757,-0.147819,-0.093646,0.387404
F17->F18,16,15,343.8466,113.987,0.131683,0.104298,0.135667,0.253992,0.149747
F17->F18,16,16,333.0663,102.7938,0.123788,0.018402,0.038803,0.018663,0.084986
F17->F18,16,17,319.8156,96.586,0.064289,-0.000455,0.25518,-0.040311,0.195007
F17->F18,16,18,305.0971,95.9991,-0.008239,0.010053,-0.086772,0.004804,0.078709
F17->F18,16,19,289.1387,100.2749,-0.065856,0.051667,-0.215852,0.077574,0.152217
F17->F18,16,20,274.105,110.9299,-0.107596,0.095502,-0.069589,0.124569,0.047848
F17->F18,16,21,261.2768,127.2265,-0.146067,0.141911,0.028185,0.196873,0.182715
F17->F18,16,22,251.8311,145.2211,-0.118909,0.244466,-0.135149,0.153794,0.092115
F17->F18,16,23,249.5295,165.7529,-0.095296,0.299406,-0.381002,0.319594,0.286419
F17->F18,16,24,248.976,185.066,-0.028772,0.379936,-0.223996,0.217593,0.253905
F17->F18,16,25,248.9368,203.6578,-0.006272,0.478853,-0.475107,0.404721,0.47466
F17->F18,16,26,250.9751,222.0105,-0.042063,0.56033,0.383023,0.656705,0.435875
F17->F18,16,27,252.7275,240.5249,-0.173615,0.627026,0.366631,0.707065,0.546143
F17->F18,16,28,253.2589,259.4891,-0.278571,0.701641,0.786714,0.833002,1.073354
F17->F18,16,29,250.483,279.2921,-0.306503,0.760609,-0.133143,0.983928,0.282711
F17->F18,16,30,245.5982,299.5914,-0.192794,0.811516,0.058717,0.909759,0.270018
F17->F18,16,31,243.9938,320.5148,-0.11565,0.85107,-0.697843,1.265784,0.714798
F17->F18,16,32,242.7291,340.6482,-0.14661,0.881605,-0.238972,0.897019,0.09364
F17->F18,16,33,241.9491,358.3922,-0.1509,0.93335,0.051938,1.121871,0.276917
F17->F18,16,34,245.3731,376.854,-0.318468,0.962703,-1.549077,0.753574,1.248252
F17->F18,16,35,247.7232,391.9193,-0.409611,0.99344,0.777393,1.838088,1.45685
F17->F18,16,36,411.783,383.4885,0.041524,1.33369,-3.30093,1.753801,3.368753
F17->F18,16,37,412.8189,365.8311,-0.485792,1.159928,-1.577784,0.882148,1.12677
F17->F18,16,38,418.2411,345.6738,-0.924122,0.980161,-0.901308,0.966835,0.026421
F17->F18,16,39,424.173,326.6741,-1.008391,0.847181,-1.639404,1.229242,0.737663
F17->F18,16,40,424.2905,308.0804,-1.248706,0.881601,-0.959882,0.040402,0.889401
F17->F18,16,41,420.3914,289.6597,-1.397783,0.93165,-1.28021,0.80014,0.176403
F17->F18,16,42,416.0071,270.8402,-1.426455,0.935688,-2.089868,1.027344,0.669715
F17->F18,16,43,412.5623,251.6429,-1.315092,0.881062,-1.804505,1.090185,0.532219
F17->F18,16,44,406.5656,233.2149,-1.052938,0.760076,-1.262846,0.889552,0.246628
F17->F18,16,45,397.146,215.4379,-0.656334,0.591566,-1.130871,0.995646,0.623271
F17->F18,16,46,389.5936,197.3578,-0.323495,0.500427,0.253356,0.223513,0.639874
F17->F18,16,47,384.9727,177.9198,-0.088177,0.443882,0.372814,0.379425,0.465475
F17->F18,16,48,379.2787,158.9307,0.061664,0.376565,-0.635497,0.891058,0.86645
F17->F18,16,49,370.9263,140.3073,0.13672,0.29915,0.259994,0.177541,0.173163
F17->F18,16,50,361.1405,121.4691,0.181558,0.22045,-0.102341,0.045394,0.333531
F17->F18,16,51,350.1866,104.8224,0.159888,0.134486,0.156018,0.243332,0.108915
F17->F18,16,52,336.4193,93.7081,0.153726,0.030981,0.060657,0.104735,0.11875
F17->F18,16,53,320.9832,88.1853,0.082219,0.011878,0.257221,0.038223,0.176974
F17->F18,16,54,305.039,88.1731,-0.002932,0.03091,0.050292,0.03063,0.053225
F17->F18,16,55,287.0499,93.12,-0.073869,0.072228,-0.078877,0.089492,0.017976
F17->F18,16,56,270.5877,105.196,-0.11198,0.119807,0.012373,0.090923,0.127663
F17->F18,16,57,257.1632,123.6877,-0.134841,0.140349,-0.121418,0.127255,0.018753
F17->F18,16,58,246.8606,143.0116,-0.12722,0.245405,-0.118982,0.183516,0.062434
F17->F18,16,59,241.8331,164.1295,-0.110121,0.314308,-0.522575,0.221735,0.422715
F17->F18,16,60,239.2367,184.073,-0.042999,0.388696,-0.12471,0.331313,0.099847
F17->F18,16,61,239.0597,202.7527,-0.003264,0.486588,-0.952041,0.276365,0.971788
F17->F18,16,62,241.3008,221.2972,-0.050277,0.569046,-0.292339,0.745936,0.299807
F17->F18,16,63,242.9187,239.8145,-0.184296,0.637338,0.012955,0.76619,0.235607
F17->F18,16,64,242.604,258.636,-0.303802,0.710023,0.277176,0.792982,0.586871
F17->F18,16,65,239.4561,278.3983,-0.349791,0.768528,-0.54169,0.133106,0.663767
F17->F18,16,66,234.6487,298.5563,-0.202282,0.814656,0.444821,0.925721,0.656565
F17->F18,16,67,233.1256,319.7674,-0.144994,0.830918,-0.403465,1.119134,0.387137
F17->F18,16,68,231.3647,340.0063,-0.172595,0.855085,0.551432,0.938849,0.728856
F17->F18,16,69,230.5512,358.9886,-0.189506,0.889771,0.126085,0.943881,0.320197
F17->F18,16,70,232.647,378.1919,-0.292654,0.921097,0.614356,0.751432,0.922743
F17->F18,16,71,239.7657,392.7928,-0.377092,0.950102,-0.517088,1.216284,0.300752
F17->F18,16,72,419.0787,384.9192,0.099303,1.092095,-2.953642,1.908691,3.160269
F17->F18,16,73,420.2855,365.8262,-0.375599,0.942756,-0.833941,0.68591,0.525402
F17->F18,16,74,425.4975,345.309,-0.728552,0.781933,-1.298636,0.840243,0.573059
F17->F18,16,75,431.9526,325.6316,-0.849826,0.67597,-2.12188,0.894,1.290604
F17->F18,16,76,432.8911,306.5829,-1.143951,0.758969,-2.419126,0.730835,1.275485
F17->F18,16,77,429.737,288.014,-1.278197,0.878628,-1.157735,0.867407,0.120984
F17->F18,16,78,425.4713,268.4975,-1.336723,0.950851,-1.117579,1.132332,0.284533
F17->F18,16,79,422.9034,248.6555,-1.218389,0.939423,-0.876568,1.127574,0.390182
F17->F18,16,80,417.8608,229.3544,-0.889265,0.829282,-1.191681,0.896097,0.309708
F17->F18,16,81,408.804,211.4813,-0.490529,0.68532,-14.805615,19.007954,23.251679
F17->F18,16,82,401.2828,193.1514,-0.182078,0.589885,-0.321851,0.685666,0.169442
F17->F18,16,83,395.5627,173.5062,0.007088,0.535238,-0.9682,0.847239,1.023978
F17->F18,16,84,389.6602,153.8305,0.118406,0.463165,-1.079831,0.831651,1.253617
F17->F18,16,85,380.5892,134.1848,0.164437,0.385215,0.116183,0.021791,0.366614
F17->F18,16,86,369.3431,114.1264,0.200421,0.290564,0.465499,0.439871,0.304235
F17->F18,16,87,356.0209,97.6278,0.173134,0.166732,0.228978,0.249987,0.100248
F17->F18,16,88,339.5609,85.4948,0.174465,0.051117,0.147697,0.065281,0.030284
F17->F18,16,89,322.0132,80.762,0.094978,0.020894,0.1119,0.116215,0.096812
F17->F18,16,90,304.1797,81.2771,0.00295,0.043518,0.132871,-0.000203,0.13708
F17->F18,16,91,284.7848,86.7451,-0.08732,0.09714,-0.03521,0.071105,0.058251
F17->F18,16,92,266.7666,99.8927,-0.143635,0.159538,0.020787,0.126813,0.167648
F17->F18,16,93,253.9972,120.4321,-0.137007,0.161018,-0.176136,0.302769,0.147052
F17->F18,16,94,242.1975,141.2457,-0.13815,0.249883,-0.117146,0.165854,0.086615
F17->F18,16,95,234.2866,162.989,-0.116365,0.31905,-0.393369,0.296395,0.277928
F17->F18,16,96,229.8306,183.397,-0.061171,0.38819,0.587468,0.771937,0.753654
F17->F18,16,97,229.7471,202.2065,-0.001571,0.483276,-0.150829,0.714039,0.274826
F17->F18,16,98,231.5359,220.81,-0.048012,0.565643,-0.248289,0.910709,0.398976
F17->F18,16,99,232.6846,239.2292,-0.178345,0.640462,0.123207,0.869956,0.378947
F17->F18,16,100,231.799,257.8739,-0.288997,0.714706,0.285155,0.897832,0.602649
F17->F18,16,101,228.728,277.3754,-0.340496,0.77693,-0.84555,0.272413,0.713874
F17->F18,16,102,224.0533,297.4858,-0.202102,0.820291,-0.221032,0.856475,0.040837
F17->F18,16,103,222.5126,318.6182,-0.147372,0.837484,0.396638,0.75263,0.550587
F17->F18,16,104,220.5103,339.0603,-0.179673,0.848704,0.036142,0.87529,0.217446
F17->F18,16,105,218.8691,358.8566,-0.195093,0.876256,0.13628,0.927387,0.335295
F17->F18,16,106,220.8435,378.3133,-0.279855,0.857887,1.88085,0.674264,2.168493
F17->F18,16,107,231.7167,393.6473,-0.341145,0.905812,-0.389268,1.187135,0.285409
F17->F18,16,108,426.4096,386.4991,0.164024,0.877108,-0.562185,1.266157,0.823856
F17->F18,16,109,426.5428,366.4496,-0.299685,0.760544,-1.060707,0.719287,0.76214
F17->F18,16,110,431.6358,345.5461,-0.551789,0.619946,0.077813,0.166703,0.775776
F17->F18,16,111,438.3789,324.7302,-0.845787,0.550549,-0.768249,0.135508,0.422222
F17->F18,16,112,441.0455,305.2144,-1.06821,0.653843,-1.846045,1.046391,0.871275
F17->F18,16,113,438.3458,286.4299,-1.183433,0.839181,-1.345414,0.797662,0.167218
F17->F18,16,114,434.8952,266.332,-1.242038,0.975507,-0.336316,0.804852,0.921659
F17->F18,16,115,432.9503,245.826,-1.108975,1.028191,-0.448266,0.751824,0.716181
F17->F18,16,116,428.3561,226.0129,-0.754563,0.940727,-0.212529,0.80649,0.558409
F17->F18,16,117,420.2198,207.7863,-0.363533,0.802394,-0.020926,0.889994,0.353628
F17->F18,16,118,412.4654,189.3819,-0.077339,0.696364,-0.382652,0.616783,0.315515
F17->F18,16,119,405.9599,169.296,0.094983,0.627471,-0.644313,1.03928,0.846254
F17->F18,16,120,399.0126,149.3169,0.144059,0.553673,-0.138055,0.518431,0.284307
F17->F18,16,121,389.9942,128.9745,0.166853,0.458195,0.273535,0.29164,0.197791
F17->F18,16,122,377.6843,108.4171,0.184886,0.339754,0.475069,0.435939,0.305709
F17->F18,16,123,361.8319,90.4002,0.185734,0.198107,0.201011,0.185032,0.020109
F17->F18,16,124,343.3085,79.0013,0.159528,0.074332,0.156588,0.008803,0.065595
F17->F18,16,125,323.5987,74.1844,0.094019,0.017845,0.11908,0.039344,0.033019
F17->F18,16,126,302.7719,74.8572,0.015418,0.049736,0.022838,-0.093922,0.143849
F17->F18,16,127,282.2712,80.645,-0.100936,0.128099,-0.121766,0.064971,0.066475
F17->F18,16,128,263.0776,95.4683,-0.163603,0.182455,-0.099346,0.126604,0.085137
F17->F18,16,129,250.1276,117.3912,-0.147245,0.183743,-0.139534,0.257727,0.074385
F17->F18,16,130,237.769,140.1566,-0.146482,0.252144,-0.06188,0.210709,0.094204
F17->F18,16,131,226.9787,163.0643,-0.099469,0.296476,-0.029897,0.035202,0.270378
F17->F18,16,132,221.5056,183.2801,-0.066142,0.371297,-0.175429,0.401208,0.113307
F17->F18,16,133,220.5014,202.0217,-0.013378,0.45998,0.064714,0.542568,0.113662
F17->F18,16,134,221.2226,220.4278,-0.038411,0.546556,0.200231,0.947941,0.466969
F17->F18,16,135,221.5118,238.783,-0.151205,0.63655,0.29152,0.987627,0.565032
F17->F18,16,136,220.6528,257.2804,-0.252885,0.715426,0.206051,0.842041,0.476081
F17->F18,16,137,218.005,276.3575,-0.305002,0.784953,0.400582,0.691086,0.711801
F17->F18,16,138,213.9449,296.1539,-0.197645,0.837287,-0.438863,1.102607,0.358582
F17->F18,16,139,211.993,316.9378,-0.125431,0.865321,0.222614,0.812182,0.352079
F17->F18,16,140,209.5661,337.3092,-0.167485,0.86899,-0.649953,0.708095,0.508588
F17->F18,16,141,206.6204,357.3123,-0.196846,0.871216,-9.174889,1.163122,8.982787
F17->F18,16,142,209.8526,378.9308,-0.230287,0.823594,-8.128509,-7.029744,11.13808
F17->F18,16,143,224.8445,394.5779,-0.293004,0.875247,-0.072062,0.922453,0.225929
F17->F18,16,144,433.9503,388.097,0.202246,0.659537,-0.161852,3.665635,3.028068
F17->F18,16,145,432.1907,366.9662,-0.229796,0.590631,-1.173187,0.793503,0.964958
F17->F18,16,146,437.2681,345.2554,-0.535285,0.461488,-0.049362,0.038775,0.644056
F17->F18,16,147,444.6993,324.0756,-0.845685,0.447762,0.8289,-1.060603,2.253752
F17->F18,16,148,448.4633,304.1954,-1.002773,0.59433,0.260108,0.255902,1.30744
F17->F18,16,149,446.5165,284.8861,-1.080583,0.805538,-1.222046,0.890011,0.164764
F17->F18,16,150,444.0032,264.453,-1.124344,1.012884,-2.103164,1.886032,1.311669
F17->F18,16,151,442.9838,243.109,-1.000629,1.115639,-0.402412,0.901462,0.635402
F17->F18,16,152,438.8603,222.8363,-0.634473,1.064985,-0.008515,1.086414,0.626325
F17->F18,16,153,431.4388,204.3378,-0.265023,0.934482,0.249373,1.00545,0.519268
F17->F18,16,154,423.5262,185.8342,-0.000911,0.810157,0.471717,0.428794,0.6073
F17->F18,16,155,415.7529,165.8638,0.128632,0.716971,-0.187986,0.809387,0.329829
F17->F18,16,156,408.508,145.6812,0.114707,0.627766,-0.112505,0.522412,0.250449
F17->F18,16,157,398.9456,124.6922,0.137587,0.513492,0.178795,0.155741,0.360116
F17->F18,16,158,385.9717,103.5419,0.153241,0.371475,0.072514,0.167278,0.219575
F17->F18,16,159,368.1564,85.0722,0.155153,0.215699,0.05012,0.040736,0.204068
F17->F18,16,160,347.4603,73.2588,0.137931,0.086821,0.057957,0.00149,0.11695
F17->F18,16,161,324.6361,68.4768,0.094542,0.032033,0.089988,0.03998,0.00916
F17->F18,16,162,301.23,69.1193,0.024822,0.05157,-0.008525,-0.113635,0.168537
F17->F18,16,163,279.1972,75.1485,-0.115747,0.165388,-0.215026,0.148673,0.100676
F17->F18,16,164,259.1732,91.4966,-0.180374,0.203983,-0.079046,0.07194,0.166441
F17->F18,16,165,246.066,115.398,-0.161568,0.19212,0.028484,0.328252,0.233777
F17->F18,16,166,232.7093,139.5983,-0.1256,0.233066,-0.210437,0.262723,0.089872
F17->F18,16,167,219.8501,163.3336,-0.079162,0.26581,0.074238,-0.072655,0.371605
F17->F18,16,168,213.522,184.063,-0.074051,0.319995,-0.192718,0.350328,0.122481
F17->F18,16,169,211.1854,202.5116,-0.022258,0.41685,-0.262164,0.408533,0.24005
F17->F18,16,170,210.8055,220.2789,-0.03566,0.523433,-0.876236,0.16738,0.912876
F17->F18,16,171,210.5346,238.431,-0.111074,0.622246,0.615503,0.778578,0.743204
F17->F18,16,172,209.1354,256.8032,-0.169463,0.715073,-0.786593,0.127359,0.852208
F17->F18,16,173,207.0543,275.4966,-0.226408,0.796756,-0.011599,0.899495,0.238114
F17->F18,16,174,203.8807,294.4003,-0.169738,0.86995,-0.15526,1.279108,0.409414
F17->F18,16,175,201.5864,314.5174,-0.091992,0.922135,0.274867,1.007885,0.376747
F17->F18,16,176,199.2892,334.7048,-0.143293,0.923634,-0.751109,0.786009,0.623203
F17->F18,16,177,195.6173,356.4553,-0.218738,0.885949,-6.11606,1.826082,5.971789
F17->F18,16,178,201.7529,381.0507,-0.189225,0.809357,9.51057,8.01399,12.082746
F17->F18,16,179,218.5483,395.5904,-0.251926,0.855438,-1.186044,0.150024,1.170549
F18->F19,17,0,404.6515,385.3019,0.143051,2.646148,-1.113919,2.001622,1.412582
F18->F19,17,1,405.1206,367.4844,-0.312171,2.271695,-7.49365,-15.244142,18.93088
F18->F19,17,2,408.7474,348.2397,-1.006803,1.957042,-1.425905,1.902514,0.422634
F18->F19,17,3,411.5211,329.8984,-1.18878,1.768604,-2.287385,1.817066,1.099673
F18->F19,17,4,412.132,310.4966,-1.287129,1.661263,-2.190681,1.943229,0.946525
F18->F19,17,5,408.4923,292.677,-1.295435,1.534379,1.029394,1.257912,2.34121
F18->F19,17,6,404.5959,274.0914,-1.215796,1.391034,-1.831084,1.992645,0.860532
F18->F19,17,7,400.5492,255.714,-1.090933,1.224688,-1.754713,2.030337,1.043874
F18->F19,17,8,393.4279,237.9139,-0.790375,1.001574,-0.566106,1.209036,0.305512
F18->F19,17,9,383.6402,220.4102,-0.288807,0.744562,-0.572302,1.094934,0.450699
F18->F19,17,10,376.0615,202.4718,0.075451,0.588099,1.098748,0.176677,1.102907
F18->F19,17,11,371.7831,183.7619,0.289473,0.504429,-0.360944,0.703849,0.680301
F18->F19,17,12,366.6038,165.5071,0.408926,0.417141,0.750787,0.292197,0.363978
F18->F19,17,13,360.6524,147.4912,0.482734,0.301906,1.037657,0.406209,0.564641
F18->F19,17,14,353.1615,130.0681,0.472615,0.238515,0.595889,0.310288,0.142646
F18->F19,17,15,343.9783,114.0913,0.343078,0.219228,0.526521,0.063157,0.240852
F18->F19,17,16,333.19,102.8122,0.218202,0.115834,0.268525,0.070528,0.067712
F18->F19,17,17,319.8799,96.5856,0.049766,0.105264,-0.027052,0.189453,0.113969
F18->F19,17,18,305.0889,96.0091,-0.116017,0.125951,0.087746,0.257435,0.242503
F18->F19,17,19,289.0729,100.3266,-0.231353,0.217905,-0.219292,0.133803,0.084962
F18->F19,17,20,273.9974,111.0254,-0.302625,0.274048,-0.140688,0.36691,0.186673
F18->F19,17,21,261.1307,127.3684,-0.36549,0.297365,-0.558819,0.195801,0.218384
F18->F19,17,22,251.7122,145.4656,-0.356313,0.419846,-0.551134,0.354583,0.205461
F18->F19,17,23,249.4342,166.0523,-0.446126,0.45256,0.143218,0.83922,0.704864
F18->F19,17,24,248.9472,185.4459,-0.503784,0.555886,0.36496,1.016605,0.98335
F18->F19,17,25,248.9305,204.1367,-0.547227,0.720583,0.082431,0.830421,0.639167
F18->F19,17,26,250.9331,222.5708,-0.663102,0.878934,-0.258234,0.995653,0.421357
F18->F19,17,27,252.5539,241.1519,-0.934196,1.001993,-0.820258,1.00619,0.114016
F18->F19,17,28,252.9804,260.1908,-1.152651,1.124075,-1.030787,1.035634,0.150574
F18->F19,17,29,250.1765,280.0527,-1.236961,1.213282,-2.025017,1.06735,0.801454
F18->F19,17,30,245.4054,300.4029,-1.059546,1.278549,-0.214177,1.722516,0.954859
F18->F19,17,31,243.8781,321.3659,-0.935634,1.317995,-0.796588,0.931913,0.410357
F18->F19,17,32,242.5825,341.5298,-0.927571,1.355393,-2.870033,1.251128,1.945258
F18->F19,17,33,241.7982,359.3256,-0.80741,1.469193,0.273931,1.643787,1.095345
F18->F19,17,34,245.0546,377.8167,-0.953261,1.524812,0.850277,1.878485,1.837889
F18->F19,17,35,247.3136,392.9128,-0.914844,1.666418,0.508036,2.127158,1.495617
F18->F19,17,36,411.8245,384.8222,0.173175,2.411958,1.348979,1.056038,1.794724
F18->F19,17,37,412.3331,366.9911,-0.320127,2.021489,-0.778104,1.800023,0.508715
F18->F19,17,38,417.317,346.6539,-0.838739,1.741841,-1.938699,1.984612,1.126432
F18->F19,17,39,423.1646,327.5213,-0.924099,1.543309,-2.063228,1.846514,1.178791
F18->F19,17,40,423.0418,308.962,-1.120593,1.522232,0.312159,1.413793,1.43685
F18->F19,17,41,418.9937,290.5913,-1.208695,1.509559,-1.053076,2.017973,0.531697
F18->F19,17,42,414.5806,271.7759,-1.192567,1.445837,-1.841935,1.978306,0.839763
F18->F19,17,43,411.2472,252.524,-1.057994,1.322917,-1.237012,1.870486,0.57609
F18->F19,17,44,405.5126,233.975,-0.696469,1.116212,-0.244809,0.918828,0.492906
F18->F19,17,45,396.4897,216.0294,-0.166311,0.864317,-0.099626,0.795915,0.095529
F18->F19,17,46,389.2701,197.8582,0.165271,0.720778,0.314006,0.880493,0.218245
F18->F19,17,47,384.8845,178.3637,0.327507,0.647649,-0.093313,1.008397,0.554282
F18->F19,17,48,379.3404,159.3073,0.434461,0.547997,0.434526,0.409765,0.138232
F18->F19,17,49,371.063,140.6064,0.47763,0.448641,0.186173,0.86553,0.508668
F18->F19,17,50,361.3221,121.6896,0.460922,0.390714,-0.020293,0.500006,0.49347
F18->F19,17,51,350.3464,104.9569,0.322361,0.311736,0.413044,0.351972,0.099209
F18->F19,17,52,336.573,93.7391,0.230866,0.179178,0.247663,0.218578,0.042831
F18->F19,17,53,321.0654,88.1972,0.055683,0.148586,-0.099298,0.11267,0.159088
F18->F19,17,54,305.0361,88.204,-0.135345,0.190248,-0.030455,0.28827,0.143562
F18->F19,17,55,286.976,93.1923,-0.25578,0.267976,-0.195152,0.220466,0.077025
F18->F19,17,56,270.4757,105.3158,-0.308392,0.325421,-0.226986,0.312881,0.082366
F18->F19,17,57,257.0283,123.828,-0.348668,0.307415,-0.394059,0.319677,0.047018
F18->F19,17,58,246.7333,143.257,-0.358521,0.427702,-0.086879,0.544589,0.295723
F18->F19,17,59,241.7229,164.4438,-0.423257,0.480008,0.394001,0.645947,0.833934
F18->F19,17,60,239.1937,184.4617,-0.443621,0.563285,-0.367563,0.877254,0.32305
F18->F19,17,61,239.0565,203.2393,-0.48109,0.728202,-0.154182,1.009125,0.43103
F18->F19,17,62,241.2505,221.8663,-0.636975,0.886127,-0.522281,0.912485,0.117684
F18->F19,17,63,242.7344,240.4519,-0.919128,1.013332,-0.445566,1.040073,0.474317
F18->F19,17,64,242.3002,259.3461,-1.13162,1.140757,-1.201767,0.957937,0.195816
F18->F19,17,65,239.1063,279.1668,-1.21601,1.237176,-0.781479,1.726213,0.654198
F18->F19,17,66,234.4464,299.3709,-0.974151,1.307936,0.440795,1.728996,1.476267
F18->F19,17,67,232.9806,320.5984,-0.889859,1.315902,-1.170223,1.196404,0.304768
F18->F19,17,68,231.1921,340.8614,-0.887199,1.361125,-0.088426,1.668596,0.855907
F18->F19,17,69,230.3616,359.8783,-0.809271,1.459956,0.610304,1.964385,1.506533
F18->F19,17,70,232.3544,379.113,-0.799328,1.536251,0.959643,1.767193,1.774067
F18->F19,17,71,239.3886,393.7429,-0.793619,1.652646,-0.655314,1.829265,0.224327
F18->F19,17,72,419.178,386.0113,0.224919,2.182247,6.64105,-1.0452,7.182141
F18->F19,17,73,419.9099,366.7689,-0.259768,1.832014,0.598306,1.046907,1.16305
F18->F19,17,74,424.769,346.0909,-0.66828,1.576755,-0.544451,1.139951,0.454017
F18->F19,17,75,431.1028,326.3075,-0.810086,1.401798,0.394679,1.309806,1.208272
F18->F19,17,76,431.7472,307.3418,-1.091258,1.438096,0.175727,1.128422,1.304281
F18->F19,17,77,428.4588,288.8926,-1.158848,1.50221,0.270097,1.286143,1.445189
F18->F19,17,78,424.1345,269.4484,-1.172665,1.513924,-1.443224,1.617629,0.289754
F18->F19,17,79,421.685,249.5949,-1.035089,1.432897,0.172223,1.142965,1.241637
F18->F19,17,80,416.9716,230.1837,-0.610158,1.245678,0.347465,1.215934,0.958085
F18->F19,17,81,408.3135,212.1666,-0.069815,1.00404,0.392454,1.069,0.466811
F18->F19,17,82,401.1007,193.7412,0.240977,0.851336,0.358989,1.166999,0.337002
F18->F19,17,83,395.5698,174.0414,0.365777,0.774576,0.003006,1.161334,0.530268
F18->F19,17,84,389.7786,154.2937,0.42264,0.675891,0.795433,0.116176,0.6725
F18->F19,17,85,380.7537,134.57,0.444277,0.585914,0.123634,0.669308,0.33131
F18->F19,17,86,369.5435,114.4169,0.429521,0.518306,0.777423,0.237236,0.447255
F18->F19,17,87,356.194,97.7945,0.30319,0.371171,0.51097,0.04061,0.39044
F18->F19,17,88,339.7353,85.5459,0.23804,0.241337,0.173646,0.211295,0.071057
F18->F19,17,89,322.1082,80.7829,0.056615,0.182793,-0.03817,0.013466,0.194052
F18->F19,17,90,304.1826,81.3206,-0.137882,0.21864,-0.245907,0.228414,0.108467
F18->F19,17,91,284.6975,86.8422,-0.278531,0.314311,-0.216817,0.204817,0.125689
F18->F19,17,92,266.6229,100.0522,-0.343938,0.384647,-0.299404,0.245678,0.14593
F18->F19,17,93,253.8602,120.5932,-0.370116,0.343362,-0.302653,0.333744,0.068145
F18->F19,17,94,242.0593,141.4956,-0.370991,0.434207,0.037025,0.626498,0.451058
F18->F19,17,95,234.1702,163.308,-0.389344,0.481489,-0.778363,0.173741,0.496028
F18->F19,17,96,229.7695,183.7852,-0.399799,0.552533,-0.29913,0.764152,0.234343
F18->F19,17,97,229.7455,202.6898,-0.428446,0.714573,0.044919,0.817941,0.484519
F18->F19,17,98,231.4879,221.3756,-0.59909,0.870918,0.018739,0.762479,0.627273
F18->F19,17,99,232.5062,239.8696,-0.876691,1.012916,-0.387653,1.141646,0.505697
F18->F19,17,100,231.51,258.5886,-1.066669,1.148682,-1.07523,1.015019,0.133937
F18->F19,17,101,228.3875,278.1523,-1.127007,1.263561,-0.335634,1.860143,0.991051
F18->F19,17,102,223.8512,298.3061,-0.885115,1.337308,-1.766389,1.114162,0.909086
F18->F19,17,103,222.3652,319.4556,-0.819255,1.358187,0.431766,1.605122,1.275159
F18->F19,17,104,220.3306,339.909,-0.824588,1.399577,-2.721594,1.06752,1.925849
F18->F19,17,105,218.674,359.7329,-0.737481,1.512777,0.629658,2.122149,1.496797
F18->F19,17,106,220.5637,379.1712,-0.705124,1.550684,0.708447,1.984255,1.478569
F18->F19,17,107,231.3756,394.5531,-0.665086,1.64792,-1.219627,2.106653,0.719689
F18->F19,17,108,426.5736,387.3762,0.279185,1.963434,5.504169,-12.310247,15.199948
F18->F19,17,109,426.2431,367.2101,-0.189861,1.670987,0.330372,1.143018,0.741211
F18->F19,17,110,431.0841,346.1661,-0.468153,1.41117,-0.512807,1.141607,0.273237
F18->F19,17,111,437.5331,325.2807,-0.85277,1.306887,0.412095,1.28307,1.26509
F18->F19,17,112,439.9773,305.8683,-1.093304,1.375738,-0.266282,0.924047,0.942333
F18->F19,17,113,437.1624,287.2691,-1.131121,1.513051,-0.179976,1.092092,1.040136
F18->F19,17,114,433.6532,267.3075,-1.15135,1.593808,-1.640769,2.172683,0.758041
F18->F19,17,115,431.8414,246.8542,-1.000735,1.576322,-1.071136,1.783886,0.219178
F18->F19,17,116,427.6015,226.9536,-0.537445,1.402342,1.022298,1.040248,1.601222
F18->F19,17,117,419.8562,208.5887,-0.017733,1.158884,-0.071177,1.043369,0.12728
F18->F19,17,118,412.3881,190.0782,0.285861,0.981577,0.327469,1.46778,0.487981
F18->F19,17,119,406.0548,169.9235,0.404448,0.896945,0.22224,1.192222,0.346969
F18->F19,17,120,399.1567,149.8706,0.405306,0.795373,-0.095783,0.825665,0.502004
F18->F19,17,121,390.1611,129.4327,0.38769,0.685,0.920543,0.1305,0.769027
F18->F19,17,122,377.8692,108.7569,0.349146,0.571343,0.061139,0.608313,0.29037
F18->F19,17,123,362.0176,90.5983,0.284477,0.429233,0.230187,0.234247,0.202402
F18->F19,17,124,343.4681,79.0756,0.185311,0.265736,0.126434,0.176138,0.107211
F18->F19,17,125,323.6927,74.2023,0.033936,0.169294,-0.007288,0.023984,0.151045
F18->F19,17,126,302.7873,74.9069,-0.112323,0.228894,-0.080897,0.391596,0.165709
F18->F19,17,127,282.1703,80.7731,-0.293427,0.362589,-0.173969,0.221655,0.18475
F18->F19,17,128,262.914,95.6507,-0.373731,0.402158,-0.262776,0.303183,0.148685
F18->F19,17,129,249.9803,117.5749,-0.389629,0.372227,-0.399317,0.328579,0.04471
F18->F19,17,130,237.6225,140.4087,-0.388,0.423215,-0.104016,0.680528,0.383219
F18->F19,17,131,226.8793,163.3608,-0.331992,0.413728,-0.000185,0.620154,0.390778
F18->F19,17,132,221.4394,183.6514,-0.356407,0.50816,-1.141797,0.406431,0.791951
F18->F19,17,133,220.4881,202.4817,-0.403302,0.659443,-0.29709,0.858,0.225179
F18->F19,17,134,221.1842,220.9744,-0.543339,0.829346,-1.648897,-0.097112,1.442422
F18->F19,17,135,221.3606,239.4196,-0.78974,1.000145,-1.216641,0.935328,0.431793
F18->F19,17,136,220.3999,257.9958,-0.960085,1.149764,-0.808976,1.056739,0.177447
F18->F19,17,137,217.7,277.1424,-1.007334,1.290401,0.606691,2.055617,1.786234
F18->F19,17,138,213.7473,296.9912,-0.811453,1.38965,0.10738,1.781894,0.999054
F18->F19,17,139,211.8676,317.8031,-0.724331,1.440531,-2.115519,1.148415,1.421526
F18->F19,17,140,209.3986,338.1782,-0.731603,1.491446,-0.213565,1.961078,0.699227
F18->F19,17,141,206.4236,358.1835,-0.652466,1.608635,-0.204558,2.1827,0.728129
F18->F19,17,142,209.6223,379.7544,-0.540503,1.559026,-8.906965,5.858261,9.40644
F18->F19,17,143,224.5515,395.4531,-0.558805,1.659238,-0.68983,2.051863,0.41391
F18->F19,17,144,434.1525,388.7566,0.334371,1.747641,1.090499,3.988833,2.365306
F18->F19,17,145,431.9609,367.5569,-0.092349,1.543663,0.157599,1.113332,0.497652
F18->F19,17,146,436.7328,345.7169,-0.460273,1.281983,-0.52415,1.164975,0.133308
F18->F19,17,147,443.8536,324.5234,-0.900008,1.239015,0.228873,1.110751,1.136145
F18->F19,17,148,447.4606,304.7897,-1.082061,1.357838,-0.180421,0.865186,1.027454
F18->F19,17,149,445.436,285.6916,-1.08845,1.52777,-1.552789,2.009471,0.669064
F18->F19,17,150,442.8789,265.4659,-1.109619,1.681314,-1.462172,1.889724,0.409546
F18->F19,17,151,441.9832,244.2247,-0.97145,1.720719,-1.415978,1.879604,0.472069
F18->F19,17,152,438.2258,223.9013,-0.49035,1.56661,-0.920221,1.921668,0.557543
F18->F19,17,153,431.1738,205.2723,0.004491,1.313087,-0.918417,1.867373,1.076565
F18->F19,17,154,423.5253,186.6444,0.294303,1.107787,-0.349563,1.728403,0.894275
F18->F19,17,155,415.8815,166.5807,0.397194,0.985378,0.236659,1.261403,0.319314
F18->F19,17,156,408.6227,146.3089,0.319799,0.868983,0.379892,1.034252,0.175856
F18->F19,17,157,399.0832,125.2057,0.297712,0.738092,0.274488,0.356584,0.382214
F18->F19,17,158,386.125,103.9133,0.245925,0.581596,0.146022,0.135191,0.457448
F18->F19,17,159,368.3115,85.2879,0.187416,0.415862,0.067718,0.039772,0.394679
F18->F19,17,160,347.5982,73.3457,0.116236,0.254434,0.123992,0.02798,0.226587
F18->F19,17,161,324.7306,68.5088,0.021973,0.180846,-0.043467,0.05186,0.144636
F18->F19,17,162,301.2548,69.1709,-0.086234,0.22276,0.051792,0.499981,0.309682
F18->F19,17,163,279.0815,75.3139,-0.305391,0.415446,-0.133695,0.156201,0.310946
F18->F19,17,164,258.9928,91.7006,-0.388935,0.412808,-0.212259,0.48926,0.192509
F18->F19,17,165,245.9045,115.5901,-0.407941,0.361784,-0.461341,0.239232,0.133681
F18->F19,17,166,232.5837,139.8313,-0.354112,0.368526,-0.086758,0.706137,0.430649
F18->F19,17,167,219.7709,163.5995,-0.273976,0.330405,-0.036981,0.641411,0.391013
F18->F19,17,168,213.448,184.383,-0.339271,0.386174,-1.065209,0.182259,0.754035
F18->F19,17,169,211.1631,202.9284,-0.382306,0.558689,-0.395186,0.903384,0.344935
F18->F19,17,170,210.7698,220.8023,-0.493916,0.777467,-1.956642,0.301188,1.538314
F18->F19,17,171,210.4235,239.0533,-0.692051,0.969435,-1.299088,1.066563,0.614759
F18->F19,17,172,208.966,257.5182,-0.780524,1.148359,-0.459409,1.207711,0.326555
F18->F19,17,173,206.8279,276.2934,-0.824366,1.3191,-1.534231,0.952804,0.7988
F18->F19,17,174,203.711,295.2703,-0.712604,1.478291,0.212973,1.752065,0.965217
F18->F19,17,175,201.4944,315.4395,-0.620772,1.584499,-2.217708,1.116885,1.663992
F18->F19,17,176,199.146,335.6284,-0.634172,1.657399,-0.110342,1.883304,0.570465
F18->F19,17,177,195.3985,357.3413,-0.634526,1.6942,0.980104,20.0,18.376869
F18->F19,17,178,201.5637,381.8601,-0.455643,1.540728,-5.580784,0.675495,5.197663
F18->F19,17,179,218.2964,396.4459,-0.473278,1.660281,-0.356154,2.232121,0.583711
F19->F20,18,0,404.7946,387.948,0.026317,3.260201,1.442728,1.723979,2.089546
F19->F20,18,1,404.8084,369.7561,-0.212035,2.767556,-1.864539,9.598367,7.027855
F19->F20,18,2,407.7405,350.1967,-0.893871,2.398949,-0.912494,1.892705,0.506586
F19->F20,18,3,410.3323,331.667,-0.99393,2.218285,-0.559448,2.038815,0.470089
F19->F20,18,4,410.8448,312.1578,-1.033434,2.116838,-0.524338,2.062242,0.512015
F19->F20,18,5,407.1969,294.2114,-1.023632,1.963509,-0.591777,2.279161,0.534916
F19->F20,18,6,403.3801,275.4825,-0.98957,1.816689,-0.827685,2.02108,0.260734
F19->F20,18,7,399.4583,256.9387,-0.990275,1.656401,-1.024036,1.816145,0.163273
F19->F20,18,8,392.6375,238.9155,-0.804869,1.451806,-1.107068,1.81662,0.473723
F19->F20,18,9,383.3514,221.1547,-0.364405,1.196025,0.456491,1.481772,0.869208
F19->F20,18,10,376.137,203.0599,-0.046348,1.006736,0.186484,1.010724,0.232866
F19->F20,18,11,372.0726,184.2664,0.115329,0.891536,-0.193572,0.853744,0.311204
F19->F20,18,12,367.0127,165.9242,0.250262,0.769777,0.066085,0.58289,0.262389
F19->F20,18,13,361.1351,147.7931,0.351448,0.6334,-0.711671,0.857835,1.086551
F19->F20,18,14,353.6341,130.3066,0.369318,0.573987,0.382064,0.31458,0.25972
F19->F20,18,15,344.3213,114.3105,0.250189,0.531458,0.3586,0.46576,0.126764
F19->F20,18,16,333.4082,102.928,0.123177,0.376997,0.066507,0.339853,0.067758
F19->F20,18,17,319.9296,96.6908,-0.046405,0.316216,0.141256,0.332024,0.188325
F19->F20,18,18,304.9728,96.1351,-0.216229,0.308403,-0.113132,0.235117,0.12649
F19->F20,18,19,288.8415,100.5445,-0.31684,0.404175,0.0319,0.326644,0.357255
F19->F20,18,20,273.6947,111.2994,-0.382433,0.477487,-0.572412,0.230934,0.311257
F19->F20,18,21,260.7652,127.6658,-0.424763,0.518388,-0.007513,0.577331,0.421393
F19->F20,18,22,251.3559,145.8854,-0.331184,0.668126,-0.242487,0.833831,0.18795
F19->F20,18,23,248.9881,166.5049,-0.345478,0.703482,-0.216725,0.799279,0.160482
F19->F20,18,24,248.4435,186.0018,-0.328753,0.829147,-0.882601,0.753753,0.558955
F19->F20,18,25,248.3833,204.8572,-0.339815,1.021043,-0.460018,1.011936,0.120547
F19->F20,18,26,250.27,223.4498,-0.488105,1.196798,-0.585878,1.036059,0.18814
F19->F20,18,27,251.6197,242.1539,-0.804408,1.328942,-0.93527,1.178219,0.199605
F19->F20,18,28,251.8277,261.3148,-1.05005,1.451805,-1.446378,1.169138,0.486802
F19->F20,18,29,248.9395,281.266,-1.079496,1.536202,0.85275,1.734754,1.94242
F19->F20,18,30,244.3459,301.6814,-0.8531,1.593408,0.089755,1.711618,0.950237
F19->F20,18,31,242.9425,322.6839,-0.770885,1.606329,0.222337,2.025623,1.078099
F19->F20,18,32,241.6549,342.8852,-0.793372,1.60501,0.762323,1.702966,1.558776
F19->F20,18,33,240.9908,360.7948,-0.695297,1.706422,-2.11206,2.215524,1.505457
F19->F20,18,34,244.1013,379.3415,-0.914849,1.719989,-1.221009,1.764299,0.30935
F19->F20,18,35,246.3988,394.5792,-0.819514,1.922582,-1.593389,1.896102,0.774328
F19->F20,18,36,411.9977,387.2342,0.078464,3.154345,0.87138,1.706255,1.650963
F19->F20,18,37,412.013,369.0125,-0.26493,2.590146,0.718828,2.115433,1.092305
F19->F20,18,38,416.4782,348.3958,-0.747531,2.25949,0.049042,1.898337,0.87462
F19->F20,18,39,422.2405,329.0646,-0.776995,2.063246,0.283732,1.187583,1.375474
F19->F20,18,40,421.9212,310.4842,-0.922343,2.009161,-1.286341,1.923687,0.373899
F19->F20,18,41,417.785,292.1009,-0.978119,1.952689,-1.226073,1.982729,0.249767
F19->F20,18,42,413.388,273.2218,-0.997016,1.85241,-2.445668,2.773391,1.716625
F19->F20,18,43,410.1892,253.8469,-1.000396,1.731719,-0.813004,1.954393,0.291032
F19->F20,18,44,404.8161,235.0912,-0.764499,1.542284,-1.034692,1.884242,0.43582
F19->F20,18,45,396.3233,216.8937,-0.274303,1.290246,-1.099595,1.945686,1.053902
F19->F20,18,46,389.4354,198.579,0.026809,1.117376,-0.20387,0.998186,0.259652
F19->F20,18,47,385.212,179.0113,0.148696,1.027364,-0.020322,0.995246,0.172043
F19->F20,18,48,379.7748,159.8553,0.281349,0.907027,0.11201,1.032764,0.210916
F19->F20,18,49,371.5406,141.0551,0.35249,0.79926,0.025146,0.773907,0.328324
F19->F20,18,50,361.783,122.0803,0.359583,0.751005,0.734854,0.253435,0.623221
F19->F20,18,51,350.6688,105.2686,0.227364,0.639087,-0.048099,0.670876,0.277292
F19->F20,18,52,336.8039,93.9183,0.138267,0.442709,0.173414,0.456943,0.03792
F19->F20,18,53,321.1211,88.3457,-0.03944,0.3483,0.02077,0.384185,0.070093
F19->F20,18,54,304.9008,88.3942,-0.236342,0.364372,-0.105156,0.274709,0.1589
F19->F20,18,55,286.7202,93.4602,-0.3364,0.446333,-0.217602,0.455214,0.11913
F19->F20,18,56,270.1674,105.6412,-0.37681,0.52153,-0.605658,0.284808,0.329254
F19->F20,18,57,256.6797,124.1354,-0.422561,0.523213,-0.111618,0.663626,0.341177
F19->F20,18,58,246.3748,143.6847,-0.356411,0.671346,-0.243833,0.860421,0.220052
F19->F20,18,59,241.2997,164.9238,-0.351077,0.72449,0.027146,0.746681,0.378873
F19->F20,18,60,238.7501,185.025,-0.293935,0.831096,-0.817194,0.783279,0.52544
F19->F20,18,61,238.5754,203.9675,-0.300971,1.027414,-0.282295,0.954006,0.075746
F19->F20,18,62,240.6136,222.7524,-0.48108,1.208601,-0.197828,1.195924,0.283536
F19->F20,18,63,241.8152,241.4652,-0.811705,1.349567,-1.123899,1.188973,0.351078
F19->F20,18,64,241.1685,260.4868,-1.051782,1.48048,0.093821,1.765402,1.180503
F19->F20,18,65,237.8903,280.404,-1.099093,1.575876,1.087513,1.8058,2.198661
F19->F20,18,66,233.4723,300.6788,-0.805216,1.637702,-1.52579,1.04482,0.933132
F19->F20,18,67,232.0908,321.9143,-0.778404,1.620754,-0.963841,1.817708,0.270513
F19->F20,18,68,230.3049,342.2225,-0.800736,1.637132,2.804407,1.198266,3.631757
F19->F20,18,69,229.5524,361.3383,-0.740077,1.73378,-0.487366,2.391586,0.704678
F19->F20,18,70,231.555,380.6493,-0.749646,1.791713,-0.454401,2.230155,0.528584
F19->F20,18,71,238.595,395.3956,-0.672864,1.947372,-1.593659,1.802196,0.932169
F19->F20,18,72,419.4029,388.1935,0.109611,2.986646,1.365255,1.892297,1.665605
F19->F20,18,73,419.6502,368.601,-0.238796,2.487541,0.499108,2.257085,0.773054
F19->F20,18,74,424.1007,347.6677,-0.589107,2.176947,-0.400067,1.840898,0.385571
F19->F20,18,75,430.2927,327.7093,-0.701885,1.981674,-1.675176,1.996801,0.973409
F19->F20,18,76,430.6559,308.7799,-0.970729,1.973619,-3.342713,2.766501,2.500994
F19->F20,18,77,427.3,290.3948,-0.993793,1.960611,-1.00737,2.132514,0.172438
F19->F20,18,78,422.9619,270.9623,-1.030726,1.915747,-2.017123,2.875909,1.37655
F19->F20,18,79,420.6499,251.0278,-1.021931,1.806962,-1.009801,1.982535,0.175991
F19->F20,18,80,416.3614,231.4294,-0.719004,1.637194,-1.342902,1.831754,0.653531
F19->F20,18,81,408.2437,213.1706,-0.200021,1.384082,0.704489,1.079859,0.954301
F19->F20,18,82,401.3417,194.5926,0.084528,1.21458,-0.199285,1.160904,0.288844
F19->F20,18,83,395.9356,174.816,0.197312,1.128445,0.273673,1.139362,0.077138
F19->F20,18,84,390.2012,154.9696,0.282653,1.023106,0.059626,1.062235,0.226434
F19->F20,18,85,381.198,135.1559,0.324091,0.943694,0.210133,1.041015,0.149859
F19->F20,18,86,369.973,114.9352,0.321503,0.887637,-0.162052,0.601893,0.561672
F19->F20,18,87,356.4972,98.1657,0.203214,0.691984,-0.193524,0.556192,0.419333
F19->F20,18,88,339.9734,85.7873,0.148756,0.504312,0.221701,0.394561,0.131781
F19->F20,18,89,322.1648,80.9657,-0.037032,0.373163,-0.04534,0.42848,0.055938
F19->F20,18,90,304.0447,81.5393,-0.23414,0.37768,-0.140518,0.313105,0.113732
F19->F20,18,91,284.419,87.1566,-0.350506,0.481104,-0.091536,0.546183,0.267023
F19->F20,18,92,266.279,100.4368,-0.394948,0.584831,-0.369599,0.464961,0.122521
F19->F20,18,93,253.4901,120.9365,-0.450457,0.560594,-0.095444,0.526072,0.356687
F19->F20,18,94,241.6883,141.9298,-0.387671,0.670535,-0.133388,0.823015,0.296496
F19->F20,18,95,233.7809,163.7895,-0.338386,0.718501,-0.159929,0.816418,0.203555
F19->F20,18,96,229.3697,184.3377,-0.286587,0.80868,-0.54184,0.79758,0.255495
F19->F20,18,97,229.3171,203.4043,-0.281902,1.008628,-0.512318,0.939281,0.240626
F19->F20,18,98,230.8888,222.2466,-0.463315,1.192976,-0.649586,1.274477,0.203321
F19->F20,18,99,231.6295,240.8825,-0.777771,1.348928,0.641079,1.860624,1.508299
F19->F20,18,100,230.4433,259.7373,-0.99467,1.496218,-0.09062,1.800758,0.953966
F19->F20,18,101,227.2605,279.4158,-1.032212,1.611918,-1.490837,1.385686,0.511388
F19->F20,18,102,222.966,299.6434,-0.749898,1.678018,-2.540699,0.995072,1.916608
F19->F20,18,103,221.546,320.8138,-0.741731,1.676614,-0.17777,1.911473,0.61091
F19->F20,18,104,219.506,341.3086,-0.772727,1.699538,-2.454431,1.32067,1.723853
F19->F20,18,105,217.9365,361.2457,-0.709331,1.824425,-1.028026,2.129547,0.44121
F19->F20,18,106,219.8585,380.7219,-0.640892,1.893945,2.198573,2.743937,2.963959
F19->F20,18,107,230.7105,396.2011,-0.51805,1.992523,-2.220418,1.864931,1.707142
F19->F20,18,108,426.8528,389.3396,0.130921,2.80589,9.854356,-12.593663,18.212397
F19->F20,18,109,426.0533,368.8811,-0.175859,2.390574,-0.053504,1.980806,0.427645
F19->F20,18,110,430.6159,347.5773,-0.372827,2.061829,-0.902233,1.950712,0.540942
F19->F20,18,111,436.6804,326.5876,-0.792471,1.941445,-1.675125,2.20571,0.921365
F19->F20,18,112,438.884,307.244,-1.062234,1.961169,-2.820607,3.12107,2.106478
F19->F20,18,113,436.0313,288.7821,-1.052029,1.996253,-2.177281,2.811729,1.389674
F19->F20,18,114,432.5018,268.9013,-1.077589,1.983131,-0.441263,1.780717,0.667744
F19->F20,18,115,430.8406,248.4305,-1.042068,1.897173,-0.567907,2.139218,0.532367
F19->F20,18,116,427.0641,228.356,-0.677907,1.727797,-0.791384,2.104847,0.393756
F19->F20,18,117,419.8385,209.7475,-0.177271,1.478666,-1.086098,1.997,1.046249
F19->F20,18,118,412.6739,191.0598,0.112777,1.29922,0.072354,1.119049,0.18465
F19->F20,18,119,406.4593,170.8204,0.246839,1.221627,0.380776,1.237649,0.134892
F19->F20,18,120,399.562,150.666,0.270281,1.131606,0.120322,1.128973,0.149983
F19->F20,18,121,390.5488,130.1177,0.255996,1.039849,0.231648,1.229925,0.191629
F19->F20,18,122,378.2184,109.3282,0.227976,0.924078,0.180415,0.573052,0.354233
F19->F20,18,123,362.3021,91.0275,0.184606,0.746251,0.350818,0.539632,0.265175
F19->F20,18,124,343.6534,79.3414,0.09583,0.517196,0.049377,0.409152,0.117607
F19->F20,18,125,323.7266,74.3716,-0.055004,0.343617,0.036252,0.427077,0.123665
F19->F20,18,126,302.675,75.1358,-0.195495,0.37077,-0.129713,0.127692,0.251821
F19->F20,18,127,281.8768,81.1357,-0.355932,0.52291,-0.17358,0.530271,0.1825
F19->F20,18,128,262.5403,96.0529,-0.420464,0.609317,-0.29043,0.531693,0.151441
F19->F20,18,129,249.5907,117.9472,-0.465991,0.590058,-0.282465,0.464664,0.222273
F19->F20,18,130,237.2345,140.832,-0.414036,0.650624,-0.135918,0.700562,0.282565
F19->F20,18,131,226.5473,163.7745,-0.291365,0.640955,-0.002837,0.745506,0.306887
F19->F20,18,132,221.083,184.1595,-0.276579,0.752184,0.054032,1.068378,0.457474
F19->F20,18,133,220.0848,203.1411,-0.287288,0.943519,-0.484512,1.139881,0.278308
F19->F20,18,134,220.6408,221.8037,-0.427145,1.149266,0.350597,1.762218,0.990249
F19->F20,18,135,220.5709,240.4197,-0.690125,1.335656,-1.171249,1.314663,0.481581
F19->F20,18,136,219.4398,259.1456,-0.882163,1.500546,-1.642314,1.074287,0.871508
F19->F20,18,137,216.6927,278.4328,-0.9267,1.644309,0.279741,1.844306,1.222906
F19->F20,18,138,212.9358,298.3809,-0.71525,1.739286,-0.132795,2.059014,0.66444
F19->F20,18,139,211.1432,319.2437,-0.677702,1.768388,-0.466126,2.284712,0.557992
F19->F20,18,140,208.667,339.6696,-0.695452,1.822045,-7.566096,-9.219506,13.004676
F19->F20,18,141,205.7711,359.7921,-0.606205,1.971895,3.699931,-9.012418,11.798218
F19->F20,18,142,209.0818,381.3134,-0.41808,1.947522,-1.10323,2.074868,0.696884
F19->F20,18,143,223.9927,397.1124,-0.424186,2.059137,-4.769616,1.126593,4.444367
F19->F20,18,144,434.4869,390.5042,0.198692,2.660862,2.863258,0.996415,3.141703
F19->F20,18,145,431.8686,369.1005,-0.049328,2.365133,-0.373973,1.91092,0.558305
F19->F20,18,146,436.2725,346.9989,-0.3742,2.008844,1.367629,1.009578,2.008109
F19->F20,18,147,442.9536,325.7624,-0.899052,1.925637,-3.128712,2.93726,2.448421
F19->F20,18,148,446.3785,306.1476,-1.15266,1.984367,-2.131323,2.771227,1.255759
F19->F20,18,149,444.3475,287.2194,-1.109996,2.042605,-0.196033,1.964288,0.917313
F19->F20,18,150,441.7693,267.1472,-1.142026,2.05742,-2.031552,2.914873,1.235509
F19->F20,18,151,441.0117,245.9454,-1.078183,1.989521,-0.283292,2.001331,0.794978
F19->F20,18,152,437.7355,225.4679,-0.671528,1.812233,-0.270986,1.934249,0.418714
F19->F20,18,153,431.1783,206.5854,-0.186396,1.56545,-0.975979,2.006649,0.904488
F19->F20,18,154,423.8196,187.7522,0.110552,1.372963,0.217667,1.424204,0.118741
F19->F20,18,155,416.2787,167.5661,0.244669,1.273241,0.285105,0.991768,0.284363
F19->F20,18,156,408.9425,147.1779,0.174262,1.187448,0.078858,0.953791,0.252384
F19->F20,18,157,399.3809,125.9438,0.149468,1.083266,0.758462,0.816755,0.664757
F19->F20,18,158,386.3709,104.4949,0.110041,0.911949,0.138097,0.125842,0.786608
F19->F20,18,159,368.499,85.7038,0.077316,0.710004,0.196003,0.014561,0.705499
F19->F20,18,160,347.7145,73.6001,0.023006,0.488731,0.011236,0.061373,0.42752
F19->F20,18,161,324.7526,68.6896,-0.064434,0.348007,-0.011269,0.40167,0.075539
F19->F20,18,162,301.1686,69.3936,-0.158595,0.345618,-0.030324,0.021828,0.348272
F19->F20,18,163,278.7761,75.7293,-0.361534,0.585523,-0.321765,0.280989,0.307119
F19->F20,18,164,258.6039,92.1134,-0.427816,0.630785,-0.360746,0.617623,0.068349
F19->F20,18,165,245.4965,115.9519,-0.475239,0.582474,0.085838,0.302753,0.626937
F19->F20,18,166,232.2296,140.1998,-0.382078,0.58916,-0.815679,0.166587,0.605456
F19->F20,18,167,219.4969,163.9299,-0.242273,0.550319,-0.075042,0.806283,0.305751
F19->F20,18,168,213.1087,184.7692,-0.283608,0.615879,0.075168,0.936544,0.481193
F19->F20,18,169,210.7808,203.4871,-0.300029,0.833264,-0.426566,1.269708,0.454417
F19->F20,18,170,210.2759,221.5798,-0.398981,1.091995,-2.187116,0.236916,1.982066
F19->F20,18,171,209.7315,240.0227,-0.623554,1.303829,-1.199799,1.318222,0.576425
F19->F20,18,172,208.1854,258.6666,-0.709635,1.497498,-1.721307,1.076572,1.095746
F19->F20,18,173,206.0036,277.6125,-0.749437,1.675151,1.165562,2.088999,1.959207
F19->F20,18,174,202.9984,296.7486,-0.634153,1.834812,-0.448719,2.163191,0.377118
F19->F20,18,175,200.8736,317.024,-0.60404,1.930511,-0.961895,2.031474,0.371825
F19->F20,18,176,198.5118,337.2858,-0.61278,2.013301,2.692177,10.065294,8.703869
F19->F20,18,177,194.764,359.0355,-0.583111,2.074479,-3.259792,-11.808113,14.13828
F19->F20,18,178,201.108,383.4008,-0.331133,1.941637,-4.562242,-2.963375,6.477764
F19->F20,18,179,217.8231,398.1061,-0.336383,2.100481,-2.235295,1.826994,1.918505
F20->F21,19,0,404.8209,391.2082,-0.054505,3.503345,1.470154,2.173142,2.023369
F20->F21,19,1,404.5964,372.5237,-0.068026,2.97533,0.157785,2.406923,0.611618
F20->F21,19,2,406.8467,352.5957,-0.626511,2.580943,0.989365,2.226503,1.654293
F20->F21,19,3,409.3384,333.8853,-0.64444,2.401124,0.659102,2.032699,1.354606
F20->F21,19,4,409.8114,314.2747,-0.640993,2.311215,-0.940354,2.887183,0.64912
F20->F21,19,5,406.1733,296.1749,-0.680684,2.154938,-0.089497,2.092213,0.594505
F20->F21,19,6,402.3905,277.2992,-0.747551,2.009745,-0.224097,1.827448,0.554289
F20->F21,19,7,398.468,258.5951,-0.871042,1.85344,-0.802806,2.079771,0.236394
F20->F21,19,8,391.8326,240.3673,-0.774334,1.655272,-1.182423,1.797062,0.43202
F20->F21,19,9,382.987,222.3508,-0.373249,1.393525,-0.058822,1.110836,0.422821
F20->F21,19,10,376.0906,204.0667,-0.080778,1.182346,-0.098048,1.058491,0.125054
F20->F21,19,11,372.1879,185.1579,0.059404,1.047123,0.206392,1.023039,0.148948
F20->F21,19,12,367.2629,166.694,0.202311,0.905721,0.115431,1.159185,0.267941
F20->F21,19,13,361.4866,148.4265,0.30796,0.760262,0.312779,1.16376,0.403526
F20->F21,19,14,354.0034,130.8806,0.336341,0.704222,0.082837,0.691548,0.253821
F20->F21,19,15,344.5715,114.842,0.224678,0.647305,0.217849,0.531254,0.116251
F20->F21,19,16,333.5314,103.305,0.088686,0.482673,0.093205,0.338387,0.144357
F20->F21,19,17,319.8832,97.007,-0.081316,0.397861,0.136273,0.344707,0.223987
F20->F21,19,18,304.7566,96.4435,-0.247125,0.370386,-0.018829,0.290004,0.242033
F20->F21,19,19,288.5247,100.9486,-0.328449,0.468865,-0.14186,0.503339,0.189747
F20->F21,19,20,273.3123,111.7769,-0.385907,0.569908,-0.11963,0.586965,0.266823
F20->F21,19,21,260.3404,128.1842,-0.402469,0.620559,-0.127507,0.896067,0.389241
F20->F21,19,22,251.0247,146.5536,-0.225085,0.770005,-0.296924,0.920861,0.167088
F20->F21,19,23,248.6426,167.2084,-0.126428,0.808989,-0.133942,0.794517,0.016306
F20->F21,19,24,248.1147,186.831,0.02244,0.955771,0.120633,1.102336,0.176418
F20->F21,19,25,248.0435,205.8783,0.118537,1.162666,0.109746,1.046775,0.116224
F20->F21,19,26,249.7819,224.6466,0.023786,1.345843,-0.317944,1.109352,0.415581
F20->F21,19,27,250.8153,243.4828,-0.234124,1.493921,-0.223935,1.428985,0.065731
F20->F21,19,28,250.7777,262.7667,-0.439005,1.62131,0.258649,1.811074,0.723002
F20->F21,19,29,247.86,282.8022,-0.36748,1.712461,-1.029965,2.122938,0.779344
F20->F21,19,30,243.4928,303.2748,-0.117383,1.782096,0.031182,1.796109,0.149225
F20->F21,19,31,242.1716,324.2902,-0.125337,1.798628,1.916117,1.820323,2.041569
F20->F21,19,32,240.8615,344.4902,-0.23295,1.793834,-0.579964,1.72148,0.354477
F20->F21,19,33,240.2955,362.5012,-0.248842,1.882948,-0.104377,1.649731,0.274336
F20->F21,19,34,243.1865,381.0615,-0.603828,1.860007,0.770104,2.043425,1.386121
F20->F21,19,35,245.5793,396.5018,-0.497987,2.054685,1.032835,1.992956,1.532066
F20->F21,19,36,412.0762,390.3885,-0.005031,3.491447,0.982021,2.053668,1.743984
F20->F21,19,37,411.7481,371.6027,-0.143762,2.897144,0.561462,2.091632,1.070603
F20->F21,19,38,415.7307,350.6552,-0.538487,2.512586,0.137356,2.249385,0.725285
F20->F21,19,39,421.4635,331.1278,-0.502402,2.33061,-1.019623,2.846511,0.730528
F20->F21,19,40,420.9989,312.4934,-0.602077,2.247419,-1.228857,2.898803,0.903966
F20->F21,19,41,416.8068,294.0536,-0.680672,2.151004,-2.496202,2.699555,1.896591
F20->F21,19,42,412.391,275.0742,-0.780252,2.025924,-0.409433,1.669501,0.514339
F20->F21,19,43,409.1888,255.5786,-0.919309,1.906462,-0.9656,2.062408,0.162672
F20->F21,19,44,404.0516,236.6335,-0.786955,1.725154,-1.176201,1.901201,0.427206
F20->F21,19,45,396.049,218.184,-0.333271,1.472322,0.315843,1.235752,0.690879
F20->F21,19,46,389.4622,199.6963,-0.034739,1.27786,0.150955,1.033446,0.306953
F20->F21,19,47,385.3607,180.0387,0.067295,1.177876,-0.772562,1.898498,1.106641
F20->F21,19,48,380.0562,160.7623,0.215706,1.04692,0.177695,1.240734,0.197506
F20->F21,19,49,371.8931,141.8543,0.297186,0.933487,0.412962,1.289023,0.373912
F20->F21,19,50,362.1426,122.8313,0.318966,0.89096,-0.110221,0.875919,0.429451
F20->F21,19,51,350.8962,105.9077,0.192712,0.767308,-0.052985,0.623189,0.284846
F20->F21,19,52,336.9421,94.361,0.097132,0.556343,-0.022499,0.543939,0.120273
F20->F21,19,53,321.0817,88.694,-0.082295,0.430916,0.108737,0.359459,0.203959
F20->F21,19,54,304.6644,88.7586,-0.274255,0.423614,-0.064227,0.395703,0.211874
F20->F21,19,55,286.3838,93.9066,-0.349872,0.513047,-0.122019,0.538866,0.229311
F20->F21,19,56,269.7905,106.1627,-0.384748,0.62326,-0.03186,0.570967,0.356742
F20->F21,19,57,256.2571,124.6586,-0.423863,0.631252,-0.022588,0.722024,0.411414
F20->F21,19,58,246.0184,144.356,-0.272127,0.777018,-0.362363,0.861198,0.123405
F20->F21,19,59,240.9486,165.6483,-0.15143,0.829429,0.01005,0.930503,0.190505
F20->F21,19,60,238.4562,185.8561,0.042787,0.963766,-0.199268,1.242984,0.369532
F20->F21,19,61,238.2744,204.9949,0.14813,1.175686,-1.385447,1.246922,1.535231
F20->F21,19,62,240.1325,223.961,0.060748,1.368656,-0.560316,1.101649,0.676028
F20->F21,19,63,241.0035,242.8148,-0.203809,1.526561,0.298558,1.584262,0.50567
F20->F21,19,64,240.1168,261.9673,-0.421873,1.66892,0.586051,1.796858,1.016012
F20->F21,19,65,236.7912,281.9799,-0.401996,1.770002,0.13155,1.949231,0.562845
F20->F21,19,66,232.6671,302.3166,-0.092181,1.843702,0.220062,1.863336,0.31286
F20->F21,19,67,231.3124,323.535,-0.149905,1.837927,0.743552,1.98123,0.904876
F20->F21,19,68,229.5042,343.8596,-0.25225,1.852361,-0.088853,2.10581,0.301554
F20->F21,19,69,228.8123,363.0721,-0.311666,1.940683,-0.522598,2.00883,0.221667
F20->F21,19,70,230.8054,382.441,-0.431594,1.953341,0.164289,2.156856,0.629679
F20->F21,19,71,237.9221,397.3429,-0.353921,2.102006,1.990333,2.187376,2.345809
F20->F21,19,72,419.5125,391.1802,0.017132,3.414945,-9.643349,-18.271226,23.740575
F20->F21,19,73,419.4114,371.0885,-0.150762,2.879548,0.949925,1.91828,1.461352
F20->F21,19,74,423.5116,349.8446,-0.410528,2.522639,0.175562,2.161896,0.688213
F20->F21,19,75,429.5908,329.691,-0.474572,2.325938,-0.9966,2.94411,0.809104
F20->F21,19,76,429.6852,310.7536,-0.72054,2.254209,-2.968399,3.90997,2.791848
F20->F21,19,77,426.3062,292.3554,-0.749639,2.155415,-0.642902,2.221958,0.125781
F20->F21,19,78,421.9312,272.8781,-0.846992,2.070562,-0.447093,1.743114,0.516857
F20->F21,19,79,419.628,252.8347,-0.97413,1.953204,-0.466401,1.733442,0.553249
F20->F21,19,80,415.6424,233.0665,-0.780957,1.794252,-0.935219,1.908991,0.192254
F20->F21,19,81,408.0436,214.5547,-0.279069,1.538372,-1.013433,1.888917,0.813739
F20->F21,19,82,401.4263,195.8072,0.003517,1.357704,-0.188452,1.729188,0.418153
F20->F21,19,83,396.1329,175.9445,0.114717,1.268679,-0.925745,1.862449,1.197967
F20->F21,19,84,390.4839,155.9927,0.21448,1.156623,0.481324,1.26478,0.28793
F20->F21,19,85,381.522,136.0996,0.270479,1.080824,0.418361,1.181145,0.1787
F20->F21,19,86,370.2945,115.8229,0.273797,1.03236,0.166518,1.050672,0.10883
F20->F21,19,87,356.7005,98.8577,0.161377,0.819329,0.321026,0.846974,0.162025
F20->F21,19,88,340.1221,86.2916,0.104183,0.620175,0.132102,0.611577,0.029214
F20->F21,19,89,322.1278,81.3389,-0.085304,0.454803,0.012551,0.451174,0.097922
F20->F21,19,90,303.8106,81.9169,-0.273867,0.429969,-0.10913,0.441633,0.165149
F20->F21,19,91,284.0684,87.6377,-0.364498,0.54275,-0.246941,0.687189,0.186232
F20->F21,19,92,265.884,101.0217,-0.400283,0.719376,-0.078582,0.563043,0.357676
F20->F21,19,93,253.0396,121.4971,-0.469915,0.679999,-0.083205,0.87009,0.430906
F20->F21,19,94,241.3007,142.6003,-0.322412,0.777372,-0.16629,0.914579,0.207846
F20->F21,19,95,233.4425,164.508,-0.156241,0.825704,-0.067004,0.879458,0.104176
F20->F21,19,96,229.0831,185.1464,0.024312,0.941027,-0.38386,1.167131,0.466613
F20->F21,19,97,229.0352,204.413,0.154258,1.165379,-0.957445,0.98169,1.126776
F20->F21,19,98,230.4255,223.4395,0.090136,1.365578,0.549519,2.007093,0.789033
F20->F21,19,99,230.8518,242.2315,-0.135716,1.535149,0.564667,1.947572,0.812791
F20->F21,19,100,229.4487,261.2335,-0.338137,1.700564,0.658657,1.99187,1.038488
F20->F21,19,101,226.2283,281.0278,-0.353208,1.820078,0.358,1.745745,0.715082
F20->F21,19,102,222.2161,301.3214,-0.058918,1.899338,-0.315992,1.990363,0.272714
F20->F21,19,103,220.8043,322.4904,-0.122996,1.905468,0.03079,2.188096,0.321759
F20->F21,19,104,218.7333,343.0081,-0.234278,1.930375,-0.474923,2.345457,0.479795
F20->F21,19,105,217.2272,363.0701,-0.305638,2.045993,1.886117,2.897481,2.351345
F20->F21,19,106,219.2176,382.6159,-0.315734,2.111205,-9.187711,-0.972727,9.392689
F20->F21,19,107,230.1924,398.1936,-0.199763,2.178172,0.490699,2.877247,0.982569
F20->F21,19,108,426.9837,392.1455,0.009439,3.291767,0.172675,2.100882,1.20202
F20->F21,19,109,425.8774,371.2717,-0.096813,2.839989,0.104781,2.109431,0.757863
F20->F21,19,110,430.2431,349.6391,-0.201715,2.496532,-1.730636,3.162213,1.667552
F20->F21,19,111,435.8879,328.529,-0.581256,2.351594,-1.090948,2.893674,0.744067
F20->F21,19,112,437.8218,309.2052,-0.866802,2.276007,-11.007787,2.204706,10.141236
F20->F21,19,113,434.9793,290.7784,-0.861533,2.184887,-0.666587,2.131815,0.202042
F20->F21,19,114,431.4243,270.8845,-0.935633,2.110628,-0.044832,2.087689,0.891096
F20->F21,19,115,429.7986,250.3277,-1.020633,2.002162,-0.43681,1.651151,0.681218
F20->F21,19,116,426.3861,230.0838,-0.757425,1.845129,0.406823,1.334432,1.271332
F20->F21,19,117,419.6612,211.2262,-0.271842,1.599359,-0.983514,1.918771,0.780064
F20->F21,19,118,412.7867,192.359,0.019338,1.423176,-0.516196,2.202637,0.945704
F20->F21,19,119,406.7061,172.042,0.164509,1.345316,0.417894,1.288393,0.2597
F20->F21,19,120,399.8323,151.7976,0.20338,1.258986,0.367507,1.440617,0.244801
F20->F21,19,121,390.8047,131.1576,0.194015,1.175559,0.327172,1.268544,0.16241
F20->F21,19,122,378.4463,110.2523,0.174238,1.064428,0.235146,0.856045,0.217102
F20->F21,19,123,362.4867,91.7738,0.140074,0.877,0.007891,0.704834,0.217057
F20->F21,19,124,343.7492,79.8586,0.053459,0.627958,0.076636,0.690976,0.067145
F20->F21,19,125,323.6716,74.7152,-0.10276,0.430464,0.043833,0.524984,0.174424
F20->F21,19,126,302.4795,75.5066,-0.23201,0.416588,-0.229823,0.457707,0.041177
F20->F21,19,127,281.5209,81.6586,-0.369998,0.576939,-0.300346,0.604298,0.074833
F20->F21,19,128,262.1198,96.6622,-0.425604,0.776939,-0.427953,0.481164,0.295785
F20->F21,19,129,249.1247,118.5372,-0.494493,0.723506,-0.153375,0.762411,0.343329
F20->F21,19,130,236.8205,141.4826,-0.361959,0.759146,0.019046,0.890391,0.402977
F20->F21,19,131,226.2559,164.4155,-0.122672,0.755865,0.077266,0.772534,0.200631
F20->F21,19,132,220.8064,184.9117,0.00422,0.887199,-0.179841,0.880616,0.184179
F20->F21,19,133,219.7975,204.0846,0.140422,1.112125,-0.2924,1.06951,0.434915
F20->F21,19,134,220.2137,222.953,0.124106,1.335783,-0.914214,1.161233,1.05289
F20->F21,19,135,219.8808,241.7554,-0.024223,1.532518,0.669281,1.875151,0.773527
F20->F21,19,136,218.5577,260.6461,-0.200889,1.715901,0.530341,2.071606,0.813156
F20->F21,19,137,215.766,280.0771,-0.262784,1.864142,0.825256,1.932744,1.090201
F20->F21,19,138,212.2206,300.1202,-0.045995,1.967623,0.070904,1.990787,0.119171
F20->F21,19,139,210.4655,321.0121,-0.066437,1.998179,-0.572087,2.15271,0.528736
F20->F21,19,140,207.9715,341.4917,-0.154825,2.063047,-0.388103,2.133941,0.243812
F20->F21,19,141,205.1649,361.764,-0.168609,2.21074,5.567485,4.03381,6.018834
F20->F21,19,142,208.6637,383.2609,-0.062876,2.191733,-0.2189,2.035357,0.220899
F20->F21,19,143,223.5685,399.1715,-0.141926,2.28273,0.441932,3.176064,1.067209
F20->F21,19,144,434.6856,393.1651,0.058521,3.207113,2.21134,0.866942,3.179785
F20->F21,19,145,431.8193,371.4657,0.057436,2.914902,-0.047637,2.103681,0.817997
F20->F21,19,146,435.8983,349.0077,-0.183166,2.545816,-1.550288,3.153268,1.496001
F20->F21,19,147,442.0545,327.688,-0.716023,2.382699,0.867827,2.037989,1.620928
F20->F21,19,148,445.2258,308.1319,-1.034156,2.313335,-0.876966,5.18889,2.879848
F20->F21,19,149,443.2375,289.262,-0.989094,2.228611,-0.598081,2.13266,0.402613
F20->F21,19,150,440.6272,269.2046,-1.047243,2.142987,-1.791477,3.126494,1.233357
F20->F21,19,151,439.9336,247.9349,-1.085897,2.05035,-0.659763,2.180058,0.445437
F20->F21,19,152,437.064,227.2801,-0.766254,1.885287,0.037112,1.131495,1.101635
F20->F21,19,153,430.9919,208.1508,-0.292896,1.653311,-0.535828,2.125111,0.530671
F20->F21,19,154,423.9302,189.1251,0.013362,1.472608,-0.946766,1.880459,1.043162
F20->F21,19,155,416.5234,168.8394,0.168352,1.381853,0.434929,1.349426,0.268543
F20->F21,19,156,409.1168,148.3654,0.110019,1.307469,0.230248,1.34014,0.124589
F20->F21,19,157,399.5304,127.0271,0.084055,1.217313,0.743697,1.020176,0.68847
F20->F21,19,158,386.4809,105.4069,0.055,1.047654,0.127577,0.269489,0.781542
F20->F21,19,159,368.5763,86.4138,0.036236,0.834923,0.007729,0.177841,0.6577
F20->F21,19,160,347.7375,74.0888,-0.016545,0.595273,-0.132755,0.510465,0.143864
F20->F21,19,161,324.6882,69.0377,-0.114121,0.427241,0.106872,0.502216,0.233366
F20->F21,19,162,301.01,69.7392,-0.192897,0.383834,-0.15893,0.424322,0.052849
F20->F21,19,163,278.4145,76.3149,-0.372565,0.631354,-0.250154,0.570343,0.136773
F20->F21,19,164,258.176,92.7442,-0.441435,0.832715,-0.324748,0.354065,0.492667
F20->F21,19,165,245.0213,116.5343,-0.504853,0.726612,-0.09043,0.851241,0.432758
F20->F21,19,166,231.8475,140.789,-0.339948,0.704778,0.000482,0.710894,0.340485
F20->F21,19,167,219.2547,164.4802,-0.08265,0.677163,0.000709,0.668285,0.083831
F20->F21,19,168,212.8251,185.3851,-0.011141,0.767159,-0.185453,0.73433,0.177377
F20->F21,19,169,210.4808,204.3204,0.118108,1.020899,0.070937,1.100956,0.09292
F20->F21,19,170,209.8769,222.6718,0.146321,1.296005,-0.489405,1.457273,0.655862
F20->F21,19,171,209.1079,241.3266,0.039738,1.51458,0.8001,2.029503,0.918311
F20->F21,19,172,207.4758,260.1641,-0.036183,1.720652,0.832564,1.840662,0.876997
F20->F21,19,173,205.2541,279.2876,-0.099552,1.898054,0.540477,2.277575,0.744093
F20->F21,19,174,202.3642,298.5834,0.021985,2.056335,0.152779,1.977453,0.15274
F20->F21,19,175,200.2695,318.9546,0.003962,2.154485,-0.976524,1.91312,1.009757
F20->F21,19,176,197.899,339.2991,-0.072366,2.239858,-0.584461,2.002628,0.564375
F20->F21,19,177,194.1809,361.11,-0.118834,2.295199,-9.515256,-8.862833,14.587475
F20->F21,19,178,200.7769,385.3424,0.012845,2.186472,0.248661,2.048148,0.273391
F20->F21,19,179,217.4867,400.2066,-0.051379,2.361052,0.125342,-1.889249,4.253973
F21->F22,20,0,404.7664,394.7116,-0.233902,3.537088,-1.76632,2.919199,1.652299
F21->F22,20,1,404.5283,375.499,-0.079771,3.041386,2.268313,2.146531,2.51282
F21->F22,20,2,406.2202,355.1766,-0.525578,2.621767,-4.001144,3.910179,3.706692
F21->F22,20,3,408.694,336.2864,-0.502913,2.433989,-1.935877,2.900628,1.507029
F21->F22,20,4,409.1704,316.5859,-0.482741,2.35615,0.28635,2.073837,0.819269
F21->F22,20,5,405.4926,298.3299,-0.574576,2.206154,0.463711,2.172662,1.038827
F21->F22,20,6,401.643,279.3089,-0.707124,2.061406,-0.18528,2.054471,0.521889
F21->F22,20,7,397.597,260.4486,-0.883023,1.902684,-0.211764,1.986495,0.676471
F21->F22,20,8,391.0583,242.0226,-0.826209,1.702216,-1.344461,1.787068,0.525152
F21->F22,20,9,382.6137,223.7443,-0.433744,1.43586,-1.413641,1.686691,1.011491
F21->F22,20,10,376.0098,205.249,-0.123458,1.211564,0.478459,1.111921,0.610108
F21->F22,20,11,372.2473,186.205,0.032994,1.069514,0.379331,1.175898,0.362308
F21->F22,20,12,367.4653,167.5997,0.198415,0.919985,0.306364,1.07231,0.186696
F21->F22,20,13,361.7946,149.1868,0.312914,0.773587,-0.131767,0.771911,0.444684
F21->F22,20,14,354.3398,131.5849,0.355022,0.719499,-0.206063,0.743787,0.56161
F21->F22,20,15,344.7962,115.4893,0.255997,0.65474,0.014557,0.579674,0.252839
F21->F22,20,16,333.6201,103.7877,0.115499,0.498534,0.257432,0.427041,0.158922
F21->F22,20,17,319.8019,97.4049,-0.051825,0.407648,0.030036,0.227495,0.19788
F21->F22,20,18,304.5095,96.8139,-0.210922,0.376,-0.219737,0.409735,0.034868
F21->F22,20,19,288.1962,101.4175,-0.278898,0.478033,-0.315062,0.353879,0.129315
F21->F22,20,20,272.9264,112.3468,-0.334534,0.59206,0.536144,0.878839,0.916691
F21->F22,20,21,259.938,128.8047,-0.328286,0.629938,-0.210191,0.919217,0.312456
F21->F22,20,22,250.7996,147.3236,-0.090366,0.753076,-0.028376,0.694542,0.085259
F21->F22,20,23,248.5161,168.0173,0.114763,0.786674,0.374967,0.980353,0.324372
F21->F22,20,24,248.1371,187.7867,0.385853,0.939142,0.270116,0.933802,0.11586
F21->F22,20,25,248.162,207.041,0.595804,1.138277,0.069848,1.317968,0.555804
F21->F22,20,26,249.8056,225.9924,0.587076,1.312663,0.169569,1.211458,0.429598
F21->F22,20,27,250.5811,244.9768,0.427842,1.469905,0.341656,1.176819,0.305495
F21->F22,20,28,250.3386,264.388,0.297848,1.599169,0.498942,1.233927,0.416942
F21->F22,20,29,247.4925,284.5147,0.45494,1.699914,0.875538,1.729452,0.421634
F21->F22,20,30,243.3754,305.0569,0.677845,1.788943,0.680068,1.806477,0.017674
F21->F22,20,31,242.0462,326.0888,0.559417,1.821952,1.289744,1.724975,0.736738
F21->F22,20,32,240.6286,346.284,0.336155,1.828824,1.752609,1.854054,1.416679
F21->F22,20,33,240.0466,364.3842,0.165261,1.911906,1.313979,1.867938,1.149559
F21->F22,20,34,242.5827,382.9215,-0.330506,1.867856,-0.128949,2.230232,0.414659
F21->F22,20,35,245.0813,398.5565,-0.280598,2.053205,-0.014851,1.884847,0.314589
F21->F22,20,36,412.0711,393.88,-0.204575,3.54182,-9.71097,-10.987793,17.363213
F21->F22,20,37,411.6043,374.4998,-0.157673,3.017586,2.22909,2.31856,2.487022
F21->F22,20,38,415.1922,353.1678,-0.487583,2.589767,-1.760833,3.088984,1.36762
F21->F22,20,39,420.9611,333.4584,-0.402839,2.418363,0.231238,2.244167,0.65757
F21->F22,20,40,420.3968,314.7408,-0.478705,2.31987,0.324705,2.043797,0.84952
F21->F22,20,41,416.1262,296.2046,-0.604644,2.204989,0.120186,2.118922,0.729921
F21->F22,20,42,411.6108,277.1001,-0.756601,2.066319,-2.213202,2.819326,1.639728
F21->F22,20,43,408.2695,257.4851,-0.962927,1.949322,-0.259295,1.743549,0.733104
F21->F22,20,44,403.2647,238.3586,-0.882775,1.767762,0.799657,1.077963,1.818351
F21->F22,20,45,395.7158,219.6563,-0.441337,1.515105,-1.0905,1.803904,0.710505
F21->F22,20,46,389.4274,200.9742,-0.105361,1.307506,0.310346,1.305823,0.41571
F21->F22,20,47,385.428,181.2166,0.016669,1.203087,0.14202,1.123996,0.148218
F21->F22,20,48,380.2719,161.8092,0.185498,1.068065,0.103579,1.163269,0.125597
F21->F22,20,49,372.1903,142.7878,0.286712,0.951005,-0.183139,1.048627,0.479885
F21->F22,20,50,362.4616,123.7222,0.327981,0.910261,0.017335,0.796183,0.330931
F21->F22,20,51,351.0889,106.675,0.214414,0.785519,0.189563,0.798126,0.027865
F21->F22,20,52,337.0393,94.9173,0.116299,0.581001,-0.00382,0.691187,0.163001
F21->F22,20,53,320.9994,89.125,-0.060547,0.447088,0.049965,0.321105,0.167584
F21->F22,20,54,304.3902,89.1822,-0.243996,0.425097,-0.252692,0.381117,0.044832
F21->F22,20,55,286.034,94.4196,-0.303021,0.525324,-0.285677,0.345955,0.180206
F21->F22,20,56,269.4058,106.786,-0.345143,0.65524,0.15686,0.793766,0.520765
F21->F22,20,57,255.8332,125.2899,-0.370861,0.646671,-0.299997,1.078075,0.437185
F21->F22,20,58,245.7463,145.133,-0.154528,0.762654,-0.034817,0.749334,0.12045
F21->F22,20,59,240.7972,166.4777,0.079697,0.804969,0.241298,0.90777,0.191529
F21->F22,20,60,238.4989,186.8198,0.401543,0.95292,0.005328,0.604292,0.527757
F21->F22,20,61,238.4226,206.1706,0.62587,1.156603,0.54046,1.281354,0.151188
F21->F22,20,62,240.1932,225.3297,0.670473,1.34331,-0.100814,1.360475,0.771478
F21->F22,20,63,240.7997,244.3413,0.50807,1.510175,1.139947,1.597264,0.637851
F21->F22,20,64,239.6949,263.6362,0.338145,1.659699,-0.140341,1.357893,0.565718
F21->F22,20,65,236.3892,283.7499,0.423968,1.766956,1.375174,1.904228,0.96106
F21->F22,20,66,232.5749,304.1603,0.695805,1.858948,0.385544,1.877581,0.31082
F21->F22,20,67,231.1625,325.3729,0.539253,1.87615,0.439508,1.801899,0.124348
F21->F22,20,68,229.2519,345.712,0.324551,1.900603,0.716456,2.025632,0.411366
F21->F22,20,69,228.5006,365.0127,0.099891,1.981631,-3.674793,0.891324,3.928996
F21->F22,20,70,230.3738,384.3943,-0.152718,1.954569,0.074391,2.267536,0.386687
F21->F22,20,71,237.5682,399.4449,-0.147012,2.104117,0.348524,1.981477,0.510486
F21->F22,20,72,419.5296,394.5951,-0.193234,3.515089,-0.061506,2.908572,0.620658
F21->F22,20,73,419.2606,373.968,-0.190476,3.032073,1.400423,2.305876,1.748806
F21->F22,20,74,423.101,352.3673,-0.354396,2.649267,0.021522,1.965441,0.78034
F21->F22,20,75,429.1162,332.0169,-0.385492,2.464645,-1.387195,2.689513,1.026633
F21->F22,20,76,428.9646,313.0078,-0.61833,2.347387,0.268758,2.095836,0.922064
F21->F22,20,77,425.5565,294.5108,-0.69515,2.203725,0.382514,2.301237,1.082067
F21->F22,20,78,421.0842,274.9486,-0.836163,2.101206,-2.275153,2.742437,1.575395
F21->F22,20,79,418.6539,254.7879,-1.038339,1.985595,-0.299627,1.831276,0.754659
F21->F22,20,80,414.8614,234.8608,-0.904278,1.829073,-1.243909,1.813688,0.339979
F21->F22,20,81,407.7646,216.0931,-0.397989,1.573651,-1.01663,1.937879,0.717899
F21->F22,20,82,401.4298,197.1649,-0.079352,1.38665,-0.845426,1.875467,0.908742
F21->F22,20,83,396.2476,177.2131,0.058022,1.295223,0.295058,1.293482,0.237042
F21->F22,20,84,390.6984,157.1493,0.182464,1.178944,0.239191,1.308844,0.141746
F21->F22,20,85,381.7925,137.1804,0.260594,1.101617,0.299333,1.259496,0.162563
F21->F22,20,86,370.5683,116.8552,0.2773,1.054918,0.188108,1.011367,0.099257
F21->F22,20,87,356.8618,99.677,0.178656,0.840539,0.364595,0.770009,0.198867
F21->F22,20,88,340.2263,86.9117,0.119048,0.648209,-0.000696,0.777398,0.176148
F21->F22,20,89,322.0425,81.7937,-0.070268,0.472053,0.089491,0.528866,0.16956
F21->F22,20,90,303.5367,82.3469,-0.246373,0.422302,-0.401775,0.456592,0.15914
F21->F22,20,91,283.704,88.1804,-0.317121,0.554541,-0.271327,0.390635,0.170183
F21->F22,20,92,265.4838,101.7411,-0.365248,0.77179,-0.103028,0.83846,0.270563
F21->F22,20,93,252.5697,122.1771,-0.43448,0.700234,-0.208785,1.324967,0.664251
F21->F22,20,94,240.9783,143.3777,-0.219422,0.763614,0.027339,0.868957,0.268306
F21->F22,20,95,233.2863,165.3337,0.060153,0.8033,-0.030395,1.019085,0.234013
F21->F22,20,96,229.1074,186.0874,0.366066,0.929787,0.14969,0.846209,0.231957
F21->F22,20,97,229.1895,205.5783,0.637145,1.153691,0.530352,1.084705,0.127137
F21->F22,20,98,230.5156,224.8051,0.727601,1.353912,0.718265,1.876898,0.52307
F21->F22,20,99,230.7161,243.7666,0.62173,1.527307,0.803088,1.742877,0.281711
F21->F22,20,100,229.1105,262.9341,0.448684,1.704107,1.26125,1.608444,0.818178
F21->F22,20,101,225.875,282.8478,0.453091,1.824666,0.711503,2.00623,0.31582
F21->F22,20,102,222.1572,303.2208,0.720276,1.922592,-1.880705,3.780732,3.196527
F21->F22,20,103,220.6813,324.3959,0.567023,1.945561,0.719155,2.155058,0.258907
F21->F22,20,104,218.499,344.9385,0.345969,1.979545,0.333616,1.680771,0.29903
F21->F22,20,105,216.9215,365.1161,0.09368,2.08094,-4.10072,1.07165,4.314124
F21->F22,20,106,218.9019,384.7271,-0.037526,2.127985,-4.7734,5.822048,6.006214
F21->F22,20,107,229.9927,400.3718,0.001134,2.186329,-1.990685,6.978732,5.189843
F21->F22,20,108,426.9932,395.4373,-0.212877,3.431888,-0.005575,3.199382,0.311502
F21->F22,20,109,425.7806,374.1116,-0.135999,3.02093,-1.070894,2.749183,0.973589
F21->F22,20,110,430.0414,352.1356,-0.151181,2.695205,0.128798,2.004888,0.744934
F21->F22,20,111,435.3066,330.8806,-0.484408,2.530984,-1.0013,2.948636,0.664538
F21->F22,20,112,436.955,311.4812,-0.796274,2.384725,-2.203564,2.788387,1.464038
F21->F22,20,113,434.1177,292.9633,-0.830741,2.220369,-0.981651,2.955584,0.750542
F21->F22,20,114,430.4886,272.9951,-0.942675,2.121372,0.513331,1.850216,1.48104
F21->F22,20,115,428.7779,252.3299,-1.097339,2.015671,-0.205971,1.990316,0.891729
F21->F22,20,116,425.6287,231.9289,-0.892679,1.866749,-0.663232,2.037714,0.286138
F21->F22,20,117,419.3894,212.8256,-0.39359,1.626009,-0.817495,2.113037,0.645672
F21->F22,20,118,412.806,193.7822,-0.069795,1.452927,0.303675,1.209522,0.445787
F21->F22,20,119,406.8706,173.3874,0.105128,1.370021,0.192802,1.291597,0.117631
F21->F22,20,120,400.0356,153.0566,0.172664,1.280881,0.280321,1.402851,0.162686
F21->F22,20,121,390.9988,132.3331,0.180142,1.198088,0.217502,1.18211,0.040633
F21->F22,20,122,378.6206,111.3167,0.175301,1.089861,0.223873,0.855068,0.239764
F21->F22,20,123,362.6268,92.6508,0.150387,0.901393,0.304551,0.963042,0.166033
F21->F22,20,124,343.8027,80.4865,0.070094,0.653422,-0.140886,0.577483,0.224231
F21->F22,20,125,323.5689,75.1457,-0.092169,0.458534,0.080513,0.38021,0.189615
F21->F22,20,126,302.2475,75.9231,-0.208145,0.408197,-0.336595,0.435205,0.131258
F21->F22,20,127,281.1509,82.2355,-0.323534,0.592837,0.072331,0.502653,0.406008
F21->F22,20,128,261.6942,97.4392,-0.387883,0.844595,-0.356717,0.794489,0.059007
F21->F22,20,129,248.6302,119.2607,-0.468275,0.750783,-0.036309,1.192886,0.618102
F21->F22,20,130,236.4585,142.2417,-0.268786,0.746812,0.122584,0.78443,0.393175
F21->F22,20,131,226.1332,165.1714,0.079047,0.741624,0.039913,1.01159,0.272788
F21->F22,20,132,220.8107,185.7989,0.327736,0.880526,0.294984,0.781283,0.104507
F21->F22,20,133,219.9379,205.1967,0.630269,1.119492,0.647107,1.060157,0.061678
F21->F22,20,134,220.3378,224.2888,0.769811,1.340009,-0.024498,1.212205,0.804525
F21->F22,20,135,219.8565,243.2879,0.752149,1.535354,-0.043746,1.241545,0.848394
F21->F22,20,136,218.3568,262.362,0.594306,1.726027,1.790521,1.854922,1.20314
F21->F22,20,137,215.5032,281.9413,0.520409,1.875089,0.658772,2.189916,0.34389
F21->F22,20,138,212.1746,302.0878,0.726536,1.987901,0.587534,2.268456,0.313102
F21->F22,20,139,210.3991,323.0102,0.621371,2.028709,1.126088,1.926455,0.514971
F21->F22,20,140,207.8167,343.5547,0.434945,2.104485,0.939137,1.693918,0.650212
F21->F22,20,141,204.9963,363.9747,0.263878,2.234239,-2.90444,1.193518,3.334867
F21->F22,20,142,208.6008,385.4527,0.212612,2.218159,-1.992753,2.116602,2.207702
F21->F22,20,143,223.4266,401.4542,0.023223,2.297635,2.411009,6.930417,5.211928
F21->F22,20,144,434.7441,396.3722,-0.208127,3.359715,-2.189997,3.948198,2.067395
F21->F22,20,145,431.8767,374.3806,0.045431,3.138443,-1.409844,2.817077,1.490336
F21->F22,20,146,435.7152,351.5535,-0.082571,2.821769,0.870085,2.029215,1.239232
F21->F22,20,147,441.3385,330.0707,-0.624107,2.590599,-0.477819,2.927704,0.367477
F21->F22,20,148,444.1917,310.4453,-1.008655,2.423143,-0.180339,1.660769,1.125754
F21->F22,20,149,442.2484,291.4906,-0.998284,2.250627,0.115618,2.214129,1.1145
F21->F22,20,150,439.58,271.3476,-1.061444,2.123535,-1.255368,2.94507,0.844113
F21->F22,20,151,438.8477,249.9852,-1.168922,2.042781,-0.42059,1.886147,0.764549
F21->F22,20,152,436.2977,229.1654,-0.899468,1.89264,0.790875,1.113415,1.861304
F21->F22,20,153,430.699,209.8041,-0.413333,1.673808,-0.584907,2.073734,0.435176
F21->F22,20,154,423.9435,190.5977,-0.075052,1.499295,0.529741,0.699586,1.002651
F21->F22,20,155,416.6917,170.2212,0.115369,1.407412,0.143986,1.300197,0.110969
F21->F22,20,156,409.2268,149.6728,0.090311,1.330435,0.275155,1.395326,0.195904
F21->F22,20,157,399.6144,128.2444,0.074146,1.243694,0.533905,0.757706,0.669001
F21->F22,20,158,386.5359,106.4545,0.059924,1.078179,0.774479,0.908077,0.734523
F21->F22,20,159,368.6125,87.2487,0.054062,0.863372,0.068151,0.09515,0.768351
F21->F22,20,160,347.7209,74.6841,0.00332,0.621331,-0.157855,0.372113,0.296794
F21->F22,20,161,324.574,69.4649,-0.105739,0.449218,0.010312,0.421929,0.119216
F21->F22,20,162,300.8171,70.1231,-0.175602,0.374855,-0.276038,0.384986,0.100945
F21->F22,20,163,278.042,76.9462,-0.325695,0.659276,-0.051102,0.614684,0.27819
F21->F22,20,164,257.7346,93.5769,-0.407389,0.910074,-0.287088,0.747162,0.202516
F21->F22,20,165,244.5164,117.2609,-0.480034,0.755912,0.24171,0.851391,0.728032
F21->F22,20,166,231.5076,141.4938,-0.257487,0.699653,0.084358,0.703864,0.341871
F21->F22,20,167,219.172,165.1573,0.109404,0.675784,0.184268,0.889859,0.226788
F21->F22,20,168,212.814,186.1523,0.31627,0.782247,0.583358,1.001174,0.345349
F21->F22,20,169,210.5989,205.3413,0.609018,1.051074,0.832883,1.02974,0.224879
F21->F22,20,170,210.0232,223.9678,0.799269,1.31995,0.313558,0.835253,0.686182
F21->F22,20,171,209.1477,242.8411,0.824469,1.531602,0.27785,1.013422,0.753195
F21->F22,20,172,207.4396,261.8848,0.744626,1.739293,2.069183,1.818836,1.326943
F21->F22,20,173,205.1546,281.1857,0.657403,1.907071,1.172047,1.940388,0.515721
F21->F22,20,174,202.3862,300.6397,0.778728,2.060663,2.933784,2.941267,2.328031
F21->F22,20,175,200.2735,321.109,0.69617,2.159599,0.35584,1.789551,0.502753
F21->F22,20,176,197.8266,341.539,0.514426,2.243029,-2.455316,1.009417,3.215769
F21->F22,20,177,194.062,363.4052,0.337783,2.28085,0.620807,7.97455,5.700729
F21->F22,20,178,200.7898,387.5289,0.254505,2.192919,3.390639,3.962462,3.600919
F21->F22,20,179,217.4353,402.5677,0.116102,2.389824,5.23799,6.979173,6.877199
F22->F23,21,0,404.5325,398.2486,-0.601715,3.49119,-1.89308,3.082413,1.354519
F22->F23,21,1,404.4486,378.5404,-0.324634,3.067503,-8.753899,-9.042335,14.754683
F22->F23,21,2,405.6946,357.7984,-0.704388,2.635724,1.711254,2.022259,2.492322
F22->F23,21,3,408.1911,338.7204,-0.703215,2.431243,-0.22349,-20.0,22.436372
F22->F23,21,4,408.6877,318.942,-0.675405,2.355688,0.815492,1.913611,1.555058
F22->F23,21,5,404.918,300.536,-0.788575,2.216336,-0.285874,2.027733,0.536917
F22->F23,21,6,400.9359,281.3703,-0.922301,2.066624,-0.481217,1.899696,0.471614
F22->F23,21,7,396.7139,262.3512,-1.083482,1.90819,-1.575004,2.192512,0.567831
F22->F23,21,8,390.2321,243.7248,-1.03711,1.705399,0.846937,1.208626,1.948439
F22->F23,21,9,382.18,225.1801,-0.639834,1.442914,-0.840496,1.897479,0.496885
F22->F23,21,10,375.8864,206.4606,-0.278876,1.211332,-0.415298,0.790093,0.442779
F22->F23,21,11,372.2803,187.2745,-0.080003,1.071136,0.14305,0.984807,0.239177
F22->F23,21,12,367.6637,168.5197,0.127041,0.920935,0.33407,0.846176,0.220114
F22->F23,21,13,362.1075,149.9604,0.272453,0.777999,0.152668,0.999872,0.252143
F22->F23,21,14,354.6948,132.3044,0.346746,0.725559,0.157988,0.850386,0.226299
F22->F23,21,15,345.0522,116.144,0.276132,0.655842,-0.011018,0.621986,0.289139
F22->F23,21,16,333.7356,104.2862,0.146829,0.50725,0.311355,0.464862,0.169899
F22->F23,21,17,319.7501,97.8126,-0.008818,0.41705,0.130156,0.382995,0.143085
F22->F23,21,18,304.2986,97.1899,-0.15923,0.388595,0.149063,0.290062,0.323656
F22->F23,21,19,287.9173,101.8955,-0.22098,0.491162,0.020893,0.328556,0.291451
F22->F23,21,20,272.5919,112.9389,-0.278703,0.592542,0.078885,0.60263,0.357729
F22->F23,21,21,259.6097,129.4347,-0.256756,0.602718,0.049184,0.842277,0.388571
F22->F23,21,22,250.7093,148.0766,0.009776,0.68982,0.200482,0.901128,0.284639
F22->F23,21,23,248.6309,168.804,0.27842,0.709405,0.052976,0.638784,0.236246
F22->F23,21,24,248.523,188.7259,0.613732,0.850835,0.38441,0.956541,0.252512
F22->F23,21,25,248.7578,208.1792,0.885716,1.024189,1.038017,0.9918,0.155706
F22->F23,21,26,250.3927,227.3051,0.937167,1.176346,0.630514,1.291145,0.327436
F22->F23,21,27,251.009,246.4467,0.852663,1.327695,0.982467,1.14971,0.22029
F22->F23,21,28,250.6365,265.9871,0.786406,1.451703,1.059627,1.396717,0.278699
F22->F23,21,29,247.9475,286.2146,0.976396,1.555695,0.605465,1.357321,0.420645
F22->F23,21,30,244.0532,306.8459,1.13511,1.654923,2.699349,1.977483,1.59715
F22->F23,21,31,242.6057,327.9108,0.924534,1.698087,-0.411363,1.304198,1.392756
F22->F23,21,32,240.9647,348.1128,0.602419,1.711441,0.900582,2.033091,0.438589
F22->F23,21,33,240.2119,366.2961,0.305843,1.791398,1.031329,1.941069,0.740764
F22->F23,21,34,242.2522,384.7893,-0.280149,1.743778,-0.275669,1.84575,0.102071
F22->F23,21,35,244.8007,400.6097,-0.312255,1.944406,2.166918,2.794806,2.620969
F22->F23,21,36,411.8666,397.4218,-0.575607,3.449439,0.510927,1.936483,1.862684
F22->F23,21,37,411.4466,377.5174,-0.387283,3.040879,3.875968,0.993208,4.72951
F22->F23,21,38,414.7046,355.7576,-0.691377,2.594184,0.735667,2.008255,1.54265
F22->F23,21,39,420.5582,335.8768,-0.582657,2.41671,0.69206,2.094043,1.314921
F22->F23,21,40,419.9181,317.0607,-0.64525,2.328062,-0.064093,2.175567,0.600831
F22->F23,21,41,415.5215,298.4096,-0.815087,2.212425,-0.370826,1.882638,0.553288
F22->F23,21,42,410.8542,279.1664,-0.968358,2.068935,-0.37608,2.094452,0.592827
F22->F23,21,43,407.3065,259.4344,-1.174701,1.955715,-2.785863,3.002391,1.921295
F22->F23,21,44,402.3819,240.1264,-1.118548,1.775974,-0.953992,2.004751,0.281811
F22->F23,21,45,395.2744,221.1714,-0.677237,1.53017,-0.976855,2.090739,0.635617
F22->F23,21,46,389.3221,202.2817,-0.277417,1.315948,-0.740096,0.991157,0.565297
F22->F23,21,47,385.4447,182.4196,-0.100345,1.21121,-0.106852,1.126783,0.084678
F22->F23,21,48,380.4574,162.8773,0.105858,1.076426,0.26077,0.83772,0.284567
F22->F23,21,49,372.477,143.7388,0.244558,0.959022,-0.072294,0.87653,0.327415
F22->F23,21,50,362.7896,124.6325,0.318666,0.918194,0.180887,1.02169,0.172321
F22->F23,21,51,351.3033,107.4606,0.23329,0.792724,0.011998,0.657864,0.259147
F22->F23,21,52,337.1556,95.4983,0.146559,0.594187,0.315534,0.396684,0.259924
F22->F23,21,53,320.9388,89.572,-0.017872,0.463179,0.033912,0.376258,0.101177
F22->F23,21,54,304.1462,89.6073,-0.192355,0.433478,0.0029,0.376483,0.203403
F22->F23,21,55,285.731,94.945,-0.243626,0.538013,-0.072306,0.403898,0.217571
F22->F23,21,56,269.0607,107.4412,-0.297823,0.656199,-0.100054,0.539063,0.229856
F22->F23,21,57,255.4624,125.9366,-0.311273,0.619769,-0.022653,0.766728,0.323881
F22->F23,21,58,245.5918,145.8957,-0.063014,0.697354,0.33258,0.932849,0.460382
F22->F23,21,59,240.8769,167.2827,0.237794,0.722912,0.249164,0.686222,0.038411
F22->F23,21,60,238.9005,187.7728,0.625492,0.862713,0.30113,0.73733,0.347752
F22->F23,21,61,239.0484,207.3272,0.912182,1.039871,0.935649,0.850572,0.190748
F22->F23,21,62,240.8637,226.673,1.042531,1.206191,0.579869,1.231073,0.463331
F22->F23,21,63,241.3078,245.8515,0.951208,1.36727,0.997949,1.108382,0.263074
F22->F23,21,64,240.033,265.2959,0.827844,1.512108,0.602664,1.450411,0.233479
F22->F23,21,65,236.8132,285.5168,0.95656,1.619181,2.753185,1.860821,1.812801
F22->F23,21,66,233.2707,306.0192,1.152643,1.719799,3.114548,2.164776,2.011734
F22->F23,21,67,231.7017,327.2491,0.912786,1.748954,3.389778,1.921603,2.483001
F22->F23,21,68,229.5765,347.6126,0.598722,1.776421,0.60298,2.188322,0.411924
F22->F23,21,69,228.6005,366.9944,0.245042,1.851161,4.408687,2.91589,4.297626
F22->F23,21,70,230.2211,386.3489,-0.091974,1.805913,0.989814,2.003305,1.099649
F22->F23,21,71,237.4212,401.5491,-0.175397,1.984311,2.841162,2.804356,3.126037
F22->F23,21,72,419.3364,398.1102,-0.571229,3.425283,0.429693,2.319285,1.491669
F22->F23,21,73,419.0701,377.0001,-0.432427,3.030011,0.677921,1.865631,1.608929
F22->F23,21,74,422.7467,355.0166,-0.514875,2.651248,-1.541959,3.092924,1.118025
F22->F23,21,75,428.7307,334.4816,-0.507386,2.473822,-0.452248,2.721974,0.254205
F22->F23,21,76,428.3463,315.3551,-0.763364,2.351365,-1.42861,2.729972,0.765438
F22->F23,21,77,424.8614,296.7145,-0.89464,2.208612,-0.035376,2.009043,0.882135
F22->F23,21,78,420.248,277.0498,-1.049585,2.102168,-0.429264,1.793171,0.693021
F22->F23,21,79,417.6155,256.7735,-1.26307,1.994299,-0.46488,1.748719,0.835116
F22->F23,21,80,413.9572,236.6899,-1.15303,1.839564,-0.604963,2.194101,0.652743
F22->F23,21,81,407.3666,217.6667,-0.632555,1.589672,-0.789395,2.167606,0.598837
F22->F23,21,82,401.3504,198.5515,-0.249344,1.40072,-0.037045,1.157373,0.322938
F22->F23,21,83,396.3056,178.5084,-0.058272,1.306354,-0.208014,1.082473,0.269343
F22->F23,21,84,390.8808,158.3283,0.112193,1.192057,-0.058251,0.83702,0.393831
F22->F23,21,85,382.0531,138.282,0.224583,1.112707,0.236793,0.893187,0.219859
F22->F23,21,86,370.8456,117.9102,0.269254,1.064812,0.253794,1.079304,0.02119
F22->F23,21,87,357.0405,100.5176,0.198257,0.849769,-0.017012,0.702858,0.260621
F22->F23,21,88,340.3454,87.5599,0.150005,0.662821,0.223889,0.431307,0.243018
F22->F23,21,89,321.9722,82.2657,-0.029096,0.489978,-0.028539,0.29413,0.195849
F22->F23,21,90,303.2903,82.7692,-0.194418,0.422396,-0.060123,0.458977,0.139188
F22->F23,21,91,283.3868,88.735,-0.250118,0.565326,-0.166744,0.497458,0.107506
F22->F23,21,92,265.1185,102.5128,-0.31925,0.765856,-0.184377,0.553682,0.251413
F22->F23,21,93,252.1352,122.8773,-0.381466,0.666642,-0.126272,0.879597,0.332376
F22->F23,21,94,240.7588,144.1413,-0.134533,0.694804,0.405639,0.869942,0.567855
F22->F23,21,95,233.3464,166.137,0.209321,0.71716,0.470703,0.619193,0.279138
F22->F23,21,96,229.4735,187.0172,0.583158,0.83782,0.454315,0.658501,0.220807
F22->F23,21,97,229.8266,206.732,0.930547,1.03978,0.750249,0.863177,0.25238
F22->F23,21,98,231.2432,226.159,1.11722,1.221067,0.530853,1.210299,0.586465
F22->F23,21,99,231.3378,245.2939,1.086955,1.385691,0.607401,1.368893,0.479848
F22->F23,21,100,229.5592,264.6382,0.939873,1.559086,0.108095,1.145839,0.928778
F22->F23,21,101,226.3281,284.6725,0.964304,1.672421,-0.062705,1.200997,1.130039
F22->F23,21,102,222.8775,305.1434,1.174404,1.778687,2.235,1.927046,1.070922
F22->F23,21,103,221.2483,326.3415,0.93782,1.808268,1.802562,2.016312,0.889416
F22->F23,21,104,218.845,346.918,0.621544,1.842956,0.1283,2.066606,0.54158
F22->F23,21,105,217.0152,367.197,0.230514,1.926708,0.461035,1.787753,0.269163
F22->F23,21,106,218.8644,386.8551,0.019202,1.960763,-0.643742,1.925915,0.663859
F22->F23,21,107,229.9938,402.5581,-0.037553,2.058894,-0.397511,2.220698,0.394652
F22->F23,21,108,426.7803,398.8692,-0.595465,3.340491,-1.545724,2.986981,1.013884
F22->F23,21,109,425.6446,377.1326,-0.384828,3.001758,0.045372,2.115345,0.985292
F22->F23,21,110,429.8902,354.8308,-0.303361,2.711638,-1.610917,3.049472,1.350494
F22->F23,21,111,434.8222,333.4116,-0.597434,2.546975,-0.693737,3.089498,0.551004
F22->F23,21,112,436.1587,313.8659,-0.932975,2.385708,-1.413344,3.121745,0.878922
F22->F23,21,113,433.287,295.1836,-1.030038,2.216713,-0.422798,1.791424,0.741358
F22->F23,21,114,429.5459,275.1165,-1.153125,2.118138,-0.943028,1.998921,0.241565
F22->F23,21,115,427.6806,254.3455,-1.332727,2.022754,-0.703818,2.147827,0.641225
F22->F23,21,116,424.736,233.7957,-1.150522,1.877769,-0.661725,1.986734,0.500796
F22->F23,21,117,418.9958,214.4516,-0.619181,1.643182,-0.884465,2.103208,0.531036
F22->F23,21,118,412.7362,195.2351,-0.239749,1.474278,-0.880778,2.210342,0.976067
F22->F23,21,119,406.9758,174.7574,-0.009353,1.387231,0.298508,1.230988,0.345239
F22->F23,21,120,400.2083,154.3374,0.109922,1.295811,0.165285,1.047599,0.254311
F22->F23,21,121,391.1789,133.5312,0.147654,1.212979,0.30256,1.228126,0.155645
F22->F23,21,122,378.7959,112.4066,0.170206,1.103706,0.225339,0.855482,0.254272
F22->F23,21,123,362.7771,93.5521,0.167679,0.911405,-0.21113,0.547819,0.525063
F22->F23,21,124,343.8728,81.1399,0.105414,0.665243,0.296074,0.539981,0.228126
F22->F23,21,125,323.4767,75.6042,-0.053248,0.483226,-0.097885,0.431709,0.068164
F22->F23,21,126,302.0393,76.3313,-0.16067,0.404516,-0.101428,0.315543,0.106892
F22->F23,21,127,280.8274,82.8283,-0.252961,0.613513,0.075976,0.543602,0.336285
F22->F23,21,128,261.3063,98.2838,-0.333815,0.825314,0.004274,0.599707,0.406451
F22->F23,21,129,248.1619,120.0115,-0.41687,0.710506,-0.133083,0.663209,0.287701
F22->F23,21,130,236.1898,142.9885,-0.187053,0.674284,0.53162,1.02276,0.798703
F22->F23,21,131,226.2123,165.913,0.214703,0.658337,0.662558,0.890554,0.504479
F22->F23,21,132,221.1384,186.6794,0.536344,0.789383,0.423283,0.551552,0.263337
F22->F23,21,133,220.5682,206.3162,0.933786,1.019456,0.829699,1.013931,0.104234
F22->F23,21,134,221.1076,225.6288,1.168077,1.217719,0.574459,1.284295,0.597339
F22->F23,21,135,220.6087,244.8232,1.215007,1.397215,1.690225,1.941622,0.722642
F22->F23,21,136,218.9511,264.0881,1.069409,1.581872,1.881711,1.930024,0.883767
F22->F23,21,137,216.0236,283.8164,1.000967,1.718297,2.411985,1.806014,1.413742
F22->F23,21,138,212.9011,304.0757,1.175876,1.830341,1.684942,2.043813,0.552013
F22->F23,21,139,211.0205,325.0389,0.980929,1.872975,-1.640681,1.079474,2.739065
F22->F23,21,140,208.2517,345.6592,0.710686,1.947314,0.309482,1.965299,0.401607
F22->F23,21,141,205.2601,366.209,0.411827,2.053065,1.604896,2.014988,1.193676
F22->F23,21,142,208.8134,387.6708,0.24507,2.04506,-0.683251,1.875165,0.943739
F22->F23,21,143,223.4498,403.7519,-0.0274,2.144414,-0.167018,2.176072,0.143162
F22->F23,21,144,434.536,399.7319,-0.64214,3.244866,-1.618569,3.216109,0.976853
F22->F23,21,145,431.9221,377.519,-0.184606,3.106898,-2.453278,2.800723,2.289239
F22->F23,21,146,435.6326,354.3753,-0.200783,2.863385,-1.799453,2.987345,1.603468
F22->F23,21,147,440.7144,332.6613,-0.727754,2.614729,-0.945879,3.028476,0.467723
F22->F23,21,148,443.183,312.8684,-1.177073,2.421307,-1.271358,3.096319,0.681564
F22->F23,21,149,441.2501,293.7412,-1.21691,2.242998,-2.011923,2.898758,1.030567
F22->F23,21,150,438.5185,273.4711,-1.277077,2.117707,-2.724661,3.048413,1.720963
F22->F23,21,151,437.6787,252.028,-1.412816,2.042056,-1.169286,1.891414,0.286357
F22->F23,21,152,435.3983,231.058,-1.148986,1.900698,-1.103882,1.95013,0.066917
F22->F23,21,153,430.2857,211.4779,-0.628077,1.695085,-0.888323,2.053441,0.442884
F22->F23,21,154,423.8685,192.097,-0.237547,1.52546,-1.903739,2.932986,2.18113
F22->F23,21,155,416.8071,171.6286,0.010948,1.431896,0.188252,1.22864,0.269721
F22->F23,21,156,409.3171,151.0033,0.043588,1.350942,0.079741,1.301702,0.061087
F22->F23,21,157,399.6886,129.4881,0.050217,1.265912,0.434427,1.015815,0.458438
F22->F23,21,158,386.5959,107.5327,0.063021,1.09984,0.758311,0.92233,0.717592
F22->F23,21,159,368.6666,88.1121,0.080638,0.879394,0.046869,0.054462,0.825623
F22->F23,21,160,347.7242,75.3054,0.043563,0.633882,0.415698,0.187419,0.581218
F22->F23,21,161,324.4683,69.9141,-0.063962,0.469827,-0.121435,0.455004,0.059354
F22->F23,21,162,300.6415,70.4979,-0.132777,0.364908,0.006981,0.334611,0.143005
F22->F23,21,163,277.7163,77.6055,-0.255485,0.709308,-0.319125,0.496596,0.222029
F22->F23,21,164,257.3272,94.4869,-0.344763,0.86894,0.032662,0.581395,0.47448
F22->F23,21,165,244.0364,118.0169,-0.424965,0.70751,0.156655,0.626831,0.587188
F22->F23,21,166,231.2501,142.1934,-0.18371,0.629243,0.60363,0.980321,0.862068
F22->F23,21,167,219.2814,165.8331,0.232741,0.599907,0.770009,0.899268,0.61504
F22->F23,21,168,213.1302,186.9345,0.528295,0.707357,0.286663,0.739702,0.243787
F22->F23,21,169,211.2079,206.3924,0.91132,0.965544,0.87763,1.090271,0.129196
F22->F23,21,170,210.8225,225.2877,1.196352,1.204436,1.110339,0.986946,0.233881
F22->F23,21,171,209.9721,244.3727,1.289145,1.399914,1.954511,1.911847,0.839517
F22->F23,21,172,208.1843,263.624,1.197242,1.593255,1.79584,1.942645,0.693104
F22->F23,21,173,205.812,283.0928,1.104317,1.740064,1.901846,1.828421,0.802409
F22->F23,21,174,203.1649,302.7004,1.207686,1.880782,0.801783,2.028362,0.431899
F22->F23,21,175,200.9697,323.2686,1.047662,1.969663,0.999164,1.735355,0.239274
F22->F23,21,176,198.3411,343.782,0.775737,2.043498,-0.259216,1.946131,1.039522
F22->F23,21,177,194.3998,365.686,0.490874,2.063034,0.731076,2.079258,0.240749
F22->F23,21,178,201.0443,389.7218,0.236631,1.992702,-4.730074,-1.902144,6.311734
F22->F23,21,179,217.5514,404.9575,0.057461,2.226095,-0.251398,2.148051,0.318567
F23->F24,22,0,403.9307,401.7398,-1.056441,3.454914,-1.108286,3.14386,0.315345
F23->F24,22,1,404.1239,381.6079,-0.659498,3.117942,2.161887,2.084671,3.00464
F23->F24,22,2,404.9902,360.4341,-0.940839,2.669651,-2.661479,2.98955,1.750125
F23->F24,22,3,407.4878,341.1516,-0.988138,2.439851,-0.206077,2.134138,0.839691
F23->F24,22,4,408.0123,321.2977,-0.957253,2.361371,-3.143919,2.855985,2.241907
F23->F24,22,5,404.1294,302.7523,-1.076611,2.228768,-0.451849,2.011247,0.661546
F23->F24,22,6,400.0136,283.4369,-1.198154,2.071061,-0.937265,2.098073,0.262284
F23->F24,22,7,395.6305,264.2594,-1.34041,1.910981,-1.02654,2.028261,0.335065
F23->F24,22,8,389.195,245.4302,-1.304432,1.70533,-1.594927,2.140424,0.523158
F23->F24,22,9,381.5401,226.6231,-0.914003,1.446589,-1.780505,1.922791,0.988734
F23->F24,22,10,375.6075,207.6719,-0.497878,1.210279,-0.317167,1.036909,0.250427
F23->F24,22,11,372.2003,188.3457,-0.2621,1.076002,0.071227,1.007817,0.340229
F23->F24,22,12,367.7907,169.4407,-0.017466,0.931104,0.011693,1.136162,0.20712
F23->F24,22,13,362.3799,150.7384,0.159854,0.794746,-0.227035,0.874406,0.395005
F23->F24,22,14,355.0416,133.0299,0.268289,0.746458,0.112165,0.866072,0.196678
F23->F24,22,15,345.3283,116.7999,0.229185,0.673206,0.050413,0.663714,0.179024
F23->F24,22,16,333.8824,104.7934,0.113614,0.540259,0.209155,0.703814,0.189416
F23->F24,22,17,319.7413,98.2296,-0.032264,0.458388,0.091285,0.64493,0.223746
F23->F24,22,18,304.1393,97.5784,-0.181608,0.436775,-0.009025,0.415214,0.173925
F23->F24,22,19,287.6963,102.3867,-0.244765,0.525307,-0.026132,0.539192,0.219074
F23->F24,22,20,272.3132,113.5314,-0.298503,0.599928,0.267732,0.596831,0.566243
F23->F24,22,21,259.3529,130.0374,-0.270184,0.591845,0.158299,0.78102,0.468386
F23->F24,22,22,250.719,148.7665,-0.010862,0.658044,0.215983,0.736523,0.240036
F23->F24,22,23,248.9093,169.5134,0.238056,0.665144,0.541108,0.951935,0.41724
F23->F24,22,24,249.1367,189.5767,0.546317,0.793952,1.328023,0.803615,0.781766
F23->F24,22,25,249.6435,209.2034,0.796907,0.950084,0.75492,1.034697,0.094458
F23->F24,22,26,251.3299,228.4814,0.834184,1.086784,0.627278,0.981144,0.232314
F23->F24,22,27,251.8616,247.7744,0.747821,1.232089,0.828174,1.083281,0.169116
F23->F24,22,28,251.4229,267.4388,0.697416,1.349866,1.005183,1.198822,0.342833
F23->F24,22,29,248.9239,287.7703,0.868337,1.450378,0.675964,1.317573,0.233761
F23->F24,22,30,245.1884,308.5008,0.971374,1.546183,1.005459,0.949562,0.597594
F23->F24,22,31,243.5302,329.6089,0.733729,1.584537,1.9977,1.845544,1.290638
F23->F24,22,32,241.5672,349.8243,0.3975,1.593805,-1.736173,1.149189,2.179505
F23->F24,22,33,240.5177,368.0875,0.08316,1.668678,0.735874,1.842356,0.675426
F23->F24,22,34,241.972,386.5331,-0.469645,1.630789,-0.250782,1.976514,0.409179
F23->F24,22,35,244.4884,402.5541,-0.532298,1.851115,-0.833065,1.986108,0.329673
F23->F24,22,36,411.291,400.8712,-1.005734,3.384747,-1.517856,3.222709,0.537145
F23->F24,22,37,411.0593,380.5583,-0.690125,3.073461,-6.365962,-5.994148,10.697507
F23->F24,22,38,414.0133,358.3518,-0.949385,2.623491,-0.03042,2.121509,1.047131
F23->F24,22,39,419.9756,338.2935,-0.833051,2.420223,-2.554907,2.999055,1.816545
F23->F24,22,40,419.2729,319.3888,-0.877491,2.334908,-2.529518,2.907401,1.748411
F23->F24,22,41,414.7064,300.622,-1.091048,2.21921,-2.911913,3.019347,1.988912
F23->F24,22,42,409.8858,281.2354,-1.231587,2.072275,-0.996674,1.999389,0.245961
F23->F24,22,43,406.1318,261.3901,-1.432985,1.960116,-1.256609,1.944674,0.17705
F23->F24,22,44,401.2634,241.9024,-1.396935,1.780679,-1.562706,2.152099,0.406734
F23->F24,22,45,394.5972,222.7016,-0.96245,1.541138,-0.02097,1.176124,1.009762
F23->F24,22,46,389.0447,203.5977,-0.506075,1.323507,-0.172307,0.967776,0.487796
F23->F24,22,47,385.3443,183.6309,-0.270197,1.220007,0.052725,1.257222,0.325059
F23->F24,22,48,380.5632,163.9537,-0.033195,1.093163,-0.073852,1.130454,0.055169
F23->F24,22,49,372.7216,144.6978,0.142531,0.981068,-0.093789,1.050996,0.246449
F23->F24,22,50,363.1082,125.5507,0.246618,0.941835,0.20332,1.000625,0.073013
F23->F24,22,51,351.5366,108.2533,0.192309,0.820039,-0.075855,0.742696,0.279095
F23->F24,22,52,337.3021,96.0925,0.118476,0.631856,0.25581,0.724736,0.165793
F23->F24,22,53,320.9209,90.0352,-0.035179,0.518014,0.081522,0.658785,0.182854
F23->F24,22,54,303.9538,90.0408,-0.212265,0.491016,-0.026896,0.437195,0.193025
F23->F24,22,55,285.4873,95.483,-0.263521,0.57719,-0.053258,0.525678,0.21648
F23->F24,22,56,268.7628,108.0974,-0.317317,0.663983,0.053291,0.589321,0.378053
F23->F24,22,57,255.1511,126.5563,-0.323178,0.610239,0.191594,0.803888,0.549992
F23->F24,22,58,245.5287,146.593,-0.078594,0.666186,0.061627,0.725138,0.15211
F23->F24,22,59,241.1147,168.0056,0.204659,0.676011,0.760759,0.867952,0.588293
F23->F24,22,60,239.526,188.6355,0.566701,0.804963,0.209013,0.653633,0.388382
F23->F24,22,61,239.9606,208.367,0.830163,0.966488,0.615093,0.956466,0.215304
F23->F24,22,62,241.9062,227.8792,0.932858,1.11171,0.431414,0.909053,0.540847
F23->F24,22,63,242.259,247.2188,0.836606,1.265075,0.33077,1.107021,0.529954
F23->F24,22,64,240.8609,266.808,0.726872,1.401682,0.397458,1.173673,0.400626
F23->F24,22,65,237.7697,287.136,0.868778,1.503349,0.69667,1.300474,0.266044
F23->F24,22,66,234.4233,307.739,1.00422,1.598616,0.473218,1.028075,0.77941
F23->F24,22,67,232.6145,328.998,0.738332,1.624166,1.731729,1.856042,1.0201
F23->F24,22,68,230.1752,349.389,0.407966,1.641884,1.898551,1.873545,1.50848
F23->F24,22,69,228.8456,368.8455,0.04097,1.707042,3.88666,-2.07692,5.395155
F23->F24,22,70,230.1291,388.1548,-0.265083,1.661027,0.782132,2.172852,1.1656
F23->F24,22,71,237.2458,403.5334,-0.385707,1.883259,-1.672728,1.939502,1.288249
F23->F24,22,72,418.7652,401.5355,-0.996603,3.338,-1.38961,2.856176,0.621778
F23->F24,22,73,418.6377,380.0301,-0.738827,3.029024,1.869039,2.2931,2.709714
F23->F24,22,74,422.2318,357.6678,-0.754538,2.643249,0.335391,2.305938,1.140931
F23->F24,22,75,428.2234,336.9554,-0.715414,2.464787,0.033953,2.031864,0.865432
F23->F24,22,76,427.583,317.7065,-0.952688,2.350554,-1.006075,2.76378,0.416661
F23->F24,22,77,423.9667,298.9232,-1.143572,2.21486,-0.656674,2.227259,0.487055
F23->F24,22,78,419.1984,279.152,-1.307759,2.103086,-1.148577,2.071017,0.162381
F23->F24,22,79,416.3524,258.7678,-1.524207,2.001364,-1.148796,1.856342,0.402448
F23->F24,22,80,412.8041,238.5294,-1.440564,1.849384,-1.228782,1.962998,0.240333
F23->F24,22,81,406.734,219.2564,-0.914083,1.605544,0.329019,1.095401,1.343707
F23->F24,22,82,401.1011,199.9522,-0.468109,1.41545,0.256794,1.247107,0.744194
F23->F24,22,83,396.2473,179.8147,-0.225967,1.322328,-1.417941,1.672289,1.242286
F23->F24,22,84,390.993,159.5203,-0.011496,1.214952,-0.036455,1.273194,0.063365
F23->F24,22,85,382.2777,139.3947,0.132112,1.138948,-0.049092,1.139106,0.181204
F23->F24,22,86,371.1149,118.975,0.205398,1.090666,0.229874,1.046112,0.050834
F23->F24,22,87,357.2387,101.3673,0.164033,0.880039,0.05869,0.811915,0.125451
F23->F24,22,88,340.4954,88.2228,0.127634,0.70341,0.103028,0.671834,0.040031
F23->F24,22,89,321.9431,82.7557,-0.039192,0.55881,-0.050051,0.796868,0.238306
F23->F24,22,90,303.0959,83.1916,-0.216501,0.49463,-0.064084,0.5026,0.152625
F23->F24,22,91,283.1367,89.3003,-0.262275,0.59695,-0.027865,0.549332,0.239198
F23->F24,22,92,264.7993,103.2787,-0.333162,0.766482,-0.055659,0.597541,0.324884
F23->F24,22,93,251.7538,123.544,-0.392029,0.651954,0.223921,0.772977,0.627727
F23->F24,22,94,240.6243,144.8361,-0.145721,0.662679,-0.135022,0.819544,0.157229
F23->F24,22,95,233.5557,166.8542,0.180526,0.668658,0.321812,0.70525,0.145948
F23->F24,22,96,230.0566,187.8551,0.535443,0.782077,0.390402,0.705647,0.163947
F23->F24,22,97,230.7572,207.7718,0.847544,0.963219,0.559527,0.903981,0.294046
F23->F24,22,98,232.3605,227.3801,1.005349,1.124725,0.165709,1.226546,0.845791
F23->F24,22,99,232.4247,246.6796,0.963796,1.279021,0.348575,1.059266,0.65329
F23->F24,22,100,230.4991,266.1973,0.82419,1.442284,0.446937,0.86807,0.687054
F23->F24,22,101,227.2924,286.3449,0.873607,1.54506,-0.078122,1.11445,1.044611
F23->F24,22,102,224.0519,306.922,1.040407,1.64642,-0.113733,1.029778,1.308543
F23->F24,22,103,222.1861,328.1497,0.767833,1.668662,-0.98848,1.121656,1.839524
F23->F24,22,104,219.4665,348.761,0.43654,1.692666,1.781569,2.052764,1.392399
F23->F24,22,105,217.2457,369.1237,0.039282,1.75568,-0.036767,1.908119,0.170356
F23->F24,22,106,218.8836,388.8158,-0.139182,1.782203,-4.358909,1.191236,4.260908
F23->F24,22,107,229.9562,404.617,-0.256214,1.951557,-2.578234,1.865819,2.323602
F23->F24,22,108,426.1848,402.2097,-1.044599,3.217017,-1.407673,2.874391,0.499215
F23->F24,22,109,425.2598,380.1343,-0.703035,2.963577,-0.144907,2.908487,0.56084
F23->F24,22,110,429.5868,357.5425,-0.528908,2.701002,-1.839252,3.11064,1.372881
F23->F24,22,111,434.2248,335.9586,-0.760471,2.543586,-2.407114,2.77912,1.663403
F23->F24,22,112,435.2257,316.2516,-1.105297,2.380155,-1.274268,2.865985,0.514375
F23->F24,22,113,432.2569,297.4004,-1.264315,2.216332,-2.147934,2.876282,1.102868
F23->F24,22,114,428.3928,277.2346,-1.407712,2.119034,-0.107169,2.092525,1.300813
F23->F24,22,115,426.3479,256.3683,-1.61032,2.035582,-0.828781,2.121343,0.78623
F23->F24,22,116,423.5855,235.6734,-1.447561,1.893885,-1.19233,1.888093,0.255296
F23->F24,22,117,418.3766,216.0948,-0.888371,1.664503,-0.103926,1.134319,0.94681
F23->F24,22,118,412.4965,196.7094,-0.456139,1.497694,-0.134209,1.044643,0.555783
F23->F24,22,119,406.9664,176.1446,-0.172826,1.411031,-0.101106,1.095339,0.323736
F23->F24,22,120,400.3182,155.6333,-0.002681,1.324545,-0.921568,1.835303,1.051298
F23->F24,22,121,391.3266,134.7442,0.063763,1.245346,-0.217993,1.093629,0.320008
F23->F24,22,122,378.9661,113.5103,0.115736,1.135715,0.13861,1.045427,0.093141
F23->F24,22,123,362.9448,94.4636,0.138098,0.94324,0.216313,1.058062,0.13893
F23->F24,22,124,343.9782,81.8052,0.092908,0.705059,-0.27182,0.472488,0.432569
F23->F24,22,125,323.4235,76.0874,-0.054869,0.559201,-0.00695,0.626242,0.082406
F23->F24,22,126,301.8786,76.7359,-0.178307,0.467443,-0.111405,0.483232,0.06874
F23->F24,22,127,280.5744,83.4419,-0.260403,0.639143,-0.226945,0.432924,0.208916
F23->F24,22,128,260.9725,99.1091,-0.340886,0.819006,-0.227587,0.723824,0.147974
F23->F24,22,129,247.7451,120.722,-0.425193,0.690756,0.258246,0.793229,0.691079
F23->F24,22,130,236.0027,143.6628,-0.195042,0.638988,-0.149326,0.9211,0.285793
F23->F24,22,131,226.427,166.5713,0.183537,0.612978,0.563654,0.967284,0.519636
F23->F24,22,132,221.6747,187.4688,0.492877,0.736416,0.607003,0.959844,0.250888
F23->F24,22,133,221.5019,207.3357,0.857303,0.951308,0.493293,0.769223,0.407011
F23->F24,22,134,222.2757,226.8465,1.057379,1.12435,0.018295,1.084219,1.039859
F23->F24,22,135,221.8237,246.2205,1.080387,1.286564,0.102447,0.948173,1.034831
F23->F24,22,136,220.0205,265.6699,0.931435,1.460703,0.677077,1.032958,0.497659
F23->F24,22,137,217.0246,285.5346,0.897612,1.580911,1.161537,1.949091,0.453005
F23->F24,22,138,214.077,305.906,1.045923,1.682867,0.210763,0.992117,1.083803
F23->F24,22,139,212.0014,326.9119,0.807343,1.717804,2.097566,1.917176,1.305536
F23->F24,22,140,208.9623,347.6065,0.525672,1.778322,-7.628802,2.123885,8.161793
F23->F24,22,141,205.672,368.262,0.213099,1.85566,0.419152,2.046802,0.281057
F23->F24,22,142,209.0585,389.7159,0.06832,1.861615,-4.271968,1.241943,4.384301
F23->F24,22,143,223.4224,405.8963,-0.217603,2.004771,-1.420449,2.100857,1.206677
F23->F24,22,144,433.8938,402.9768,-1.118374,3.140386,-1.988383,3.005909,0.88034
F23->F24,22,145,431.7375,380.6259,-0.517469,3.029811,-1.310141,2.878914,0.806907
F23->F24,22,146,435.4318,357.2387,-0.397691,2.861275,-1.552048,3.109979,1.180845
F23->F24,22,147,439.9867,335.2761,-0.873527,2.613884,-2.476714,2.783979,1.612186
F23->F24,22,148,442.006,315.2897,-1.366691,2.412387,-1.245771,2.951761,0.552762
F23->F24,22,149,440.0332,295.9842,-1.45737,2.236895,-0.324121,2.019822,1.153852
F23->F24,22,150,437.2415,275.5888,-1.535166,2.122673,-2.158002,2.858564,0.964086
F23->F24,22,151,436.2659,254.0701,-1.69346,2.053511,-1.142296,2.124492,0.555716
F23->F24,22,152,434.2493,232.9587,-1.437111,1.921053,-1.899827,1.980672,0.466541
F23->F24,22,153,429.6576,213.173,-0.88235,1.723955,-1.46696,1.833599,0.594803
F23->F24,22,154,423.6309,193.6225,-0.443137,1.559148,-1.157725,1.810279,0.757432
F23->F24,22,155,416.8181,173.0605,-0.140683,1.466344,-1.286502,1.710452,1.171533
F23->F24,22,156,409.3607,152.3542,-0.053573,1.389019,0.204053,1.28503,0.277822
F23->F24,22,157,399.7388,130.754,-0.024437,1.309103,0.101384,1.118957,0.228005
F23->F24,22,158,386.6589,108.6326,0.021071,1.142058,0.627153,0.947672,0.636491
F23->F24,22,159,368.7472,88.9915,0.064555,0.917579,0.043439,0.143391,0.774477
F23->F24,22,160,347.7678,75.9393,0.040806,0.675644,-0.345925,0.497813,0.425658
F23->F24,22,161,324.4043,70.3839,-0.0563,0.543963,0.057683,0.373647,0.204938
F23->F24,22,162,300.5087,70.8628,-0.133016,0.404284,-0.169979,0.374267,0.047616
F23->F24,22,163,277.4608,78.3148,-0.26057,0.729159,-0.285495,0.488373,0.242072
F23->F24,22,164,256.9825,95.3559,-0.346249,0.853468,-0.160181,0.724616,0.226327
F23->F24,22,165,243.6114,118.7244,-0.431645,0.684015,0.454965,0.72914,0.887757
F23->F24,22,166,231.0664,142.8227,-0.194985,0.595012,-0.166505,0.991968,0.397976
F23->F24,22,167,219.5141,166.433,0.194396,0.559634,0.463732,0.634847,0.27964
F23->F24,22,168,213.6585,187.6419,0.477676,0.670214,0.37241,0.620918,0.116237
F23->F24,22,169,212.1192,207.3579,0.830094,0.901424,0.647677,1.069512,0.248052
F23->F24,22,170,212.0189,226.4922,1.077313,1.110085,0.227901,0.92142,0.870112
F23->F24,22,171,211.2613,245.7727,1.151524,1.288099,-0.145505,1.155519,1.303787
F23->F24,22,172,209.3815,265.2173,1.048185,1.463475,0.975882,1.041031,0.428587
F23->F24,22,173,206.9163,284.8328,0.981009,1.592129,1.779781,1.789855,0.82288
F23->F24,22,174,204.3726,304.5812,1.069139,1.715156,1.936954,1.888144,0.884889
F23->F24,22,175,202.0173,325.2383,0.866143,1.79256,-4.812145,-18.881504,21.43968
F23->F24,22,176,199.1168,345.8255,0.576154,1.851952,0.212395,1.7366,0.38161
F23->F24,22,177,194.8907,367.7491,0.292101,1.855089,6.479404,2.822933,6.262543
F23->F24,22,178,201.2809,391.7145,0.018147,1.807944,-0.149524,1.878133,0.18177
F23->F24,22,179,217.6089,407.1836,-0.157712,2.062725,-0.959358,2.040806,0.801945
F24->F25,23,0,402.8743,405.1947,-1.495732,3.3592,-4.119441,2.719958,2.700459
F24->F25,23,1,403.4644,384.7258,-0.984256,3.121461,-5.420315,3.671174,4.469989
F24->F25,23,2,404.0494,363.1037,-1.167071,2.689179,-3.084437,3.81948,2.22573
F24->F25,23,3,406.4997,343.5915,-1.284372,2.431338,-2.654323,3.018205,1.490362
F24->F25,23,4,407.055,323.6591,-1.258322,2.350422,-0.705488,2.154253,0.586607
F24->F25,23,5,403.0528,304.9811,-1.398499,2.227663,-2.941132,2.901111,1.683226
F24->F25,23,6,398.8154,285.508,-1.501349,2.063289,-0.845365,2.092,0.656612
F24->F25,23,7,394.29,266.1704,-1.626649,1.90147,-1.496307,1.936123,0.13487
F24->F25,23,8,387.8906,247.1355,-1.599629,1.697578,-1.547043,2.116043,0.421756
F24->F25,23,9,380.6261,228.0696,-1.219757,1.442124,-0.201629,1.052255,1.090221
F24->F25,23,10,375.1096,208.8822,-0.751413,1.205834,-0.305292,1.02509,0.481345
F24->F25,23,11,371.9382,189.4217,-0.470492,1.078422,-0.39046,0.916989,0.180183
F24->F25,23,12,367.7732,170.3718,-0.181675,0.940626,0.083434,1.051044,0.287184
F24->F25,23,13,362.5398,151.5331,0.035364,0.816892,0.07385,0.845797,0.048131
F24->F25,23,14,355.3098,133.7764,0.182428,0.768605,0.166324,0.685215,0.084931
F24->F25,23,15,345.5575,117.4731,0.177073,0.693474,-0.111258,0.656011,0.290754
F24->F25,23,16,333.996,105.3337,0.078915,0.574103,-0.281086,0.579251,0.360039
F24->F25,23,17,319.709,98.688,-0.054695,0.504032,-0.253432,0.515675,0.199078
F24->F25,23,18,303.9577,98.0152,-0.204872,0.500109,-0.002987,0.407515,0.222106
F24->F25,23,19,287.4516,102.912,-0.277672,0.582223,-0.12043,0.549697,0.160571
F24->F25,23,20,272.0147,114.1314,-0.327341,0.623314,-0.063525,0.766776,0.3003
F24->F25,23,21,259.0828,130.6292,-0.285889,0.595096,-0.139617,0.934796,0.369853
F24->F25,23,22,250.7082,149.4245,-0.028534,0.643176,-0.069612,0.739903,0.105088
F24->F25,23,23,249.1474,170.1786,0.203721,0.63883,0.09294,0.804757,0.19951
F24->F25,23,24,249.683,190.3707,0.488515,0.754833,0.499911,1.026686,0.272091
F24->F25,23,25,250.4404,210.1535,0.714635,0.894139,1.216633,0.719135,0.531628
F24->F25,23,26,252.1641,229.5682,0.738176,1.014605,0.899848,1.054106,0.166427
F24->F25,23,27,252.6095,249.0064,0.650061,1.151567,0.984859,1.126658,0.335723
F24->F25,23,28,252.1203,268.7887,0.616329,1.260713,0.462466,1.118361,0.209613
F24->F25,23,29,249.7922,289.2206,0.76838,1.35534,0.14268,1.222788,0.639587
F24->F25,23,30,246.1597,310.047,0.823704,1.445334,-0.054109,1.595781,0.890612
F24->F25,23,31,244.2639,331.1934,0.568709,1.476852,3.704242,1.746615,3.147115
F24->F25,23,32,241.9647,351.4181,0.226501,1.479119,0.023288,1.361321,0.234887
F24->F25,23,33,240.6009,369.7561,-0.096014,1.545513,1.290225,1.734013,1.398997
F24->F25,23,34,241.5024,388.1639,-0.601909,1.517655,1.168854,1.865046,1.804516
F24->F25,23,35,243.9561,404.4052,-0.699119,1.758285,0.950643,2.045756,1.674621
F24->F25,23,36,410.2852,404.256,-1.391798,3.336546,-4.054367,2.766272,2.722955
F24->F25,23,37,410.3692,383.6318,-0.999527,3.072651,-6.000782,3.996853,5.085932
F24->F25,23,38,413.0639,360.9753,-1.170488,2.618946,0.130997,2.234014,1.357217
F24->F25,23,39,419.1425,340.7137,-1.086927,2.397653,-0.113837,2.07453,1.025334
F24->F25,23,40,418.3954,321.7237,-1.131249,2.315158,-0.765621,2.187443,0.387292
F24->F25,23,41,413.6154,302.8412,-1.377506,2.21216,-1.078851,2.138267,0.307661
F24->F25,23,42,408.6542,283.3076,-1.51561,2.061367,-2.922938,2.918441,1.647771
F24->F25,23,43,404.6989,263.3502,-1.70861,1.949166,-2.034815,2.03683,0.337778
F24->F25,23,44,399.8664,243.683,-1.69145,1.773738,-1.641209,2.32599,0.554532
F24->F25,23,45,393.6347,224.2427,-1.266825,1.539587,-0.365532,1.042289,1.029386
F24->F25,23,46,388.5386,204.9212,-0.75811,1.323849,-1.518221,2.134029,1.110928
F24->F25,23,47,385.0741,184.8509,-0.455009,1.223133,-0.024325,0.963407,0.502938
F24->F25,23,48,380.53,165.0469,-0.181713,1.10573,-0.216983,1.10953,0.035474
F24->F25,23,49,372.8641,145.6789,0.033268,1.000877,-0.033234,1.008904,0.066985
F24->F25,23,50,363.3548,126.4925,0.169952,0.963273,-0.01018,0.734537,0.291148
F24->F25,23,51,351.7289,109.0733,0.147915,0.846971,-0.0535,0.72759,0.234136
F24->F25,23,52,337.4206,96.7244,0.089048,0.668044,-0.075563,0.634804,0.167934
F24->F25,23,53,320.8858,90.5532,-0.050394,0.573112,-0.223588,0.507965,0.185041
F24->F25,23,54,303.7416,90.5318,-0.231514,0.574448,-0.06506,0.497877,0.183222
F24->F25,23,55,285.2238,96.0602,-0.295683,0.650193,0.040479,0.532238,0.356257
F24->F25,23,56,268.4455,108.7614,-0.347805,0.690625,-0.147984,0.864607,0.264949
F24->F25,23,57,254.8279,127.1666,-0.339319,0.614118,-0.170184,0.99277,0.414709
F24->F25,23,58,245.4501,147.2592,-0.092667,0.652087,0.036769,0.751949,0.163481
F24->F25,23,59,241.3193,168.6816,0.173197,0.647798,0.197036,0.818987,0.172841
F24->F25,23,60,240.0927,189.4404,0.510968,0.765562,0.852247,1.17775,0.535136
F24->F25,23,61,240.7908,209.3335,0.750618,0.910964,0.920364,0.999697,0.191539
F24->F25,23,62,242.8391,228.9909,0.825875,1.035963,0.802526,0.81553,0.221666
F24->F25,23,63,243.0956,248.4838,0.725685,1.179344,0.72135,0.912212,0.267168
F24->F25,23,64,241.5877,268.2097,0.632631,1.305144,0.709681,1.243555,0.098641
F24->F25,23,65,238.6385,288.6394,0.781872,1.399913,2.1108,1.752931,1.375017
F24->F25,23,66,235.4275,309.3376,0.861881,1.486847,-0.12549,1.386924,0.992414
F24->F25,23,67,233.3528,330.6222,0.581248,1.507255,0.047388,1.107928,0.666684
F24->F25,23,68,230.5831,351.0309,0.242751,1.512177,2.118649,1.911487,1.917927
F24->F25,23,69,228.8865,370.5526,-0.129032,1.563935,-0.784519,17.17127,15.621094
F24->F25,23,70,229.864,389.8158,-0.402977,1.527317,6.937195,2.998282,7.486111
F24->F25,23,71,236.8601,405.4166,-0.54674,1.786745,1.761087,2.124539,2.332417
F24->F25,23,72,417.7686,404.8735,-1.375111,3.226509,-3.086885,2.784225,1.767989
F24->F25,23,73,417.8989,383.0592,-0.999883,3.008229,-0.292346,2.053659,1.188197
F24->F25,23,74,421.4772,360.311,-1.006829,2.594221,-1.783195,2.961863,0.859015
F24->F25,23,75,427.5079,339.4202,-0.937843,2.420538,-2.477466,2.757409,1.576046
F24->F25,23,76,426.6303,320.0571,-1.136345,2.319155,-0.816293,2.159957,0.35746
F24->F25,23,77,422.8232,301.138,-1.394101,2.198879,-1.120106,2.007742,0.334075
F24->F25,23,78,417.8907,281.2551,-1.57486,2.086338,-2.833056,2.93226,1.516126
F24->F25,23,79,414.8282,260.7692,-1.803843,1.987221,0.096357,1.04913,2.119145
F24->F25,23,80,411.3636,240.3788,-1.73391,1.843084,-1.284511,1.753417,0.458258
F24->F25,23,81,405.8199,220.8619,-1.211592,1.60949,-2.096447,1.980993,0.959679
F24->F25,23,82,400.633,201.3677,-0.702624,1.420675,-1.31551,1.853091,0.750075
F24->F25,23,83,396.0214,181.137,-0.404089,1.330536,0.304294,1.240302,0.714107
F24->F25,23,84,390.9815,160.7353,-0.142876,1.231909,-0.059292,1.199513,0.089643
F24->F25,23,85,382.4098,140.5337,0.036368,1.159901,0.117198,1.25622,0.125741
F24->F25,23,86,371.3203,120.0656,0.138591,1.111816,0.018278,0.966936,0.188323
F24->F25,23,87,357.4028,102.2474,0.126617,0.908401,0.100636,0.665787,0.244001
F24->F25,23,88,340.623,88.9262,0.103735,0.740639,0.324366,0.730356,0.220871
F24->F25,23,89,321.9039,83.3145,-0.046162,0.622894,0.191789,0.482476,0.276293
F24->F25,23,90,302.8794,83.6862,-0.231821,0.604787,-0.119528,0.540192,0.129546
F24->F25,23,91,282.8744,89.8972,-0.294704,0.682079,0.035184,0.516672,0.369033
F24->F25,23,92,264.4661,104.0452,-0.357272,0.783427,-0.154492,0.827269,0.207465
F24->F25,23,93,251.3617,124.1959,-0.407355,0.650874,-0.12531,0.97246,0.427746
F24->F25,23,94,240.4786,145.4988,-0.156627,0.648208,0.192444,0.662799,0.349376
F24->F25,23,95,233.7363,167.5229,0.148659,0.642018,0.624733,0.871793,0.528624
F24->F25,23,96,230.5921,188.6371,0.485056,0.744853,0.559883,1.016605,0.281865
F24->F25,23,97,231.6047,208.735,0.766919,0.909961,0.460706,1.10353,0.362265
F24->F25,23,98,233.3658,228.5048,0.89398,1.050467,1.457842,0.722431,0.652341
F24->F25,23,99,233.3885,247.9586,0.838703,1.190727,0.77879,0.997415,0.202384
F24->F25,23,100,231.3233,267.6396,0.714549,1.339636,0.243367,1.073465,0.541165
F24->F25,23,101,228.166,287.89,0.782095,1.431759,-0.352824,1.22018,1.154472
F24->F25,23,102,225.0923,308.5685,0.905325,1.525608,-0.639101,1.031094,1.621665
F24->F25,23,103,222.9539,329.8184,0.609808,1.540773,1.960734,1.73421,1.364704
F24->F25,23,104,219.9031,350.4537,0.270209,1.548848,-0.009111,1.979942,0.513674
F24->F25,23,105,217.285,370.8794,-0.112638,1.594464,-1.017377,0.95468,1.108096
F24->F25,23,106,218.7444,390.598,-0.256991,1.613448,-2.06201,1.050542,1.890756
F24->F25,23,107,229.7,406.5685,-0.425396,1.846845,-3.958152,0.987322,3.635814
F24->F25,23,108,425.1402,405.4267,-1.426343,3.104534,-2.173462,2.865325,0.78448
F24->F25,23,109,424.5567,383.0979,-0.963062,2.901599,-0.241174,1.949109,1.19514
F24->F25,23,110,429.0579,360.2435,-0.764055,2.642135,-1.749642,2.927613,1.026099
F24->F25,23,111,433.4643,338.5022,-0.907559,2.49721,-2.748812,3.110877,1.940825
F24->F25,23,112,434.1204,318.6318,-1.257098,2.340276,-0.804708,2.130614,0.498613
F24->F25,23,113,430.9926,299.6167,-1.484122,2.191804,-2.971515,2.808232,1.610069
F24->F25,23,114,426.9851,279.3536,-1.660923,2.100178,-1.54949,2.130532,0.115493
F24->F25,23,115,424.7375,258.4039,-1.883269,2.030537,5.595898,4.005424,7.73551
F24->F25,23,116,422.138,237.5673,-1.746012,1.8936,-0.775374,1.956998,0.972706
F24->F25,23,117,417.4883,217.7593,-1.169981,1.673596,-1.871819,2.168186,0.858601
F24->F25,23,118,412.0404,198.2071,-0.68218,1.509309,-1.326276,1.711976,0.675229
F24->F25,23,119,406.7936,177.5556,-0.343679,1.425266,-0.751086,1.973354,0.682921
F24->F25,23,120,400.3155,156.9578,-0.118172,1.344794,0.223006,1.171358,0.382731
F24->F25,23,121,391.3903,135.9896,-0.021185,1.270152,0.355817,1.128047,0.402895
F24->F25,23,122,379.0818,114.646,0.059333,1.161855,0.034464,1.073945,0.09136
F24->F25,23,123,363.0829,95.4068,0.106274,0.971473,0.007487,0.840768,0.163837
F24->F25,23,124,344.0711,82.5102,0.078009,0.741554,0.261487,0.774415,0.186398
F24->F25,23,125,323.3686,76.6466,-0.054356,0.6277,0.238389,0.533236,0.307609
F24->F25,23,126,301.7003,77.2033,-0.19043,0.596906,-0.104631,0.566845,0.090913
F24->F25,23,127,280.314,84.081,-0.290731,0.726489,-0.027477,0.526177,0.330798
F24->F25,23,128,260.6316,99.9281,-0.358975,0.829985,-0.009314,0.920564,0.361203
F24->F25,23,129,247.3199,121.4128,-0.43838,0.685045,0.10516,0.712997,0.544258
F24->F25,23,130,235.8077,144.3018,-0.203746,0.6223,0.104695,0.668812,0.311928
F24->F25,23,131,226.6105,167.1843,0.147476,0.588473,-0.070058,0.243644,0.407711
F24->F25,23,132,222.1676,188.2052,0.441887,0.706359,0.72746,1.023236,0.426572
F24->F25,23,133,222.3593,208.287,0.770662,0.900823,0.610822,1.100482,0.255759
F24->F25,23,134,223.3331,227.9708,0.937627,1.047903,0.958498,1.275234,0.228286
F24->F25,23,135,222.9041,247.507,0.942261,1.192777,1.293134,1.076003,0.369795
F24->F25,23,136,220.9519,267.1306,0.799067,1.355347,0.062533,1.089489,0.783046
F24->F25,23,137,217.9222,287.1156,0.794182,1.459169,0.092708,1.102131,0.78711
F24->F25,23,138,215.1229,307.5889,0.90977,1.549013,-0.556123,1.182125,1.511109
F24->F25,23,139,212.8087,328.6297,0.644593,1.575855,1.588371,1.995325,1.032798
F24->F25,23,140,209.488,349.3848,0.352845,1.61823,-3.769867,5.709778,5.808401
F24->F25,23,141,205.8851,370.1177,0.043273,1.667933,-0.172998,1.038118,0.665913
F24->F25,23,142,209.1268,391.5775,-0.075587,1.690299,2.043864,1.806204,2.122618
F24->F25,23,143,223.2048,407.901,-0.370449,1.873587,-2.695447,0.920291,2.512844
F24->F25,23,144,432.7755,406.1172,-1.493092,3.007884,-2.125251,3.098633,0.638639
F24->F25,23,145,431.22,383.6557,-0.858247,2.899257,-0.02673,2.064373,1.178327
F24->F25,23,146,435.0341,360.1,-0.583549,2.795756,-1.993105,2.960576,1.41916
F24->F25,23,147,439.1131,337.89,-0.998143,2.566495,-2.591251,3.22279,1.722997
F24->F25,23,148,440.6393,317.7021,-1.511046,2.365942,-0.675491,2.068621,0.886878
F24->F25,23,149,438.5758,298.2211,-1.67388,2.203759,-2.684187,2.859953,1.204703
F24->F25,23,150,435.7063,277.7115,-1.78028,2.102687,-1.755064,2.144185,0.048558
F24->F25,23,151,434.5725,256.1236,-1.958942,2.044673,-1.380454,2.120973,0.583498
F24->F25,23,152,432.8122,234.8798,-1.728476,1.92578,-0.707389,2.207344,1.059197
F24->F25,23,153,428.7752,214.897,-1.142566,1.738514,-1.478392,2.038145,0.450064
F24->F25,23,154,423.1878,195.1816,-0.655481,1.57986,-1.215069,1.775053,0.592654
F24->F25,23,155,416.6774,174.5269,-0.297552,1.490118,-0.791875,1.917974,0.65377
F24->F25,23,156,409.3071,153.7432,-0.152376,1.417177,-0.094022,1.176161,0.24798
F24->F25,23,157,399.7143,132.0631,-0.099261,1.343324,0.284219,1.089174,0.460053
F24->F25,23,158,386.6799,109.7746,-0.022536,1.177247,0.601025,0.847857,0.705214
F24->F25,23,159,368.8118,89.9091,0.045098,0.951179,0.162969,-0.023129,0.981412
F24->F25,23,160,347.8086,76.6149,0.034791,0.71397,0.024258,0.406814,0.307336
F24->F25,23,161,324.348,70.9279,-0.049686,0.610535,0.266656,0.505963,0.333178
F24->F25,23,162,300.3757,71.2671,-0.135763,0.548661,-0.107827,0.63356,0.089377
F24->F25,23,163,277.2002,79.044,-0.281676,0.794608,0.02135,0.529991,0.402301
F24->F25,23,164,256.6362,96.2094,-0.358317,0.857873,0.183963,0.808181,0.544552
F24->F25,23,165,243.1798,119.4084,-0.443768,0.676364,-0.018357,0.676076,0.425412
F24->F25,23,166,230.8714,143.4177,-0.206288,0.579795,0.09839,0.7251,0.337553
F24->F25,23,167,219.7085,166.9927,0.151622,0.539486,-0.0752,0.223816,0.38871
F24->F25,23,168,214.1362,188.3121,0.417938,0.651535,0.557556,0.961425,0.33989
F24->F25,23,169,212.9493,208.2593,0.738469,0.856196,0.758823,1.170368,0.314831
F24->F25,23,170,213.0962,227.6022,0.949111,1.034897,0.864488,1.107208,0.11131
F24->F25,23,171,212.4128,247.0608,1.006813,1.193276,1.525401,1.306011,0.5307
F24->F25,23,172,210.4297,266.6808,0.903664,1.350085,0.192949,0.990135,0.796668
F24->F25,23,173,207.8973,286.425,0.856703,1.463538,0.416635,0.799839,0.796339
F24->F25,23,174,205.4418,306.2963,0.925596,1.565648,-0.145338,1.225375,1.123693
F24->F25,23,175,202.8835,327.0309,0.692741,1.631035,-1.611828,1.086525,2.368022
F24->F25,23,176,199.693,347.6775,0.38939,1.674344,2.942938,2.074175,2.584661
F24->F25,23,177,195.1828,369.6042,0.118289,1.662956,9.510945,10.370956,12.808249
F24->F25,23,178,201.299,393.5225,-0.156808,1.64159,8.109665,11.97671,13.234398
F24->F25,23,179,217.4512,409.2463,-0.327148,1.903212,-2.503592,0.647011,2.512956
F25->F26,24,0,401.3786,408.5539,-1.846463,3.207983,-1.922482,2.30634,0.904842
F25->F26,24,1,402.4802,387.8473,-1.231494,3.082783,-3.510256,2.866589,2.288995
F25->F26,24,2,402.8823,365.7929,-1.315974,2.698183,-3.424353,3.062976,2.139705
F25->F26,24,3,405.2153,346.0228,-1.494109,2.408269,-0.683335,2.33867,0.813756
F25->F26,24,4,405.7967,326.0095,-1.482832,2.317953,-1.172142,2.071663,0.396469
F25->F26,24,5,401.6543,307.2088,-1.630836,2.206407,-0.929089,2.248273,0.702994
F25->F26,24,6,397.3141,287.5713,-1.706001,2.039826,-1.291103,1.94518,0.425556
F25->F26,24,7,392.6634,268.0719,-1.812577,1.872748,-1.665402,2.082739,0.25643
F25->F26,24,8,386.2909,248.8331,-1.781525,1.670429,-2.092768,1.894484,0.383501
F25->F26,24,9,379.4064,229.5118,-1.416365,1.419899,-0.580733,1.104808,0.893063
F25->F26,24,10,374.3582,210.088,-0.92079,1.18936,-0.644962,1.170836,0.276449
F25->F26,24,11,371.4677,190.5001,-0.605231,1.065618,-0.34744,0.866409,0.325792
F25->F26,24,12,367.5916,171.3124,-0.287174,0.934678,-0.012361,1.026885,0.28987
F25->F26,24,13,362.5751,152.35,-0.042683,0.820993,-0.394621,0.795146,0.352885
F25->F26,24,14,355.4923,134.545,0.131066,0.772943,-0.612503,1.001171,0.777806
F25->F26,24,15,345.7346,118.1665,0.149073,0.698221,0.013697,0.67031,0.138223
F25->F26,24,16,334.075,105.9078,0.064585,0.589484,0.092516,0.378935,0.212394
F25->F26,24,17,319.6543,99.192,-0.056301,0.530035,0.251133,0.343941,0.35937
F25->F26,24,18,303.7529,98.5153,-0.204449,0.547098,-0.339555,0.535261,0.135623
F25->F26,24,19,287.1739,103.4942,-0.290397,0.63263,0.019785,0.532793,0.325852
F25->F26,24,20,271.6873,114.7547,-0.341277,0.645077,0.171351,0.631637,0.512804
F25->F26,24,21,258.7969,131.2243,-0.286971,0.595702,0.05649,0.71405,0.363279
F25->F26,24,22,250.6797,150.0677,-0.031686,0.624339,0.116634,0.854318,0.273659
F25->F26,24,23,249.3511,170.8174,0.189013,0.611534,-0.048338,0.518122,0.255071
F25->F26,24,24,250.1716,191.1255,0.458338,0.716967,0.926662,0.738312,0.46881
F25->F26,24,25,251.1551,211.0476,0.668445,0.842445,0.564068,0.822129,0.106336
F25->F26,24,26,252.9022,230.5828,0.68932,0.949766,0.800414,0.954853,0.11121
F25->F26,24,27,253.2595,250.158,0.604885,1.079235,0.656112,1.208866,0.139386
F25->F26,24,28,252.7366,270.0494,0.584543,1.18326,0.894461,1.173208,0.310082
F25->F26,24,29,250.5606,290.576,0.717518,1.274374,0.607469,0.972741,0.321081
F25->F26,24,30,246.9834,311.4923,0.738152,1.360735,-0.036471,1.097505,0.818126
F25->F26,24,31,244.8326,332.6702,0.469278,1.390071,-0.464528,1.269091,0.94161
F25->F26,24,32,242.1912,352.8972,0.116276,1.393748,-0.743849,1.280333,0.86757
F25->F26,24,33,240.5049,371.3017,-0.227277,1.433662,0.839334,1.822802,1.135381
F25->F26,24,34,240.9004,389.6815,-0.676194,1.4268,-1.016372,1.846485,0.540238
F25->F26,24,35,243.257,406.1635,-0.808364,1.682155,-0.707635,1.863282,0.207252
F25->F26,24,36,408.8934,407.5925,-1.710972,3.23557,-9.6089,-14.06473,19.017824
F25->F26,24,37,409.3697,386.7044,-1.234853,3.063769,-4.164193,2.924337,2.932656
F25->F26,24,38,411.8934,363.5942,-1.29344,2.624923,-2.618546,3.145411,1.423662
F25->F26,24,39,418.0556,343.1114,-1.285651,2.351432,-3.100466,2.97185,1.917934
F25->F26,24,40,417.2641,324.0388,-1.325179,2.274338,-1.490671,1.912031,0.398314
F25->F26,24,41,412.2379,305.0534,-1.577065,2.183346,-2.980195,2.828343,1.544278
F25->F26,24,42,407.1386,285.369,-1.706845,2.032464,-3.427869,2.754616,1.866394
F25->F26,24,43,402.9903,265.2994,-1.886201,1.919173,-2.135488,1.878177,0.252635
F25->F26,24,44,398.175,245.4568,-1.879998,1.748418,-0.431015,0.874022,1.692371
F25->F26,24,45,392.3679,225.7823,-1.471984,1.519031,-0.077485,1.211232,1.428065
F25->F26,24,46,387.7805,206.245,-0.931611,1.307649,-0.536832,1.104534,0.443966
F25->F26,24,47,384.6191,186.074,-0.579337,1.209351,-1.599157,2.118166,1.366008
F25->F26,24,48,380.3483,166.1526,-0.282685,1.100298,-0.416843,1.11723,0.135222
F25->F26,24,49,372.8974,146.6798,-0.037556,1.0018,-0.131693,1.074999,0.119247
F25->F26,24,50,363.5248,127.4558,0.1203,0.963523,-0.516509,0.972539,0.636873
F25->F26,24,51,351.8768,109.9203,0.12303,0.856156,-0.111203,0.865673,0.234427
F25->F26,24,52,337.5097,97.3924,0.076785,0.684889,-0.08623,0.540847,0.217536
F25->F26,24,53,320.8354,91.1263,-0.046743,0.602214,0.320955,0.474158,0.389358
F25->F26,24,54,303.51,91.1063,-0.22704,0.640437,-0.279409,0.595414,0.069063
F25->F26,24,55,284.9281,96.7103,-0.309158,0.719673,-0.178517,0.591826,0.182789
F25->F26,24,56,268.0977,109.452,-0.365779,0.717539,0.166409,0.72496,0.532239
F25->F26,24,57,254.4886,127.7807,-0.342741,0.615347,0.15001,0.646071,0.493707
F25->F26,24,58,245.3575,147.9113,-0.092319,0.634115,0.054885,0.874944,0.282254
F25->F26,24,59,241.4925,169.3294,0.162485,0.619276,0.23517,0.676199,0.092321
F25->F26,24,60,240.6036,190.206,0.484803,0.727566,-0.177648,0.185095,0.856222
F25->F26,24,61,241.5414,210.2445,0.712397,0.859561,0.510305,0.710742,0.250974
F25->F26,24,62,243.665,230.0268,0.772458,0.967672,0.728178,1.014319,0.064317
F25->F26,24,63,243.8213,249.6632,0.676888,1.101888,0.387147,0.974361,0.316565
F25->F26,24,64,242.2204,269.5148,0.597811,1.220153,0.572092,1.188075,0.041115
F25->F26,24,65,239.4204,290.0393,0.747899,1.309914,0.96657,1.145935,0.273324
F25->F26,24,66,236.2894,310.8245,0.784856,1.392639,0.279675,0.974523,0.655766
F25->F26,24,67,233.9341,332.1295,0.493459,1.412042,-0.237909,1.200401,0.761374
F25->F26,24,68,230.8259,352.5431,0.142368,1.40758,1.587299,1.757387,1.486671
F25->F26,24,69,228.7575,372.1165,-0.235623,1.44711,0.595292,1.828249,0.914159
F25->F26,24,70,229.461,391.3432,-0.485348,1.4197,-0.162589,1.724287,0.443787
F25->F26,24,71,236.3133,407.2034,-0.652488,1.710332,-1.590982,1.735848,0.938841
F25->F26,24,72,416.3934,408.1,-1.673691,3.144728,-9.709785,-13.904535,18.84824
F25->F26,24,73,416.899,386.0674,-1.207672,2.989474,-3.803578,2.835234,2.600485
F25->F26,24,74,420.4704,362.9053,-1.207415,2.538611,-2.390287,2.929397,1.245753
F25->F26,24,75,426.5701,341.8407,-1.122576,2.361681,-3.087126,3.006099,2.067543
F25->F26,24,76,425.4939,322.3762,-1.273533,2.271352,-2.780467,2.898185,1.632105
F25->F26,24,77,421.4291,303.3369,-1.565862,2.166189,-2.885004,2.928293,1.523463
F25->F26,24,78,416.3158,283.3414,-1.754304,2.051284,-3.466096,2.728573,1.84091
F25->F26,24,79,413.0244,262.7564,-1.971636,1.954695,-2.539283,2.00948,0.570284
F25->F26,24,80,409.6297,242.2219,-1.924482,1.815663,-2.39261,1.798813,0.468432
F25->F26,24,81,404.6084,222.4714,-1.420548,1.593989,-1.210844,1.929266,0.395458
F25->F26,24,82,399.9303,202.7884,-0.866277,1.4075,-0.487493,0.891837,0.639832
F25->F26,24,83,395.6173,182.4676,-0.527893,1.319371,-1.745117,2.168426,1.484093
F25->F26,24,84,390.8386,161.9672,-0.235165,1.229219,0.020764,1.151719,0.267406
F25->F26,24,85,382.4462,141.6936,-0.027026,1.159831,0.239597,1.200945,0.269774
F25->F26,24,86,371.4589,121.1775,0.09601,1.110707,-0.040591,0.840602,0.302682
F25->F26,24,87,357.5294,103.1558,0.105805,0.918865,-0.053534,0.807667,0.194304
F25->F26,24,88,340.7267,89.6668,0.094175,0.757414,-0.021818,0.642605,0.163204
F25->F26,24,89,321.8578,83.9374,-0.037475,0.650866,0.118542,0.713344,0.168062
F25->F26,24,90,302.6476,84.291,-0.218829,0.694579,-0.187831,0.662144,0.044865
F25->F26,24,91,282.5797,90.5793,-0.314687,0.780478,-0.234267,0.825507,0.092169
F25->F26,24,92,264.1088,104.8286,-0.370842,0.799873,0.076022,0.780026,0.447304
F25->F26,24,93,250.9544,124.8468,-0.41104,0.647361,0.208928,0.742809,0.627272
F25->F26,24,94,240.322,146.147,-0.153461,0.630262,0.143381,0.946511,0.433738
F25->F26,24,95,233.8849,168.1649,0.139453,0.615308,0.445403,0.633811,0.306508
F25->F26,24,96,231.0771,189.382,0.465001,0.709782,-0.436849,0.482573,0.93003
F25->F26,24,97,232.3716,209.645,0.731575,0.861616,0.602788,0.81208,0.137985
F25->F26,24,98,234.2598,229.5553,0.839712,0.982706,0.408516,0.778585,0.477069
F25->F26,24,99,234.2272,249.1494,0.780651,1.112611,0.262623,0.958901,0.540351
F25->F26,24,100,232.0378,268.9792,0.668917,1.249863,0.694024,1.122841,0.12948
F25->F26,24,101,228.9481,289.3217,0.750625,1.334247,0.330285,1.163902,0.453545
F25->F26,24,102,225.9976,310.0941,0.833906,1.423269,-0.240087,1.083806,1.126364
F25->F26,24,103,223.5637,331.3592,0.524525,1.441053,-0.554278,1.13293,1.121943
F25->F26,24,104,220.1733,352.0025,0.178935,1.434355,0.848045,1.735606,0.733799
F25->F26,24,105,217.1724,372.4739,-0.192454,1.462364,0.613887,2.186185,1.08356
F25->F26,24,106,218.4874,392.2115,-0.321867,1.473809,-3.277091,1.179265,2.969866
F25->F26,24,107,229.2746,408.4154,-0.535981,1.755619,-1.672181,1.851409,1.14023
F25->F26,24,108,423.7139,408.5312,-1.729914,2.992835,-0.75503,2.014232,1.381327
F25->F26,24,109,423.5937,385.9995,-1.200584,2.838273,-4.159293,2.849893,2.958732
F25->F26,24,110,428.2939,362.8856,-0.962472,2.575694,-2.322822,2.862103,1.390174
F25->F26,24,111,432.5568,340.9994,-0.995188,2.438128,-3.128871,3.041171,2.217265
F25->F26,24,112,432.8633,320.972,-1.348894,2.28636,-2.860374,3.172556,1.752117
F25->F26,24,113,429.5085,301.8085,-1.617651,2.153403,-1.088501,2.026325,0.544195
F25->F26,24,114,425.3242,281.4538,-1.823614,2.064719,-1.438539,1.824632,0.453789
F25->F26,24,115,422.8543,260.4344,-2.059873,2.000984,-1.432349,1.791066,0.661704
F25->F26,24,116,420.3919,239.4609,-1.941495,1.870151,-2.013136,2.020815,0.16683
F25->F26,24,117,416.3183,219.4329,-1.370906,1.662148,-1.608426,2.312375,0.692251
F25->F26,24,118,411.3582,199.7164,-0.841799,1.499616,-1.465761,1.680962,0.649781
F25->F26,24,119,406.4499,178.9809,-0.465798,1.418335,-1.510281,2.227658,1.321343
F25->F26,24,120,400.1974,158.3026,-0.197247,1.342725,-1.6245,1.969595,1.55885
F25->F26,24,121,391.3691,137.2597,-0.07635,1.271876,0.119198,1.365298,0.216718
F25->F26,24,122,379.1411,115.8079,0.024459,1.166791,0.027224,0.928913,0.237893
F25->F26,24,123,363.1892,96.3783,0.088713,0.981986,-0.10384,0.828463,0.246264
F25->F26,24,124,344.1491,83.2518,0.074307,0.758045,-0.032237,0.508762,0.271097
F25->F26,24,125,323.3142,77.2743,-0.043319,0.657856,0.015564,0.963806,0.311564
F25->F26,24,126,301.5099,77.8002,-0.178972,0.727136,-0.162788,0.691144,0.039463
F25->F26,24,127,280.0233,84.8075,-0.310866,0.837578,-0.21052,0.892747,0.114512
F25->F26,24,128,260.2726,100.7581,-0.367172,0.839746,-0.101758,0.690529,0.304483
F25->F26,24,129,246.8815,122.0978,-0.440562,0.677014,0.266927,0.677148,0.707489
F25->F26,24,130,235.6039,144.9241,-0.199021,0.603264,0.138619,0.956937,0.488964
F25->F26,24,131,226.758,167.7728,0.134147,0.564755,0.688469,0.686765,0.567591
F25->F26,24,132,222.6095,188.9116,0.423574,0.678722,0.380912,0.601392,0.088317
F25->F26,24,133,223.1299,209.1878,0.728656,0.852921,0.514408,1.129592,0.349927
F25->F26,24,134,224.2707,229.0187,0.881286,0.979942,0.345633,0.861839,0.548518
F25->F26,24,135,223.8464,248.6998,0.876809,1.109958,0.606319,1.18561,0.28087
F25->F26,24,136,221.751,268.486,0.742066,1.26354,1.050854,1.061162,0.369197
F25->F26,24,137,218.7164,288.5747,0.756654,1.354936,1.806588,2.005609,1.235207
F25->F26,24,138,216.0327,309.1379,0.842305,1.435335,-0.18198,1.21849,1.046987
F25->F26,24,139,213.4533,330.2056,0.557717,1.46099,-0.132778,1.204308,0.736661
F25->F26,24,140,209.8409,351.0031,0.254216,1.484616,0.088562,1.778491,0.337348
F25->F26,24,141,205.9283,371.7856,-0.051715,1.511255,-8.417734,6.167893,9.574683
F25->F26,24,142,209.0512,393.2678,-0.17641,1.537534,2.076094,10.069725,8.824514
F25->F26,24,143,222.8344,409.7746,-0.475195,1.764394,-4.864508,1.177532,4.428371
F25->F26,24,144,431.2824,409.1251,-1.786197,2.87979,-1.438041,1.986928,0.958341
F25->F26,24,145,430.3618,386.555,-1.135734,2.795741,-4.16982,2.931369,3.037116
F25->F26,24,146,434.4506,362.8957,-0.740919,2.706684,0.217224,2.189183,1.088966
F25->F26,24,147,438.115,340.4565,-1.068293,2.50469,-3.275525,2.936251,2.249026
F25->F26,24,148,439.1282,320.0681,-1.571926,2.304801,-2.514235,3.255324,1.338447
F25->F26,24,149,436.902,300.4249,-1.798581,2.156717,-1.549227,2.252389,0.267078
F25->F26,24,150,433.926,279.8142,-1.933109,2.067114,-2.021863,2.070028,0.088802
F25->F26,24,151,432.6135,258.1683,-2.116012,2.014497,-1.800353,2.173839,0.353597
F25->F26,24,152,431.0837,236.8056,-1.929079,1.908307,-1.541779,2.266757,0.527718
F25->F26,24,153,427.6327,216.6355,-1.32818,1.730496,-1.095267,1.09818,0.673849
F25->F26,24,154,422.5323,196.7615,-0.806513,1.57698,-1.363429,1.763954,0.587465
F25->F26,24,155,416.3798,176.017,-0.408266,1.49198,-1.418537,1.843597,1.069711
F25->F26,24,156,409.1547,155.1604,-0.216715,1.420602,0.047271,0.913163,0.571999
F25->F26,24,157,399.6151,133.4064,-0.14531,1.352257,0.028199,1.350861,0.173514
F25->F26,24,158,386.6574,110.9519,-0.04725,1.191222,0.340556,0.655674,0.661215
F25->F26,24,159,368.8569,90.8602,0.037142,0.966904,0.087657,0.03814,0.930137
F25->F26,24,160,347.8434,77.3289,0.037668,0.732643,0.020904,0.332467,0.400527
F25->F26,24,161,324.2984,71.5384,-0.038144,0.639925,0.012961,0.922079,0.286745
F25->F26,24,162,300.2399,71.8158,-0.131718,0.72928,-0.053092,0.658081,0.106073
F25->F26,24,163,276.9185,79.8386,-0.289883,0.887098,-0.121268,0.803732,0.188098
F25->F26,24,164,256.2779,97.0672,-0.359656,0.8596,-0.214359,0.603612,0.294349
F25->F26,24,165,242.736,120.0847,-0.445218,0.666525,0.153226,0.562969,0.607338
F25->F26,24,166,230.6651,143.9975,-0.203671,0.562868,-0.029262,0.694886,0.21874
F25->F26,24,167,219.8602,167.5322,0.133305,0.520529,0.02025,0.321587,0.228822
F25->F26,24,168,214.5541,188.9636,0.394814,0.634796,0.629882,0.967621,0.407467
F25->F26,24,169,213.6878,209.1155,0.695667,0.818107,0.365556,0.988762,0.371613
F25->F26,24,170,214.0453,228.6371,0.889817,0.96965,0.505413,1.107797,0.408474
F25->F26,24,171,213.4196,248.254,0.939496,1.11071,0.505093,1.275572,0.464635
F25->F26,24,172,211.3333,268.0309,0.841094,1.251409,0.714151,1.112023,0.188528
F25->F26,24,173,208.754,287.8885,0.803304,1.354029,0.171357,1.227142,0.64456
F25->F26,24,174,206.3673,307.862,0.856824,1.442405,0.461342,1.145444,0.494562
F25->F26,24,175,203.5762,328.6619,0.602569,1.494432,-0.058647,0.988465,0.832591
F25->F26,24,176,200.0823,349.3518,0.282981,1.523498,-1.134979,1.230024,1.448011
F25->F26,24,177,195.3011,371.2671,0.01932,1.50064,-3.394754,13.863454,12.825563
F25->F26,24,178,201.1422,395.164,-0.272501,1.500617,3.12743,9.80412,8.972609
F25->F26,24,179,217.124,411.1495,-0.440141,1.759789,-4.621641,-0.141746,4.593558
F26->F27,25,0,399.5321,411.7619,-2.013046,3.039199,-3.2964,1.267464,2.187703
F26->F27,25,1,401.2487,390.9301,-1.265166,3.033403,-0.751828,1.969308,1.181446
F26->F27,25,2,401.5663,368.4911,-1.198256,2.664997,-1.355814,2.028705,0.655509
F26->F27,25,3,403.7212,348.4311,-1.359331,2.331985,-2.419187,2.830316,1.171167
F26->F27,25,4,404.3139,328.3275,-1.324903,2.201068,-0.628741,2.207494,0.696192
F26->F27,25,5,400.0235,309.4152,-1.429369,2.095159,-2.864673,2.89543,1.64333
F26->F27,25,6,395.6081,289.6111,-1.474508,1.930193,-1.388459,1.935944,0.086241
F26->F27,25,7,390.8508,269.9446,-1.548834,1.757731,-1.885471,2.120259,0.494724
F26->F27,25,8,384.5094,250.5035,-1.494594,1.555233,-1.48161,1.841579,0.286641
F26->F27,25,9,377.99,230.9317,-1.163357,1.311035,-1.507865,2.07371,0.836874
F26->F27,25,10,373.4374,211.2774,-0.710836,1.092241,-0.75424,1.19614,0.112601
F26->F27,25,11,370.8625,191.5657,-0.452803,0.973487,0.065016,1.075025,0.527681
F26->F27,25,12,367.3044,172.2471,-0.190674,0.851521,0.174166,1.010039,0.397788
F26->F27,25,13,362.5325,153.171,0.01289,0.745094,-0.109432,0.840538,0.155151
F26->F27,25,14,355.6233,135.3179,0.148228,0.700292,0.151619,0.965815,0.265546
F26->F27,25,15,345.8837,118.8648,0.142449,0.638004,0.190697,0.660263,0.053135
F26->F27,25,16,334.1395,106.4973,0.044958,0.549847,0.076018,0.624129,0.080514
F26->F27,25,17,319.598,99.7221,-0.075509,0.500658,0.007359,0.634456,0.157382
F26->F27,25,18,303.5484,99.0624,-0.220087,0.518755,-0.117995,0.561694,0.110754
F26->F27,25,19,286.8835,104.1269,-0.311282,0.599652,-0.251211,0.618613,0.062993
F26->F27,25,20,271.346,115.3998,-0.369148,0.603602,-0.081758,0.688565,0.299686
F26->F27,25,21,258.5099,131.82,-0.337015,0.545983,-0.218829,1.093261,0.559894
F26->F27,25,22,250.648,150.692,-0.153299,0.556934,-0.367772,0.35551,0.294229
F26->F27,25,23,249.5401,171.4289,-0.047962,0.53934,0.505627,0.642468,0.563113
F26->F27,25,24,250.6299,191.8425,0.105386,0.638179,-0.142118,0.849374,0.325364
F26->F27,25,25,251.8235,211.8901,0.233761,0.766584,0.734382,0.934261,0.527956
F26->F27,25,26,253.5916,231.5326,0.206435,0.880996,-0.035924,0.869248,0.242644
F26->F27,25,27,253.8644,251.2372,0.069165,1.013678,0.129887,1.180178,0.177226
F26->F27,25,28,253.3212,271.2327,-0.025273,1.128422,0.53288,1.06962,0.561243
F26->F27,25,29,251.2781,291.8504,0.043912,1.222655,-0.669033,1.161685,0.715547
F26->F27,25,30,247.7216,312.853,0.065075,1.305115,0.255792,0.889908,0.456914
F26->F27,25,31,245.3019,334.0603,-0.158581,1.333088,1.217919,1.782622,1.448044
F26->F27,25,32,242.3074,354.291,-0.43893,1.342916,-1.153077,1.176475,0.733287
F26->F27,25,33,240.2776,372.7353,-0.70199,1.374349,0.078432,1.778826,0.879011
F26->F27,25,34,240.2243,391.1083,-0.980312,1.392299,-0.231527,1.947046,0.931893
F26->F27,25,35,242.4486,407.8456,-1.058914,1.651084,-0.334928,1.770995,0.733849
F26->F27,25,36,407.1825,410.8281,-1.890118,3.108644,-1.577627,2.139069,1.018689
F26->F27,25,37,408.1348,389.7682,-1.261334,3.028614,-0.759096,2.092877,1.062001
F26->F27,25,38,410.5999,366.2191,-1.197093,2.622671,-1.096406,1.936921,0.693102
F26->F27,25,39,416.7699,345.4628,-1.241531,2.292161,-1.728014,3.024099,0.878862
F26->F27,25,40,415.9389,326.3132,-1.229478,2.190045,-2.981727,2.686837,1.821313
F26->F27,25,41,410.6608,307.2367,-1.408677,2.09035,-0.839836,2.250185,0.59087
F26->F27,25,42,405.4318,287.4015,-1.505719,1.937044,-1.473489,1.907868,0.043475
F26->F27,25,43,401.1041,267.2186,-1.64722,1.81008,-4.151648,2.824076,2.701916
F26->F27,25,44,396.295,247.2052,-1.640801,1.640985,-1.659025,2.058659,0.418072
F26->F27,25,45,390.8959,227.3013,-1.274503,1.414065,-2.02277,1.963152,0.928116
F26->F27,25,46,386.8489,207.5527,-0.786506,1.211939,-1.800876,1.873196,1.210871
F26->F27,25,47,384.0398,187.2833,-0.480473,1.11701,-0.039314,0.832786,0.524791
F26->F27,25,48,380.0656,167.2529,-0.23734,1.018097,-0.085459,1.054341,0.156146
F26->F27,25,49,372.8598,147.6816,-0.01431,0.924982,-0.227247,0.879147,0.217814
F26->F27,25,50,363.6451,128.4193,0.116554,0.890194,0.231089,1.078219,0.220163
F26->F27,25,51,351.9998,110.7764,0.106271,0.805484,0.139474,0.771808,0.047292
F26->F27,25,52,337.5864,98.0773,0.054526,0.652738,0.121975,0.701651,0.083317
F26->F27,25,53,320.7886,91.7286,-0.064318,0.578198,-0.086982,0.659822,0.084712
F26->F27,25,54,303.283,91.7467,-0.239169,0.617376,-0.038684,0.585105,0.203066
F26->F27,25,55,284.619,97.43,-0.325054,0.691471,-0.084382,0.70232,0.240916
F26->F27,25,56,267.7319,110.1696,-0.387486,0.679786,0.019497,0.717655,0.408741
F26->F27,25,57,254.1459,128.396,-0.37699,0.571462,-0.165404,0.856137,0.354695
F26->F27,25,58,245.2652,148.5454,-0.188273,0.571139,-0.344946,0.354065,0.267708
F26->F27,25,59,241.655,169.9487,-0.03624,0.551329,0.036353,0.374864,0.190813
F26->F27,25,60,241.0884,190.9336,0.174848,0.648078,-0.202496,0.724943,0.385094
F26->F27,25,61,242.2538,211.1041,0.315143,0.780861,0.717806,0.919408,0.425832
F26->F27,25,62,244.4374,230.9945,0.29558,0.888573,-0.102866,0.74213,0.424506
F26->F27,25,63,244.4982,250.7651,0.150344,1.023858,0.079532,1.154328,0.148448
F26->F27,25,64,242.8182,270.735,0.030028,1.147029,0.251465,0.850318,0.370233
F26->F27,25,65,240.1683,291.3492,0.13161,1.239051,-0.443898,1.332539,0.583052
F26->F27,25,66,237.0743,312.2171,0.171898,1.319012,0.376597,0.921298,0.447301
F26->F27,25,67,234.4276,333.5415,-0.07371,1.34095,1.845178,2.021733,2.036074
F26->F27,25,68,230.9683,353.9506,-0.363181,1.329061,-1.067435,1.011413,0.772576
F26->F27,25,69,228.5219,373.5636,-0.635319,1.362025,1.295284,1.903084,2.004987
F26->F27,25,70,228.9757,392.7629,-0.74565,1.361657,1.010722,1.661298,1.781748
F26->F27,25,71,235.6608,408.9137,-0.894374,1.688453,-0.064133,2.007995,0.88961
F26->F27,25,72,414.7197,411.2447,-1.838316,3.067262,-3.314879,3.117188,1.477407
F26->F27,25,73,415.6913,389.0569,-1.247095,2.994415,-0.510621,2.190413,1.090327
F26->F27,25,74,419.263,365.4439,-1.189417,2.512374,-1.255019,1.942822,0.573317
F26->F27,25,75,425.4475,344.2024,-1.099071,2.319815,-2.317253,2.846411,1.327129
F26->F27,25,76,424.2204,324.6476,-1.175026,2.204279,-1.366735,1.950656,0.317926
F26->F27,25,77,419.8632,305.5031,-1.418542,2.086931,-0.794913,1.981727,0.632441
F26->F27,25,78,414.5615,285.3927,-1.565519,1.952904,0.841133,1.07249,2.562636
F26->F27,25,79,411.0528,264.7111,-1.751812,1.852653,-2.515022,2.15595,0.821266
F26->F27,25,80,407.7052,244.0376,-1.726447,1.712039,-1.45137,1.790345,0.286006
F26->F27,25,81,403.1878,224.0654,-1.272671,1.496354,-0.342301,0.947841,1.080025
F26->F27,25,82,399.0641,204.1959,-0.758276,1.314981,-0.273601,1.019759,0.567509
F26->F27,25,83,395.0894,183.7869,-0.463596,1.230763,-0.210239,0.845776,0.460874
F26->F27,25,84,390.6035,163.1964,-0.213855,1.150374,0.045617,1.179267,0.261075
F26->F27,25,85,382.4192,142.8534,-0.023223,1.084165,0.096463,0.925469,0.198769
F26->F27,25,86,371.5549,122.2882,0.085802,1.040636,0.031644,1.141521,0.114502
F26->F27,25,87,357.6352,104.0746,0.089103,0.87479,0.013874,0.770276,0.128774
F26->F27,25,88,340.8209,90.4242,0.071126,0.730438,0.18242,0.613072,0.161745
F26->F27,25,89,321.8203,84.5883,-0.052727,0.629088,-0.115961,0.598453,0.070265
F26->F27,25,90,302.4288,84.9856,-0.229481,0.678268,0.004648,0.61902,0.24151
F26->F27,25,91,282.265,91.3598,-0.329205,0.758821,-0.075589,0.595242,0.301793
F26->F27,25,92,263.738,105.6285,-0.388482,0.757987,0.098083,0.740431,0.486882
F26->F27,25,93,250.5434,125.4942,-0.437655,0.600694,-0.127929,0.885951,0.421072
F26->F27,25,94,240.1685,146.7773,-0.2288,0.570463,-0.090005,0.340356,0.268725
F26->F27,25,95,234.0244,168.7802,-0.027249,0.549131,-0.385551,0.453709,0.37079
F26->F27,25,96,231.5421,190.0918,0.198642,0.6408,-0.008525,0.688437,0.212573
F26->F27,25,97,233.1032,210.5066,0.356923,0.783807,0.394143,0.792742,0.038278
F26->F27,25,98,235.0995,230.538,0.361314,0.895732,0.312768,0.933426,0.061462
F26->F27,25,99,235.0079,250.262,0.244614,1.027721,-0.177641,1.150784,0.439822
F26->F27,25,100,232.7067,270.2291,0.116763,1.162633,-0.470727,1.065507,0.595465
F26->F27,25,101,229.6988,290.656,0.193018,1.248716,-0.957424,1.036553,1.169842
F26->F27,25,102,226.8315,311.5173,0.271706,1.334453,-0.043798,1.04918,0.425351
F26->F27,25,103,224.0883,332.8002,-0.001501,1.357639,-0.552078,1.848081,0.737338
F26->F27,25,104,220.3522,353.4369,-0.278117,1.34004,-0.913565,1.081512,0.686025
F26->F27,25,105,216.9799,373.9362,-0.525565,1.349159,-2.446115,1.123839,1.933722
F26->F27,25,106,218.1655,393.6853,-0.551626,1.366824,0.503442,2.012275,1.23684
F26->F27,25,107,228.7386,410.171,-0.772403,1.71205,-0.319301,2.102792,0.598315
F26->F27,25,108,421.984,411.5241,-1.889269,2.925057,-2.419204,3.038959,0.542038
F26->F27,25,109,422.3931,388.8378,-1.273253,2.827022,-0.06535,2.138285,1.390463
F26->F27,25,110,427.3314,365.4613,-0.983931,2.558647,-2.959556,2.778694,1.987842
F26->F27,25,111,431.5616,343.4375,-0.954451,2.403768,-2.531867,3.106411,1.726832
F26->F27,25,112,431.5144,323.2584,-1.242689,2.232084,-0.938658,2.062512,0.348123
F26->F27,25,113,427.8909,303.9619,-1.461722,2.084819,-2.902559,2.79066,1.604438
F26->F27,25,114,423.5006,283.5185,-1.641223,1.975483,-1.198996,1.861525,0.456673
F26->F27,25,115,420.7944,262.4354,-1.861518,1.900334,-2.018054,2.08194,0.239758
F26->F27,25,116,418.4504,241.3311,-1.770999,1.770964,-1.388457,1.748282,0.383214
F26->F27,25,117,414.9474,221.095,-1.257866,1.571454,-2.070213,1.776777,0.837893
F26->F27,25,118,410.5164,201.216,-0.756777,1.408425,-1.653257,2.000375,1.074282
F26->F27,25,119,405.9841,180.3992,-0.427355,1.332306,-0.173909,1.007096,0.412306
F26->F27,25,120,400.0001,159.6453,-0.185027,1.264121,0.296151,1.278111,0.481382
F26->F27,25,121,391.2928,138.5316,-0.075089,1.198633,0.121585,1.092121,0.223664
F26->F27,25,122,379.1656,116.9746,0.016722,1.106254,-0.01718,1.006713,0.105156
F26->F27,25,123,363.2779,97.3603,0.071998,0.944145,-0.075176,0.740928,0.250913
F26->F27,25,124,344.2234,84.0098,0.056084,0.734459,0.176037,0.677371,0.132844
F26->F27,25,125,323.2709,77.9322,-0.056991,0.642022,-0.036167,0.476385,0.166942
F26->F27,25,126,301.3309,78.5273,-0.192122,0.724021,0.03042,0.729019,0.222598
F26->F27,25,127,279.7124,85.6451,-0.323602,0.818195,-0.020384,0.616133,0.364376
F26->F27,25,128,259.9055,101.5978,-0.382101,0.794952,0.041201,0.82042,0.424067
F26->F27,25,129,246.4409,122.7748,-0.46206,0.627342,0.165194,0.941603,0.701575
F26->F27,25,130,235.4049,145.5274,-0.262635,0.544288,-0.022748,0.37431,0.294004
F26->F27,25,131,226.8921,168.3375,-0.011775,0.505049,0.281593,0.634425,0.320629
F26->F27,25,132,223.0331,189.5903,0.191707,0.617299,0.243778,0.60435,0.053657
F26->F27,25,133,223.8586,210.0407,0.364803,0.772375,-0.194882,0.890646,0.572044
F26->F27,25,134,225.152,229.9987,0.410848,0.89237,0.820611,0.892652,0.409763
F26->F27,25,135,224.7232,249.8098,0.347344,1.015561,0.020517,0.954657,0.332454
F26->F27,25,136,222.4931,269.7495,0.20839,1.166219,-0.053558,0.888313,0.381901
F26->F27,25,137,219.473,289.9297,0.247777,1.256253,-0.231154,1.254983,0.478933
F26->F27,25,138,216.875,310.5732,0.317846,1.334422,-0.40864,1.062975,0.775541
F26->F27,25,139,214.0111,331.6666,0.06989,1.360984,0.436682,1.805569,0.576362
F26->F27,25,140,210.0951,352.4877,-0.17742,1.367026,0.060704,1.056215,0.391544
F26->F27,25,141,205.8766,373.2969,-0.379813,1.376624,-1.333294,0.914036,1.05977
F26->F27,25,142,208.8748,394.8053,-0.419886,1.407563,0.505754,2.020954,1.110432
F26->F27,25,143,222.3592,411.539,-0.700878,1.694409,0.333642,1.995811,1.077532
F26->F27,25,144,429.4962,412.0048,-1.934909,2.79618,-2.376803,3.025476,0.497842
F26->F27,25,145,429.2261,389.3507,-1.215163,2.778121,-2.321406,2.888432,1.111729
F26->F27,25,146,433.7097,365.6024,-0.773797,2.669071,-3.161077,2.851034,2.394205
F26->F27,25,147,437.0467,342.9611,-1.000508,2.473905,-2.598812,3.046285,1.697703
F26->F27,25,148,437.5563,322.3729,-1.451475,2.257676,-0.528244,2.18455,0.926122
F26->F27,25,149,435.1034,302.5816,-1.639263,2.090596,-2.112326,2.789265,0.843757
F26->F27,25,150,431.9929,281.8813,-1.755822,1.986001,-2.15487,2.095615,0.413829
F26->F27,25,151,430.4975,260.1828,-1.942737,1.924421,-1.926056,2.180259,0.256382
F26->F27,25,152,429.1546,238.7139,-1.792529,1.816586,-1.579929,1.978174,0.267038
F26->F27,25,153,426.3045,218.366,-1.237918,1.642655,-1.52814,2.179036,0.609864
F26->F27,25,154,421.7258,198.3385,-0.74388,1.491592,-0.21054,1.061437,0.685189
F26->F27,25,155,415.9716,177.509,-0.381781,1.411855,0.75144,1.041506,1.192204
F26->F27,25,156,408.938,156.581,-0.201033,1.343857,-0.741162,2.073145,0.907525
F26->F27,25,157,399.4698,134.7587,-0.139935,1.283996,-0.117993,0.955151,0.329576
F26->F27,25,158,386.6102,112.1431,-0.049161,1.142603,0.353873,0.701299,0.59765
F26->F27,25,159,368.894,91.8272,0.028567,0.936397,0.049761,0.229908,0.706807
F26->F27,25,160,347.8811,78.0616,0.026108,0.714564,0.028168,0.722708,0.008401
F26->F27,25,161,324.2602,72.1784,-0.050724,0.627471,-0.067045,0.470181,0.158135
F26->F27,25,162,300.1082,72.5451,-0.148686,0.744935,-0.109644,0.757702,0.041076
F26->F27,25,163,276.6287,80.7257,-0.299809,0.861615,-0.167461,0.761193,0.166135
F26->F27,25,164,255.9182,97.9268,-0.372779,0.810783,0.073613,0.742501,0.451583
F26->F27,25,165,242.2908,120.7513,-0.466893,0.614489,-0.030938,1.194511,0.725591
F26->F27,25,166,230.4614,144.5604,-0.26243,0.505209,0.040345,0.320666,0.354583
F26->F27,25,167,219.9935,168.0527,0.007001,0.461844,0.249224,0.661646,0.313996
F26->F27,25,168,214.949,189.5984,0.176912,0.577558,0.504171,0.881009,0.446298
F26->F27,25,169,214.3835,209.9336,0.352771,0.738221,0.090857,0.76149,0.262946
F26->F27,25,170,214.9351,229.6068,0.428954,0.876709,0.8318,0.859843,0.403199
F26->F27,25,171,214.3591,249.3647,0.422295,1.009649,0.035374,0.961226,0.38994
F26->F27,25,172,212.1744,269.2823,0.327033,1.146297,0.173456,0.724376,0.449003
F26->F27,25,173,209.5573,289.2425,0.313796,1.247729,0.098704,0.928946,0.384562
F26->F27,25,174,207.2242,309.3044,0.360178,1.331829,-0.783634,1.134056,1.160785
F26->F27,25,175,204.1788,330.1563,0.134476,1.380114,-1.209348,1.218322,1.353529
F26->F27,25,176,200.3653,350.8753,-0.130777,1.394536,3.224229,7.868863,7.29198
F26->F27,25,177,195.3204,372.7677,-0.305524,1.378065,-1.574783,-0.119818,1.963331
F26->F27,25,178,200.8697,396.6647,-0.541622,1.397345,-0.383065,2.186784,0.805205
F26->F27,25,179,216.6839,412.9093,-0.678072,1.655757,0.990296,2.138552,1.736819
F27->F28,26,0,397.5191,414.8011,-1.111092,2.058765,-1.999667,2.013158,0.889744
F27->F28,26,1,399.9835,393.9635,-0.341609,2.082289,-0.524469,1.953625,0.223589
F27->F28,26,2,400.3681,371.1561,0.001699,1.756674,-0.78501,1.916951,0.802869
F27->F28,26,3,402.3619,350.7631,0.028797,1.457511,0.986784,1.005785,1.059148
F27->F28,26,4,402.989,330.5285,0.145523,1.327657,0.911114,1.249613,0.76956
F27->F28,26,5,398.5941,311.5103,0.129587,1.225604,-1.213983,1.787142,1.456195
F27->F28,26,6,394.1336,291.5413,0.102837,1.098291,0.935338,1.097429,0.832501
F27->F28,26,7,389.302,271.7024,0.054223,0.961244,0.706395,0.82734,0.665777
F27->F28,26,8,383.0148,252.0588,0.142291,0.790729,0.250863,0.969419,0.209088
F27->F28,26,9,376.8267,232.2427,0.339499,0.605009,1.292365,0.29355,1.002478
F27->F28,26,10,372.7266,212.3696,0.5294,0.454926,1.331411,0.377717,0.805719
F27->F28,26,11,370.4097,192.5392,0.508457,0.38236,1.321789,0.270172,0.821033
F27->F28,26,12,367.1137,173.0986,0.525279,0.30026,0.650487,0.094698,0.240692
F27->F28,26,13,362.5453,153.9161,0.505659,0.233863,0.458442,0.32461,0.102297
F27->F28,26,14,355.7716,136.0182,0.427779,0.220818,0.680673,0.105809,0.277818
F27->F28,26,15,346.0261,119.5028,0.284301,0.222125,0.089583,0.233534,0.195051
F27->F28,26,16,334.1845,107.0471,0.107615,0.216445,0.097778,0.175033,0.042564
F27->F28,26,17,319.5225,100.2227,-0.04065,0.222163,-0.090139,0.078549,0.151902
F27->F28,26,18,303.3283,99.5812,-0.185317,0.247426,-0.163606,0.242935,0.02217
F27->F28,26,19,286.5722,104.7265,-0.282733,0.321266,0.114908,0.227769,0.408485
F27->F28,26,20,270.9769,116.0034,-0.350877,0.3162,-0.185065,0.103623,0.269597
F27->F28,26,21,258.1729,132.366,-0.400897,0.233086,-0.538169,-0.035844,0.301939
F27->F28,26,22,250.4947,151.249,-0.453073,0.184342,-0.474732,0.408975,0.225675
F27->F28,26,23,249.4922,171.9683,-0.648683,0.140236,-0.717592,0.030566,0.129523
F27->F28,26,24,250.7353,192.4806,-0.800995,0.19548,-1.255548,0.48169,0.537154
F27->F28,26,25,252.0573,212.6567,-0.837251,0.314996,-1.416504,0.311039,0.579266
F27->F28,26,26,253.798,232.4136,-0.925721,0.435195,-0.084631,0.71704,0.887057
F27->F28,26,27,253.9336,252.2509,-1.092091,0.566517,-1.212985,0.329617,0.265963
F27->F28,26,28,253.2959,272.3611,-1.318584,0.690031,-0.733395,0.829989,0.601693
F27->F28,26,29,251.322,293.073,-1.387542,0.788704,-3.820323,0.159109,2.512929
F27->F28,26,30,247.7867,314.1582,-1.324496,0.86254,-0.836501,0.951573,0.496051
F27->F28,26,31,245.1433,335.3934,-1.381277,0.896908,-0.112488,0.939626,1.269508
F27->F28,26,32,241.8685,355.6339,-1.42188,0.932868,-1.136026,1.11129,0.336968
F27->F28,26,33,239.5756,374.1097,-1.407003,0.994748,0.168824,0.884096,1.579706
F27->F28,26,34,239.2439,392.5006,-1.321505,1.06296,-0.219227,1.917343,1.394629
F27->F28,26,35,241.3897,409.4967,-1.180808,1.28071,-0.572345,1.773855,0.783211
F27->F28,26,36,405.2923,413.9367,-1.043125,2.150259,-1.196356,2.082575,0.167514
F27->F28,26,37,406.8735,392.7968,-0.334684,2.128449,-0.998506,1.892871,0.704384
F27->F28,26,38,409.4029,368.8418,-0.113613,1.818749,-0.287616,1.763656,0.182517
F27->F28,26,39,415.5284,347.755,-0.146308,1.570773,-0.215893,1.671433,0.12237
F27->F28,26,40,414.7095,328.5032,-0.022674,1.422468,-0.768683,1.772242,0.823936
F27->F28,26,41,409.2521,309.327,-0.022056,1.285818,0.235733,1.271161,0.258205
F27->F28,26,42,403.9261,289.3385,-0.034059,1.141634,0.651429,1.192657,0.687385
F27->F28,26,43,399.4568,269.0286,-0.113396,1.026664,0.578567,0.764468,0.739972
F27->F28,26,44,394.6542,248.8462,-0.099281,0.88535,0.270871,0.995989,0.386334
F27->F28,26,45,389.6214,228.7154,0.116413,0.704108,-0.083454,0.822342,0.23222
F27->F28,26,46,386.0624,208.7646,0.289843,0.568456,0.029698,0.858524,0.389634
F27->F28,26,47,383.5593,188.4004,0.314947,0.508849,-0.096533,0.674251,0.44348
F27->F28,26,48,379.8283,168.271,0.317615,0.448502,-0.167553,0.718626,0.555297
F27->F28,26,49,372.8455,148.6066,0.361313,0.393922,0.469215,0.443033,0.118552
F27->F28,26,50,363.7616,129.3095,0.328542,0.396564,-0.000709,0.598483,0.386235
F27->F28,26,51,352.1061,111.5819,0.208727,0.394968,0.340661,0.410783,0.132879
F27->F28,26,52,337.641,98.73,0.098778,0.335855,0.070408,0.285504,0.057794
F27->F28,26,53,320.7243,92.3068,-0.037657,0.314643,-0.080308,0.077763,0.240689
F27->F28,26,54,303.0438,92.3641,-0.207247,0.353692,-0.266409,0.300497,0.079561
F27->F28,26,55,284.2939,98.1215,-0.293347,0.416409,-0.202527,0.381256,0.097386
F27->F28,26,56,267.3444,110.8493,-0.353252,0.39421,-0.294882,0.299465,0.111281
F27->F28,26,57,253.7689,128.9675,-0.386955,0.273721,-0.590834,0.120115,0.255267
F27->F28,26,58,245.0769,149.1166,-0.417661,0.208757,-0.244451,0.443537,0.291759
F27->F28,26,59,241.6188,170.5,-0.535928,0.167602,-0.815096,0.046582,0.30427
F27->F28,26,60,241.2633,191.5816,-0.641123,0.205854,-0.29794,0.695703,0.598103
F27->F28,26,61,242.5689,211.8849,-0.696205,0.322239,-0.936941,0.27711,0.244929
F27->F28,26,62,244.733,231.8831,-0.818775,0.429539,-0.679028,0.356457,0.157703
F27->F28,26,63,244.6485,251.7889,-0.998121,0.558356,-0.818829,0.772983,0.279662
F27->F28,26,64,242.8482,271.882,-1.167282,0.684404,-0.359013,0.952672,0.851626
F27->F28,26,65,240.2999,292.5882,-1.187675,0.780819,-0.044376,0.985668,1.161505
F27->F28,26,66,237.2462,313.5361,-1.10596,0.856808,-0.781601,0.943032,0.335624
F27->F28,26,67,234.3538,334.8825,-1.180137,0.894145,-0.192261,0.807223,0.991693
F27->F28,26,68,230.6051,355.2797,-1.252358,0.906159,-1.484544,1.160768,0.344581
F27->F28,26,69,227.8866,374.9257,-1.222406,0.956845,-1.574346,0.974084,0.352362
F27->F28,26,70,228.2301,394.1245,-1.036069,1.020214,2.235558,1.728367,3.347391
F27->F28,26,71,234.7665,410.6022,-1.036243,1.334509,-2.214782,1.065175,1.208923
F27->F28,26,72,412.8814,414.312,-1.026117,2.181613,-1.013439,1.810455,0.371375
F27->F28,26,73,414.4442,392.0513,-0.400422,2.17822,0.081066,1.72894,0.658547
F27->F28,26,74,418.0736,367.9563,-0.189064,1.871096,1.292684,1.255053,1.604708
F27->F28,26,75,424.3485,346.5222,-0.186746,1.683946,-0.534802,2.01531,0.480568
F27->F28,26,76,423.0454,326.8519,-0.137988,1.498027,-0.932869,1.819825,0.857549
F27->F28,26,77,418.4447,307.59,-0.153065,1.332298,-0.978014,1.845887,0.971757
F27->F28,26,78,412.996,287.3456,-0.170003,1.183241,0.871891,1.158263,1.042194
F27->F28,26,79,409.3009,266.5638,-0.272918,1.082383,0.104589,1.052151,0.378715
F27->F28,26,80,405.9787,245.7496,-0.267146,0.958827,0.236862,0.889361,0.508772
F27->F28,26,81,401.9151,225.5618,-0.02255,0.788797,-0.10402,0.88919,0.129292
F27->F28,26,82,398.3058,205.5108,0.173868,0.662406,-0.230676,0.733706,0.410779
F27->F28,26,83,394.6258,185.0177,0.214584,0.607425,-0.137775,0.791054,0.397337
F27->F28,26,84,390.3896,164.3468,0.234337,0.562314,-0.274872,0.666891,0.519837
F27->F28,26,85,382.3959,143.9376,0.268431,0.530156,-0.355583,0.58424,0.626353
F27->F28,26,86,371.6407,123.3288,0.26141,0.535937,-0.184276,0.546394,0.445809
F27->F28,26,87,357.7243,104.9494,0.175401,0.473059,-0.035281,0.509634,0.213833
F27->F28,26,88,340.892,91.1547,0.101771,0.426813,0.199503,0.384522,0.10649
F27->F28,26,89,321.7676,85.2174,-0.032827,0.377714,0.063515,0.234782,0.17237
F27->F28,26,90,302.1993,85.6639,-0.203878,0.425033,-0.299745,0.447921,0.098561
F27->F28,26,91,281.9358,92.1186,-0.298872,0.485606,-0.087183,0.503828,0.212472
F27->F28,26,92,263.3495,106.3865,-0.352168,0.454265,-0.298081,0.342223,0.124414
F27->F28,26,93,250.1057,126.0949,-0.419662,0.296185,-0.626291,0.138096,0.260169
F27->F28,26,94,239.9397,147.3477,-0.401509,0.215179,-0.196089,0.40276,0.27818
F27->F28,26,95,233.9971,169.3293,-0.442554,0.171304,-0.795104,0.226142,0.356789
F27->F28,26,96,231.7408,190.7326,-0.509494,0.214657,-0.625485,0.197918,0.117193
F27->F28,26,97,233.4601,211.2904,-0.60228,0.321624,-0.783934,0.037774,0.337
F27->F28,26,98,235.4608,231.4337,-0.749678,0.423032,-0.492424,0.352091,0.266857
F27->F28,26,99,235.2525,251.2897,-0.91726,0.550561,-0.446808,1.019303,0.664112
F27->F28,26,100,232.8235,271.3917,-1.02814,0.679298,-0.145988,0.659149,0.882381
F27->F28,26,101,229.8918,291.9047,-1.010875,0.774652,-0.319917,1.073042,0.752636
F27->F28,26,102,227.1033,312.8518,-0.90862,0.859109,-0.370829,0.865744,0.537832
F27->F28,26,103,224.0868,334.1579,-1.020713,0.90363,10.495795,-0.22376,11.571558
F27->F28,26,104,220.0741,354.7769,-1.086244,0.912941,-0.519345,1.325601,0.701186
F27->F28,26,105,216.4543,375.2854,-1.01811,0.936615,-1.038421,0.990351,0.057446
F27->F28,26,106,217.6139,395.0521,-0.806792,0.993296,6.488861,7.895606,10.043328
F27->F28,26,107,227.9662,411.8831,-0.918051,1.343631,-2.237545,1.150464,1.333558
F27->F28,26,108,420.0947,414.4491,-1.054406,2.136216,-0.965913,1.882439,0.268764
F27->F28,26,109,421.1198,391.6648,-0.41634,2.128992,0.091784,2.102868,0.508795
F27->F28,26,110,426.3474,368.0199,-0.140312,1.974022,0.813416,1.142686,1.265194
F27->F28,26,111,430.6071,345.8413,-0.186089,1.79078,-1.030414,1.929492,0.855644
F27->F28,26,112,430.2717,325.4905,-0.274101,1.58101,-1.257305,1.843136,1.017546
F27->F28,26,113,426.4291,306.0467,-0.286047,1.377391,-0.926657,1.898792,0.825978
F27->F28,26,114,421.8593,285.494,-0.299638,1.22804,-0.766183,2.03063,0.92834
F27->F28,26,115,418.9329,264.3357,-0.414278,1.13067,0.150294,1.07919,0.566913
F27->F28,26,116,416.6794,243.102,-0.385978,1.014484,-0.034118,0.947591,0.358163
F27->F28,26,117,413.6895,222.6665,-0.125402,0.860351,0.075003,1.076866,0.295027
F27->F28,26,118,409.7596,202.6244,0.080045,0.738177,-0.166882,0.727345,0.247165
F27->F28,26,119,405.5567,181.7315,0.158649,0.689666,0.000279,0.896973,0.260877
F27->F28,26,120,399.8151,160.9094,0.191407,0.653191,-0.054718,0.771164,0.272939
F27->F28,26,121,391.2177,139.7302,0.193085,0.618456,-0.410038,0.688036,0.607124
F27->F28,26,122,379.1823,118.0809,0.179054,0.601301,0.535021,0.070414,0.639181
F27->F28,26,123,363.3499,98.3044,0.142748,0.550804,0.045946,0.605163,0.111021
F27->F28,26,124,344.2795,84.7443,0.080112,0.440889,0.123214,0.390334,0.066435
F27->F28,26,125,323.2139,78.5742,-0.044867,0.40418,0.116107,0.297443,0.193146
F27->F28,26,126,301.1388,79.2514,-0.174837,0.48092,-0.233077,0.460469,0.061726
F27->F28,26,127,279.3888,86.4633,-0.294949,0.542065,-0.108512,0.639776,0.210491
F27->F28,26,128,259.5234,102.3928,-0.349735,0.468473,-0.29876,0.281592,0.193709
F27->F28,26,129,245.9789,123.4022,-0.429668,0.307918,-0.408577,0.332818,0.032632
F27->F28,26,130,235.1423,146.0717,-0.396376,0.190907,-0.330663,0.400887,0.220022
F27->F28,26,131,226.8804,168.8426,-0.358046,0.130728,-0.450732,0.470055,0.351757
F27->F28,26,132,223.2248,190.2076,-0.416386,0.204992,-0.28749,0.362029,0.203162
F27->F28,26,133,224.2234,210.8131,-0.536546,0.306783,-0.528418,-0.03519,0.34207
F27->F28,26,134,225.5628,230.891,-0.688421,0.411538,-1.221773,0.306035,0.543687
F27->F28,26,135,225.0705,250.8253,-0.800902,0.531027,-1.475865,0.333956,0.703144
F27->F28,26,136,222.7014,270.9157,-0.886443,0.668573,-0.281328,0.755238,0.61129
F27->F28,26,137,219.7208,291.1859,-0.839683,0.769626,-0.682692,0.798188,0.159568
F27->F28,26,138,217.1928,311.9077,-0.781913,0.861816,-0.133898,1.077293,0.682901
F27->F28,26,139,214.0809,333.0276,-0.866096,0.905363,-0.876467,0.968415,0.063899
F27->F28,26,140,209.9177,353.8547,-0.925247,0.933197,-6.067458,-16.041513,17.73649
F27->F28,26,141,205.4968,374.6735,-0.855077,0.974101,-9.587641,16.841088,18.111294
F27->F28,26,142,208.455,396.2129,-0.691272,1.023322,-5.971415,-0.855049,5.604301
F27->F28,26,143,221.6583,413.2334,-0.839795,1.310664,-4.159511,5.278794,5.173642
F27->F28,26,144,427.5613,414.801,-1.078052,2.094968,-0.520001,2.029687,0.561857
F27->F28,26,145,428.0109,392.1288,-0.403002,2.148713,-2.358435,2.910787,2.098684
F27->F28,26,146,432.9359,368.2715,-0.051535,2.087533,-0.624656,1.798659,0.641807
F27->F28,26,147,436.0462,345.435,-0.213616,1.885838,0.123754,0.994453,0.953094
F27->F28,26,148,436.1048,324.6305,-0.435602,1.63286,-0.938928,1.824744,0.538661
F27->F28,26,149,433.4641,304.6722,-0.448857,1.408546,0.815971,1.037692,1.318075
F27->F28,26,150,430.2371,283.8673,-0.432205,1.257073,-1.362208,1.886983,1.12325
F27->F28,26,151,428.5548,262.1072,-0.540331,1.162733,0.111285,1.156424,0.651646
F27->F28,26,152,427.3621,240.5305,-0.487412,1.05751,-0.252257,1.06123,0.235184
F27->F28,26,153,425.0666,220.0086,-0.212669,0.92047,-0.4388,0.867795,0.232185
F27->F28,26,154,420.9819,199.8301,0.011698,0.801008,0.121984,0.956496,0.190629
F27->F28,26,155,415.5898,178.9208,0.129243,0.748963,-0.52653,1.236901,0.817387
F27->F28,26,156,408.737,157.9249,0.148439,0.701051,-0.123354,0.890028,0.331035
F27->F28,26,157,399.3298,136.0427,0.12868,0.673698,0.354464,0.853307,0.288509
F27->F28,26,158,386.561,113.2857,0.106901,0.635212,0.362839,0.37368,0.365929
F27->F28,26,159,368.9226,92.7635,0.095482,0.550862,0.156882,0.11806,0.437135
F27->F28,26,160,347.9072,78.7761,0.044323,0.432263,0.109035,0.21923,0.222645
F27->F28,26,161,324.2095,72.8058,-0.043711,0.398944,0.085609,0.252014,0.195734
F27->F28,26,162,299.9595,73.29,-0.13725,0.510917,-0.061119,0.504339,0.076414
F27->F28,26,163,276.3288,81.5873,-0.273266,0.574043,-0.1559,0.543424,0.121294
F27->F28,26,164,255.5455,98.7376,-0.344122,0.462237,-0.082405,0.12913,0.423623
F27->F28,26,165,241.8239,121.3658,-0.432292,0.274593,-0.31682,0.276276,0.115484
F27->F28,26,166,230.199,145.0656,-0.376581,0.144126,-0.404604,0.411973,0.269309
F27->F28,26,167,220.0005,168.5145,-0.284186,0.08119,-0.319443,0.444936,0.36545
F27->F28,26,168,215.1259,190.176,-0.360528,0.160245,-0.049606,0.109659,0.31501
F27->F28,26,169,214.7362,210.6718,-0.4784,0.266818,-0.253731,0.111864,0.272923
F27->F28,26,170,215.3641,230.4835,-0.619268,0.385302,-1.115241,0.300998,0.503087
F27->F28,26,171,214.7814,250.3744,-0.697472,0.513404,-1.028185,0.178265,0.470839
F27->F28,26,172,212.5015,270.4286,-0.736462,0.647429,-0.347357,0.923288,0.476971
F27->F28,26,173,209.8711,290.4903,-0.710512,0.759995,0.056025,0.696498,0.769163
F27->F28,26,174,207.5843,310.6362,-0.66966,0.863134,0.978201,1.889272,1.941238
F27->F28,26,175,204.3133,331.5364,-0.750469,0.938312,-0.850262,0.95249,0.100795
F27->F28,26,176,200.2345,352.2698,-0.829085,0.983393,-1.907494,1.174323,1.095181
F27->F28,26,177,195.0149,374.1458,-0.762449,1.032201,-2.159388,2.95951,2.380327
F27->F28,26,178,200.3281,398.062,-0.809612,1.048389,-1.531032,-0.499076,1.707365
F27->F28,26,179,216.0058,414.5651,-0.830897,1.262032,1.905614,9.726481,8.895808
F28->F29,27,0,396.408,416.8599,0.34003,0.76757,-0.221676,0.853003,0.568165
F28->F29,27,1,399.6419,396.0458,0.968945,0.716608,0.807832,0.856,0.213044
F28->F29,27,2,400.3698,372.9128,1.508053,0.43653,1.565332,0.73779,0.306657
F28->F29,27,3,402.3907,352.2206,1.788785,0.254958,3.215384,0.28009,1.42682
F28->F29,27,4,403.1345,331.8562,1.990542,0.168524,3.159622,0.140965,1.169404
F28->F29,27,5,398.7237,312.7359,2.068404,0.072513,2.481085,0.218251,0.437659
F28->F29,27,6,394.2364,292.6396,2.056908,-0.001614,2.427399,0.035997,0.372395
F28->F29,27,7,389.3562,272.6636,2.015081,-0.079099,2.142666,0.153906,0.265648
F28->F29,27,8,383.1571,252.8495,2.125384,-0.197987,1.845831,-0.170221,0.280929
F28->F29,27,9,377.1662,232.8477,2.168982,-0.300764,2.930384,-0.892503,0.964307
F28->F29,27,10,373.256,212.8245,2.031535,-0.359478,0.846604,-0.129459,1.20705
F28->F29,27,11,370.9182,192.9216,1.685532,-0.369416,2.324694,-0.681376,0.711229
F28->F29,27,12,367.639,173.3988,1.411755,-0.402073,1.347328,-0.21029,0.202316
F28->F29,27,13,363.051,154.1499,1.124359,-0.415909,0.748576,-0.338584,0.383656
F28->F29,27,14,356.1993,136.239,0.791874,-0.38707,1.179701,-0.595373,0.440227
F28->F29,27,15,346.3104,119.7249,0.485289,-0.306965,0.418375,-0.157237,0.164
F28->F29,27,16,334.2921,107.2636,0.214194,-0.212609,0.064244,-0.221974,0.150243
F28->F29,27,17,319.4818,100.4449,0.029835,-0.13623,-8.4e-05,-0.06441,0.077803
F28->F29,27,18,303.143,99.8286,-0.116309,-0.094762,0.084412,-0.132347,0.20421
F28->F29,27,19,286.2895,105.0478,-0.219342,-0.025453,-0.207614,-0.128198,0.103413
F28->F29,27,20,270.626,116.3196,-0.29429,-0.040506,-0.330086,-0.142863,0.108436
F28->F29,27,21,257.772,132.5991,-0.432291,-0.154449,-0.183366,-0.0207,0.282582
F28->F29,27,22,250.0416,151.4333,-0.740329,-0.271986,-0.959451,-0.554005,0.357141
F28->F29,27,23,248.8435,172.1085,-1.236023,-0.346969,-1.58591,-0.814403,0.58388
F28->F29,27,24,249.9343,192.6761,-1.705575,-0.352213,-1.896056,-0.84847,0.531559
F28->F29,27,25,251.22,212.9717,-1.897494,-0.254861,-1.022061,-0.324054,0.878163
F28->F29,27,26,252.8723,232.8488,-2.027063,-0.142418,-1.766893,-0.334053,0.323129
F28->F29,27,27,252.8415,252.8174,-2.173886,-0.023685,-2.166803,0.002987,0.027597
F28->F29,27,28,251.9773,273.0511,-2.485923,0.094248,-2.599324,0.084205,0.113845
F28->F29,27,29,249.9345,293.8617,-2.675786,0.189365,-2.399619,0.039714,0.314108
F28->F29,27,30,246.4622,315.0207,-2.561425,0.252515,-2.905493,0.070533,0.389231
F28->F29,27,31,243.7621,336.2903,-2.428493,0.293428,-1.04037,0.904382,1.516625
F28->F29,27,32,240.4466,356.5667,-2.200091,0.363457,-3.567465,-0.097972,1.443132
F28->F29,27,33,238.1686,375.1044,-1.886336,0.464191,-2.839561,0.168716,0.99797
F28->F29,27,34,237.9224,393.5636,-1.451538,0.58414,-1.139394,0.953689,0.483735
F28->F29,27,35,240.2089,410.7774,-1.069761,0.739083,1.111468,0.835504,2.183359
F28->F29,27,36,404.2492,416.087,0.304081,0.851924,0.002509,0.90567,0.306323
F28->F29,27,37,406.5388,394.9252,0.928362,0.811015,0.9824,1.075983,0.270422
F28->F29,27,38,409.2892,370.6606,1.329583,0.655456,3.975145,0.148825,2.693636
F28->F29,27,39,415.3821,349.3258,1.317922,0.568917,1.772133,0.82647,0.522151
F28->F29,27,40,414.6868,329.9257,1.516627,0.381625,2.881868,0.218073,1.375002
F28->F29,27,41,409.2301,310.6129,1.721227,0.203053,2.781016,-0.008784,1.080753
F28->F29,27,42,403.892,290.4801,1.806544,0.080075,2.212038,0.147983,0.411141
F28->F29,27,43,399.3434,270.0553,1.779027,-0.000604,0.103499,0.93469,1.918898
F28->F29,27,44,394.5549,249.7315,1.808409,-0.101197,1.688857,-0.214366,0.164621
F28->F29,27,45,389.7378,229.4195,1.846076,-0.214885,2.794827,-0.784825,1.106778
F28->F29,27,46,386.3522,209.3331,1.631851,-0.260303,1.083414,-0.023244,0.597479
F28->F29,27,47,383.8743,188.9092,1.31621,-0.271791,0.752549,-0.222184,0.56584
F28->F29,27,48,380.1459,168.7195,1.034267,-0.283426,1.286547,-0.054036,0.340977
F28->F29,27,49,373.2068,149.0005,0.850739,-0.286204,0.398252,0.022902,0.547989
F28->F29,27,50,364.0902,129.7061,0.618501,-0.236108,0.253311,-0.257788,0.365833
F28->F29,27,51,352.3148,111.9769,0.365551,-0.138497,0.153346,-0.104729,0.214875
F28->F29,27,52,337.7397,99.0659,0.181317,-0.078602,0.073461,-0.17253,0.143022
F28->F29,27,53,320.6866,92.6214,0.020438,-0.027762,0.022542,0.070991,0.098776
F28->F29,27,54,302.8366,92.7178,-0.144383,0.020261,0.003461,-0.045316,0.161735
F28->F29,27,55,284.0006,98.5379,-0.230605,0.073915,-0.22812,-0.030124,0.104068
F28->F29,27,56,266.9912,111.2436,-0.281711,0.036199,-0.28098,0.021528,0.014689
F28->F29,27,57,253.3819,129.2412,-0.361071,-0.099761,-0.242354,0.071781,0.208616
F28->F29,27,58,244.6592,149.3253,-0.633767,-0.238901,-1.008167,-0.628351,0.540228
F28->F29,27,59,241.0828,170.6676,-1.025131,-0.306073,-0.563973,-0.47091,0.489732
F28->F29,27,60,240.6222,191.7875,-1.461478,-0.338858,-1.869542,-0.696644,0.542704
F28->F29,27,61,241.8727,212.2072,-1.710295,-0.253785,-0.87996,-0.268875,0.830472
F28->F29,27,62,243.9142,232.3126,-1.917381,-0.155416,-1.729279,0.058335,0.284731
F28->F29,27,63,243.6504,252.3473,-2.080856,-0.045904,-2.053152,-0.252135,0.208084
F28->F29,27,64,241.6809,272.5664,-2.248047,0.070319,-2.834689,0.162046,0.593769
F28->F29,27,65,239.1122,293.369,-2.374554,0.165208,-1.992474,0.062321,0.39569
F28->F29,27,66,236.1402,314.3929,-2.250062,0.235944,-0.446123,1.009266,1.962707
F28->F29,27,67,233.1737,335.7766,-2.131249,0.289315,-0.266095,1.104727,2.035607
F28->F29,27,68,229.3527,356.1859,-1.955527,0.340893,-1.452932,0.279905,0.506283
F28->F29,27,69,226.6642,375.8825,-1.612842,0.415351,0.057458,0.721422,1.698112
F28->F29,27,70,227.194,395.1447,-1.151374,0.544759,1.230067,0.884466,2.405547
F28->F29,27,71,233.7302,411.9367,-0.959461,0.799107,1.776852,0.861476,2.737024
F28->F29,27,72,411.8553,416.4936,0.274181,0.932497,-0.450583,0.87001,0.727452
F28->F29,27,73,414.0438,394.2295,0.81586,0.954008,1.583374,1.023514,0.770656
F28->F29,27,74,417.8845,369.8274,1.138685,0.912051,1.879679,1.045908,0.752987
F28->F29,27,75,424.1617,348.2062,1.008441,0.779449,1.704166,0.881578,0.70318
F28->F29,27,76,422.9074,328.3499,1.171344,0.529476,1.094643,0.886549,0.365219
F28->F29,27,77,418.2916,308.9223,1.444773,0.307601,2.802644,0.011801,1.389716
F28->F29,27,78,412.826,288.5288,1.580507,0.157577,2.152505,0.092991,0.575633
F28->F29,27,79,409.028,267.6462,1.572147,0.062084,1.713665,-0.117285,0.228475
F28->F29,27,80,405.7116,246.7084,1.572653,-0.033603,1.579132,-0.180225,0.146765
F28->F29,27,81,401.8926,226.3506,1.564742,-0.136286,1.037163,-0.08729,0.529849
F28->F29,27,82,398.4797,206.1732,1.356776,-0.18602,1.086701,-0.183908,0.270084
F28->F29,27,83,394.8404,185.6251,1.087447,-0.200554,0.724772,-0.148211,0.366433
F28->F29,27,84,390.624,164.9091,0.831987,-0.202544,1.376558,0.1987,0.676428
F28->F29,27,85,382.6644,144.4677,0.663972,-0.186637,1.432071,-0.549031,0.849296
F28->F29,27,86,371.9021,123.8647,0.509027,-0.117409,0.435474,-0.015514,0.125669
F28->F29,27,87,357.8997,105.4225,0.309969,-0.056325,0.042168,-0.078593,0.268725
F28->F29,27,88,340.9938,91.5815,0.165305,0.023683,0.054619,-0.133028,0.191858
F28->F29,27,89,321.7347,85.5951,0.013999,0.04865,-0.008662,0.112008,0.067289
F28->F29,27,90,301.9954,86.0889,-0.149486,0.10458,0.032233,0.116566,0.182113
F28->F29,27,91,281.637,92.6042,-0.24126,0.146131,-0.221372,0.039433,0.108535
F28->F29,27,92,262.9973,106.8407,-0.279887,0.071474,-0.18338,0.058185,0.097418
F28->F29,27,93,249.686,126.3911,-0.361759,-0.085584,-0.233416,0.10252,0.227717
F28->F29,27,94,239.5382,147.5629,-0.559224,-0.227017,-0.922064,-0.660279,0.565127
F28->F29,27,95,233.5546,169.5006,-0.844746,-0.297241,-1.12498,-0.589548,0.404937
F28->F29,27,96,231.2313,190.9472,-1.22226,-0.31937,-1.021672,-0.177913,0.245449
F28->F29,27,97,232.8578,211.612,-1.564852,-0.259548,-0.752309,-0.214298,0.813801
F28->F29,27,98,234.7111,231.8568,-1.839682,-0.174578,-1.729393,0.064001,0.262837
F28->F29,27,99,234.3352,251.8402,-2.015918,-0.063393,-3.192176,-0.619347,1.301025
F28->F29,27,100,231.7954,272.071,-2.064933,0.050836,-2.026545,0.075206,0.04547
F28->F29,27,101,228.8809,292.6794,-2.1035,0.151924,-2.837727,-0.113606,0.780766
F28->F29,27,102,226.1946,313.7109,-1.978832,0.234902,-0.719108,0.743945,1.358686
F28->F29,27,103,223.0661,335.0615,-1.897251,0.30406,-0.342867,0.807767,1.633962
F28->F29,27,104,218.9879,355.6898,-1.741209,0.355819,-1.936795,0.326488,0.197773
F28->F29,27,105,215.4362,376.222,-1.351591,0.419027,-1.630358,0.993316,0.638372
F28->F29,27,106,216.8071,396.0454,-0.908139,0.519196,-4.416433,0.015298,3.544296
F28->F29,27,107,227.0482,413.2267,-0.861924,0.807067,0.875808,0.88141,1.739321
F28->F29,27,108,419.0403,416.5853,0.256716,1.014891,-0.391471,0.953054,0.65113
F28->F29,27,109,420.7035,393.7938,0.818156,1.070064,0.850568,1.067311,0.032529
F28->F29,27,110,426.2071,369.994,1.028125,1.103988,-0.543622,1.990116,1.804332
F28->F29,27,111,430.421,347.6321,0.84654,0.910444,1.701326,0.79659,0.862335
F28->F29,27,112,429.9976,327.0715,0.953379,0.656677,0.844647,0.918959,0.283927
F28->F29,27,113,426.1431,307.4241,1.194179,0.404033,0.091839,0.748348,1.154862
F28->F29,27,114,421.5597,286.7221,1.392054,0.22412,2.022207,0.011884,0.664934
F28->F29,27,115,418.5186,265.4664,1.407351,0.107463,1.542609,-0.223109,0.357172
F28->F29,27,116,416.2935,244.1165,1.386351,0.011055,1.31005,0.170109,0.176409
F28->F29,27,117,413.5641,223.5268,1.333609,-0.078507,0.912446,-0.022096,0.424923
F28->F29,27,118,409.8397,203.3626,1.156079,-0.138712,0.627223,-0.087863,0.531295
F28->F29,27,119,405.7154,182.4212,0.928148,-0.151199,0.827392,-0.081685,0.122409
F28->F29,27,120,400.0065,161.5626,0.69833,-0.146377,0.448585,0.407943,0.607983
F28->F29,27,121,391.4108,140.3487,0.55923,-0.139564,0.499096,0.007097,0.158511
F28->F29,27,122,379.3614,118.6822,0.40883,-0.062604,0.308738,0.175284,0.258087
F28->F29,27,123,363.4927,98.8552,0.255695,0.024956,0.225207,0.198924,0.17662
F28->F29,27,124,344.3596,85.1852,0.131162,0.048422,0.060594,-0.096683,0.161355
F28->F29,27,125,323.1691,78.9784,-0.010357,0.088868,0.053767,0.118336,0.070571
F28->F29,27,126,300.964,79.7323,-0.131382,0.17253,0.054785,0.126554,0.19176
F28->F29,27,127,279.0939,87.0053,-0.24168,0.198436,-0.230748,0.069063,0.129834
F28->F29,27,128,259.1736,102.8612,-0.284218,0.055048,-0.105951,0.117443,0.188871
F28->F29,27,129,245.5492,123.7101,-0.356431,-0.093631,-0.283136,0.070255,0.17953
F28->F29,27,130,234.7459,146.2626,-0.511123,-0.249504,-0.889905,-0.695252,0.584951
F28->F29,27,131,226.5223,168.9733,-0.689756,-0.33586,-1.172694,-0.835575,0.694942
F28->F29,27,132,222.8084,190.4126,-1.027762,-0.315547,-0.838931,-0.301433,0.189358
F28->F29,27,133,223.6868,211.1199,-1.431827,-0.276933,-0.79596,-0.172036,0.64446
F28->F29,27,134,224.8744,231.3026,-1.759308,-0.195454,-1.683258,-0.081157,0.137285
F28->F29,27,135,224.2696,251.3563,-1.886549,-0.084178,-1.459734,0.068968,0.453459
F28->F29,27,136,221.815,271.5843,-1.882443,0.031964,-1.123497,-0.117185,0.773463
F28->F29,27,137,218.8811,291.9555,-1.837062,0.142245,-2.4358,0.159458,0.598986
F28->F29,27,138,216.4109,312.7695,-1.78005,0.249827,-2.006848,0.168991,0.240773
F28->F29,27,139,213.2148,333.9329,-1.676482,0.318714,-2.87757,0.198363,1.207102
F28->F29,27,140,208.9924,354.7879,-1.519843,0.393065,-6.298195,-10.779694,12.151675
F28->F29,27,141,204.6417,375.6476,-1.18595,0.503833,-2.74375,2.722046,2.710574
F28->F29,27,142,207.7637,397.2362,-0.806611,0.562393,-2.223866,0.222802,1.457372
F28->F29,27,143,220.8185,414.5441,-0.785337,0.77992,-4.299872,0.20326,3.56153
F28->F29,27,144,426.4832,416.896,0.240428,1.074997,0.147223,1.108605,0.09908
F28->F29,27,145,427.6079,394.2776,0.808961,1.189011,0.502177,0.954909,0.385902
F28->F29,27,146,432.8843,370.359,0.972872,1.229764,-0.466992,1.672054,1.506263
F28->F29,27,147,435.8326,347.3209,0.8051,1.014643,1.36925,1.047063,0.565081
F28->F29,27,148,435.6692,326.2634,0.844863,0.740538,0.863053,0.833454,0.09468
F28->F29,27,149,433.0153,306.0808,1.048177,0.464592,0.026028,0.832673,1.086404
F28->F29,27,150,429.8049,285.1244,1.238355,0.270169,2.300182,0.237362,1.062333
F28->F29,27,151,428.0144,263.2699,1.252272,0.141704,1.283542,0.206567,0.072007
F28->F29,27,152,426.8747,241.588,1.212263,0.042739,1.597621,-0.34146,0.54416
F28->F29,27,153,424.8539,220.9291,1.129119,-0.039155,0.860526,-0.219226,0.323369
F28->F29,27,154,420.9936,200.6311,0.996751,-0.10996,0.245435,-0.005108,0.758597
F28->F29,27,155,415.719,179.6698,0.811917,-0.126134,0.70828,-0.125374,0.10364
F28->F29,27,156,408.8854,158.6259,0.61825,-0.145367,0.448834,0.25703,0.436606
F28->F29,27,157,399.4585,136.7164,0.494861,-0.132207,0.35939,-0.066175,0.150707
F28->F29,27,158,386.6679,113.9209,0.325748,-0.042881,0.240882,0.04217,0.12015
F28->F29,27,159,369.0181,93.3144,0.198245,0.030035,0.11233,-0.013142,0.096154
F28->F29,27,160,347.9515,79.2084,0.082597,0.050725,0.092235,-0.03156,0.082848
F28->F29,27,161,324.1658,73.2048,-0.018083,0.093537,0.040216,0.165218,0.092395
F28->F29,27,162,299.8223,73.8009,-0.102034,0.211183,0.009441,0.135039,0.134998
F28->F29,27,163,276.0556,82.1613,-0.222869,0.214893,-0.246233,0.203989,0.025783
F28->F29,27,164,255.2013,99.1998,-0.283886,0.02024,-0.300397,0.245137,0.225502
F28->F29,27,165,241.3916,121.6404,-0.356234,-0.152069,-0.365645,0.151031,0.303246
F28->F29,27,166,229.8224,145.2097,-0.470433,-0.307191,-1.109841,-0.640145,0.720903
F28->F29,27,167,219.7163,168.5957,-0.567743,-0.395315,-1.241178,-0.893348,0.837586
F28->F29,27,168,214.7653,190.3362,-0.892587,-0.367103,-0.577386,-0.35856,0.315317
F28->F29,27,169,214.2578,210.9387,-1.298724,-0.324307,-0.519607,-0.17999,0.792371
F28->F29,27,170,214.7448,230.8688,-1.62892,-0.229096,-1.292889,0.061082,0.443982
F28->F29,27,171,214.0839,250.8878,-1.75562,-0.107863,-1.393174,0.152781,0.446433
F28->F29,27,172,211.765,271.076,-1.708591,0.015028,-1.410248,-0.065245,0.308954
F28->F29,27,173,209.1606,291.2503,-1.649329,0.141037,-2.450012,0.203278,0.803099
F28->F29,27,174,206.9147,311.4993,-1.603344,0.266976,-2.238884,-0.094954,0.731372
F28->F29,27,175,203.5628,332.4748,-1.515096,0.381323,-3.149037,0.207493,1.643162
F28->F29,27,176,199.4055,353.2532,-1.382999,0.48236,-1.427905,-9.80259,10.285048
F28->F29,27,177,194.2524,375.178,-1.066654,0.61513,1.302789,3.917322,4.064324
F28->F29,27,178,199.5185,399.1104,-0.892571,0.614148,0.307443,2.743223,2.443971
F28->F29,27,179,215.1749,415.8271,-0.781561,0.744187,-3.621495,0.020607,2.930664
F29->F30,28,0,396.748,417.6275,0.488052,0.572721,-0.928302,0.843143,1.441938
F29->F30,28,1,400.6108,396.7624,1.036433,0.527311,0.00674,0.780907,1.060462
F29->F30,28,2,401.8778,373.3493,1.533891,0.30378,3.664985,-0.061841,2.162231
F29->F30,28,3,404.1795,352.4755,1.801405,0.161294,0.748606,0.666285,1.167647
F29->F30,28,4,405.125,332.0247,1.982501,0.089523,2.354576,0.207717,0.390397
F29->F30,28,5,400.7921,312.8085,2.070079,0.002385,0.319627,1.117198,2.075305
F29->F30,28,6,396.2933,292.638,2.071904,-0.063215,2.922668,0.092392,0.864877
F29->F30,28,7,391.3713,272.5845,2.033945,-0.127807,2.181707,-0.014351,0.186295
F29->F30,28,8,385.2825,252.6515,2.133464,-0.231174,1.91089,-0.142493,0.23959
F29->F30,28,9,379.3351,232.5469,2.171073,-0.319404,1.192623,0.066438,1.051778
F29->F30,28,10,375.2875,212.4651,2.022182,-0.366532,2.925495,-0.808578,1.005673
F29->F30,28,11,372.6037,192.5521,1.685995,-0.373709,1.200901,-0.185148,0.520453
F29->F30,28,12,369.0508,172.9968,1.409912,-0.403722,1.287291,-0.205775,0.232849
F29->F30,28,13,364.1754,153.734,1.125383,-0.415928,1.348268,-0.689617,0.352964
F29->F30,28,14,356.9912,135.852,0.791608,-0.389198,0.331071,0.018063,0.614781
F29->F30,28,15,346.7957,119.4179,0.489455,-0.305816,0.055434,-0.123188,0.470879
F29->F30,28,16,334.5063,107.051,0.222332,-0.208689,0.230319,0.003952,0.21279
F29->F30,28,17,319.5117,100.3087,0.038898,-0.130784,0.189276,-0.045568,0.172845
F29->F30,28,18,303.0267,99.7339,-0.103796,-0.088072,-0.134386,-0.019394,0.075183
F29->F30,28,19,286.0701,105.0223,-0.201861,-0.020424,-0.270143,0.114802,0.151488
F29->F30,28,20,270.3317,116.279,-0.271866,-0.030631,-0.259545,-0.033368,0.012621
F29->F30,28,21,257.3397,132.4447,-0.397385,-0.133893,-0.385095,0.123034,0.257221
F29->F30,28,22,249.3013,151.1613,-0.684357,-0.241933,-0.437679,-0.215716,0.248068
F29->F30,28,23,247.6075,171.7615,-1.138744,-0.307502,-0.595406,-0.184533,0.557079
F29->F30,28,24,248.2287,192.3239,-1.566993,-0.31253,-0.908346,-0.204514,0.667445
F29->F30,28,25,249.3225,212.7168,-1.74998,-0.22543,-1.881376,-0.188205,0.136568
F29->F30,28,26,250.8452,232.7063,-1.874923,-0.126076,-1.718463,-0.131816,0.156565
F29->F30,28,27,250.6676,252.7938,-2.000138,-0.021881,-1.657332,0.026307,0.346177
F29->F30,28,28,249.4914,273.1454,-2.255097,0.078914,-2.06405,0.18846,0.220225
F29->F30,28,29,247.2587,294.0511,-2.397895,0.158551,-3.602361,0.160134,1.204468
F29->F30,28,30,243.9007,315.2732,-2.276033,0.213054,-2.456153,0.085339,0.220804
F29->F30,28,31,241.3336,336.5837,-2.14337,0.246627,-3.152877,0.095037,1.020826
F29->F30,28,32,238.2465,356.9302,-1.920271,0.305887,-3.801399,0.203005,1.883939
F29->F30,28,33,236.2823,375.5686,-1.625816,0.398528,-0.278463,0.86349,1.425324
F29->F30,28,34,236.4709,394.1477,-1.211724,0.511147,-0.205219,0.743889,1.033064
F29->F30,28,35,239.1392,411.5165,-0.866277,0.657449,-0.387578,0.877493,0.526852
F29->F30,28,36,404.5533,416.9389,0.441382,0.652308,-0.301474,0.802147,0.757817
F29->F30,28,37,407.4672,395.7363,0.991052,0.627522,-0.188692,0.737408,1.184851
F29->F30,28,38,410.6188,371.316,1.386435,0.533669,3.418464,0.123328,2.073047
F29->F30,28,39,416.7,349.8947,1.350951,0.469909,0.924349,0.707288,0.488199
F29->F30,28,40,416.2034,330.3073,1.524084,0.290297,0.541518,0.651674,1.046914
F29->F30,28,41,410.9513,310.8159,1.739273,0.12363,0.582235,0.735669,1.308942
F29->F30,28,42,405.6985,290.5602,1.840604,0.011335,2.412297,0.278718,0.631131
F29->F30,28,43,401.1225,270.0547,1.822396,-0.059833,2.335724,0.130326,0.547417
F29->F30,28,44,396.3633,249.6303,1.848898,-0.147473,1.3035,0.135573,0.614471
F29->F30,28,45,391.5839,229.2046,1.873873,-0.246359,1.038752,0.10434,0.905769
F29->F30,28,46,387.9841,209.0728,1.654428,-0.281292,1.352032,-0.060627,0.374348
F29->F30,28,47,385.1905,188.6374,1.340673,-0.290478,1.212053,-0.054454,0.268794
F29->F30,28,48,381.1802,168.4361,1.052289,-0.2983,1.565142,-0.972852,0.847372
F29->F30,28,49,374.0575,148.7143,0.86036,-0.299963,0.736722,-0.146698,0.196917
F29->F30,28,50,364.7087,129.47,0.625634,-0.253131,0.282784,-0.046486,0.40031
F29->F30,28,51,352.6804,111.8384,0.374284,-0.150353,0.263409,-0.035384,0.159722
F29->F30,28,52,337.9211,98.9873,0.186054,-0.081806,0.206321,0.094551,0.177518
F29->F30,28,53,320.7071,92.5936,0.02647,-0.026362,0.148255,-0.026342,0.121785
F29->F30,28,54,302.6922,92.738,-0.131332,0.020525,-0.240821,0.10631,0.139093
F29->F30,28,55,283.77,98.6118,-0.212678,0.073549,-0.252832,0.152433,0.088516
F29->F30,28,56,266.7095,111.2798,-0.260605,0.04001,-0.090385,-0.005701,0.176251
F29->F30,28,57,253.0208,129.1414,-0.333375,-0.084331,-0.309205,0.054285,0.140707
F29->F30,28,58,244.0255,149.0864,-0.585262,-0.21173,-0.341234,-0.226098,0.244451
F29->F30,28,59,240.0577,170.3615,-0.945375,-0.271511,-0.574945,-0.232235,0.372506
F29->F30,28,60,239.1607,191.4486,-1.343174,-0.298892,-1.16582,-0.259437,0.18169
F29->F30,28,61,240.1624,211.9534,-1.58418,-0.223854,-3.116712,-0.682976,1.599828
F29->F30,28,62,241.9968,232.1572,-1.788217,-0.137315,-2.006369,-0.354399,0.307759
F29->F30,28,63,241.5695,252.3014,-1.922988,-0.040841,-1.763508,-0.244446,0.258629
F29->F30,28,64,239.4329,272.6368,-2.044396,0.059059,-1.939218,0.041343,0.106659
F29->F30,28,65,236.7377,293.5343,-2.12269,0.141018,-1.8964,0.247154,0.249944
F29->F30,28,66,233.8902,314.6289,-2.002407,0.203154,-1.563553,-0.083766,0.524324
F29->F30,28,67,231.0425,336.0659,-1.883944,0.248139,-2.802178,0.03757,0.942068
F29->F30,28,68,227.3972,356.5268,-1.701025,0.296955,-3.579515,0.105791,1.888191
F29->F30,28,69,225.0513,376.2978,-1.377658,0.36724,0.074381,0.802081,1.515752
F29->F30,28,70,226.0426,395.6895,-0.949054,0.487111,0.186401,0.913571,1.2129
F29->F30,28,71,232.7707,412.7358,-0.774478,0.715541,-0.527256,0.859767,0.286216
F29->F30,28,72,412.1295,417.4261,0.406024,0.738468,0.003275,0.917402,0.440709
F29->F30,28,73,414.8597,395.1835,0.90175,0.784639,2.489526,0.319619,1.654472
F29->F30,28,74,419.0232,370.7394,1.203301,0.792389,3.026179,0.068278,1.961433
F29->F30,28,75,425.1701,348.9856,1.049716,0.670043,1.017379,0.902582,0.234777
F29->F30,28,76,424.0787,328.8794,1.193411,0.429267,0.624057,0.747151,0.652085
F29->F30,28,77,419.7364,309.2299,1.477518,0.220943,0.43425,1.007802,1.306735
F29->F30,28,78,414.4065,288.6864,1.632113,0.082231,1.887781,-0.031342,0.279759
F29->F30,28,79,410.6002,267.7082,1.637315,-0.006002,2.340065,0.125044,0.714864
F29->F30,28,80,407.2842,246.6748,1.634453,-0.090678,1.218711,0.094247,0.455015
F29->F30,28,81,403.4573,226.2143,1.608969,-0.178707,1.089849,0.047878,0.566414
F29->F30,28,82,399.8364,205.9872,1.395944,-0.219872,1.378118,0.158431,0.378723
F29->F30,28,83,395.9278,185.4246,1.122693,-0.231376,1.966589,-0.773621,1.00309
F29->F30,28,84,391.4559,164.7065,0.857196,-0.230783,0.604769,-0.428541,0.320668
F29->F30,28,85,383.3283,144.2811,0.677272,-0.214137,0.594963,-0.099237,0.141339
F29->F30,28,86,372.4111,123.7473,0.516215,-0.146968,0.327565,0.040662,0.266071
F29->F30,28,87,358.2097,105.3662,0.317249,-0.076057,0.352641,-0.034043,0.054934
F29->F30,28,88,341.1591,91.6052,0.166391,0.013219,0.238344,0.119243,0.128134
F29->F30,28,89,321.7487,85.6437,0.017643,0.046427,0.018458,-0.068891,0.115321
F29->F30,28,90,301.8459,86.1935,-0.137629,0.100851,-0.288133,0.151123,0.158679
F29->F30,28,91,281.3957,92.7503,-0.223299,0.142026,-0.199544,0.102435,0.046171
F29->F30,28,92,262.7175,106.9122,-0.257718,0.0727,-0.028496,0.099971,0.230839
F29->F30,28,93,249.3243,126.3055,-0.335383,-0.071885,-0.243149,0.071673,0.170633
F29->F30,28,94,238.979,147.3359,-0.515844,-0.202516,-0.201741,-0.16445,0.316401
F29->F30,28,95,232.7098,169.2034,-0.777271,-0.265084,-0.505746,-0.342407,0.28232
F29->F30,28,96,230.009,190.6279,-1.123699,-0.281775,-1.817989,-0.561025,0.748344
F29->F30,28,97,231.293,211.3525,-1.452344,-0.229608,-1.660494,-0.336891,0.234171
F29->F30,28,98,232.8715,231.6822,-1.714916,-0.154935,-1.103106,-0.219119,0.615168
F29->F30,28,99,232.3193,251.7769,-1.866787,-0.056234,-1.419686,-0.134449,0.453891
F29->F30,28,100,229.7304,272.1218,-1.880866,0.044183,-2.457884,-0.024268,0.581063
F29->F30,28,101,226.7774,292.8313,-1.885198,0.133776,-2.045066,0.131571,0.159883
F29->F30,28,102,224.2158,313.9458,-1.768412,0.207825,-2.713214,0.029659,0.961454
F29->F30,28,103,221.1688,335.3656,-1.677614,0.270864,-2.480477,0.174823,0.808587
F29->F30,28,104,217.2466,356.0457,-1.514119,0.323,-2.894206,0.092366,1.399226
F29->F30,28,105,214.0846,376.641,-1.148989,0.389164,0.693281,0.942903,1.923691
F29->F30,28,106,215.899,396.5646,-0.735795,0.482613,-0.125748,1.173148,0.92141
F29->F30,28,107,226.1863,414.0338,-0.691084,0.728784,-0.235158,1.086863,0.579732
F29->F30,28,108,419.297,417.6002,0.390441,0.834978,0.428527,1.079108,0.247083
F29->F30,28,109,421.5217,394.8639,0.908706,0.911661,1.119006,0.826584,0.226857
F29->F30,28,110,427.2353,371.098,1.104582,0.974201,3.035989,0.061675,2.136127
F29->F30,28,111,431.2676,348.5425,0.905956,0.791611,0.79566,0.987983,0.225227
F29->F30,28,112,430.951,327.7282,1.001302,0.550034,0.450664,1.038496,0.736069
F29->F30,28,113,427.3373,307.8281,1.245276,0.311551,0.297831,0.940313,1.137099
F29->F30,28,114,422.9518,286.9462,1.459308,0.142173,1.785297,0.140018,0.325996
F29->F30,28,115,419.926,265.5738,1.489912,0.03112,1.93205,-0.070905,0.453756
F29->F30,28,116,417.6798,244.1276,1.463445,-0.055032,1.685234,-0.198772,0.264294
F29->F30,28,117,414.8977,223.4483,1.390602,-0.131103,1.074549,-0.025877,0.33311
F29->F30,28,118,410.9957,203.2239,1.205858,-0.183323,1.216229,0.034269,0.217839
F29->F30,28,119,406.6435,182.27,0.969656,-0.193699,1.87373,-1.082571,1.267851
F29->F30,28,120,400.7048,161.4163,0.725835,-0.186885,1.577218,-1.066539,1.224191
F29->F30,28,121,391.97,140.2091,0.575076,-0.177048,0.206428,0.122043,0.474717
F29->F30,28,122,379.7702,118.6196,0.419132,-0.099246,0.223593,-0.016018,0.212515
F29->F30,28,123,363.7484,98.8802,0.261538,-0.003007,0.130104,-0.14429,0.192966
F29->F30,28,124,344.4908,85.2336,0.131349,0.035952,0.127841,-0.009325,0.045413
F29->F30,28,125,323.1587,79.0673,-0.008147,0.086001,0.040495,-0.042764,0.137647
F29->F30,28,126,300.8326,79.9048,-0.123345,0.165842,-0.234315,0.208326,0.118825
F29->F30,28,127,278.8522,87.2038,-0.224203,0.191365,-0.180803,0.08466,0.115194
F29->F30,28,128,258.8894,102.9163,-0.261571,0.058687,-0.016348,0.186995,0.276762
F29->F30,28,129,245.1928,123.6165,-0.329815,-0.08004,-0.204014,-0.1061,0.128472
F29->F30,28,130,234.2348,146.0131,-0.47016,-0.224708,-0.181423,-0.099923,0.314548
F29->F30,28,131,225.8326,168.6374,-0.634053,-0.30037,-1.106775,-0.687331,0.610905
F29->F30,28,132,221.7806,190.0971,-0.947422,-0.279739,-1.556297,-0.740289,0.763437
F29->F30,28,133,222.255,210.843,-1.327426,-0.246506,-1.354387,-0.112444,0.136746
F29->F30,28,134,223.1151,231.1071,-1.63294,-0.173154,-2.122605,-0.822638,0.813388
F29->F30,28,135,222.3831,251.2722,-1.744455,-0.073427,-1.7443,-0.229331,0.155904
F29->F30,28,136,219.9326,271.6163,-1.718513,0.030526,-1.709874,-0.112911,0.143697
F29->F30,28,137,217.0441,292.0978,-1.656194,0.130102,-2.206379,0.196952,0.554231
F29->F30,28,138,214.6309,313.0193,-1.592952,0.227083,-2.20023,0.249953,0.607708
F29->F30,28,139,211.5384,334.2516,-1.485087,0.29358,-2.422544,0.305684,0.937535
F29->F30,28,140,207.4726,355.181,-1.32359,0.369324,-3.41835,0.148653,2.106351
F29->F30,28,141,203.4558,376.1515,-0.998237,0.480882,-9.549683,-11.915099,15.059467
F29->F30,28,142,206.9571,397.7986,-0.654058,0.542532,-4.757265,0.120554,4.124848
F29->F30,28,143,220.0332,415.324,-0.62435,0.716602,0.422108,0.992612,1.082246
F29->F30,28,144,426.7236,417.971,0.372913,0.904532,0.141661,1.240261,0.407666
F29->F30,28,145,428.4169,395.4666,0.901293,1.028451,1.172163,1.055017,0.27217
F29->F30,28,146,433.8572,371.5888,1.039036,1.090091,1.097522,0.832927,0.263731
F29->F30,28,147,436.6377,348.3355,0.879151,0.888715,0.765104,0.988646,0.151634
F29->F30,28,148,436.5141,327.0039,0.925119,0.630697,0.170031,0.915698,0.807083
F29->F30,28,149,434.0634,306.5453,1.124426,0.368254,0.546679,0.683065,0.657949
F29->F30,28,150,431.0432,285.3945,1.319571,0.183603,0.130239,0.94145,1.410263
F29->F30,28,151,429.2667,263.4116,1.346617,0.061236,1.700422,-0.119963,0.397507
F29->F30,28,152,428.0869,241.6307,1.300974,-0.03045,1.347148,0.185737,0.221063
F29->F30,28,153,425.983,220.8899,1.199385,-0.101487,0.992036,-0.003005,0.229548
F29->F30,28,154,421.9904,200.5211,1.053246,-0.163452,1.192362,-0.127715,0.143633
F29->F30,28,155,416.5309,179.5436,0.855827,-0.178105,1.6734,-1.005555,1.163228
F29->F30,28,156,409.5037,158.4805,0.649023,-0.19358,0.412668,0.038905,0.331532
F29->F30,28,157,399.9534,136.5842,0.513058,-0.177116,1.106956,-0.64827,0.758091
F29->F30,28,158,386.9936,113.878,0.338237,-0.083445,0.070978,-0.122816,0.270144
F29->F30,28,159,369.2163,93.3444,0.20488,0.00119,0.132645,-0.076453,0.106049
F29->F30,28,160,348.0341,79.2591,0.083191,0.038221,0.003154,-0.132044,0.188138
F29->F30,28,161,324.1477,73.2983,-0.017753,0.090608,0.0562,-0.104223,0.208394
F29->F30,28,162,299.7202,74.0121,-0.098331,0.203042,0.001633,0.162045,0.108045
F29->F30,28,163,275.8327,82.3762,-0.206914,0.206459,-0.154578,0.062815,0.152881
F29->F30,28,164,254.9175,99.2201,-0.261008,0.027808,0.108624,0.149275,0.389078
F29->F30,28,165,241.0354,121.4883,-0.32967,-0.13331,-0.146074,-0.288633,0.240485
F29->F30,28,166,229.352,144.9025,-0.431728,-0.278079,-0.210404,-0.067762,0.305315
F29->F30,28,167,219.1485,168.2004,-0.52644,-0.358111,-0.866012,-0.839952,0.589475
F29->F30,28,168,213.8728,189.9691,-0.823665,-0.329333,-0.383607,-0.182452,0.463924
F29->F30,28,169,212.9591,210.6144,-1.202177,-0.290987,-0.79086,-0.196477,0.422035
F29->F30,28,170,213.1159,230.6397,-1.505082,-0.203271,-2.221774,-0.93073,1.021197
F29->F30,28,171,212.3283,250.7799,-1.618185,-0.093456,-2.779031,-0.754304,1.335771
F29->F30,28,172,210.0564,271.091,-1.55759,0.017961,-1.725538,-0.268091,0.331711
F29->F30,28,173,207.5113,291.3913,-1.489821,0.132413,-2.104914,-0.034582,0.637359
F29->F30,28,174,205.3113,311.7663,-1.436807,0.248553,-2.026458,0.328619,0.595061
F29->F30,28,175,202.0477,332.8561,-1.341303,0.358133,-0.343384,0.921814,1.146114
F29->F30,28,176,198.0225,353.7356,-1.204294,0.456979,-5.875992,2.903253,5.273426
F29->F30,28,177,193.1858,375.7931,-0.883853,0.592381,0.765643,-0.619762,2.046981
F29->F30,28,178,198.6259,399.7245,-0.722473,0.602183,-0.067108,0.850978,0.701001
F29->F30,28,179,214.3934,416.5713,-0.623866,0.699999,0.841909,1.071413,1.512099
F30->F31,29,0,397.2361,418.2002,0.375716,0.559914,0.605166,0.01775,0.588718
F30->F31,29,1,401.6473,397.2897,0.873488,0.534909,1.57015,0.798694,0.744929
F30->F31,29,2,403.4117,373.6531,1.309089,0.363951,0.944134,0.819442,0.583664
F30->F31,29,3,405.9809,352.6368,1.523531,0.23821,0.350461,0.898391,1.34608
F30->F31,29,4,407.1075,332.1142,1.673748,0.173764,2.143919,0.179775,0.470209
F30->F31,29,5,402.8622,312.8108,1.756601,0.096044,2.941386,0.053526,1.185548
F30->F31,29,6,398.3652,292.5748,1.769341,0.032027,2.459986,0.058961,0.69117
F30->F31,29,7,393.4052,272.4567,1.736127,-0.028186,1.928626,-0.054981,0.194355
F30->F31,29,8,387.4159,252.4203,1.819764,-0.122619,1.550788,-0.294653,0.319286
F30->F31,29,9,381.5062,232.2275,1.872186,-0.206959,1.258548,-0.10512,0.622032
F30->F31,29,10,377.3097,212.0985,1.763734,-0.255299,0.675565,-0.020861,1.113137
F30->F31,29,11,374.2897,192.1784,1.488916,-0.267754,1.271791,-0.019396,0.329886
F30->F31,29,12,370.4607,172.5931,1.258054,-0.30134,1.264134,-0.185839,0.115661
F30->F31,29,13,365.3007,153.3181,1.018778,-0.31886,0.476014,-0.073881,0.59549
F30->F31,29,14,357.7828,135.4628,0.724902,-0.300036,0.726194,-0.104249,0.195792
F30->F31,29,15,347.2852,119.1121,0.45513,-0.225958,0.138837,-0.051594,0.361171
F30->F31,29,16,334.7286,106.8423,0.209351,-0.142437,-0.060189,-0.147095,0.26958
F30->F31,29,17,319.5506,100.1779,0.03399,-0.074322,-0.120683,-0.114034,0.15969
F30->F31,29,18,302.9229,99.6458,-0.103892,-0.033872,-0.025644,-0.110693,0.109655
F30->F31,29,19,285.8683,105.0019,-0.196143,0.031005,-0.028447,-0.093217,0.208694
F30->F31,29,20,270.0599,116.2484,-0.261076,0.025404,-0.347696,0.05137,0.090428
F30->F31,29,21,256.9423,132.3108,-0.365003,-0.064189,-0.518012,-0.153136,0.176985
F30->F31,29,22,248.6169,150.9194,-0.600268,-0.154219,-0.547584,-0.128363,0.058687
F30->F31,29,23,246.4687,171.454,-0.978489,-0.208356,-0.358948,-0.172687,0.620568
F30->F31,29,24,246.6617,192.0114,-1.324537,-0.205917,-1.14311,-0.040662,0.245408
F30->F31,29,25,247.5726,212.4914,-1.478762,-0.126935,-0.819513,-0.012628,0.669085
F30->F31,29,26,248.9703,232.5803,-1.593584,-0.040266,-1.758626,-0.034077,0.165158
F30->F31,29,27,248.6674,252.7719,-1.704934,0.051318,-1.122114,0.048898,0.582825
F30->F31,29,28,247.2363,273.2243,-1.89978,0.136675,-1.798669,-0.03471,0.198989
F30->F31,29,29,244.8608,294.2096,-1.988661,0.202129,-2.623498,0.045073,0.653976
F30->F31,29,30,241.6247,315.4863,-1.871363,0.248353,-1.861164,-0.137815,0.386302
F30->F31,29,31,239.1902,336.8304,-1.767343,0.273094,-2.389758,0.097531,0.646702
F30->F31,29,32,236.3263,357.2361,-1.587897,0.316953,-2.085039,0.813947,0.702961
F30->F31,29,33,234.6565,375.9671,-1.350292,0.395917,-0.379169,0.982263,1.134408
F30->F31,29,34,235.2592,394.6589,-1.005898,0.492875,-0.922851,0.303237,0.207026
F30->F31,29,35,238.2729,412.174,-0.727649,0.63818,-2.203431,0.083865,1.576451
F30->F31,29,36,404.9947,417.5912,0.337441,0.63742,-0.771196,0.836128,1.126304
F30->F31,29,37,408.4582,396.3638,0.834582,0.632341,0.084736,1.052036,0.85931
F30->F31,29,38,412.0053,371.8497,1.188753,0.571657,2.888626,0.080924,1.76929
F30->F31,29,39,418.051,350.3646,1.142578,0.50726,1.042448,0.888417,0.39409
F30->F31,29,40,417.7275,330.5976,1.282514,0.34443,0.264127,0.786481,1.11019
F30->F31,29,41,412.6906,310.9395,1.473593,0.197701,2.757477,-0.078685,1.313296
F30->F31,29,42,407.5391,290.5715,1.573235,0.093924,2.205009,0.15279,0.63451
F30->F31,29,43,402.9449,269.9949,1.558022,0.027717,1.273017,0.027365,0.285005
F30->F31,29,44,398.2122,249.4829,1.578139,-0.051969,1.787952,-0.167373,0.239457
F30->F31,29,45,393.4578,228.9583,1.617111,-0.144472,1.228012,-0.090982,0.392758
F30->F31,29,46,389.6385,208.7915,1.453225,-0.181781,0.749637,-0.10279,0.708008
F30->F31,29,47,386.5312,188.3469,1.195403,-0.194824,0.726,-0.171239,0.469995
F30->F31,29,48,382.2325,168.1378,0.948041,-0.20554,1.097257,-0.01799,0.239668
F30->F31,29,49,374.9179,148.4143,0.784307,-0.213187,0.198433,-0.023135,0.615929
F30->F31,29,50,365.3343,129.2169,0.579006,-0.176509,0.565343,-0.187608,0.017603
F30->F31,29,51,353.0547,111.6881,0.353036,-0.084244,-0.039318,0.000415,0.401384
F30->F31,29,52,338.1071,98.9055,0.174348,-0.025442,0.124749,0.040107,0.082199
F30->F31,29,53,320.7336,92.5673,0.021354,0.023023,0.049415,0.043464,0.034717
F30->F31,29,54,302.5609,92.7585,-0.12897,0.066197,0.034159,-0.040608,0.194983
F30->F31,29,55,283.5573,98.6854,-0.205226,0.11796,-0.032551,0.107272,0.173005
F30->F31,29,56,266.4489,111.3198,-0.251611,0.089624,-0.108548,0.103935,0.143778
F30->F31,29,57,252.6875,129.0571,-0.313762,-0.021871,-0.442389,0.197015,0.253882
F30->F31,29,58,243.4402,148.8747,-0.517421,-0.128624,-0.49029,-0.094385,0.043685
F30->F31,29,59,239.1123,170.09,-0.814253,-0.179132,-0.325751,-0.178134,0.488503
F30->F31,29,60,237.8175,191.1497,-1.133773,-0.193873,-1.077235,-0.172712,0.060368
F30->F31,29,61,238.5782,211.7295,-1.341303,-0.125916,-0.665229,-0.056511,0.679628
F30->F31,29,62,240.2086,232.0199,-1.526921,-0.050447,-1.44802,0.086046,0.157657
F30->F31,29,63,239.6466,252.2605,-1.639657,0.036009,-1.24512,0.247468,0.447632
F30->F31,29,64,237.3885,272.6958,-1.72619,0.122043,-1.555034,-0.214508,0.377573
F30->F31,29,65,234.615,293.6753,-1.754309,0.191242,-2.268627,0.254127,0.518148
F30->F31,29,66,231.8878,314.832,-1.646892,0.244516,-2.33414,0.152716,0.693352
F30->F31,29,67,229.1585,336.3141,-1.555734,0.278104,-0.131895,0.855221,1.536353
F30->F31,29,68,225.6962,356.8237,-1.402993,0.316945,-0.741257,0.885747,0.872599
F30->F31,29,69,223.6737,376.6651,-1.139892,0.378843,0.342445,0.893352,1.569091
F30->F31,29,70,225.0936,396.1766,-0.779724,0.480524,0.208082,0.799608,1.038064
F30->F31,29,71,231.9963,413.4513,-0.648331,0.693868,1.308825,0.699989,1.957166
F30->F31,29,72,412.5355,418.1646,0.30337,0.718986,-0.573486,0.996765,0.919804
F30->F31,29,73,415.7614,395.9681,0.769257,0.782488,-0.401496,0.891654,1.175832
F30->F31,29,74,420.2265,371.5318,1.041403,0.799115,2.619587,-0.040446,1.787604
F30->F31,29,75,426.2199,349.6557,0.894469,0.682769,0.865909,0.993394,0.311935
F30->F31,29,76,425.2721,329.3086,1.005853,0.463743,2.373551,0.255784,1.383418
F30->F31,29,77,421.2139,309.4509,1.250553,0.27934,2.9604,-0.022112,1.736217
F30->F31,29,78,416.0386,288.7687,1.395138,0.153288,2.225013,0.093196,0.832048
F30->F31,29,79,412.2375,267.7022,1.400874,0.072135,1.366217,0.153586,0.088517
F30->F31,29,80,408.9187,246.5842,1.396099,-0.004426,2.127373,0.106438,0.73963
F30->F31,29,81,405.0663,226.0356,1.391263,-0.086971,1.116548,0.062416,0.312706
F30->F31,29,82,401.2324,205.7673,1.235146,-0.129763,0.68591,-0.156749,0.549899
F30->F31,29,83,397.0505,185.1932,1.008527,-0.143866,0.612526,-0.138669,0.396035
F30->F31,29,84,392.3131,164.4758,0.778248,-0.146316,0.630437,-0.101538,0.154445
F30->F31,29,85,384.0056,144.067,0.619868,-0.136116,0.302592,-0.051083,0.328473
F30->F31,29,86,372.9273,123.6004,0.477848,-0.081012,0.414192,-0.013659,0.092674
F30->F31,29,87,358.5269,105.2901,0.298781,-0.018763,0.049316,-0.005663,0.249809
F30->F31,29,88,341.3255,91.6184,0.154782,0.060245,0.200667,0.114054,0.070716
F30->F31,29,89,321.7664,85.6902,0.012431,0.089879,0.024744,0.165036,0.076159
F30->F31,29,90,301.7083,86.2943,-0.134714,0.140129,-0.079578,0.081429,0.080534
F30->F31,29,91,281.1724,92.8924,-0.214278,0.181749,-0.196473,0.253651,0.074074
F30->F31,29,92,262.4597,106.9849,-0.246876,0.12186,0.031049,0.119376,0.277936
F30->F31,29,93,248.9889,126.2336,-0.32016,-0.010268,-0.379629,0.243444,0.260589
F30->F31,29,94,238.4631,147.1334,-0.459734,-0.122905,-0.325649,-0.138694,0.135011
F30->F31,29,95,231.9326,168.9383,-0.669503,-0.17594,-0.503209,-0.303944,0.209855
F30->F31,29,96,228.8853,190.3461,-0.948597,-0.181108,-0.749201,-0.356292,0.265421
F30->F31,29,97,229.8406,211.1229,-1.231005,-0.13181,-0.395981,0.083305,0.862288
F30->F31,29,98,231.1565,231.5272,-1.462351,-0.065705,-1.474579,0.074733,0.140969
F30->F31,29,99,230.4525,251.7206,-1.590555,0.02292,-1.594438,-0.158278,0.18124
F30->F31,29,100,227.8496,272.166,-1.586694,0.111985,-1.5445,-0.188083,0.303019
F30->F31,29,101,224.8922,292.9651,-1.559954,0.188785,-2.202816,0.127904,0.645739
F30->F31,29,102,222.4474,314.1536,-1.456665,0.252887,-1.960144,0.329748,0.509311
F30->F31,29,103,219.4912,335.6364,-1.384698,0.305116,0.0298,0.987198,1.570363
F30->F31,29,104,215.7325,356.3687,-1.245525,0.349026,-0.472663,1.108709,1.083713
F30->F31,29,105,212.9357,377.0302,-0.94526,0.4088,0.349841,0.783014,1.348081
F30->F31,29,106,215.1632,397.0472,-0.595997,0.489315,-0.51254,0.910238,0.429118
F30->F31,29,107,225.4952,414.7625,-0.57462,0.709168,-0.48849,0.897159,0.206783
F30->F31,29,108,419.6874,418.4352,0.286531,0.810022,-0.732313,0.902625,1.023044
F30->F31,29,109,422.4304,395.7755,0.775849,0.894013,-0.294093,1.037269,1.079491
F30->F31,29,110,428.3398,372.0722,0.971954,0.958641,0.395213,0.934493,0.577247
F30->F31,29,111,432.1735,349.3341,0.790614,0.793029,0.666841,0.816665,0.12601
F30->F31,29,112,431.9523,328.2782,0.852106,0.572121,2.108551,0.195995,1.311535
F30->F31,29,113,428.5825,308.1397,1.053964,0.356379,1.900608,0.200157,0.860936
F30->F31,29,114,424.4111,287.0884,1.245747,0.203485,1.981185,0.109234,0.741453
F30->F31,29,115,421.4159,265.605,1.272716,0.102684,1.537437,-0.138628,0.358202
F30->F31,29,116,419.1433,244.0725,1.249784,0.024634,1.410143,0.085093,0.171377
F30->F31,29,117,416.2883,223.3172,1.205849,-0.047089,0.951835,0.115413,0.301546
F30->F31,29,118,412.2016,203.0406,1.071676,-0.099282,0.791748,-0.000644,0.296798
F30->F31,29,119,407.6132,182.0763,0.877138,-0.112384,0.80185,0.017477,0.150107
F30->F31,29,120,401.4307,161.2294,0.663273,-0.109212,0.638419,-0.131257,0.033222
F30->F31,29,121,392.5451,140.0321,0.525169,-0.102723,0.547393,-0.317996,0.216417
F30->F31,29,122,380.1893,118.5203,0.387623,-0.038694,0.253174,0.111923,0.201896
F30->F31,29,123,364.0099,98.8771,0.245713,0.045254,0.096777,0.096489,0.157503
F30->F31,29,124,344.6221,85.2696,0.121489,0.079487,0.060689,0.108069,0.067183
F30->F31,29,125,323.1506,79.1533,-0.01235,0.126676,-0.041304,0.209543,0.08778
F30->F31,29,126,300.7093,80.0707,-0.122004,0.19986,-0.090458,0.147227,0.061363
F30->F31,29,127,278.628,87.3951,-0.214352,0.228053,-0.16979,0.265396,0.05814
F30->F31,29,128,258.6278,102.975,-0.248824,0.113582,-0.079659,0.159132,0.175191
F30->F31,29,129,244.863,123.5364,-0.315433,-0.016211,-0.235392,0.289867,0.316371
F30->F31,29,130,233.7646,145.7884,-0.42115,-0.145298,-0.370427,-0.093902,0.07221
F30->F31,29,131,225.1985,168.3371,-0.546211,-0.208874,-0.439233,0.038273,0.269306
F30->F31,29,132,220.8332,189.8173,-0.802785,-0.182966,-0.397217,-0.032442,0.432601
F30->F31,29,133,220.9276,210.5965,-1.12537,-0.148558,-0.362227,-0.111292,0.764053
F30->F31,29,134,221.4821,230.934,-1.386493,-0.08096,-1.19712,0.03576,0.222454
F30->F31,29,135,220.6386,251.1987,-1.479759,0.008008,-1.568404,-0.246928,0.269908
F30->F31,29,136,218.214,271.6468,-1.447541,0.102371,-1.466593,0.239425,0.138372
F30->F31,29,137,215.3879,292.2279,-1.376086,0.189319,-1.781831,0.121741,0.411335
F30->F31,29,138,213.0379,313.2464,-1.312718,0.272819,-0.382762,0.73218,1.037222
F30->F31,29,139,210.0533,334.5452,-1.226055,0.330869,-2.879089,0.176422,1.660234
F30->F31,29,140,206.149,355.5503,-1.091205,0.398104,-2.846543,0.061302,1.787358
F30->F31,29,141,202.4576,376.6323,-0.812596,0.497187,-2.491615,0.282546,1.692683
F30->F31,29,142,206.303,398.3411,-0.530955,0.558178,1.111019,8.768424,8.372826
F30->F31,29,143,219.4088,416.0406,-0.516023,0.705232,-0.56963,0.753384,0.072058
F30->F31,29,144,427.0965,418.8755,0.266912,0.873657,1.567969,0.000278,1.567017
F30->F31,29,145,429.3182,396.495,0.768356,0.993249,0.162917,1.098156,0.614461
F30->F31,29,146,434.8962,372.6789,0.922645,1.062207,0.524775,0.771454,0.492786
F30->F31,29,147,437.5168,349.2242,0.779369,0.882886,0.641535,0.755346,0.187789
F30->F31,29,148,437.4392,327.6346,0.794188,0.64521,2.175439,0.181817,1.45691
F30->F31,29,149,435.1879,306.9136,0.953843,0.405281,1.844688,0.09868,0.942129
F30->F31,29,150,432.3628,285.5782,1.125105,0.238239,1.946709,0.037712,0.84572
F30->F31,29,151,430.6133,263.4729,1.14574,0.128049,-0.044749,0.780291,1.357454
F30->F31,29,152,429.3879,241.6003,1.110361,0.044291,1.423634,0.167636,0.33668
F30->F31,29,153,427.1824,220.7885,1.044166,-0.023172,0.906389,0.101953,0.186115
F30->F31,29,154,423.0436,200.3577,0.939584,-0.082914,0.772019,-0.05395,0.170049
F30->F31,29,155,417.3868,179.3655,0.778526,-0.100249,0.648505,-0.113747,0.13072
F30->F31,29,156,410.1527,158.287,0.594877,-0.116145,0.726372,-0.376683,0.291841
F30->F31,29,157,400.4664,136.4071,0.465857,-0.102415,0.569729,-0.143124,0.111564
F30->F31,29,158,387.3319,113.7946,0.311594,-0.024409,0.284988,0.034901,0.065003
F30->F31,29,159,369.4212,93.3456,0.19216,0.048157,0.040214,-0.018173,0.165793
F30->F31,29,160,348.1173,79.2973,0.076278,0.080211,0.001109,0.233653,0.170865
F30->F31,29,161,324.1299,73.3889,-0.021879,0.129745,-0.194294,0.267674,0.220797
F30->F31,29,162,299.6219,74.2151,-0.099902,0.234176,-0.265791,0.254218,0.167096
F30->F31,29,163,275.6258,82.5827,-0.197755,0.242991,-0.252164,0.353324,0.123019
F30->F31,29,164,254.6564,99.2479,-0.246887,0.089679,0.039989,0.236562,0.322292
F30->F31,29,165,240.7057,121.355,-0.315044,-0.061556,-0.154939,0.209731,0.315008
F30->F31,29,166,228.9202,144.6244,-0.387389,-0.193044,-0.34011,-0.100506,0.103916
F30->F31,29,167,218.6221,167.8423,-0.456125,-0.262862,-0.386529,0.015374,0.286808
F30->F31,29,168,213.0491,189.6398,-0.700703,-0.22986,-0.356041,0.010564,0.420233
F30->F31,29,169,211.7569,210.3234,-1.019163,-0.189788,-1.963554,-0.722703,1.084376
F30->F31,29,170,211.6108,230.4364,-1.272746,-0.107739,-1.352094,0.187418,0.305637
F30->F31,29,171,210.7101,250.6865,-1.364933,-0.009275,-1.458715,0.017902,0.097641
F30->F31,29,172,208.4988,271.109,-1.305125,0.09157,-1.256562,0.247017,0.162856
F30->F31,29,173,206.0214,291.5237,-1.236973,0.192217,-0.331465,0.781875,1.080574
F30->F31,29,174,203.8745,312.0149,-1.184053,0.294237,0.124098,0.764402,1.390077
F30->F31,29,175,200.7064,333.2142,-1.105364,0.390985,-2.457462,0.191412,1.366747
F30->F31,29,176,196.8182,354.1926,-0.993755,0.477442,-9.550431,13.045198,15.204118
F30->F31,29,177,192.3019,376.3855,-0.709073,0.600072,-1.41653,0.257637,0.785976
F30->F31,29,178,197.9034,400.3267,-0.591047,0.61971,1.661246,9.225703,8.895838
F30->F31,29,179,213.7695,417.2713,-0.516934,0.70089,-0.541684,0.84959,0.150745
F31->F32,30,0,397.6118,418.7601,0.431989,0.383468,-1.254992,0.904333,1.765561
F31->F32,30,1,402.5208,397.8246,0.874814,0.361675,-1.243037,0.680516,2.141717
F31->F32,30,2,404.7208,374.017,1.288874,0.239404,0.605038,-0.22027,0.823974
F31->F32,30,3,407.5044,352.875,1.496057,0.143791,1.636617,-0.077842,0.262447
F31->F32,30,4,408.7813,332.288,1.632746,0.086506,2.104723,-0.014404,0.482644
F31->F32,30,5,404.6188,312.9069,1.728387,0.013071,2.224973,0.112497,0.506442
F31->F32,30,6,400.1345,292.6068,1.756498,-0.044126,0.966321,0.067693,0.79805
F31->F32,30,7,395.1414,272.4285,1.733273,-0.09451,1.298129,0.319608,0.600702
F31->F32,30,8,389.2357,252.2977,1.810929,-0.176167,1.405808,0.104973,0.493115
F31->F32,30,9,383.3784,232.0206,1.853208,-0.246162,1.332051,0.047133,0.598019
F31->F32,30,10,379.0734,211.8432,1.732732,-0.282903,2.50914,-1.033409,1.079846
F31->F32,30,11,375.7786,191.9107,1.462306,-0.290351,0.775658,-0.294555,0.686662
F31->F32,30,12,371.7187,172.2917,1.233176,-0.319419,1.251355,-0.237365,0.084044
F31->F32,30,13,366.3195,152.9992,0.996613,-0.333767,1.108956,-0.29452,0.119002
F31->F32,30,14,358.5077,135.1627,0.707084,-0.315071,0.458217,0.146829,0.524677
F31->F32,30,15,347.7403,118.8862,0.445757,-0.237984,0.417428,0.022381,0.261901
F31->F32,30,16,334.938,106.6999,0.207564,-0.153084,0.082985,-0.118957,0.129169
F31->F32,30,17,319.5846,100.1035,0.035702,-0.083578,0.109457,0.009769,0.118969
F31->F32,30,18,302.819,99.6119,-0.097194,-0.043976,-0.286627,-0.097153,0.196755
F31->F32,30,19,285.6721,105.0329,-0.185848,0.016438,-0.063306,-0.136501,0.195977
F31->F32,30,20,269.7988,116.2738,-0.248346,0.010902,-0.310775,0.043377,0.070369
F31->F32,30,21,256.5773,132.2466,-0.351111,-0.074647,-0.463435,0.172741,0.271694
F31->F32,30,22,248.0166,150.7652,-0.588075,-0.162293,-0.382688,-0.137588,0.206867
F31->F32,30,23,245.4902,171.2457,-0.956576,-0.214399,-0.792091,-0.424256,0.266637
F31->F32,30,24,245.3372,191.8055,-1.295504,-0.217363,-0.336501,-0.213745,0.95901
F31->F32,30,25,246.0938,212.3644,-1.457819,-0.150396,-1.487346,0.20518,0.3568
F31->F32,30,26,247.3767,232.54,-1.577074,-0.075616,-0.987673,-0.204189,0.603261
F31->F32,30,27,246.9625,252.8232,-1.678422,0.003735,-2.299538,0.086711,0.626634
F31->F32,30,28,245.3365,273.361,-1.842347,0.077208,-1.419138,0.121243,0.425494
F31->F32,30,29,242.8721,294.4118,-1.918789,0.132302,-2.393522,0.285917,0.498968
F31->F32,30,30,239.7533,315.7346,-1.804387,0.169777,-0.542012,0.684837,1.363407
F31->F32,30,31,237.4228,337.1035,-1.696321,0.187315,-2.378176,0.165791,0.682195
F31->F32,30,32,234.7384,357.553,-1.513479,0.225275,-2.027293,0.227648,0.513819
F31->F32,30,33,233.3062,376.363,-1.271891,0.300115,-3.068875,0.135701,1.804489
F31->F32,30,34,234.2533,395.1518,-0.936675,0.395788,-2.482955,0.293345,1.54967
F31->F32,30,35,237.5452,412.8121,-0.668586,0.528414,1.130434,0.816292,1.821908
F31->F32,30,36,405.3321,418.2287,0.390545,0.460243,-0.934741,0.885974,1.391987
F31->F32,30,37,409.2928,396.9961,0.837656,0.461621,-0.571524,0.796674,1.448464
F31->F32,30,38,413.194,372.4213,1.181273,0.449933,2.004633,0.030421,0.924073
F31->F32,30,39,419.1936,350.8718,1.132472,0.402885,2.597781,-0.147193,1.565157
F31->F32,30,40,419.01,330.942,1.255403,0.248141,2.4195,0.110325,1.172227
F31->F32,30,41,414.1642,311.1372,1.457664,0.109352,2.006453,0.09479,0.548983
F31->F32,30,42,409.1124,290.6655,1.572823,0.013437,1.253042,0.190162,0.365365
F31->F32,30,43,404.5029,270.0226,1.571447,-0.045596,1.38245,0.330017,0.420482
F31->F32,30,44,399.7904,249.4309,1.589821,-0.114562,2.888027,-0.9155,1.525399
F31->F32,30,45,395.0749,228.8138,1.614112,-0.192031,1.320883,-0.047353,0.326979
F31->F32,30,46,391.0917,208.6097,1.442321,-0.219478,1.039426,-0.104124,0.419083
F31->F32,30,47,387.7266,188.1521,1.1865,-0.228516,0.659567,-0.301881,0.532016
F31->F32,30,48,383.1805,167.9322,0.93838,-0.234487,0.945988,0.008821,0.243426
F31->F32,30,49,375.7022,148.2011,0.771722,-0.239595,0.52494,-0.228786,0.247018
F31->F32,30,50,365.9133,129.0403,0.568505,-0.203843,0.19207,-0.087618,0.393969
F31->F32,30,51,353.4077,111.6038,0.349551,-0.10752,0.517977,-0.31276,0.265501
F31->F32,30,52,338.2815,98.88,0.171875,-0.041721,0.014043,-0.179217,0.209323
F31->F32,30,53,320.7549,92.5903,0.022727,0.009729,0.027235,-0.042194,0.052119
F31->F32,30,54,302.4319,92.8247,-0.12031,0.050275,-0.255048,0.010993,0.140347
F31->F32,30,55,283.3521,98.8033,-0.192723,0.098101,-0.096245,-0.005241,0.141378
F31->F32,30,56,266.1973,111.4094,-0.23696,0.069461,-0.25412,0.144939,0.077404
F31->F32,30,57,252.3737,129.0352,-0.299667,-0.036263,-0.531197,-0.255387,0.318781
F31->F32,30,58,242.9228,148.7461,-0.507003,-0.139977,-0.295407,-0.258469,0.242515
F31->F32,30,59,238.2981,169.9109,-0.798972,-0.189358,-0.515868,-0.367063,0.334256
F31->F32,30,60,236.6837,190.9559,-1.114703,-0.207354,-1.48819,-0.601589,0.543059
F31->F32,30,61,237.2369,211.6036,-1.333655,-0.151916,-0.713676,-0.013279,0.635291
F31->F32,30,62,238.6817,231.9694,-1.52467,-0.087696,-1.715498,-0.246336,0.248157
F31->F32,30,63,238.0069,252.2965,-1.621947,-0.012091,-2.391612,0.076062,0.774697
F31->F32,30,64,235.6623,272.8179,-1.68309,0.062103,-1.613936,0.215348,0.168126
F31->F32,30,65,232.8607,293.8665,-1.697101,0.121697,-2.064852,0.188039,0.373688
F31->F32,30,66,230.2409,315.0765,-1.599015,0.166717,-0.930591,0.188806,0.668789
F31->F32,30,67,227.6028,336.5922,-1.503152,0.193062,-1.847762,0.085857,0.360901
F31->F32,30,68,224.2932,357.1407,-1.342706,0.228749,-1.853901,0.344134,0.524055
F31->F32,30,69,222.5338,377.0439,-1.077677,0.286713,-3.231292,0.14733,2.15812
F31->F32,30,70,224.3138,396.6571,-0.730987,0.384884,1.862137,0.716239,2.614209
F31->F32,30,71,231.3479,414.1452,-0.599572,0.582642,0.995479,0.834715,1.614846
F31->F32,30,72,412.8389,418.8836,0.353192,0.543537,-0.791586,0.861639,1.188152
F31->F32,30,73,416.5307,396.7506,0.785266,0.617864,1.382107,0.894961,0.658028
F31->F32,30,74,421.2679,372.3309,1.045968,0.669597,2.668022,0.133118,1.708469
F31->F32,30,75,427.1143,350.3384,0.896412,0.566864,2.419843,0.136986,1.58292
F31->F32,30,76,426.278,329.7724,0.996507,0.360043,2.095401,0.128931,1.122934
F31->F32,30,77,422.4644,309.7302,1.24849,0.186452,1.513229,-0.019031,0.335127
F31->F32,30,78,417.4337,288.9219,1.407183,0.068838,1.751906,-0.354932,0.546274
F31->F32,30,79,413.6384,267.7744,1.428805,-0.006835,1.820655,-0.04283,0.3935
F31->F32,30,80,410.3148,246.5797,1.423039,-0.073949,1.084325,-0.058357,0.339072
F31->F32,30,81,406.4576,225.9486,1.399296,-0.142832,1.022745,-0.109353,0.378037
F31->F32,30,82,402.4675,205.6376,1.235072,-0.176558,1.044521,-0.030196,0.240274
F31->F32,30,83,398.059,185.0493,1.008438,-0.18677,0.560794,-0.281265,0.457508
F31->F32,30,84,393.0914,164.3294,0.774904,-0.185208,0.823846,-0.04534,0.148184
F31->F32,30,85,384.6255,143.9309,0.612604,-0.173333,0.666738,-0.187376,0.055926
F31->F32,30,86,373.4052,123.5193,0.470531,-0.118648,0.243607,0.053486,0.284824
F31->F32,30,87,358.8257,105.2713,0.295697,-0.047877,0.268932,-0.085362,0.04606
F31->F32,30,88,341.4803,91.6786,0.151226,0.038494,0.13179,-0.109844,0.149607
F31->F32,30,89,321.7788,85.78,0.013112,0.073699,-0.043087,-0.007234,0.098531
F31->F32,30,90,301.5736,86.4345,-0.12614,0.120762,-0.174596,0.132977,0.049972
F31->F32,30,91,280.9581,93.0741,-0.200433,0.158068,-0.123676,0.05657,0.127253
F31->F32,30,92,262.2129,107.1068,-0.230217,0.096282,-0.494496,0.167402,0.273681
F31->F32,30,93,248.6687,126.2233,-0.303751,-0.027346,-0.568382,-0.349586,0.416975
F31->F32,30,94,238.0034,147.0105,-0.449351,-0.136846,-0.424859,-0.126926,0.026425
F31->F32,30,95,231.2631,168.7624,-0.658582,-0.188582,-0.265853,-0.054978,0.414832
F31->F32,30,96,227.9367,190.165,-0.938317,-0.197557,-0.558597,-0.057076,0.404873
F31->F32,30,97,228.6096,210.9911,-1.230737,-0.159702,-0.385957,0.154697,0.901387
F31->F32,30,98,229.6942,231.4615,-1.464677,-0.103977,-1.270935,0.032827,0.237173
F31->F32,30,99,228.862,251.7435,-1.580804,-0.026205,-1.45235,0.332926,0.381413
F31->F32,30,100,226.2629,272.278,-1.55563,0.05219,-1.197992,0.305521,0.438271
F31->F32,30,101,223.3323,293.1538,-1.519316,0.119907,-2.495019,0.154798,0.976326
F31->F32,30,102,220.9907,314.4065,-1.428209,0.17565,-1.529719,-0.129957,0.322025
F31->F32,30,103,218.1065,335.9415,-1.346277,0.221777,-1.9107,0.097423,0.577959
F31->F32,30,104,214.487,356.7177,-1.198857,0.263322,-2.118914,0.263503,0.920057
F31->F32,30,105,211.9904,377.439,-0.901154,0.320687,-3.0329,-0.014096,2.157873
F31->F32,30,106,214.5672,397.5365,-0.565556,0.396121,-0.703514,-0.073488,0.489453
F31->F32,30,107,224.9206,415.4717,-0.533334,0.59401,0.467055,0.812862,1.024048
F31->F32,30,108,419.974,419.2452,0.334243,0.640551,-0.942125,0.858142,1.294782
F31->F32,30,109,423.2062,396.6695,0.790829,0.733257,1.031016,0.849314,0.266757
F31->F32,30,110,429.3118,373.0308,0.979093,0.817682,0.333597,1.011677,0.674017
F31->F32,30,111,432.9641,350.1272,0.803735,0.668668,2.47869,0.192105,1.741433
F31->F32,30,112,432.8044,328.8503,0.870087,0.462315,-0.063286,0.887731,1.025751
F31->F32,30,113,429.6365,308.4961,1.068087,0.259325,1.602843,-0.068658,0.627325
F31->F32,30,114,425.6568,287.2918,1.26869,0.115113,1.667225,-0.08557,0.446211
F31->F32,30,115,422.6886,265.7077,1.31084,0.01946,1.818765,-0.21949,0.561324
F31->F32,30,116,420.3931,244.0972,1.286227,-0.050299,0.750675,-0.106561,0.538499
F31->F32,30,117,417.4942,223.2701,1.223021,-0.110101,1.259985,-0.086515,0.043848
F31->F32,30,118,413.2733,202.9413,1.078905,-0.153533,0.741974,-0.14639,0.337007
F31->F32,30,119,408.4903,181.9639,0.880537,-0.163146,0.510146,-0.283732,0.389526
F31->F32,30,120,402.0939,161.1202,0.662682,-0.156973,0.574293,-0.191578,0.094921
F31->F32,30,121,393.0703,139.9293,0.521678,-0.147524,0.448898,0.397267,0.549631
F31->F32,30,122,380.577,118.4817,0.384695,-0.081459,0.264951,-0.042849,0.125815
F31->F32,30,123,364.2556,98.9224,0.243113,0.010044,0.199811,-0.116574,0.133818
F31->F32,30,124,344.7436,85.349,0.118369,0.056791,0.235702,-0.130208,0.220762
F31->F32,30,125,323.1382,79.2799,-0.011651,0.11,0.011385,-0.029837,0.141721
F31->F32,30,126,300.5872,80.2705,-0.115091,0.177699,-0.200074,0.117246,0.104291
F31->F32,30,127,278.4136,87.6232,-0.19969,0.200534,-0.082536,0.080995,0.167376
F31->F32,30,128,258.379,103.0885,-0.231362,0.086162,-0.572815,-0.0786,0.379126
F31->F32,30,129,244.5475,123.5202,-0.297304,-0.035656,-0.578715,-0.402711,0.462517
F31->F32,30,130,233.3435,145.6431,-0.409569,-0.159893,-0.396987,0.00531,0.165682
F31->F32,30,131,224.6523,168.1282,-0.540122,-0.221144,-0.282707,-0.080284,0.293434
F31->F32,30,132,220.0304,189.6343,-0.799992,-0.201731,-0.507987,-0.116286,0.30425
F31->F32,30,133,219.8022,210.4479,-1.128576,-0.177819,-0.549798,-0.115864,0.582085
F31->F32,30,134,220.0957,230.853,-1.389989,-0.119906,-1.308921,-0.07109,0.094631
F31->F32,30,135,219.1588,251.2068,-1.476481,-0.040766,-1.034488,0.132618,0.474784
F31->F32,30,136,216.7665,271.7492,-1.428515,0.043011,-1.127512,-0.054784,0.316492
F31->F32,30,137,214.0118,292.4172,-1.353892,0.121448,-2.195436,0.210851,0.846279
F31->F32,30,138,211.7252,313.5192,-1.296718,0.196362,-1.684632,0.120404,0.395281
F31->F32,30,139,208.8272,334.8761,-1.201872,0.249713,-2.294927,0.159238,1.096793
F31->F32,30,140,205.0578,355.9484,-1.060486,0.315251,-2.457845,0.315685,1.397359
F31->F32,30,141,201.645,377.1295,-0.782366,0.411618,-2.515435,-0.065426,1.797526
F31->F32,30,142,205.7721,398.8993,-0.511898,0.468754,-9.606876,-7.72055,12.2386
F31->F32,30,143,218.8928,416.7459,-0.479489,0.590495,0.121826,0.822315,0.644454
F31->F32,30,144,427.3635,419.7492,0.311873,0.710238,-1.088255,1.025311,1.435141
F31->F32,30,145,430.0865,397.4883,0.780042,0.830545,0.680966,0.820919,0.099542
F31->F32,30,146,435.8189,373.7411,0.924193,0.911224,0.466855,0.887643,0.457946
F31->F32,30,147,438.2962,350.1071,0.806525,0.753018,2.45338,0.201593,1.736721
F31->F32,30,148,438.2334,328.2798,0.831016,0.533117,2.033238,0.11518,1.272796
F31->F32,30,149,436.1417,307.3189,0.988109,0.305726,1.780429,0.055456,0.830907
F31->F32,30,150,433.4879,285.8164,1.161133,0.147216,1.668048,-0.020716,0.534008
F31->F32,30,151,431.7591,263.6009,1.192067,0.041865,1.103309,0.095398,0.103653
F31->F32,30,152,430.4983,241.6445,1.154361,-0.03514,1.163299,-0.012342,0.024488
F31->F32,30,153,428.2266,220.7653,1.069294,-0.092395,1.411712,0.040867,0.367436
F31->F32,30,154,423.9832,200.2748,0.951475,-0.143284,0.544178,-0.406567,0.484983
F31->F32,30,155,418.1653,179.2653,0.782839,-0.15703,0.514693,-0.178037,0.268967
F31->F32,30,156,410.7476,158.1708,0.596724,-0.169425,0.608973,-0.161287,0.014706
F31->F32,30,157,400.9323,136.3047,0.465772,-0.152368,0.321246,0.148761,0.334015
F31->F32,30,158,387.6435,113.7702,0.312353,-0.069989,0.214293,0.040993,0.148097
F31->F32,30,159,369.6133,93.3938,0.191385,0.012961,0.019182,-0.105122,0.2088
F31->F32,30,160,348.1936,79.3775,0.074376,0.057939,0.115406,-0.127066,0.1895
F31->F32,30,161,324.1081,73.5187,-0.021587,0.113429,0.035063,-0.055925,0.178577
F31->F32,30,162,299.522,74.4493,-0.095581,0.210752,-0.0621,0.125149,0.091918
F31->F32,30,163,275.428,82.8257,-0.183464,0.211984,-0.114128,0.211496,0.069338
F31->F32,30,164,254.4096,99.3376,-0.228819,0.061671,-0.13415,0.382477,0.334483
F31->F32,30,165,240.3907,121.2934,-0.296151,-0.080246,-0.287317,-0.225825,0.145846
F31->F32,30,166,228.5329,144.4314,-0.376427,-0.206026,-0.340663,0.040139,0.248749
F31->F32,30,167,218.166,167.5794,-0.457142,-0.275103,-0.123014,-0.042058,0.407371
F31->F32,30,168,212.3484,189.4099,-0.70268,-0.248858,-0.731519,-0.292059,0.051943
F31->F32,30,169,210.7378,210.1336,-1.024674,-0.218816,-1.807427,-0.76975,0.957199
F31->F32,30,170,210.338,230.3287,-1.276812,-0.146367,-1.159533,-0.111059,0.122479
F31->F32,30,171,209.3452,250.6772,-1.365938,-0.057754,-0.913243,0.139306,0.493727
F31->F32,30,172,207.1937,271.2006,-1.296726,0.032762,-0.989817,-0.090356,0.330683
F31->F32,30,173,204.7845,291.7159,-1.226236,0.124958,-1.684785,0.188368,0.462912
F31->F32,30,174,202.6905,312.3091,-1.178087,0.218724,-1.886886,-0.147321,0.797737
F31->F32,30,175,199.601,333.6052,-1.091753,0.309844,-2.39133,0.201624,1.304075
F31->F32,30,176,195.8244,354.67,-0.971968,0.394709,-0.195074,1.06343,1.025062
F31->F32,30,177,191.5929,376.9856,-0.689337,0.516518,-2.049486,0.071446,1.431116
F31->F32,30,178,197.3124,400.9464,-0.565883,0.533661,-0.03667,-0.028314,0.771935
F31->F32,30,179,213.2526,417.9722,-0.479647,0.590815,0.165349,0.86852,0.70224
F32->F33,31,0,398.0438,419.1436,0.402212,0.275562,0.979963,0.199091,0.58279
F32->F33,31,1,403.3956,398.1863,0.800381,0.262719,4.734503,-5.243662,6.767389
F32->F33,31,2,406.0097,374.2564,1.184313,0.184999,1.683301,0.059639,0.514493
F32->F33,31,3,409.0005,353.0188,1.370247,0.111679,1.959141,0.126025,0.589068
F32->F33,31,4,410.414,332.3745,1.488817,0.059417,1.937334,0.177438,0.463785
F32->F33,31,5,406.3472,312.92,1.58932,-0.00851,1.497795,0.218156,0.244447
F32->F33,31,6,401.891,292.5627,1.629216,-0.061079,1.810363,-0.066122,0.181217
F32->F33,31,7,396.8746,272.334,1.615825,-0.105435,1.494448,0.225954,0.352918
F32->F33,31,8,391.0466,252.1216,1.686056,-0.176813,1.494385,0.206003,0.428119
F32->F33,31,9,385.2316,231.7744,1.724877,-0.23677,1.26601,0.127436,0.585837
F32->F33,31,10,380.8062,211.5603,1.611579,-0.267054,0.755853,-0.209649,0.857649
F32->F33,31,11,377.2409,191.6203,1.364704,-0.272603,1.214627,-0.025631,0.288996
F32->F33,31,12,372.9519,171.9723,1.153975,-0.299195,0.932689,-0.3,0.221288
F32->F33,31,13,367.3161,152.6655,0.936013,-0.312363,0.436586,0.008861,0.593811
F32->F33,31,14,359.2148,134.8477,0.666437,-0.296233,0.216014,-0.012589,0.532293
F32->F33,31,15,348.186,118.6482,0.423813,-0.220823,0.024908,-0.157087,0.403964
F32->F33,31,16,335.1456,106.5468,0.199313,-0.140842,-0.033087,-0.087735,0.238391
F32->F33,31,17,319.6203,100.02,0.033964,-0.074238,-0.014789,-0.060905,0.050543
F32->F33,31,18,302.7218,99.5679,-0.093179,-0.036066,-0.072083,-0.099718,0.067057
F32->F33,31,19,285.4863,105.0493,-0.177772,0.019333,-0.338698,-0.018836,0.16539
F32->F33,31,20,269.5504,116.2847,-0.236795,0.014143,-0.266444,-0.144166,0.161062
F32->F33,31,21,256.2262,132.1719,-0.333144,-0.066118,-0.1433,-0.172415,0.217577
F32->F33,31,22,247.4286,150.6029,-0.556602,-0.148053,-0.666398,-0.219066,0.130759
F32->F33,31,23,244.5336,171.0313,-0.898388,-0.197062,-0.33509,0.052693,0.616184
F32->F33,31,24,244.0417,191.5881,-1.212762,-0.202505,-1.166403,0.007967,0.215518
F32->F33,31,25,244.636,212.214,-1.373287,-0.146642,-0.787809,-0.332416,0.614245
F32->F33,31,26,245.7996,232.4644,-1.492631,-0.083213,-1.920867,0.074332,0.456297
F32->F33,31,27,245.2841,252.8269,-1.584863,-0.01511,-0.959733,0.060277,0.629659
F32->F33,31,28,243.4942,273.4382,-1.715244,0.047454,-2.335049,0.270962,0.658873
F32->F33,31,29,240.9533,294.5441,-1.774542,0.092621,-1.603763,-0.10709,0.262773
F32->F33,31,30,237.949,315.9044,-1.667867,0.122484,-2.316455,0.100051,0.648975
F32->F33,31,31,235.7265,337.2908,-1.566799,0.132984,-2.993763,0.049501,1.429404
F32->F33,31,32,233.2249,357.7783,-1.396248,0.163122,-2.620288,-0.009339,1.236129
F32->F33,31,33,232.0343,376.6632,-1.168056,0.231635,-0.022472,0.848855,1.301278
F32->F33,31,34,233.3166,395.5475,-0.861089,0.322954,0.01972,0.796235,0.99991
F32->F33,31,35,236.8766,413.3406,-0.615298,0.446552,0.240755,0.859945,0.950641
F32->F33,31,36,405.7227,418.6889,0.362845,0.3515,-0.894445,0.999215,1.414325
F32->F33,31,37,410.1305,397.4577,0.767719,0.365106,3.706899,-5.08278,6.190172
F32->F33,31,38,414.3753,372.8713,1.087456,0.38494,1.648718,-0.029988,0.697983
F32->F33,31,39,420.326,351.2747,1.040199,0.347838,1.698867,0.003892,0.743063
F32->F33,31,40,420.2654,331.1902,1.144735,0.205657,-0.014877,0.719343,1.268295
F32->F33,31,41,415.6218,311.2466,1.343432,0.078639,1.228901,0.174731,0.149503
F32->F33,31,42,410.6852,290.6789,1.464775,-0.00982,1.713468,-0.055212,0.252802
F32->F33,31,43,406.0743,269.977,1.473013,-0.063423,1.044967,0.103456,0.459426
F32->F33,31,44,401.3802,249.3163,1.488714,-0.123785,1.746356,-0.09387,0.259374
F32->F33,31,45,396.689,228.6218,1.507805,-0.189817,1.17408,0.232347,0.538141
F32->F33,31,46,392.534,208.3902,1.350356,-0.212453,0.661793,-0.373422,0.707128
F32->F33,31,47,388.9131,187.9236,1.116377,-0.219746,0.699452,-0.102297,0.433152
F32->F33,31,48,384.1189,167.6978,0.884459,-0.223699,0.106337,0.031668,0.818954
F32->F33,31,49,376.4739,147.9615,0.728447,-0.228367,0.613498,-0.19205,0.12055
F32->F33,31,50,366.4818,128.8365,0.53966,-0.196216,0.440454,0.15215,0.362217
F32->F33,31,51,353.7573,111.4963,0.33607,-0.101617,0.27743,-0.051647,0.077043
F32->F33,31,52,338.4533,98.8383,0.164709,-0.03615,-0.061946,0.074942,0.252416
F32->F33,31,53,320.7776,92.6,0.021404,0.013791,-0.003338,0.043359,0.038554
F32->F33,31,54,302.3116,92.875,-0.114393,0.051172,-0.097301,0.079964,0.033483
F32->F33,31,55,283.1593,98.9014,-0.182714,0.09528,-0.340771,0.103829,0.158288
F32->F33,31,56,265.9603,111.4788,-0.224691,0.066768,-0.031811,-0.048587,0.224743
F32->F33,31,57,252.074,128.999,-0.284948,-0.032133,-0.097171,-0.169696,0.232774
F32->F33,31,58,242.4158,148.6061,-0.481304,-0.129317,-0.624932,-0.10102,0.146389
F32->F33,31,59,237.4991,169.7215,-0.753143,-0.176494,-0.343703,-0.071244,0.422752
F32->F33,31,60,235.569,190.7485,-1.046741,-0.194891,-0.795865,0.001071,0.31834
F32->F33,31,61,235.9033,211.4517,-1.264011,-0.150256,-0.900671,-0.369415,0.424318
F32->F33,31,62,237.157,231.8817,-1.452049,-0.096615,-1.117859,0.171045,0.428165
F32->F33,31,63,236.3849,252.2845,-1.5357,-0.030722,-1.105787,0.080091,0.443965
F32->F33,31,64,233.9792,272.88,-1.574058,0.032913,-1.958781,0.086216,0.388398
F32->F33,31,65,231.1636,293.9882,-1.572771,0.083465,-1.336348,0.185755,0.257603
F32->F33,31,66,228.6418,315.2433,-1.486106,0.120761,0.092631,0.828876,1.730271
F32->F33,31,67,226.0996,336.7852,-1.396103,0.139624,5.754378,4.688255,8.474634
F32->F33,31,68,222.9505,357.3694,-1.243491,0.169454,-0.9913,0.203168,0.254435
F32->F33,31,69,221.4561,377.3306,-0.993952,0.222348,1.237375,0.802122,2.305419
F32->F33,31,70,223.5828,397.042,-0.676448,0.313569,0.010622,0.899514,0.902993
F32->F33,31,71,230.7484,414.7278,-0.554458,0.497926,-2.974468,0.132365,2.447465
F32->F33,31,72,413.1921,419.4271,0.323936,0.438481,-1.044761,0.933447,1.455446
F32->F33,31,73,417.3159,397.3685,0.726957,0.518336,5.888195,-2.083981,5.780176
F32->F33,31,74,422.3139,373.0005,0.971764,0.585904,1.850609,-0.020211,1.067588
F32->F33,31,75,428.0107,350.9053,0.830022,0.496337,0.20864,0.908167,0.745466
F32->F33,31,76,427.2745,330.1324,0.915516,0.306689,1.887562,0.119457,0.989914
F32->F33,31,77,423.7129,309.9167,1.156044,0.14802,1.369586,0.133492,0.214036
F32->F33,31,78,418.8409,288.9908,1.317544,0.039831,2.360456,0.107917,1.045133
F32->F33,31,79,415.0672,267.7675,1.346707,-0.030077,0.757694,-0.054276,0.589509
F32->F33,31,80,411.7378,246.5058,1.340532,-0.089465,1.709145,-0.15385,0.374194
F32->F33,31,81,407.8569,225.8058,1.312598,-0.148321,1.12894,0.11085,0.317647
F32->F33,31,82,403.7026,205.461,1.162476,-0.17702,1.271078,-0.049717,0.167334
F32->F33,31,83,399.0675,184.8626,0.95409,-0.185038,0.404776,0.094663,0.616424
F32->F33,31,84,393.8663,164.1442,0.73387,-0.182279,0.262632,0.190405,0.600799
F32->F33,31,85,385.2381,143.7575,0.580446,-0.171048,0.391905,0.042847,0.285129
F32->F33,31,86,373.8757,123.4007,0.447263,-0.119884,0.615581,-0.145664,0.170281
F32->F33,31,87,359.1214,105.2235,0.28438,-0.04804,0.451046,0.119647,0.236424
F32->F33,31,88,341.6315,91.7171,0.144179,0.037994,0.076298,0.133564,0.117224
F32->F33,31,89,321.7919,85.8537,0.011871,0.073928,-0.020716,0.092282,0.0374
F32->F33,31,90,301.4474,86.5552,-0.119862,0.117369,-0.097628,0.111469,0.023003
F32->F33,31,91,280.7577,93.2322,-0.188831,0.150661,-0.209746,0.126156,0.032217
F32->F33,31,92,261.9826,107.203,-0.216369,0.089454,0.058254,0.116109,0.275913
F32->F33,31,93,248.365,126.196,-0.288007,-0.025792,0.057729,-0.044824,0.34626
F32->F33,31,94,237.554,146.8736,-0.427125,-0.128832,-0.230645,-0.091628,0.199971
F32->F33,31,95,230.6045,168.5738,-0.622522,-0.178314,-0.385764,-0.079385,0.256596
F32->F33,31,96,226.9984,189.9674,-0.88509,-0.188414,-0.792404,-0.225485,0.099825
F32->F33,31,97,227.3789,210.8314,-1.170951,-0.159605,-1.214651,-0.253463,0.103533
F32->F33,31,98,228.2295,231.3576,-1.396958,-0.113263,-0.826099,0.126273,0.619078
F32->F33,31,99,227.2812,251.7173,-1.500161,-0.045173,-1.188256,0.03436,0.321885
F32->F33,31,100,224.7072,272.3302,-1.460771,0.023697,-1.798392,-0.234413,0.424981
F32->F33,31,101,221.8129,293.2738,-1.415725,0.082546,-1.866033,-0.025653,0.463125
F32->F33,31,102,219.5625,314.5822,-1.337423,0.130147,-1.286783,0.277986,0.156272
F32->F33,31,103,216.7602,336.1633,-1.256878,0.168952,0.114301,0.74396,1.486864
F32->F33,31,104,213.2881,356.981,-1.11495,0.205793,0.899818,0.778797,2.094666
F32->F33,31,105,211.0892,377.7597,-0.837836,0.259052,-1.420995,0.20286,0.585859
F32->F33,31,106,214.0016,397.9326,-0.529437,0.326363,0.30801,0.949275,1.043713
F32->F33,31,107,224.3872,416.0657,-0.494751,0.508035,0.316695,0.76753,0.851929
F32->F33,31,108,420.3082,419.8858,0.302414,0.532045,-1.36023,0.718673,1.673086
F32->F33,31,109,423.997,397.4028,0.73039,0.625685,2.704154,-0.257579,2.162384
F32->F33,31,110,430.2909,373.8485,0.911504,0.719302,1.706252,0.059352,1.033033
F32->F33,31,111,433.7679,350.7958,0.756326,0.589496,0.525016,0.856653,0.353379
F32->F33,31,112,433.6745,329.3126,0.8145,0.401466,1.917344,0.078941,1.149038
F32->F33,31,113,430.7046,308.7554,0.998418,0.214073,1.086499,0.134333,0.118813
F32->F33,31,114,426.9255,287.407,1.193348,0.081272,2.021733,0.052085,0.828899
F32->F33,31,115,423.9994,265.7271,1.239195,-0.007424,1.208709,0.194748,0.204458
F32->F33,31,116,421.6793,244.0469,1.216396,-0.07008,1.602883,-0.219359,0.414314
F32->F33,31,117,418.7172,223.16,1.152563,-0.121539,0.671131,-0.083489,0.482933
F32->F33,31,118,414.3522,202.7878,1.019551,-0.159367,1.158422,0.064017,0.263031
F32->F33,31,119,409.3709,181.8008,0.835223,-0.16704,0.389617,0.010791,0.47978
F32->F33,31,120,402.7566,160.9632,0.629786,-0.160675,0.529694,-0.376136,0.237575
F32->F33,31,121,393.5919,139.7818,0.495442,-0.15052,0.163076,0.10201,0.41742
F32->F33,31,122,380.9617,118.4002,0.367387,-0.087496,0.264006,0.205239,0.310454
F32->F33,31,123,364.4987,98.9324,0.234121,0.003672,0.279691,0.205182,0.206598
F32->F33,31,124,344.862,85.4058,0.112193,0.054879,0.050361,0.141725,0.106608
F32->F33,31,125,323.1266,79.3899,-0.012057,0.10875,-0.006036,0.139643,0.031474
F32->F33,31,126,300.4722,80.4482,-0.110008,0.170772,-0.030818,0.146305,0.082884
F32->F33,31,127,278.2139,87.8237,-0.187045,0.189196,-0.165614,0.053236,0.137638
F32->F33,31,128,258.1476,103.1747,-0.2161,0.078766,-0.026219,0.284576,0.280022
F32->F33,31,129,244.2502,123.4846,-0.280819,-0.035373,-0.162709,0.157676,0.226313
F32->F33,31,130,232.9339,145.4832,-0.388905,-0.152475,-0.292723,-0.151163,0.096191
F32->F33,31,131,224.1122,167.9071,-0.513037,-0.210484,-0.201219,-0.201596,0.311944
F32->F33,31,132,219.2304,189.4326,-0.759759,-0.195478,-1.128248,-0.56213,0.519825
F32->F33,31,133,218.6736,210.2701,-1.076176,-0.178626,-1.112394,0.088904,0.269971
F32->F33,31,134,218.7057,230.7331,-1.325348,-0.129121,-0.42001,0.226416,0.972647
F32->F33,31,135,217.6824,251.166,-1.403532,-0.059342,-1.398539,0.012501,0.072017
F32->F33,31,136,215.338,271.7922,-1.347154,0.015088,-1.400187,0.094438,0.09544
F32->F33,31,137,212.6579,292.5387,-1.271561,0.084758,-1.445059,0.20255,0.209706
F32->F33,31,138,210.4285,313.7156,-1.22148,0.150665,-0.991799,0.067445,0.244293
F32->F33,31,139,207.6254,335.1258,-1.129313,0.197729,0.214454,0.723941,1.443125
F32->F33,31,140,203.9973,356.2636,-0.994097,0.25899,0.294093,0.811963,1.40186
F32->F33,31,141,200.8626,377.5411,-0.732983,0.349455,3.748957,-13.947685,14.983191
F32->F33,31,142,205.2602,399.3681,-0.485629,0.400505,-2.94218,0.115167,2.473067
F32->F33,31,143,218.4133,417.3363,-0.445682,0.504369,0.290676,0.77597,0.78485
F32->F33,31,144,427.6753,420.4594,0.278313,0.600181,-1.377587,0.684693,1.658055
F32->F33,31,145,430.8666,398.3188,0.716118,0.71697,2.167458,0.101517,1.576442
F32->F33,31,146,436.7431,374.6523,0.859295,0.802841,0.38088,0.891886,0.486631
F32->F33,31,147,439.1027,350.8601,0.768556,0.668902,0.691269,0.897377,0.241193
F32->F33,31,148,439.0644,328.813,0.793207,0.468051,2.014272,0.072733,1.283463
F32->F33,31,149,437.1298,307.6246,0.933809,0.256737,1.002494,0.198886,0.089802
F32->F33,31,150,434.6491,285.9636,1.09693,0.109854,1.171621,0.191902,0.110953
F32->F33,31,151,432.9511,263.6428,1.130498,0.012,1.341463,0.141327,0.247451
F32->F33,31,152,431.6526,241.6094,1.094763,-0.058323,1.268258,0.130439,0.256382
F32->F33,31,153,429.2959,220.6729,1.012438,-0.108258,0.380983,0.323391,0.76489
F32->F33,31,154,424.9347,200.1315,0.901762,-0.153012,0.632376,-0.302778,0.308219
F32->F33,31,155,418.9481,179.1083,0.743403,-0.165049,1.713756,-0.945778,1.245441
F32->F33,31,156,411.3443,158.0014,0.568461,-0.175275,0.423332,0.141025,0.348006
F32->F33,31,157,401.3981,136.1523,0.442955,-0.157736,0.351339,0.105939,0.279138
F32->F33,31,158,387.9558,113.7002,0.2998,-0.078167,0.193232,-0.020733,0.12106
F32->F33,31,159,369.8047,93.4068,0.184718,0.006241,0.116057,0.01758,0.06959
F32->F33,31,160,348.2679,79.4355,0.070248,0.056071,0.144603,0.179801,0.144353
F32->F33,31,161,324.0865,73.6321,-0.022119,0.112375,0.019745,0.197064,0.094471
F32->F33,31,162,299.4264,74.6601,-0.092381,0.201859,-0.021727,0.150918,0.087103
F32->F33,31,163,275.2446,83.0377,-0.170999,0.198095,-0.13777,0.218087,0.03878
F32->F33,31,164,254.1807,99.3992,-0.212379,0.05506,0.131933,0.177808,0.365538
F32->F33,31,165,240.0945,121.2132,-0.279152,-0.077757,-0.334415,0.148312,0.232726
F32->F33,31,166,228.1564,144.2254,-0.35778,-0.196418,-0.44412,-0.217849,0.08896
F32->F33,31,167,217.7088,167.3043,-0.438865,-0.26336,-0.253396,-0.277722,0.186024
F32->F33,31,168,211.6457,189.161,-0.671297,-0.241925,-0.502998,-0.350106,0.20007
F32->F33,31,169,209.7131,209.9148,-0.97853,-0.218463,-1.040005,0.416624,0.638055
F32->F33,31,170,209.0612,230.1823,-1.21669,-0.15479,-0.093405,0.012167,1.135625
F32->F33,31,171,207.9793,250.6194,-1.299583,-0.075765,-0.925771,-0.135655,0.378579
F32->F33,31,172,205.897,271.2333,-1.22749,0.005331,-1.247649,0.074204,0.071762
F32->F33,31,173,203.5582,291.8409,-1.158075,0.08842,-1.377014,0.148564,0.227049
F32->F33,31,174,201.5124,312.5278,-1.115848,0.172713,0.129439,0.79908,1.393942
F32->F33,31,175,198.5093,333.915,-1.031548,0.255813,-1.94362,0.131993,0.920438
F32->F33,31,176,194.8524,355.0647,-0.916071,0.335853,0.530791,1.083246,1.628497
F32->F33,31,177,190.9035,377.5021,-0.6507,0.452254,0.932779,-0.003221,1.647684
F32->F33,31,178,196.7465,401.4801,-0.535336,0.467604,0.613781,1.127582,1.325158
F32->F33,31,179,212.7729,418.563,-0.444846,0.506841,-2.842816,0.076133,2.436344
F33->F34,32,0,398.446,419.4191,0.355199,0.187837,-1.458547,0.804717,1.915781
F33->F34,32,1,404.196,398.449,0.714626,0.182263,-0.15838,0.561744,0.951916
F33->F34,32,2,407.194,374.4414,1.06898,0.14259,2.340175,0.16873,1.271464
F33->F34,32,3,410.3707,353.1305,1.233446,0.088281,1.753375,0.134713,0.521999
F33->F34,32,4,411.9028,332.4339,1.335203,0.040911,1.43431,0.217482,0.202483
F33->F34,32,5,407.9365,312.9114,1.437575,-0.021313,2.088368,0.130798,0.668334
F33->F34,32,6,403.5203,292.5016,1.487234,-0.069501,1.983711,0.153049,0.544075
F33->F34,32,7,398.4905,272.2286,1.481974,-0.108226,1.452504,0.085331,0.195788
F33->F34,32,8,392.7327,251.9447,1.54522,-0.170565,1.34834,0.002857,0.262368
F33->F34,32,9,386.9565,231.5376,1.580659,-0.221879,2.801896,-0.806356,1.353896
F33->F34,32,10,382.4177,211.2933,1.478034,-0.246729,0.671858,-0.257822,0.806252
F33->F34,32,11,378.6056,191.3477,1.256411,-0.250657,2.426121,-0.655172,1.237681
F33->F34,32,12,374.1059,171.6731,1.066638,-0.274788,0.879044,-0.186237,0.207443
F33->F34,32,13,368.2522,152.3531,0.868712,-0.286894,0.887255,-0.423798,0.138154
F33->F34,32,14,359.8813,134.5514,0.6219,-0.272842,0.325678,-0.01554,0.392367
F33->F34,32,15,348.6099,118.4273,0.399281,-0.200344,-0.15749,-0.194184,0.556805
F33->F34,32,16,335.3449,106.4059,0.189433,-0.126221,0.227106,-0.092769,0.050382
F33->F34,32,17,319.6542,99.9457,0.031437,-0.062939,0.116267,-0.058864,0.084928
F33->F34,32,18,302.6286,99.5319,-0.089372,-0.026584,-0.024852,-0.03493,0.065057
F33->F34,32,19,285.3085,105.0687,-0.169797,0.023543,-0.126715,-0.114549,0.144656
F33->F34,32,20,269.3136,116.2989,-0.225371,0.01826,0.011386,-0.21055,0.329253
F33->F34,32,21,255.893,132.1058,-0.314727,-0.05709,-0.171169,-0.181967,0.190272
F33->F34,32,22,246.872,150.4548,-0.522786,-0.133742,-0.280059,-0.114403,0.243497
F33->F34,32,23,243.6353,170.8342,-0.837222,-0.18016,-1.087308,-0.04984,0.282005
F33->F34,32,24,242.8289,191.3856,-1.126563,-0.187964,-0.869893,-0.04022,0.296154
F33->F34,32,25,243.2627,212.0674,-1.284087,-0.14271,-1.473966,0.267946,0.452429
F33->F34,32,26,244.307,232.3812,-1.402285,-0.089598,-1.380083,-0.00234,0.090038
F33->F34,32,27,243.6992,252.8118,-1.485719,-0.03188,-1.407876,0.149765,0.197623
F33->F34,32,28,241.7789,273.4856,-1.585998,0.020914,-1.007553,-0.037687,0.581406
F33->F34,32,29,239.1788,294.6367,-1.630686,0.057458,-2.158927,-0.008183,0.532304
F33->F34,32,30,236.2811,316.0269,-1.533665,0.080035,-1.625934,0.159683,0.121891
F33->F34,32,31,234.1597,337.4238,-1.440725,0.084409,-0.388551,0.081672,1.052177
F33->F34,32,32,231.8286,357.9414,-1.284635,0.107152,-1.330603,0.076014,0.055521
F33->F34,32,33,230.8662,376.8948,-1.071585,0.169282,-2.00823,0.091178,0.939896
F33->F34,32,34,232.4555,395.8705,-0.793438,0.255762,-0.19549,-0.122423,0.707507
F33->F34,32,35,236.2613,413.7871,-0.569508,0.369216,1.933043,0.788826,2.537486
F33->F34,32,36,406.0855,419.0404,0.318665,0.261791,0.193628,0.08282,0.218322
F33->F34,32,37,410.8982,397.8228,0.685864,0.284095,-6.317063,6.036556,9.062659
F33->F34,32,38,415.4627,373.2562,0.981252,0.328743,1.432636,0.359149,0.452407
F33->F34,32,39,421.3662,351.6226,0.937411,0.299968,0.44092,1.0871,0.930634
F33->F34,32,40,421.4101,331.3958,1.026572,0.171797,1.356777,0.282337,0.348216
F33->F34,32,41,416.9653,311.3252,1.217187,0.05701,2.0569,0.077743,0.839969
F33->F34,32,42,412.15,290.6691,1.34083,-0.023899,1.517288,0.032339,0.185203
F33->F34,32,43,407.5473,269.9136,1.356761,-0.072467,1.322729,0.086944,0.163003
F33->F34,32,44,402.8689,249.1925,1.370209,-0.125043,1.068264,-0.108314,0.302408
F33->F34,32,45,398.1968,228.4319,1.385299,-0.181328,1.19103,-0.116282,0.204869
F33->F34,32,46,393.8844,208.1778,1.24498,-0.199873,1.155877,0.043426,0.259102
F33->F34,32,47,390.0294,187.7038,1.034985,-0.205576,1.250622,-0.036067,0.274286
F33->F34,32,48,385.0034,167.4741,0.822577,-0.207897,0.66547,-0.210171,0.157124
F33->F34,32,49,377.2024,147.7332,0.679322,-0.212193,0.484155,0.043947,0.322021
F33->F34,32,50,367.0215,128.6403,0.50685,-0.183212,0.197759,-0.082898,0.324961
F33->F34,32,51,354.0933,111.3947,0.320039,-0.091892,-0.048552,0.054528,0.396608
F33->F34,32,52,338.618,98.8022,0.156442,-0.028337,0.198486,0.053558,0.092056
F33->F34,32,53,320.799,92.6138,0.019588,0.019619,0.17198,0.039725,0.153713
F33->F34,32,54,302.1972,92.9262,-0.108713,0.053689,-0.054945,0.032949,0.057629
F33->F34,32,55,282.9766,98.9967,-0.172982,0.093745,0.02072,0.018953,0.20764
F33->F34,32,56,265.7356,111.5456,-0.212735,0.065087,0.019669,-0.1187,0.296293
F33->F34,32,57,251.7891,128.9669,-0.269984,-0.027423,-0.211579,-0.026907,0.058408
F33->F34,32,58,241.9345,148.4768,-0.453617,-0.118401,-0.310284,-0.207601,0.168822
F33->F34,32,59,236.746,169.5451,-0.704021,-0.163723,-1.256066,-0.232002,0.556252
F33->F34,32,60,234.5223,190.5536,-0.975139,-0.182601,-1.975282,-0.609658,1.087504
F33->F34,32,61,234.6393,211.3014,-1.188132,-0.148096,-0.959025,-0.046267,0.250718
F33->F34,32,62,235.705,231.7851,-1.370643,-0.104139,-1.466799,-0.285539,0.20531
F33->F34,32,63,234.8492,252.2537,-1.442694,-0.047198,-1.478446,0.020252,0.076339
F33->F34,32,64,232.4051,272.9129,-1.461595,0.007235,-1.579309,-0.284664,0.314741
F33->F34,32,65,229.5908,294.0717,-1.448918,0.04939,-1.659959,-0.039289,0.228916
F33->F34,32,66,227.1557,315.364,-1.373983,0.079593,-0.9398,0.077989,0.434186
F33->F34,32,67,224.7035,336.9248,-1.290608,0.091761,1.900709,8.010931,8.538019
F33->F34,32,68,221.707,357.5389,-1.148751,0.115816,-1.136948,0.08388,0.034047
F33->F34,32,69,220.4621,377.553,-0.916939,0.16377,-3.014993,0.082187,2.09964
F33->F34,32,70,222.9064,397.3556,-0.628232,0.247157,-0.482533,0.290717,0.152072
F33->F34,32,71,230.1939,415.2258,-0.515189,0.416275,-0.761165,0.111865,0.391369
F33->F34,32,72,413.516,419.8656,0.278691,0.348594,0.707654,-0.063958,0.595154
F33->F34,32,73,418.0429,397.8868,0.653894,0.432093,3.335223,-0.822202,2.9602
F33->F34,32,74,423.2856,373.5864,0.882868,0.509015,-0.151354,0.732562,1.058107
F33->F34,32,75,428.8408,351.4016,0.754109,0.433444,2.236016,0.152921,1.508225
F33->F34,32,76,428.19,330.4391,0.828514,0.262412,1.930375,0.097338,1.114158
F33->F34,32,77,424.869,310.0647,1.052401,0.118941,2.450781,0.214598,1.401648
F33->F34,32,78,420.1585,289.0306,1.210609,0.020315,0.966186,0.130373,0.268059
F33->F34,32,79,416.4139,267.7375,1.245302,-0.043902,1.104904,0.014086,0.151902
F33->F34,32,80,413.0784,246.4163,1.239266,-0.09613,1.062318,-0.094714,0.176954
F33->F34,32,81,409.1695,225.6575,1.209867,-0.146436,1.071931,-0.065402,0.159978
F33->F34,32,82,404.8651,205.284,1.076397,-0.170704,0.42243,0.080646,0.700607
F33->F34,32,83,400.0216,184.6775,0.888569,-0.176931,1.006352,0.088441,0.290337
F33->F34,32,84,394.6002,163.962,0.68531,-0.1732,0.592233,-0.178467,0.093226
F33->F34,32,85,385.8185,143.5865,0.54326,-0.162606,0.592026,-0.34983,0.19347
F33->F34,32,86,374.323,123.2808,0.420862,-0.115206,0.107584,0.096895,0.378325
F33->F34,32,87,359.4058,105.1754,0.270801,-0.043818,0.039874,-0.138469,0.249572
F33->F34,32,88,341.7757,91.7551,0.13654,0.040034,0.149406,0.107804,0.068981
F33->F34,32,89,321.8038,85.9277,0.010403,0.075762,0.087478,0.011098,0.100607
F33->F34,32,90,301.3276,86.6726,-0.113673,0.115568,-0.079944,0.124364,0.034857
F33->F34,32,91,280.5689,93.3828,-0.177677,0.144604,-0.095137,0.093045,0.09732
F33->F34,32,92,261.7663,107.2925,-0.202782,0.084018,-0.135682,-0.168234,0.261024
F33->F34,32,93,248.077,126.1702,-0.272369,-0.023371,-0.251079,0.101412,0.126585
F33->F34,32,94,237.1269,146.7448,-0.403266,-0.120228,-0.181559,-0.053297,0.23159
F33->F34,32,95,229.982,168.3955,-0.58344,-0.167815,-0.732,-0.408223,0.282605
F33->F34,32,96,226.1133,189.779,-0.828069,-0.179317,-1.446731,-0.518574,0.705577
F33->F34,32,97,226.2079,210.6718,-1.104297,-0.158893,-0.689879,-0.304026,0.439096
F33->F34,32,98,226.8326,231.2443,-1.319764,-0.121069,-1.2478,-0.13769,0.073858
F33->F34,32,99,225.781,251.6722,-1.411354,-0.061766,-0.861317,0.097447,0.572616
F33->F34,32,100,223.2465,272.3539,-1.361184,-0.001416,-1.324602,-0.048871,0.059919
F33->F34,32,101,220.3972,293.3563,-1.311112,0.049149,-1.319577,0.150926,0.102129
F33->F34,32,102,218.2251,314.7123,-1.245095,0.089211,-1.703167,-0.269416,0.581759
F33->F34,32,103,215.5033,336.3323,-1.16793,0.121385,-2.141007,0.017276,0.978631
F33->F34,32,104,212.1732,357.1868,-1.034321,0.153379,-1.304885,0.081477,0.279955
F33->F34,32,105,210.2514,378.0187,-0.77939,0.202325,0.346974,0.896566,1.323128
F33->F34,32,106,213.4722,398.259,-0.498076,0.26053,1.104897,0.865866,1.713463
F33->F34,32,107,223.8925,416.5738,-0.46139,0.425619,-1.112308,0.04476,0.754154
F33->F34,32,108,420.6106,420.4178,0.254494,0.438774,1.078585,-0.039625,0.952886
F33->F34,32,109,424.7274,398.0285,0.654849,0.531715,1.765698,-0.024811,1.24246
F33->F34,32,110,431.2024,374.5678,0.829169,0.62887,-0.172896,0.71067,1.005398
F33->F34,32,111,434.5242,351.3853,0.697537,0.51903,1.651047,-0.144068,1.161413
F33->F34,32,112,434.489,329.7141,0.750658,0.350117,2.090542,0.189668,1.349457
F33->F34,32,113,431.703,308.9695,0.916904,0.178523,2.280011,0.183955,1.363118
F33->F34,32,114,428.1189,287.4882,1.100207,0.057262,0.784448,-0.137834,0.371169
F33->F34,32,115,425.2386,265.7197,1.148146,-0.02425,1.189437,-0.004022,0.04598
F33->F34,32,116,422.8957,243.9768,1.12741,-0.080392,0.85882,-0.149768,0.277405
F33->F34,32,117,419.8697,223.0385,1.066155,-0.124503,0.879895,0.10179,0.293089
F33->F34,32,118,415.3717,202.6284,0.946534,-0.157319,0.279902,-0.127915,0.66728
F33->F34,32,119,410.2061,181.6337,0.779349,-0.163374,0.775355,-0.066458,0.096998
F33->F34,32,120,403.3864,160.8025,0.589731,-0.156991,0.335206,0.26653,0.494119
F33->F34,32,121,394.0874,139.6313,0.464281,-0.146303,0.426039,0.087451,0.236862
F33->F34,32,122,381.329,118.3127,0.346977,-0.086934,0.16765,0.019711,0.208642
F33->F34,32,123,364.7328,98.9361,0.223034,0.002382,-0.001335,-0.236649,0.327837
F33->F34,32,124,344.9741,85.4607,0.106036,0.055547,0.038905,0.060736,0.067332
F33->F34,32,125,323.1145,79.4987,-0.012443,0.108976,0.0427,0.047738,0.082406
F33->F34,32,126,300.3621,80.619,-0.1048,0.165296,-0.097085,0.163437,0.007936
F33->F34,32,127,278.0269,88.0129,-0.174926,0.179419,-0.124111,0.120435,0.077854
F33->F34,32,128,257.9315,103.2535,-0.201389,0.072716,-0.301561,0.027681,0.109829
F33->F34,32,129,243.9694,123.4492,-0.26452,-0.034106,-0.299992,0.064848,0.10512
F33->F34,32,130,232.545,145.3307,-0.367056,-0.144274,-0.084487,-0.062405,0.29419
F33->F34,32,131,223.5992,167.6966,-0.483357,-0.199794,-1.139886,-0.663591,0.803827
F33->F34,32,132,218.4707,189.2371,-0.715354,-0.189149,-0.338821,-0.124659,0.382016
F33->F34,32,133,217.5974,210.0915,-1.016902,-0.178652,-2.009432,-0.774176,1.157482
F33->F34,32,134,217.3803,230.604,-1.251765,-0.136813,-1.20851,-0.138819,0.043302
F33->F34,32,135,216.2788,251.1066,-1.322158,-0.075589,-0.724546,0.263524,0.687122
F33->F34,32,136,213.9908,271.8073,-1.259915,-0.009682,-0.866246,-0.043485,0.395117
F33->F34,32,137,211.3863,292.6234,-1.18616,0.051693,-1.089705,0.170689,0.153178
F33->F34,32,138,209.207,313.8662,-1.143271,0.109323,-1.3477,0.080817,0.206406
F33->F34,32,139,206.496,335.3235,-1.055871,0.150227,-2.097607,0.004796,1.051839
F33->F34,32,140,203.0032,356.5226,-0.929228,0.207094,-1.331694,-0.072887,0.490273
F33->F34,32,141,200.1296,377.8906,-0.687589,0.29119,-3.405216,0.139165,2.721875
F33->F34,32,142,204.7745,399.7686,-0.462682,0.33576,-9.599702,4.334395,9.973676
F33->F34,32,143,217.9676,417.8407,-0.416706,0.42305,-1.876561,-0.015588,1.524329
F33->F34,32,144,427.9536,421.0596,0.228313,0.504337,0.123309,0.31884,0.213155
F33->F34,32,145,431.5827,399.0358,0.637323,0.615751,-0.199234,0.812491,0.859381
F33->F34,32,146,437.6024,375.4551,0.781924,0.704507,1.302509,0.262159,0.68314
F33->F34,32,147,439.8713,351.529,0.716696,0.593823,1.467772,0.121095,0.887461
F33->F34,32,148,439.8576,329.281,0.740284,0.412391,0.423311,1.037042,0.700472
F33->F34,32,149,438.0636,307.8813,0.866067,0.217443,2.015831,0.071027,1.15905
F33->F34,32,150,435.746,286.0735,1.015175,0.0824,0.99797,-0.116992,0.200134
F33->F34,32,151,434.0816,263.6548,1.049939,-0.007455,1.03067,0.093078,0.102363
F33->F34,32,152,432.7474,241.5511,1.016778,-0.07134,0.528572,-0.089963,0.488561
F33->F34,32,153,430.3083,220.5646,0.93962,-0.114658,0.496238,0.178243,0.531394
F33->F34,32,154,425.8364,199.9785,0.838917,-0.15387,2.322506,-0.578634,1.543198
F33->F34,32,155,419.6915,178.9432,0.694207,-0.164143,0.521096,-0.147612,0.173899
F33->F34,32,156,411.9128,157.8261,0.533059,-0.172834,0.571765,-0.370533,0.201452
F33->F34,32,157,401.841,135.9946,0.415333,-0.155163,0.392156,-0.02302,0.13416
F33->F34,32,158,388.2556,113.622,0.284154,-0.079341,0.127988,-0.00601,0.172526
F33->F34,32,159,369.9894,93.413,0.176254,0.004485,0.063876,-0.086081,0.14433
F33->F34,32,160,348.3382,79.4916,0.066364,0.056606,-0.048999,0.077288,0.117202
F33->F34,32,161,324.0644,73.7445,-0.022306,0.112487,0.016738,-0.076698,0.193171
F33->F34,32,162,299.334,74.8619,-0.088919,0.194481,-0.089497,0.076781,0.117702
F33->F34,32,163,275.0736,83.2358,-0.158959,0.185967,-0.101803,0.104546,0.099479
F33->F34,32,164,253.9684,99.4543,-0.196708,0.049556,-0.439356,-0.146759,0.312118
F33->F34,32,165,239.8154,121.1354,-0.262361,-0.074255,-0.315897,-0.059851,0.05544
F33->F34,32,166,227.7986,144.0289,-0.338086,-0.1861,0.033247,-0.079417,0.386354
F33->F34,32,167,217.27,167.041,-0.417481,-0.251365,0.025211,-0.278272,0.443509
F33->F34,32,168,210.9744,188.9191,-0.635347,-0.234544,-0.101684,0.001713,0.583621
F33->F34,32,169,208.7346,209.6963,-0.925722,-0.217071,-2.162524,-0.896403,1.411089
F33->F34,32,170,207.8445,230.0275,-1.148607,-0.161408,-0.901018,-0.347093,0.309483
F33->F34,32,171,206.6797,250.5437,-1.225074,-0.091487,-0.844369,0.173159,0.463653
F33->F34,32,172,204.6695,271.2387,-1.152325,-0.01914,-1.150198,0.159124,0.178277
F33->F34,32,173,202.4002,291.9293,-1.085649,0.055193,-1.092821,0.124815,0.06999
F33->F34,32,174,200.3965,312.7005,-1.049743,0.130776,-1.302211,0.128039,0.252482
F33->F34,32,175,197.4777,334.1709,-0.969597,0.205722,-2.214305,0.042966,1.255304
F33->F34,32,176,193.9364,355.4006,-0.860614,0.280865,-8.919323,-17.998491,19.976928
F33->F34,32,177,190.2528,377.9544,-0.615678,0.390939,-2.271582,0.177973,1.669543
F33->F34,32,178,196.2112,401.9477,-0.508556,0.401842,-6.709251,-6.995764,9.652626
F33->F34,32,179,212.3281,419.0698,-0.414815,0.427626,-1.603538,-0.003901,1.264626
F34->F35,33,0,398.8012,419.607,0.31945,0.09835,-0.469924,0.571602,0.920369
F34->F35,33,1,404.9106,398.6313,0.643253,0.096946,0.023413,1.313286,1.365168
F34->F35,33,2,408.263,374.584,0.972374,0.089817,1.670057,0.042989,0.699253
F34->F35,33,3,411.6042,353.2188,1.120801,0.053752,2.064104,-0.08215,0.953043
F34->F35,33,4,413.238,332.4748,1.208398,0.011335,1.453993,0.109743,0.264578
F34->F35,33,5,409.3741,312.8901,1.31224,-0.045382,1.549364,0.031048,0.249137
F34->F35,33,6,405.0075,292.4321,1.370313,-0.088795,3.871069,-0.909045,2.631842
F34->F35,33,7,399.9724,272.1203,1.372187,-0.12179,1.062419,0.053397,0.355875
F34->F35,33,8,394.2779,251.7742,1.430023,-0.175771,0.8459,-0.083073,0.591433
F34->F35,33,9,388.5372,231.3158,1.459942,-0.218456,0.472537,0.230984,1.084881
F34->F35,33,10,383.8958,211.0466,1.364287,-0.237397,0.376895,0.081842,1.037718
F34->F35,33,11,379.862,191.0971,1.162856,-0.238986,0.611132,-0.236247,0.551731
F34->F35,33,12,375.1725,171.3983,0.989852,-0.259915,1.058116,-0.220119,0.079016
F34->F35,33,13,369.1209,152.0662,0.807942,-0.270122,0.143089,-0.167966,0.672655
F34->F35,33,14,360.5032,134.2786,0.581414,-0.257129,0.489055,0.342859,0.607055
F34->F35,33,15,349.0091,118.227,0.376482,-0.186895,0.490348,0.030165,0.245114
F34->F35,33,16,335.5343,106.2797,0.180121,-0.117442,0.041588,-0.061048,0.149572
F34->F35,33,17,319.6857,99.8828,0.029347,-0.056622,0.041195,-0.018486,0.039934
F34->F35,33,18,302.5393,99.5053,-0.08502,-0.022233,-0.040909,-0.017847,0.044328
F34->F35,33,19,285.1387,105.0922,-0.161265,0.022664,-0.13275,-0.071434,0.098324
F34->F35,33,20,269.0883,116.3171,-0.213586,0.016582,-0.248849,-0.107422,0.12892
F34->F35,33,21,255.5783,132.0487,-0.297286,-0.05483,-0.255338,0.28398,0.341397
F34->F35,33,22,246.3492,150.3211,-0.493325,-0.127591,-0.580787,-0.101258,0.09134
F34->F35,33,23,242.798,170.6541,-0.786237,-0.172619,-0.184001,-0.096588,0.607016
F34->F35,33,24,241.7024,191.1976,-1.057317,-0.18367,-0.711223,-0.370577,0.393338
F34->F35,33,25,241.9786,211.9247,-1.214313,-0.148648,-0.61521,-0.028242,0.611083
F34->F35,33,26,242.9047,232.2916,-1.332262,-0.105049,-1.289934,0.046698,0.157539
F34->F35,33,27,242.2135,252.7799,-1.407313,-0.056834,-1.17895,0.084936,0.26879
F34->F35,33,28,240.1929,273.5065,-1.482237,-0.012716,-1.22966,0.146631,0.298641
F34->F35,33,29,237.5481,294.6941,-1.517349,0.016476,-1.625757,0.024725,0.108722
F34->F35,33,30,234.7474,316.1069,-1.43024,0.032237,-1.793867,-0.125766,0.396471
F34->F35,33,31,232.719,337.5082,-1.342725,0.031192,-0.611801,-0.097498,0.742166
F34->F35,33,32,230.544,358.0486,-1.197919,0.048134,0.558658,0.977299,1.987187
F34->F35,33,33,229.7946,377.0641,-0.99514,0.104514,-1.393809,0.040427,0.403787
F34->F35,33,34,231.6621,396.1263,-0.739973,0.187418,-1.961703,-0.006868,1.237082
F34->F35,33,35,235.6918,414.1563,-0.53159,0.289012,-0.422942,0.092729,0.224346
F34->F35,33,36,406.4042,419.3022,0.284922,0.170288,1.822371,0.244486,1.539238
F34->F35,33,37,411.584,398.1069,0.61757,0.196605,1.536186,0.024644,0.934573
F34->F35,33,38,416.444,373.585,0.891611,0.263658,1.72083,-0.012879,0.874114
F34->F35,33,39,422.3036,351.9225,0.85229,0.244017,2.001489,0.063442,1.1633
F34->F35,33,40,422.4367,331.5676,0.929852,0.129295,1.172307,0.071681,0.249206
F34->F35,33,41,418.1825,311.3823,1.113649,0.025741,-0.178623,0.723773,1.468747
F34->F35,33,42,413.4908,290.6452,1.238867,-0.047669,1.561345,-0.301701,0.410517
F34->F35,33,43,408.9041,269.8411,1.262041,-0.091341,0.93002,0.08775,0.377242
F34->F35,33,44,404.2391,249.0675,1.273759,-0.136606,0.463802,-0.002683,0.820955
F34->F35,33,45,399.5821,228.2506,1.282797,-0.183484,0.538496,-0.281049,0.750668
F34->F35,33,46,395.1294,207.9779,1.154282,-0.197274,1.73537,-1.022611,1.009378
F34->F35,33,47,391.0644,187.4983,0.96363,-0.200844,0.418304,0.055724,0.602667
F34->F35,33,48,385.8259,167.2662,0.767592,-0.201035,0.589226,-0.113373,0.198743
F34->F35,33,49,377.8817,147.521,0.634659,-0.204016,-0.054742,-0.192351,0.6895
F34->F35,33,50,367.5283,128.4571,0.476409,-0.17698,0.40974,0.213583,0.396212
F34->F35,33,51,354.4134,111.3028,0.304589,-0.088332,0.378359,-0.10552,0.075746
F34->F35,33,52,338.7745,98.7738,0.148678,-0.025882,0.03503,-0.039174,0.114423
F34->F35,33,53,320.8186,92.6334,0.018257,0.020835,-0.163079,-0.094108,0.214696
F34->F35,33,54,302.0885,92.9799,-0.102561,0.051791,-0.094999,-0.069606,0.121632
F34->F35,33,55,282.8036,99.0905,-0.16286,0.087421,-0.237322,-0.035636,0.143832
F34->F35,33,56,265.5229,111.6107,-0.200327,0.058052,-0.092353,-0.164613,0.247464
F34->F35,33,57,251.5191,128.9394,-0.254988,-0.029107,-0.33168,0.201859,0.243366
F34->F35,33,58,241.4809,148.3584,-0.429352,-0.115442,-0.653525,-0.177729,0.232666
F34->F35,33,59,236.042,169.3813,-0.662754,-0.15982,-0.031059,-0.168183,0.631751
F34->F35,33,60,233.5472,190.371,-0.918106,-0.180429,-0.542694,-0.401724,0.435782
F34->F35,33,61,233.4511,211.1533,-1.129001,-0.155673,-0.568247,-0.110455,0.562573
F34->F35,33,62,234.3343,231.681,-1.307002,-0.120661,-0.809429,-0.034846,0.504919
F34->F35,33,63,233.4066,252.2065,-1.369419,-0.071959,-0.726594,-0.100109,0.643441
F34->F35,33,64,230.9435,272.9201,-1.371647,-0.025832,-1.15621,0.186999,0.302837
F34->F35,33,65,228.1419,294.1211,-1.352641,0.008828,-0.794243,0.160159,0.57854
F34->F35,33,66,225.7818,315.4436,-1.288481,0.032592,-1.727693,-0.06214,0.449312
F34->F35,33,67,223.4129,337.0166,-1.209232,0.039131,-0.593102,0.00195,0.617251
F34->F35,33,68,220.5582,357.6547,-1.076141,0.058699,0.041182,0.81903,1.351485
F34->F35,33,69,219.5452,377.7168,-0.856797,0.101946,-0.334234,0.148825,0.524661
F34->F35,33,70,222.2782,397.6027,-0.591636,0.178603,-1.154324,0.130328,0.564755
F34->F35,33,71,229.6787,415.642,-0.482823,0.331275,-0.451258,0.149474,0.184521
F34->F35,33,72,413.7947,420.2142,0.243997,0.253999,1.860879,0.042139,1.630703
F34->F35,33,73,418.6968,398.3189,0.59183,0.339833,1.173066,0.090295,0.632538
F34->F35,33,74,424.1685,374.0954,0.806139,0.425986,1.745128,-0.002954,1.032323
F34->F35,33,75,429.5949,351.8351,0.690799,0.364333,0.118973,0.912229,0.791944
F34->F35,33,76,429.0185,330.7015,0.758941,0.211354,1.295808,0.066994,0.555937
F34->F35,33,77,425.9214,310.1836,0.96892,0.08159,1.314101,0.239528,0.379598
F34->F35,33,78,421.3691,289.0509,1.12275,-0.007922,1.462919,0.056972,0.346304
F34->F35,33,79,417.6592,267.6936,1.162968,-0.066742,1.232374,0.134064,0.212462
F34->F35,33,80,414.3176,246.3202,1.157135,-0.112153,0.643296,-0.231681,0.527558
F34->F35,33,81,410.3793,225.511,1.124072,-0.154197,0.599909,-0.21566,0.527755
F34->F35,33,82,405.9415,205.1133,1.001641,-0.173502,0.491793,-0.011647,0.534923
F34->F35,33,83,400.9101,184.5006,0.830235,-0.177566,0.231876,0.045282,0.638509
F34->F35,33,84,395.2855,163.7888,0.641651,-0.172346,0.628552,-0.226455,0.055673
F34->F35,33,85,386.3618,143.4239,0.509415,-0.161529,0.148893,-0.106129,0.364753
F34->F35,33,86,374.7438,123.1656,0.396649,-0.116736,0.325692,0.136844,0.26332
F34->F35,33,87,359.6766,105.1316,0.257653,-0.045068,0.184977,-0.061906,0.074601
F34->F35,33,88,341.9122,91.7952,0.129488,0.03727,0.097381,0.056477,0.037413
F34->F35,33,89,321.8142,86.0034,0.009473,0.073326,-0.098232,-0.014127,0.138739
F34->F35,33,90,301.2139,86.7882,-0.106972,0.10956,-0.121747,-0.015646,0.126075
F34->F35,33,91,280.3912,93.5274,-0.16626,0.133966,-0.270286,0.089431,0.113159
F34->F35,33,92,261.5635,107.3765,-0.188927,0.073138,-0.011303,-0.219803,0.342585
F34->F35,33,93,247.8046,126.1468,-0.256612,-0.027133,-0.298582,0.081666,0.116614
F34->F35,33,94,236.7236,146.6246,-0.38207,-0.119289,-0.678341,-0.217689,0.312184
F34->F35,33,95,229.3985,168.2276,-0.550614,-0.165863,0.069754,-0.253113,0.626474
F34->F35,33,96,225.2852,189.5997,-0.782882,-0.179953,-0.727373,-0.331881,0.161751
F34->F35,33,97,225.1036,210.5129,-1.052394,-0.167803,-0.434775,0.163437,0.700837
F34->F35,33,98,225.5128,231.1232,-1.259245,-0.137907,-0.512385,-0.139747,0.746862
F34->F35,33,99,224.3697,251.6104,-1.341611,-0.086667,-2.710789,-0.946413,1.616729
F34->F35,33,100,221.8853,272.3525,-1.282316,-0.034186,-1.530217,-0.032554,0.247906
F34->F35,33,101,219.0861,293.4054,-1.230529,0.008938,-0.921164,0.006694,0.309374
F34->F35,33,102,216.98,314.8015,-1.175504,0.0422,-2.061657,-0.101426,0.897717
F34->F35,33,103,214.3354,336.4536,-1.100287,0.068961,-0.64611,0.186505,0.469141
F34->F35,33,104,211.1389,357.3402,-0.973353,0.096877,-0.174105,0.998314,1.204735
F34->F35,33,105,209.472,378.2211,-0.735522,0.141991,0.059414,0.097333,0.79619
F34->F35,33,106,212.9741,398.5195,-0.476194,0.191754,-0.749357,-0.139604,0.429437
F34->F35,33,107,223.4311,416.9994,-0.434178,0.338978,-1.566744,0.060941,1.166195
F34->F35,33,108,420.8651,420.8566,0.217247,0.34251,1.168923,0.241318,0.95704
F34->F35,33,109,425.3823,398.5602,0.590234,0.435437,0.889803,0.056478,0.483065
F34->F35,33,110,432.0316,375.1967,0.756877,0.534054,1.703022,0.038368,1.068127
F34->F35,33,111,435.2217,351.9043,0.648343,0.443263,0.140011,1.066222,0.80404
F34->F35,33,112,435.2397,330.0642,0.701181,0.292951,1.028724,0.04709,0.409551
F34->F35,33,113,432.6199,309.148,0.852634,0.135892,0.932482,0.091907,0.091161
F34->F35,33,114,429.2191,287.5455,1.024327,0.025259,1.200613,0.160822,0.222382
F34->F35,33,115,426.3868,265.6954,1.074821,-0.049475,3.067513,-0.85004,2.147493
F34->F35,33,116,424.0231,243.8964,1.055543,-0.09947,0.662738,-0.104591,0.392838
F34->F35,33,117,420.9359,222.914,0.993999,-0.13635,0.839204,-0.160259,0.15663
F34->F35,33,118,416.3183,202.4711,0.882655,-0.163837,0.634452,-0.171556,0.248323
F34->F35,33,119,410.9854,181.4704,0.72903,-0.167826,0.437193,0.179323,0.453521
F34->F35,33,120,403.9761,160.6455,0.553452,-0.160891,0.496812,0.09267,0.25981
F34->F35,33,121,394.5517,139.485,0.436048,-0.149171,0.378395,0.14151,0.296343
F34->F35,33,122,381.676,118.2258,0.328209,-0.092098,0.209944,-0.028614,0.134227
F34->F35,33,123,364.9559,98.9385,0.212187,-0.003591,0.133816,0.114103,0.1414
F34->F35,33,124,345.0802,85.5163,0.100679,0.051642,0.170832,0.07258,0.073211
F34->F35,33,125,323.1021,79.6077,-0.012273,0.105041,-0.044754,0.098485,0.033136
F34->F35,33,126,300.2573,80.7843,-0.098972,0.15582,-0.014223,0.077772,0.115212
F34->F35,33,127,277.852,88.1923,-0.16263,0.165199,-0.17513,0.089985,0.076245
F34->F35,33,128,257.7302,103.3262,-0.186742,0.060706,0.0658,-0.099893,0.299282
F34->F35,33,129,243.7049,123.4151,-0.248045,-0.039238,-0.281104,-0.146731,0.112461
F34->F35,33,130,232.1779,145.1864,-0.347404,-0.143571,-0.620537,-0.226784,0.285527
F34->F35,33,131,223.1158,167.4968,-0.458713,-0.197848,-0.018936,-0.21203,0.440006
F34->F35,33,132,217.7553,189.048,-0.680161,-0.192047,-0.688181,-0.260099,0.068523
F34->F35,33,133,216.5805,209.9128,-0.970541,-0.188175,-0.394607,0.086656,0.638148
F34->F35,33,134,216.1286,230.4672,-1.194019,-0.153651,-0.721669,-0.183945,0.473321
F34->F35,33,135,214.9567,251.0311,-1.258773,-0.100253,-2.854066,-0.868357,1.770578
F34->F35,33,136,212.7309,271.7976,-1.19171,-0.042323,-1.512927,-0.169913,0.34563
F34->F35,33,137,210.2002,292.6751,-1.120886,0.011586,-0.838168,0.076521,0.29008
F34->F35,33,138,208.0637,313.9756,-1.08505,0.061908,-2.202135,0.090863,1.117459
F34->F35,33,139,205.4402,335.4737,-1.000843,0.097587,0.44062,0.653509,1.544948
F34->F35,33,140,202.074,356.7297,-0.880857,0.150644,-2.573846,-0.07729,1.708264
F34->F35,33,141,199.442,378.1818,-0.655719,0.229581,-3.937067,-0.827329,3.447362
F34->F35,33,142,204.3118,400.1043,-0.447292,0.267299,-2.977107,-1.000543,2.829733
F34->F35,33,143,217.5509,418.2638,-0.393444,0.3378,-1.941839,0.108638,1.565261
F34->F35,33,144,428.182,421.5639,0.188792,0.407418,0.87003,0.150762,0.727982
F34->F35,33,145,432.22,399.6515,0.569875,0.512908,1.34506,0.127973,0.865498
F34->F35,33,146,438.3843,376.1596,0.713474,0.602672,1.573727,0.004391,1.047843
F34->F35,33,147,440.588,352.1229,0.672202,0.513801,0.198186,1.21302,0.844747
F34->F35,33,148,440.5979,329.6934,0.698393,0.351346,1.185313,-0.037522,0.623145
F34->F35,33,149,438.9297,308.0988,0.814192,0.171695,1.097303,0.0125,0.3248
F34->F35,33,150,436.7612,286.1559,0.95031,0.047527,1.165471,0.204157,0.266134
F34->F35,33,151,435.1316,263.6473,0.985969,-0.034973,1.440292,0.086823,0.470366
F34->F35,33,152,433.7642,241.4797,0.954612,-0.092636,1.033009,-0.055998,0.086536
F34->F35,33,153,431.2479,220.45,0.878705,-0.129456,0.820048,-0.158541,0.065472
F34->F35,33,154,426.6754,199.8246,0.78379,-0.1629,0.362766,0.08981,0.491044
F34->F35,33,155,420.3857,178.7791,0.649601,-0.170822,0.301648,0.029855,0.401674
F34->F35,33,156,412.4458,157.6533,0.500945,-0.178026,0.270473,0.25049,0.486563
F34->F35,33,157,402.2563,135.8394,0.390695,-0.159653,0.472942,0.119006,0.290543
F34->F35,33,158,388.5398,113.5427,0.2698,-0.086132,0.122286,0.006972,0.174439
F34->F35,33,159,370.1657,93.4175,0.168034,-0.001934,0.095875,-0.008819,0.072486
F34->F35,33,160,348.4046,79.5482,0.063171,0.052583,0.132619,-0.002169,0.088436
F34->F35,33,161,324.042,73.857,-0.021757,0.108282,0.010017,0.226876,0.122777
F34->F35,33,162,299.2451,75.0564,-0.084767,0.183358,0.085802,0.197311,0.171138
F34->F35,33,163,274.9146,83.4217,-0.146756,0.169311,-0.08974,0.121299,0.074538
F34->F35,33,164,253.7717,99.5039,-0.181365,0.037455,-0.010886,-0.034621,0.18509
F34->F35,33,165,239.553,121.0612,-0.245492,-0.077724,-0.297703,-0.154959,0.093227
F34->F35,33,166,227.4606,143.8428,-0.320327,-0.183623,-0.497992,-0.072108,0.209763
F34->F35,33,167,216.8525,166.7896,-0.399841,-0.24825,-0.207287,-0.246955,0.192558
F34->F35,33,168,210.3391,188.6846,-0.606718,-0.236472,-0.839608,-0.246687,0.233114
F34->F35,33,169,207.8088,209.4792,-0.884221,-0.225426,-0.336949,0.032735,0.605107
F34->F35,33,170,206.6959,229.8661,-1.095108,-0.17723,-0.967619,-0.033842,0.191868
F34->F35,33,171,205.4546,250.4522,-1.16747,-0.115775,-2.770564,-0.913559,1.790634
F34->F35,33,172,203.5172,271.2195,-1.094954,-0.051605,-1.075513,-0.043715,0.020982
F34->F35,33,173,201.3145,291.9845,-1.031043,0.014852,-0.812465,0.033596,0.21938
F34->F35,33,174,199.3468,312.8313,-1.001366,0.082833,-1.919929,0.098949,0.918705
F34->F35,33,175,196.5081,334.3766,-0.924449,0.15084,-1.872151,0.144803,0.94772
F34->F35,33,176,193.0758,355.6814,-0.819719,0.222071,-1.548058,-0.284775,0.887339
F34->F35,33,177,189.6371,378.3453,-0.593284,0.326655,-0.634946,1.700736,1.374712
F34->F35,33,178,195.7026,402.3495,-0.489257,0.331261,6.754149,9.69097,11.835163
F34->F35,33,179,211.9133,419.4975,-0.390481,0.344383,-2.076042,0.044555,1.712019
F35->F36,34,0,399.1206,419.7053,0.278635,0.020206,-0.061432,0.147225,0.363014
F35->F36,34,1,405.5538,398.7282,0.570815,0.023956,-0.586693,1.088585,1.57266
F35->F36,34,2,409.2353,374.6738,0.875739,0.044767,0.896516,-0.031435,0.078984
F35->F36,34,3,412.725,353.2725,1.009371,0.024252,0.819081,0.042746,0.191187
F35->F36,34,4,414.4464,332.4862,1.084868,-0.013254,1.431106,0.141644,0.379308
F35->F36,34,5,410.6863,312.8448,1.187573,-0.063611,1.400622,0.155934,0.305925
F35->F36,34,6,406.3778,292.3433,1.251689,-0.102553,0.436895,0.122222,0.84523
F35->F36,34,7,401.3446,271.9985,1.259868,-0.130883,1.434624,0.131508,0.31526
F35->F36,34,8,395.7079,251.5984,1.312317,-0.177374,1.311649,0.135028,0.312403
F35->F36,34,9,389.9971,231.0973,1.337795,-0.211999,1.762398,0.186593,0.582377
F35->F36,34,10,385.2601,210.8092,1.249711,-0.225996,1.256673,-0.117052,0.109167
F35->F36,34,11,381.0249,190.8581,1.06841,-0.225237,0.725389,-0.26045,0.344823
F35->F36,34,12,376.1624,171.1384,0.912484,-0.243356,0.607344,-0.439373,0.362674
F35->F36,34,13,369.9288,151.7961,0.74658,-0.251596,0.765933,-0.118182,0.134811
F35->F36,34,14,361.0846,134.0215,0.540638,-0.239631,0.237342,0.054946,0.422805
F35->F36,34,15,349.3856,118.0401,0.353313,-0.171739,0.105457,-0.122766,0.252648
F35->F36,34,16,335.7144,106.1623,0.170473,-0.107378,0.122566,0.024652,0.140452
F35->F36,34,17,319.715,99.8262,0.027185,-0.04964,-0.00694,-0.11215,0.071218
F35->F36,34,18,302.4542,99.483,-0.08117,-0.017218,-0.025534,-0.121303,0.118022
F35->F36,34,19,284.9775,105.1149,-0.153058,0.022704,-0.248305,0.095583,0.119931
F35->F36,34,20,268.8747,116.3337,-0.201764,0.015467,-0.225586,0.220086,0.206001
F35->F36,34,21,255.281,131.9939,-0.279593,-0.052205,-0.402344,0.227317,0.305288
F35->F36,34,22,245.8559,150.1935,-0.463347,-0.121061,-0.482959,-0.044119,0.079401
F35->F36,34,23,242.0118,170.4814,-0.734347,-0.164834,-0.389082,0.106817,0.43932
F35->F36,34,24,240.645,191.014,-0.987659,-0.178533,-0.576478,0.045942,0.468464
F35->F36,34,25,240.7643,211.776,-1.143032,-0.15298,-0.695124,-0.311513,0.475136
F35->F36,34,26,241.5725,232.1865,-1.259676,-0.118461,-0.787983,-0.111984,0.471738
F35->F36,34,27,240.8062,252.7231,-1.327074,-0.07853,-1.37274,0.063623,0.149308
F35->F36,34,28,238.7107,273.4938,-1.379343,-0.042037,-0.93875,0.121801,0.470069
F35->F36,34,29,236.0308,294.7106,-1.406947,-0.019604,-1.297589,0.051802,0.130606
F35->F36,34,30,233.3172,316.1392,-1.329999,-0.009294,-0.579695,-0.054838,0.751685
F35->F36,34,31,231.3763,337.5394,-1.248378,-0.015584,-1.862155,0.23079,0.661379
F35->F36,34,32,229.3461,358.0967,-1.115176,-0.003823,-1.081252,-0.044555,0.053009
F35->F36,34,33,228.7995,377.1686,-0.923852,0.046998,-1.753733,-0.026706,0.833147
F35->F36,34,34,230.9221,396.3137,-0.691042,0.125624,-1.296853,-0.03023,0.625538
F35->F36,34,35,235.1603,414.4453,-0.497281,0.21865,-0.424536,0.044451,0.188778
F35->F36,34,36,406.6891,419.4725,0.246083,0.091431,0.281709,0.171289,0.087444
F35->F36,34,37,412.2016,398.3035,0.547673,0.121842,-1.229761,1.036611,1.999018
F35->F36,34,38,417.3356,373.8486,0.800854,0.205318,-1.226634,0.791251,2.110457
F35->F36,34,39,423.1559,352.1666,0.767205,0.193952,0.786847,0.134151,0.062944
F35->F36,34,40,423.3666,331.6969,0.835401,0.092488,1.520624,0.018169,0.689241
F35->F36,34,41,419.2961,311.408,1.010431,0.000494,1.751175,-0.021878,0.741081
F35->F36,34,42,414.7297,290.5975,1.134509,-0.065616,1.076991,-0.073724,0.058087
F35->F36,34,43,410.1661,269.7498,1.16329,-0.104806,1.601636,-0.084521,0.438815
F35->F36,34,44,405.5129,248.9309,1.173509,-0.14372,1.802623,0.099724,0.674574
F35->F36,34,45,400.8649,228.0671,1.177886,-0.181736,1.02511,0.111316,0.330485
F35->F36,34,46,396.2836,207.7806,1.061047,-0.191567,0.986244,-0.190674,0.074808
F35->F36,34,47,392.028,187.2974,0.889831,-0.193035,0.651325,-0.031839,0.28787
F35->F36,34,48,386.5935,167.0651,0.710693,-0.191581,0.008978,-0.120973,0.705259
F35->F36,34,49,378.5164,147.317,0.588899,-0.193179,0.276981,0.162742,0.473257
F35->F36,34,50,368.0048,128.2801,0.445317,-0.167888,0.61037,-0.23368,0.177683
F35->F36,34,51,354.718,111.2144,0.287892,-0.082132,0.150071,-0.067009,0.138648
F35->F36,34,52,338.9232,98.7479,0.140682,-0.021685,0.094861,0.074801,0.106814
F35->F36,34,53,320.8369,92.6543,0.016887,0.022913,0.04446,-0.004111,0.038608
F35->F36,34,54,301.9859,93.0317,-0.097047,0.051093,-0.026469,-0.021409,0.101182
F35->F36,34,55,282.6408,99.1779,-0.153269,0.082331,-0.144118,0.163473,0.081656
F35->F36,34,56,265.3226,111.6688,-0.188197,0.052205,-0.025688,0.13874,0.184113
F35->F36,34,57,251.2641,128.9103,-0.239917,-0.030156,-0.279326,0.145037,0.179571
F35->F36,34,58,241.0515,148.2429,-0.404387,-0.11181,-0.317792,-0.10607,0.086785
F35->F36,34,59,235.3792,169.2215,-0.620445,-0.15537,-0.284876,0.031512,0.384098
F35->F36,34,60,232.6291,190.1906,-0.859715,-0.177565,-0.655653,-0.045238,0.243211
F35->F36,34,61,232.3221,210.9977,-1.066718,-0.161254,-0.55174,-0.254302,0.523317
F35->F36,34,62,233.0273,231.5603,-1.239681,-0.134763,-0.877066,-0.034776,0.376147
F35->F36,34,63,232.0371,252.1346,-1.29342,-0.093252,-1.661709,-0.006096,0.378461
F35->F36,34,64,229.5719,272.8943,-1.281505,-0.05481,-0.792559,0.054609,0.50104
F35->F36,34,65,226.7892,294.1299,-1.258504,-0.02667,-1.171063,0.077941,0.136343
F35->F36,34,66,224.4933,315.4762,-1.204368,-0.008532,-0.090473,0.15521,1.125866
F35->F36,34,67,222.2037,337.0557,-1.129944,-0.007003,1.37059,0.792341,2.62519
F35->F36,34,68,219.4821,357.7134,-1.006525,0.008246,-0.227252,0.130006,0.788728
F35->F36,34,69,218.6884,377.8187,-0.800823,0.047545,-1.689442,0.041174,0.888641
F35->F36,34,70,221.6865,397.7813,-0.558067,0.11694,-0.124166,0.07966,0.4355
F35->F36,34,71,229.1959,415.9733,-0.453427,0.25725,-0.698683,-0.155584,0.48019
F35->F36,34,72,414.0387,420.4682,0.203925,0.173104,0.687657,-0.078214,0.545122
F35->F36,34,73,419.2886,398.6588,0.526051,0.257813,0.507741,-0.111525,0.369792
F35->F36,34,74,424.9746,374.5214,0.725841,0.349544,-1.147062,0.865891,1.942777
F35->F36,34,75,430.2857,352.1994,0.626118,0.30231,0.832835,0.080103,0.303493
F35->F36,34,76,429.7775,330.9129,0.688849,0.166877,1.54784,-0.03424,0.882221
F35->F36,34,77,426.8903,310.2652,0.884301,0.050488,1.487532,0.263282,0.639663
F35->F36,34,78,422.4918,289.043,1.032731,-0.030114,3.010719,-0.935088,2.175182
F35->F36,34,79,418.8221,267.6268,1.075322,-0.083447,1.425051,0.293309,0.514058
F35->F36,34,80,415.4748,246.208,1.069701,-0.122862,1.668765,-0.201092,0.604151
F35->F36,34,81,411.5034,225.3568,1.034705,-0.157255,0.70351,-0.062418,0.344505
F35->F36,34,82,406.9431,204.9398,0.923639,-0.172369,0.972495,-0.135906,0.060962
F35->F36,34,83,401.7404,184.323,0.769063,-0.174166,0.454127,0.337145,0.600519
F35->F36,34,84,395.9271,163.6164,0.595776,-0.168016,0.127612,-0.023184,0.490055
F35->F36,34,85,386.8712,143.2623,0.474401,-0.156987,0.340187,0.113128,0.301622
F35->F36,34,86,375.1405,123.0489,0.37153,-0.11439,0.431015,0.027107,0.153492
F35->F36,34,87,359.9342,105.0865,0.243773,-0.043529,0.152848,-0.021382,0.093583
F35->F36,34,88,342.0417,91.8324,0.122235,0.036369,0.079654,0.087173,0.066289
F35->F36,34,89,321.8237,86.0767,0.008617,0.072061,0.101882,0.172712,0.137219
F35->F36,34,90,301.1069,86.8977,-0.100831,0.104668,0.049247,0.107787,0.15011
F35->F36,34,91,280.2249,93.6614,-0.155242,0.124454,-0.10182,0.066927,0.078507
F35->F36,34,92,261.3746,107.4497,-0.17609,0.063654,-0.016913,0.13206,0.173254
F35->F36,34,93,247.548,126.1197,-0.240965,-0.030082,-0.172997,0.273716,0.311307
F35->F36,34,94,236.3416,146.5053,-0.360224,-0.11743,-0.331361,-0.085777,0.042837
F35->F36,34,95,228.8479,168.0618,-0.516872,-0.163164,-0.567463,-0.229392,0.08334
F35->F36,34,96,224.5024,189.4197,-0.735753,-0.179552,-0.83208,-0.097451,0.126569
F35->F36,34,97,224.0513,210.3451,-0.99666,-0.174344,-0.789008,-0.192053,0.208405
F35->F36,34,98,224.2535,230.9853,-1.194249,-0.151964,-0.543703,-0.085028,0.653981
F35->F36,34,99,223.0281,251.5237,-1.26798,-0.107935,-1.278826,0.219557,0.327671
F35->F36,34,100,220.603,272.3183,-1.202798,-0.062723,-1.0809,-0.017269,0.130097
F35->F36,34,101,217.8556,293.4144,-1.150592,-0.026299,-1.430348,0.139068,0.324976
F35->F36,34,102,215.8045,314.8437,-1.105437,0.000888,-0.593967,0.202229,0.549672
F35->F36,34,103,213.2351,336.5226,-1.033221,0.022484,-0.893198,0.108846,0.164514
F35->F36,34,104,210.1655,357.4371,-0.914245,0.046691,1.142424,0.714292,2.162309
F35->F36,34,105,208.7365,378.3631,-0.694243,0.088372,1.157587,0.787977,1.979576
F35->F36,34,106,212.4979,398.7113,-0.455912,0.1298,-1.892863,0.275347,1.444303
F35->F36,34,107,222.9969,417.3383,-0.409141,0.262156,-1.976303,0.068882,1.579034
F35->F36,34,108,421.0824,421.1991,0.175103,0.257423,0.462871,0.113512,0.321746
F35->F36,34,109,425.9725,398.9956,0.521854,0.347943,0.302319,0.043004,0.375744
F35->F36,34,110,432.7884,375.7307,0.679475,0.447352,0.628377,0.031331,0.419148
F35->F36,34,111,435.8701,352.3476,0.596139,0.375389,0.735525,0.022447,0.379469
F35->F36,34,112,435.9408,330.3572,0.64768,0.24279,1.563652,-0.086002,0.973195
F35->F36,34,113,433.4725,309.2839,0.786421,0.099531,1.224598,0.274095,0.471669
F35->F36,34,114,430.2434,287.5707,0.945719,-0.000473,2.659253,-0.984589,1.976027
F35->F36,34,115,427.4616,265.646,0.994441,-0.068188,1.080488,0.033116,0.132916
F35->F36,34,116,425.0786,243.7969,0.977407,-0.112359,1.156073,-0.212187,0.204664
F35->F36,34,117,421.9299,222.7776,0.917419,-0.142966,0.541927,-0.041444,0.388975
F35->F36,34,118,417.2009,202.3073,0.815419,-0.165754,0.529203,-0.405921,0.373631
F35->F36,34,119,411.7145,181.3025,0.675785,-0.167588,0.411152,0.075291,0.359195
F35->F36,34,120,404.5296,160.4846,0.515167,-0.160384,0.389687,0.120377,0.307526
F35->F36,34,121,394.9877,139.3358,0.406651,-0.148115,0.511999,-0.299396,0.184347
F35->F36,34,122,382.0042,118.1337,0.308319,-0.093418,0.308718,0.170342,0.263761
F35->F36,34,123,365.1681,98.9349,0.201159,-0.006653,0.130688,0.09563,0.12421
F35->F36,34,124,345.1809,85.5679,0.094796,0.049593,0.007864,-0.013819,0.107603
F35->F36,34,125,323.0898,79.7127,-0.011923,0.102044,0.083566,0.282026,0.203744
F35->F36,34,126,300.1584,80.9401,-0.093513,0.147563,-0.054285,0.049138,0.105955
F35->F36,34,127,277.6893,88.3575,-0.150656,0.152068,-0.130694,0.028655,0.125017
F35->F36,34,128,257.5434,103.3869,-0.172868,0.050276,-0.078922,0.171175,0.153109
F35->F36,34,129,243.4568,123.3758,-0.232063,-0.043182,-0.221046,0.140354,0.183867
F35->F36,34,130,231.8305,145.0429,-0.327215,-0.14173,-0.147633,-0.088516,0.1873
F35->F36,34,131,222.6571,167.2989,-0.432871,-0.195047,-0.39328,-0.041001,0.159053
F35->F36,34,132,217.0752,188.8559,-0.642634,-0.193386,-0.461178,0.066437,0.316913
F35->F36,34,133,215.61,209.7246,-0.920175,-0.195128,-0.891363,-0.037631,0.16011
F35->F36,34,134,214.9345,230.3135,-1.131482,-0.167431,-0.5068,-0.207711,0.625979
F35->F36,34,135,213.6979,250.9308,-1.191365,-0.121349,-0.919094,0.048638,0.320978
F35->F36,34,136,211.5392,271.7553,-1.122294,-0.070626,-0.875328,0.023546,0.264312
F35->F36,34,137,209.0793,292.6867,-1.054447,-0.023475,-1.653334,-0.107148,0.604704
F35->F36,34,138,206.9787,314.0375,-1.025403,0.019851,-0.703347,0.161394,0.351787
F35->F36,34,139,204.4393,335.5713,-0.945372,0.050993,-1.458989,0.158159,0.524678
F35->F36,34,140,201.1931,356.8804,-0.832575,0.099963,-0.912026,0.206084,0.132567
F35->F36,34,141,198.7863,378.4114,-0.625124,0.174139,-2.520985,-0.045283,1.908517
F35->F36,34,142,203.8646,400.3716,-0.431919,0.203651,-3.263898,0.101504,2.833821
F35->F36,34,143,217.1575,418.6016,-0.371806,0.259943,-3.203588,0.120681,2.835204
F35->F36,34,144,428.3707,421.9713,0.145447,0.322195,-0.084881,0.03319,0.36956
F35->F36,34,145,432.7899,400.1644,0.499717,0.421074,-1.302124,0.783676,1.837963
F35->F36,34,146,439.0978,376.7623,0.6395,0.510698,1.104881,0.142937,0.593151
F35->F36,34,147,441.2602,352.6367,0.621296,0.442113,-1.129722,0.885304,1.806234
F35->F36,34,148,441.2963,330.0447,0.652088,0.297583,1.507385,-0.097186,0.942006
F35->F36,34,149,439.7439,308.2705,0.755651,0.132693,0.108475,0.85852,0.972451
F35->F36,34,150,437.7115,286.2034,0.88045,0.019382,1.001943,-0.046317,0.13812
F35->F36,34,151,436.1175,263.6123,0.913149,-0.055862,0.750991,-0.171972,0.199441
F35->F36,34,152,434.7188,241.3871,0.884517,-0.107273,0.938309,-0.110473,0.053887
F35->F36,34,153,432.1266,220.3205,0.812886,-0.138557,0.075098,0.045223,0.760333
F35->F36,34,154,427.4591,199.6617,0.72498,-0.166667,0.45275,0.090635,0.374584
F35->F36,34,155,421.0353,178.6082,0.601897,-0.172632,0.339258,0.17083,0.432372
F35->F36,34,156,412.9468,157.4753,0.467198,-0.178162,0.301482,0.166664,0.382579
F35->F36,34,157,402.647,135.6797,0.364488,-0.159421,0.443784,0.036267,0.211144
F35->F36,34,158,388.8096,113.4565,0.254233,-0.089082,0.122808,0.017613,0.169282
F35->F36,34,159,370.3337,93.4155,0.159422,-0.005454,0.095679,-0.031067,0.068696
F35->F36,34,160,348.4677,79.6007,0.059397,0.050436,0.015049,0.020401,0.053562
F35->F36,34,161,324.0203,73.9652,-0.021025,0.105065,-0.078998,0.185304,0.09899
F35->F36,34,162,299.1604,75.2398,-0.080621,0.17335,-0.109225,0.080877,0.096795
F35->F36,34,163,274.7679,83.591,-0.134959,0.154003,-0.080028,0.060187,0.108715
F35->F36,34,164,253.5903,99.5413,-0.166582,0.02726,0.01987,0.108079,0.203214
F35->F36,34,165,239.3075,120.9834,-0.229389,-0.079983,-0.362385,0.038189,0.177912
F35->F36,34,166,227.1402,143.6592,-0.302177,-0.179994,-0.070336,-0.003206,0.291555
F35->F36,34,167,216.4527,166.5414,-0.38049,-0.24403,-0.329264,0.000183,0.249527
F35->F36,34,168,209.7324,188.4481,-0.575465,-0.236763,-0.187534,-0.035656,0.436961
F35->F36,34,169,206.9246,209.2538,-0.838558,-0.231279,-0.751628,-0.15717,0.114233
F35->F36,34,170,205.6008,229.6889,-1.0376,-0.190258,-0.831504,-0.257011,0.216637
F35->F36,34,171,204.2871,250.3364,-1.106053,-0.136537,-0.805942,0.14407,0.410861
F35->F36,34,172,202.4222,271.1679,-1.035391,-0.079794,-0.832118,-0.072613,0.2034
F35->F36,34,173,200.2835,291.9993,-0.97448,-0.020531,-1.444143,0.170121,0.506884
F35->F36,34,174,198.3454,312.9141,-0.950759,0.03993,-0.548584,0.174922,0.424225
F35->F36,34,175,195.5837,334.5274,-0.87788,0.101686,-1.777386,-0.073728,0.916451
F35->F36,34,176,192.256,355.9035,-0.778105,0.168753,-0.647221,0.016371,0.200875
F35->F36,34,177,189.0439,378.672,-0.571033,0.267825,0.331068,0.600505,0.96149
F35->F36,34,178,195.2134,402.6808,-0.470041,0.267823,-2.426445,0.138683,1.960661
F35->F36,34,179,211.5228,419.8418,-0.367867,0.267107,-2.906931,0.053025,2.548074
F36->F37,35,0,399.3993,419.7255,0.238242,-0.047117,-0.054847,-0.116803,0.301259
F36->F37,35,1,406.1247,398.7522,0.502337,-0.040603,-1.030308,0.995568,1.850041
F36->F37,35,2,410.1111,374.7186,0.784793,0.002677,0.250779,0.086069,0.540486
F36->F37,35,3,413.7343,353.2968,0.906071,-0.004327,0.01147,0.865396,1.247689
F36->F37,35,4,415.5313,332.4729,0.971686,-0.036142,0.78856,-0.230579,0.267097
F36->F37,35,5,411.8739,312.7811,1.072464,-0.080414,1.170754,-0.063952,0.099659
F36->F37,35,6,407.6295,292.2407,1.140346,-0.114832,1.138793,0.027518,0.142358
F36->F37,35,7,402.6045,271.8677,1.153676,-0.13859,2.167146,-0.831975,1.227967
F36->F37,35,8,397.0203,251.421,1.201264,-0.17841,0.789796,-0.173923,0.411492
F36->F37,35,9,391.3349,230.8853,1.222529,-0.205855,0.84992,-0.196782,0.372719
F36->F37,35,10,386.5098,210.5832,1.141881,-0.215336,1.711452,-0.929568,0.913531
F36->F37,35,11,382.0933,190.6328,0.979455,-0.212589,0.59885,-0.270072,0.384921
F36->F37,35,12,377.0748,170.895,0.838875,-0.22779,0.679719,-0.273952,0.165715
F36->F37,35,13,370.6754,151.5445,0.687925,-0.234026,0.586508,-0.243289,0.101839
F36->F37,35,14,361.6252,133.7818,0.501423,-0.222792,0.555127,-0.173756,0.072723
F36->F37,35,15,349.7389,117.8684,0.330818,-0.157447,0.295978,-0.063991,0.099739
F36->F37,35,16,335.8849,106.0549,0.160572,-0.097649,-0.005431,0.087107,0.248378
F36->F37,35,17,319.7422,99.7765,0.024827,-0.042801,0.143365,-0.025727,0.119761
F36->F37,35,18,302.3731,99.4658,-0.077397,-0.012389,0.080664,0.016385,0.160659
F36->F37,35,19,284.8244,105.1376,-0.145041,0.022495,-0.082925,-0.189625,0.221028
F36->F37,35,20,268.6729,116.3492,-0.190336,0.014094,-0.233332,-0.011536,0.050055
F36->F37,35,21,255.0014,131.9417,-0.262545,-0.050351,-0.055464,-0.204275,0.258022
F36->F37,35,22,245.3925,150.0724,-0.434416,-0.115785,-0.471828,-0.154272,0.053674
F36->F37,35,23,241.2774,170.3166,-0.685101,-0.15839,-0.2861,-0.126825,0.400248
F36->F37,35,24,239.6574,190.8354,-0.922212,-0.174726,-0.515972,-0.375613,0.453196
F36->F37,35,25,239.6213,211.6231,-1.076014,-0.157814,-0.846808,0.179649,0.407943
F36->F37,35,26,240.3128,232.0681,-1.190652,-0.13107,-1.218152,-0.045716,0.089675
F36->F37,35,27,239.4791,252.6446,-1.25159,-0.098851,-0.464966,0.092477,0.809558
F36->F37,35,28,237.3314,273.4518,-1.28421,-0.06912,-0.525269,-0.249051,0.779979
F36->F37,35,29,234.6238,294.691,-1.306032,-0.052391,-1.330798,0.178538,0.232254
F36->F37,35,30,231.9872,316.1299,-1.238689,-0.047363,-1.474907,0.028588,0.248129
F36->F37,35,31,230.1279,337.5238,-1.162553,-0.05783,-0.241634,0.228957,0.964541
F36->F37,35,32,228.2309,358.0929,-1.040593,-0.050591,-0.258746,0.022221,0.78523
F36->F37,35,33,227.8756,377.2156,-0.859657,-0.005196,-0.910006,0.061157,0.083294
F36->F37,35,34,230.2311,396.4393,-0.647441,0.069277,-1.559932,-0.108611,0.929669
F36->F37,35,35,234.663,414.664,-0.46663,0.152545,-1.007071,0.066186,0.547298
F36->F37,35,36,406.9352,419.5639,0.207504,0.0221,-0.393769,-0.109062,0.615412
F36->F37,35,37,412.7493,398.4254,0.480947,0.054341,-0.641634,1.098457,1.53309
F36->F37,35,38,418.1365,374.0539,0.715252,0.150251,-2.285336,0.858396,3.083017
F36->F37,35,39,423.9231,352.3605,0.688298,0.14678,-0.057221,0.933033,1.08351
F36->F37,35,40,424.202,331.7894,0.748987,0.058602,0.88352,-0.103435,0.210607
F36->F37,35,41,420.3065,311.4085,0.915158,-0.022546,0.868692,-0.063099,0.061674
F36->F37,35,42,415.8642,290.5319,1.036096,-0.081613,0.893893,-0.091106,0.142519
F36->F37,35,43,411.3294,269.645,1.068859,-0.116242,2.246156,-0.804451,1.363693
F36->F37,35,44,406.6864,248.7872,1.077912,-0.149433,0.631309,-0.228562,0.453559
F36->F37,35,45,402.0428,227.8854,1.078035,-0.179712,0.734936,-0.181701,0.343104
F36->F37,35,46,397.3447,207.589,0.972334,-0.185943,1.843487,-0.896826,1.124395
F36->F37,35,47,392.9179,187.1044,0.819118,-0.185488,0.286496,-0.113731,0.537433
F36->F37,35,48,387.3042,166.8736,0.655929,-0.182319,0.211539,-0.114685,0.449507
F36->F37,35,49,379.1053,147.1238,0.544689,-0.182597,0.460186,0.13127,0.325043
F36->F37,35,50,368.4501,128.1122,0.414995,-0.15876,0.365401,0.003067,0.169256
F36->F37,35,51,355.0059,111.1323,0.271409,-0.076017,0.373024,-0.014038,0.119025
F36->F37,35,52,339.0638,98.7263,0.132656,-0.017699,-0.119274,0.171861,0.31528
F36->F37,35,53,320.8538,92.6772,0.015495,0.024826,0.040036,0.07853,0.059046
F36->F37,35,54,301.8889,93.0828,-0.091747,0.050378,-0.020596,0.069216,0.073603
F36->F37,35,55,282.4875,99.2602,-0.144114,0.077229,-0.151821,-0.066771,0.144206
F36->F37,35,56,265.1344,111.721,-0.176591,0.046455,-0.248939,0.000683,0.085611
F36->F37,35,57,251.0242,128.8802,-0.225262,-0.031534,0.026871,-0.043628,0.252423
F36->F37,35,58,240.6471,148.1311,-0.380023,-0.108996,-0.484658,-0.13534,0.107901
F36->F37,35,59,234.7588,169.0661,-0.580071,-0.15172,-0.479039,-0.192323,0.108885
F36->F37,35,60,231.7693,190.013,-0.804795,-0.175752,-0.615493,-0.371772,0.272505
F36->F37,35,61,231.2554,210.8364,-1.006858,-0.167222,-0.887609,-0.049139,0.167822
F36->F37,35,62,231.7877,231.4256,-1.174161,-0.147959,-1.041936,-0.078658,0.149286
F36->F37,35,63,230.7437,252.0413,-1.221567,-0.1133,-0.533827,-0.218332,0.695714
F36->F37,35,64,228.2904,272.8395,-1.197822,-0.081263,-0.777546,-0.165317,0.428599
F36->F37,35,65,225.5307,294.1032,-1.172466,-0.059127,-1.027887,0.171244,0.271982
F36->F37,35,66,223.2889,315.4677,-1.127531,-0.046035,-0.632959,-0.044915,0.494574
F36->F37,35,67,221.0737,337.0487,-1.057549,-0.048691,-0.064116,0.240484,1.034665
F36->F37,35,68,218.4756,357.7216,-0.943669,-0.037076,-0.284637,0.066744,0.667159
F36->F37,35,69,217.8876,377.8663,-0.750191,-0.002486,-0.189475,0.001138,0.560728
F36->F37,35,70,221.1285,397.8983,-0.528154,0.060268,0.244231,0.580005,0.93097
F36->F37,35,71,228.7425,416.2306,-0.426897,0.187406,-0.143903,0.147982,0.285727
F36->F37,35,72,414.2426,420.6413,0.164672,0.101081,-0.598511,0.060413,0.764266
F36->F37,35,73,419.8147,398.9166,0.462131,0.183016,0.886768,0.192558,0.424743
F36->F37,35,74,425.7005,374.871,0.649247,0.278556,-1.607852,1.094114,2.399924
F36->F37,35,75,430.9118,352.5017,0.565644,0.244528,1.636662,0.038417,1.09067
F36->F37,35,76,430.4663,331.0797,0.624679,0.126161,1.284561,0.069829,0.662282
F36->F37,35,77,427.7746,310.3157,0.805625,0.022361,0.769745,-0.086644,0.114758
F36->F37,35,78,423.5245,289.0129,0.946894,-0.049873,1.488716,0.056693,0.552202
F36->F37,35,79,419.8975,267.5434,0.990611,-0.097663,0.537638,-0.170275,0.458756
F36->F37,35,80,416.5445,246.0852,0.98523,-0.13158,0.597085,-0.236238,0.402007
F36->F37,35,81,412.5381,225.1996,0.949342,-0.159479,0.551913,-0.208915,0.400492
F36->F37,35,82,407.8667,204.7674,0.848675,-0.170501,1.929056,-0.992973,1.357823
F36->F37,35,83,402.5094,184.1489,0.709719,-0.170415,0.513731,-0.397194,0.299733
F36->F37,35,84,396.5229,163.4484,0.551339,-0.163175,0.32685,0.015251,0.28676
F36->F37,35,85,387.3456,143.1054,0.440201,-0.151834,0.323244,0.132757,0.307687
F36->F37,35,86,375.512,122.9345,0.346767,-0.111203,0.27508,0.009156,0.140091
F36->F37,35,87,360.178,105.043,0.230126,-0.041635,0.289736,-0.071007,0.066453
F36->F37,35,88,342.164,91.8688,0.115176,0.035836,-0.107412,0.208675,0.281814
F36->F37,35,89,321.8323,86.1488,0.007717,0.070706,-0.085246,0.063406,0.09325
F36->F37,35,90,301.0061,87.0024,-0.095051,0.099954,-0.049314,0.128394,0.053859
F36->F37,35,91,280.0697,93.7859,-0.145029,0.115369,-0.146173,0.04979,0.065589
F36->F37,35,92,261.1985,107.5133,-0.163635,0.05454,-0.245658,-0.029257,0.117259
F36->F37,35,93,247.307,126.0896,-0.225763,-0.033242,-0.093876,0.068499,0.166569
F36->F37,35,94,235.9813,146.3878,-0.338851,-0.116036,-0.31538,-0.053883,0.066437
F36->F37,35,95,228.331,167.8986,-0.484453,-0.160928,-0.399986,-0.132308,0.089184
F36->F37,35,96,223.7666,189.2402,-0.691145,-0.179933,-0.235357,-0.120635,0.45963
F36->F37,35,97,223.0546,210.1707,-0.94244,-0.181074,-0.442649,0.05266,0.551745
F36->F37,35,98,223.0593,230.8334,-1.130763,-0.165148,-0.747259,0.020462,0.426059
F36->F37,35,99,221.7601,251.4158,-1.198017,-0.127994,-0.74395,-0.084526,0.456142
F36->F37,35,100,219.4002,272.2556,-1.128483,-0.088999,-0.525401,-0.129594,0.604447
F36->F37,35,101,216.705,293.3881,-1.077154,-0.058596,-0.964649,-0.056298,0.112528
F36->F37,35,102,214.6991,314.8446,-1.040688,-0.036831,-3.12909,-0.778354,2.216141
F36->F37,35,103,212.2019,336.5451,-0.971963,-0.019809,-1.62004,-0.22358,0.679357
F36->F37,35,104,209.2513,357.4838,-0.860539,0.001381,-1.259904,-0.119251,0.417186
F36->F37,35,105,208.0423,378.4514,-0.657253,0.038991,-0.742684,-5.179118,5.218808
F36->F37,35,106,212.042,398.8411,-0.43748,0.072516,-4.517025,-0.789946,4.169715
F36->F37,35,107,222.5878,417.6005,-0.386388,0.191362,-1.155519,0.177549,0.769255
F36->F37,35,108,421.2575,421.4565,0.134012,0.182614,0.564023,-0.122623,0.527332
F36->F37,35,109,426.4944,399.3436,0.455818,0.268234,0.850117,-0.073092,0.521513
F36->F37,35,110,433.4679,376.1781,0.605186,0.36731,-1.27631,0.736556,1.917387
F36->F37,35,111,436.4662,352.723,0.54394,0.312429,1.728163,0.035014,1.216283
F36->F37,35,112,436.5885,330.6,0.59556,0.196894,-0.362826,0.678058,1.07239
F36->F37,35,113,434.259,309.3834,0.723429,0.066783,0.731191,-0.047403,0.114449
F36->F37,35,114,431.1891,287.5703,0.870176,-0.023283,1.155649,0.070661,0.300533
F36->F37,35,115,428.456,265.5778,0.916627,-0.084187,0.703963,-0.128023,0.217135
F36->F37,35,116,426.056,243.6846,0.901503,-0.123032,0.964493,-0.208341,0.106045
F36->F37,35,117,422.8473,222.6347,0.843669,-0.148103,0.43252,0.143475,0.504045
F36->F37,35,118,418.0163,202.1415,0.750286,-0.166346,1.750012,-0.938007,1.262898
F36->F37,35,119,412.3903,181.135,0.623832,-0.166338,0.911057,0.083953,0.380977
F36->F37,35,120,405.0448,160.3242,0.477523,-0.158606,0.610819,-0.349453,0.232788
F36->F37,35,121,395.3944,139.1877,0.377913,-0.145891,0.028975,0.021454,0.386991
F36->F37,35,122,382.3125,118.0402,0.288531,-0.093405,0.119254,-0.185031,0.192484
F36->F37,35,123,365.3692,98.9283,0.190326,-0.008883,0.099683,-0.105289,0.132327
F36->F37,35,124,345.2757,85.6175,0.089227,0.047946,0.079674,0.08496,0.038228
F36->F37,35,125,323.0779,79.8147,-0.01165,0.098951,-0.097103,0.01321,0.121052
F36->F37,35,126,300.0649,81.0877,-0.088086,0.139625,-0.055137,0.129712,0.034409
F36->F37,35,127,277.5387,88.5096,-0.139691,0.139717,-0.171994,0.157943,0.03709
F36->F37,35,128,257.3705,103.4372,-0.159596,0.040215,-0.335229,-0.092265,0.219995
F36->F37,35,129,243.2248,123.3327,-0.216724,-0.04709,-0.134923,0.212422,0.272099
F36->F37,35,130,231.5033,144.9011,-0.307664,-0.140262,-0.35793,-0.057346,0.096962
F36->F37,35,131,222.2242,167.1039,-0.40797,-0.192648,-0.210105,-0.201309,0.198055
F36->F37,35,132,216.4325,188.6626,-0.606396,-0.195294,-0.077691,-0.112164,0.5352
F36->F37,35,133,214.6898,209.5295,-0.870898,-0.201913,-1.736678,-0.82623,1.067402
F36->F37,35,134,213.8031,230.1461,-1.070852,-0.180318,-0.664833,0.103966,0.49565
F36->F37,35,135,212.5065,250.8095,-1.127155,-0.141069,-0.819971,-0.049485,0.320546
F36->F37,35,136,210.4169,271.6847,-1.056975,-0.096858,-0.25023,0.027381,0.816255
F36->F37,35,137,208.0248,292.6632,-0.993019,-0.055683,-0.405555,0.247542,0.661105
F36->F37,35,138,205.9533,314.0573,-0.969828,-0.018555,-1.285436,0.075935,0.329449
F36->F37,35,139,203.494,335.6223,-0.894322,0.008008,-1.160428,0.07087,0.27343
F36->F37,35,140,200.3605,356.9803,-0.788257,0.053577,-2.099142,0.010043,1.311607
F36->F37,35,141,198.1612,378.5855,-0.597676,0.122915,-1.893605,-5.028042,5.311477
F36->F37,35,142,203.4326,400.5753,-0.4175,0.144797,-9.312692,-1.795781,9.10441
F36->F37,35,143,216.7857,418.8615,-0.352143,0.18887,-1.857781,0.104298,1.508012
F36->F37,35,144,428.5162,422.2935,0.103627,0.245825,1.190785,0.115485,1.094943
F36->F37,35,145,433.2896,400.5855,0.432449,0.336762,1.087585,0.060637,0.710949
F36->F37,35,146,439.7373,377.273,0.568125,0.425887,0.602009,0.086097,0.341476
F36->F37,35,147,441.8815,353.0788,0.569549,0.375788,1.563439,-0.199352,1.148305
F36->F37,35,148,441.9484,330.3423,0.605828,0.248096,1.595737,-0.067924,1.039128
F36->F37,35,149,440.4995,308.4032,0.699239,0.097359,0.949983,0.025538,0.260828
F36->F37,35,150,438.5919,286.2228,0.812721,-0.005632,0.837976,-0.114688,0.111942
F36->F37,35,151,437.0307,263.5565,0.842587,-0.073751,0.328565,0.167766,0.567934
F36->F37,35,152,435.6033,241.2798,0.816557,-0.119513,1.260714,-0.059678,0.448169
F36->F37,35,153,432.9395,220.182,0.748695,-0.145386,0.34334,0.145152,0.498723
F36->F37,35,154,428.1841,199.495,0.667514,-0.168647,0.800695,-0.370307,0.241669
F36->F37,35,155,421.6372,178.4356,0.555415,-0.172686,0.545276,-0.315121,0.142795
F36->F37,35,156,413.414,157.2971,0.433343,-0.176678,0.490545,0.146542,0.328242
F36->F37,35,157,403.0115,135.5203,0.339093,-0.157968,0.358968,-0.167886,0.022212
F36->F37,35,158,389.0638,113.3675,0.238699,-0.090476,0.126087,-0.037249,0.124558
F36->F37,35,159,370.4932,93.4101,0.150858,-0.007946,0.024686,-0.105965,0.159773
F36->F37,35,160,348.5271,79.6512,0.056002,0.048562,0.067743,0.203566,0.155449
F36->F37,35,161,323.9993,74.0703,-0.020251,0.101797,-0.028254,-0.045508,0.147522
F36->F37,35,162,299.0797,75.4131,-0.076157,0.163591,0.026591,0.090027,0.126367
F36->F37,35,163,274.6329,83.745,-0.123961,0.139622,-0.188658,0.316287,0.188138
F36->F37,35,164,253.4237,99.5686,-0.152618,0.017293,-0.240423,-0.170809,0.207586
F36->F37,35,165,239.0781,120.9035,-0.213743,-0.082351,-0.491678,0.176305,0.379671
F36->F37,35,166,226.8381,143.4792,-0.284595,-0.176727,-0.447698,-0.115874,0.174086
F36->F37,35,167,216.0722,166.2973,-0.361435,-0.240206,-0.00423,-0.166807,0.364668
F36->F37,35,168,209.1569,188.2113,-0.54488,-0.237355,-0.235446,-0.131142,0.327156
F36->F37,35,169,206.0861,209.0225,-0.793965,-0.236699,-0.369745,-0.194488,0.426315
F36->F37,35,170,204.5632,229.4986,-0.98178,-0.20239,-0.163778,0.24259,0.9312
F36->F37,35,171,203.1811,250.1999,-1.04744,-0.155754,-0.938785,-0.13839,0.110033
F36->F37,35,172,201.3868,271.0881,-0.979195,-0.105887,-0.259231,-0.031276,0.72382
F36->F37,35,173,199.309,291.9788,-0.921705,-0.053071,-0.354455,0.272864,0.654222
F36->F37,35,174,197.3947,312.9541,-0.903313,0.000706,-1.029836,0.103419,0.162967
F36->F37,35,175,194.7058,334.6291,-0.834653,0.056227,-0.780718,-0.03749,0.108129
F36->F37,35,176,191.4779,356.0723,-0.739602,0.119681,-9.530763,2.905642,9.222044
F36->F37,35,177,188.4728,378.9398,-0.5507,0.213212,-3.947084,-5.959451,7.045367
F36->F37,35,178,194.7433,402.9486,-0.452326,0.20782,-9.527541,-1.972061,9.33335
F36->F37,35,179,211.1549,420.109,-0.347342,0.196095,-1.195518,0.225925,0.8487
F37->F38,36,0,399.6375,419.6784,0.200388,-0.106338,-0.535213,0.330274,0.855417
F37->F38,36,1,406.627,398.7116,0.439377,-0.098642,0.574803,-0.063995,0.139788
F37->F38,36,2,410.8959,374.7213,0.701607,-0.036936,0.507839,-0.149628,0.224156
F37->F38,36,3,414.6404,353.2925,0.812637,-0.032413,0.356181,0.267778,0.546321
F37->F38,36,4,416.503,332.4368,0.870368,-0.058261,1.192329,0.188184,0.405456
F37->F38,36,5,412.9464,312.7007,0.96889,-0.096847,0.701662,-0.126483,0.268867
F37->F38,36,6,408.7698,292.1259,1.038398,-0.126633,1.73217,-0.12353,0.693779
F37->F38,36,7,403.7582,271.7291,1.055953,-0.145976,1.309501,0.088994,0.345684
F37->F38,36,8,398.2215,251.2426,1.099349,-0.179821,1.01836,-0.059351,0.145163
F37->F38,36,9,392.5574,230.6795,1.116377,-0.200908,0.680417,-0.277418,0.442623
F37->F38,36,10,387.6517,210.3678,1.042523,-0.206199,0.713552,-0.213933,0.329062
F37->F38,36,11,383.0727,190.4203,0.896919,-0.201628,0.727715,-0.231795,0.171873
F37->F38,36,12,377.9137,170.6672,0.770294,-0.213864,0.695938,-0.24192,0.079473
F37->F38,36,13,371.3633,151.3105,0.633083,-0.218067,0.604845,-0.304001,0.090454
F37->F38,36,14,362.1266,133.559,0.464472,-0.20721,0.173809,-0.041552,0.334556
F37->F38,36,15,350.0698,117.7109,0.309236,-0.144573,-0.031638,-0.061395,0.350876
F37->F38,36,16,336.0455,105.9572,0.150714,-0.088751,0.087189,-0.092304,0.063625
F37->F38,36,17,319.767,99.7337,0.022397,-0.036593,0.065351,0.030602,0.079751
F37->F38,36,18,302.2957,99.4534,-0.07364,-0.008268,-0.127106,0.007409,0.055717
F37->F38,36,19,284.6794,105.1601,-0.137202,0.021764,-0.057607,0.029481,0.079968
F37->F38,36,20,268.4826,116.3633,-0.179306,0.012213,-0.05499,-0.005321,0.125546
F37->F38,36,21,254.7389,131.8913,-0.246198,-0.049433,-0.449867,0.191031,0.315126
F37->F38,36,22,244.9581,149.9566,-0.40679,-0.11191,-0.061252,-0.08362,0.346694
F37->F38,36,23,240.5923,170.1582,-0.638906,-0.153462,-0.437116,-0.021835,0.240925
F37->F38,36,24,238.7352,190.6607,-0.861231,-0.172384,-0.222558,-0.022302,0.65607
F37->F38,36,25,238.5453,211.4653,-1.013186,-0.163176,-0.624732,-0.158777,0.388479
F37->F38,36,26,239.1221,231.937,-1.125412,-0.143164,-0.355042,-0.14196,0.770371
F37->F38,36,27,238.2275,252.5457,-1.180044,-0.11792,-0.74029,-0.133785,0.44004
F37->F38,36,28,236.0472,273.3827,-1.19632,-0.094298,-1.313498,0.195983,0.313039
F37->F38,36,29,233.3178,294.6386,-1.213794,-0.082387,-0.779318,-0.001106,0.442014
F37->F38,36,30,230.7485,316.0825,-1.155586,-0.082343,-1.15978,0.045063,0.127475
F37->F38,36,31,228.9653,337.4659,-1.084592,-0.095972,-0.336777,0.007418,0.754929
F37->F38,36,32,227.1903,358.0423,-0.973058,-0.092718,-1.051324,0.129166,0.235283
F37->F38,36,33,227.016,377.2104,-0.802032,-0.052354,-1.969836,0.111978,1.179309
F37->F38,36,34,229.5836,396.5086,-0.607938,0.017879,-0.189079,0.077732,0.423113
F37->F38,36,35,234.1963,414.8165,-0.43885,0.091472,-1.393725,-0.033659,0.963039
F37->F38,36,36,407.1427,419.586,0.171261,-0.040084,0.760765,0.206964,0.639177
F37->F38,36,37,413.2302,398.4797,0.419286,-0.006747,0.813239,0.021284,0.394949
F37->F38,36,38,418.8517,374.2042,0.636561,0.098263,3.934712,-0.987777,3.47236
F37->F38,36,39,424.6114,352.5073,0.616452,0.102119,0.669757,0.059571,0.068204
F37->F38,36,40,424.951,331.848,0.671875,0.02684,1.053858,0.195077,0.41739
F37->F38,36,41,421.2217,311.3859,0.82901,-0.044322,0.763536,-0.091142,0.080492
F37->F38,36,42,416.9003,290.4503,0.945731,-0.096648,1.463229,0.231643,0.612845
F37->F38,36,43,412.3983,269.5287,0.98129,-0.126809,0.718864,-0.114306,0.262724
F37->F38,36,44,407.7643,248.6377,0.989441,-0.154756,0.727663,-0.125563,0.263401
F37->F38,36,45,403.1208,227.7057,0.985707,-0.178324,0.516958,-0.211135,0.469896
F37->F38,36,46,398.317,207.4031,0.889871,-0.181193,0.644387,-0.256755,0.25685
F37->F38,36,47,393.737,186.9189,0.752711,-0.178865,0.715106,-0.251922,0.082167
F37->F38,36,48,387.9601,166.6912,0.604497,-0.174079,0.687307,-0.155279,0.084917
F37->F38,36,49,379.65,146.9412,0.502997,-0.172915,0.444646,0.082975,0.262459
F37->F38,36,50,368.8651,127.9534,0.386026,-0.150171,1.119145,9.585286,9.763021
F37->F38,36,51,355.2773,111.0563,0.255455,-0.070632,0.101495,0.057896,0.200557
F37->F38,36,52,339.1965,98.7086,0.124761,-0.014384,0.169094,-0.080763,0.079822
F37->F38,36,53,320.8693,92.702,0.014074,0.026291,0.217647,0.040088,0.204041
F37->F38,36,54,301.7971,93.1331,-0.086635,0.049197,-0.209559,0.052091,0.122958
F37->F38,36,55,282.3434,99.3374,-0.135305,0.071841,0.075881,0.140679,0.222123
F37->F38,36,56,264.9578,111.7674,-0.165479,0.040505,0.008032,0.02986,0.173837
F37->F38,36,57,250.7989,128.8486,-0.211195,-0.033366,-0.438683,0.102157,0.264796
F37->F38,36,58,240.2671,148.0221,-0.356593,-0.107233,-0.127132,-0.215939,0.253908
F37->F38,36,59,234.1787,168.9144,-0.541883,-0.149164,-0.271644,-0.107157,0.273484
F37->F38,36,60,230.9645,189.8373,-0.75322,-0.17491,-0.481435,-0.07256,0.290418
F37->F38,36,61,230.2486,210.6692,-0.949878,-0.173496,-0.339676,-0.09417,0.615337
F37->F38,36,62,230.6135,231.2776,-1.111281,-0.16048,-0.642101,-0.30062,0.489662
F37->F38,36,63,229.5221,251.928,-1.153091,-0.132118,-0.682756,-0.250302,0.484957
F37->F38,36,64,227.0926,272.7582,-1.120148,-0.105755,-1.195587,0.135637,0.252905
F37->F38,36,65,224.3583,294.0441,-1.093867,-0.088917,-0.551651,0.002794,0.549917
F37->F38,36,66,222.1614,315.4216,-1.057118,-0.080446,-1.588994,-0.088737,0.53194
F37->F38,36,67,220.0162,337.0,-0.991404,-0.086462,-0.344681,0.196019,0.705723
F37->F38,36,68,217.5319,357.6845,-0.886373,-0.078055,-1.358,0.217135,0.556389
F37->F38,36,69,217.1374,377.8638,-0.704937,-0.046909,1.662988,0.918406,2.557128
F37->F38,36,70,220.6003,397.9585,-0.501106,0.008571,1.111917,0.165129,1.620603
F37->F38,36,71,228.3156,416.418,-0.402619,0.122495,-1.270484,-0.008019,0.877624
F37->F38,36,72,414.4073,420.7424,0.128199,0.036405,1.063436,0.314977,0.975844
F37->F38,36,73,420.2768,399.0996,0.402321,0.115008,1.028229,0.127489,0.626032
F37->F38,36,74,426.3497,375.1495,0.577375,0.211932,3.966009,-0.931927,3.576487
F37->F38,36,75,431.4774,352.7462,0.509842,0.190629,0.835592,0.035747,0.360696
F37->F38,36,76,431.091,331.2059,0.567261,0.088358,1.074844,0.104375,0.507836
F37->F38,36,77,428.5802,310.3381,0.734214,-0.003768,1.278196,0.01966,0.544487
F37->F38,36,78,424.4714,288.963,0.867364,-0.068133,1.091071,0.103447,0.28193
F37->F38,36,79,420.8881,267.4457,0.911543,-0.110634,0.509674,-0.220523,0.416622
F37->F38,36,80,417.5297,245.9536,0.906528,-0.139516,0.450389,0.231963,0.588268
F37->F38,36,81,413.4874,225.0401,0.869903,-0.161635,0.498256,0.226297,0.537227
F37->F38,36,82,408.7154,204.5969,0.778414,-0.168875,0.572642,-0.31799,0.254121
F37->F38,36,83,403.2192,183.9784,0.653438,-0.167022,0.508769,-0.249978,0.166766
F37->F38,36,84,397.0742,163.2852,0.509144,-0.158642,0.501466,-0.153343,0.009329
F37->F38,36,85,387.7858,142.9535,0.407712,-0.146908,0.156529,-0.045263,0.270969
F37->F38,36,86,375.8588,122.8233,0.323039,-0.108097,0.361396,0.091941,0.203683
F37->F38,36,87,360.4081,105.0014,0.2168,-0.039945,0.145398,0.016667,0.091122
F37->F38,36,88,342.2791,91.9046,0.108411,0.035068,0.134496,-0.05842,0.097058
F37->F38,36,89,321.84,86.2195,0.006802,0.068994,0.140324,0.125078,0.144822
F37->F38,36,90,300.9111,87.1023,-0.089469,0.095097,-0.265578,0.045417,0.182982
F37->F38,36,91,279.9247,93.9012,-0.135336,0.106378,-0.005609,0.16896,0.144033
F37->F38,36,92,261.0348,107.5679,-0.151712,0.04553,0.143952,0.070985,0.296758
F37->F38,36,93,247.0813,126.0564,-0.211164,-0.036724,-0.273444,0.156938,0.20343
F37->F38,36,94,235.6425,146.2718,-0.318267,-0.11539,-0.220912,-0.234388,0.153748
F37->F38,36,95,227.8466,167.7377,-0.453565,-0.159536,-0.176483,-0.142334,0.277615
F37->F38,36,96,223.0755,189.0602,-0.648885,-0.180957,-0.457516,-0.078468,0.217085
F37->F38,36,97,222.1122,209.9897,-0.890377,-0.18792,-0.303313,0.000767,0.616641
F37->F38,36,98,221.9285,230.6682,-1.069496,-0.177649,-0.685314,-0.313084,0.407355
F37->F38,36,99,220.5621,251.2878,-1.130948,-0.146794,-0.532189,-0.373369,0.640194
F37->F38,36,100,218.2717,272.1666,-1.058978,-0.113352,-1.013694,-0.04185,0.084636
F37->F38,36,101,215.6278,293.3295,-1.009582,-0.08833,-0.629869,-0.122866,0.38128
F37->F38,36,102,213.6584,314.8078,-0.980777,-0.071455,-1.449233,0.080179,0.492387
F37->F38,36,103,211.2299,336.5253,-0.915677,-0.058367,-0.787842,-0.035505,0.129863
F37->F38,36,104,208.3907,357.4851,-0.811396,-0.03981,0.790391,0.920373,1.867531
F37->F38,36,105,207.385,378.4904,-0.624215,-0.005585,2.699348,0.919973,3.450033
F37->F38,36,106,211.6045,398.9136,-0.420799,0.020073,0.942272,0.834759,1.587979
F37->F38,36,107,222.2014,417.7919,-0.365484,0.126032,-1.071147,-0.016149,0.719843
F37->F38,36,108,421.3915,421.6391,0.095892,0.115921,0.905736,0.283475,0.826996
F37->F38,36,109,426.9502,399.6118,0.394125,0.19546,-0.902931,1.074773,1.567019
F37->F38,36,110,434.0731,376.5454,0.535616,0.292868,1.755742,-0.017537,1.258991
F37->F38,36,111,437.0102,353.0354,0.493451,0.253976,0.644148,-0.065406,0.353149
F37->F38,36,112,437.1841,330.7969,0.547624,0.154494,0.974148,-0.005275,0.455466
F37->F38,36,113,434.9824,309.4502,0.665696,0.036652,1.197044,0.058254,0.531788
F37->F38,36,114,432.0593,287.547,0.799651,-0.044203,0.737323,0.074305,0.133899
F37->F38,36,115,429.3727,265.4936,0.844227,-0.098735,0.474804,0.086977,0.413476
F37->F38,36,116,426.9575,243.5615,0.830539,-0.132697,0.323039,0.037405,0.535248
F37->F38,36,117,423.691,222.4866,0.774653,-0.152648,0.654801,-0.221085,0.138015
F37->F38,36,118,418.7666,201.9752,0.688885,-0.166685,0.462871,0.216935,0.445248
F37->F38,36,119,413.0141,180.9686,0.57438,-0.164928,1.61935,-1.026075,1.354081
F37->F38,36,120,405.5223,160.1656,0.44148,-0.156623,0.228677,0.183918,0.401564
F37->F38,36,121,395.7723,139.0418,0.35046,-0.143362,0.202531,0.013232,0.215418
F37->F38,36,122,382.6011,117.9468,0.269464,-0.092914,0.229785,0.055085,0.153226
F37->F38,36,123,365.5595,98.9194,0.179545,-0.010747,0.130971,-0.053568,0.064754
F37->F38,36,124,345.3649,85.6654,0.084121,0.046174,-0.070697,0.053127,0.154974
F37->F38,36,125,323.0662,79.9137,-0.011336,0.095544,0.152412,0.170274,0.179994
F37->F38,36,126,299.9768,81.2273,-0.082675,0.131714,-0.171449,0.050992,0.119987
F37->F38,36,127,277.399,88.6493,-0.129416,0.127795,0.029906,0.026392,0.188854
F37->F38,36,128,257.2109,103.4774,-0.147056,0.030299,0.172495,0.209757,0.366494
F37->F38,36,129,243.0081,123.2856,-0.202003,-0.051265,-0.029189,-0.033836,0.173691
F37->F38,36,130,231.1956,144.7609,-0.288964,-0.139426,-0.141184,-0.31554,0.229903
F37->F38,36,131,221.8162,166.9112,-0.384024,-0.191019,-0.056847,-0.150219,0.329711
F37->F38,36,132,215.8261,188.4673,-0.571635,-0.197642,-0.344385,0.008611,0.306893
F37->F38,36,133,213.8189,209.3276,-0.823314,-0.208652,-0.56215,-0.073379,0.294118
F37->F38,36,134,212.7322,229.9658,-1.012368,-0.192547,-0.843603,-0.227876,0.172423
F37->F38,36,135,211.3794,250.6684,-1.065589,-0.159482,-0.755911,-0.25789,0.324938
F37->F38,36,136,209.3599,271.5878,-0.995437,-0.12117,-0.763676,-0.157119,0.234532
F37->F38,36,137,207.0318,292.6075,-0.935873,-0.085495,-0.722879,-0.194689,0.239352
F37->F38,36,138,204.9834,314.0388,-0.917937,-0.053787,-0.197759,0.025705,0.724551
F37->F38,36,139,202.5996,335.6303,-0.847136,-0.031412,-0.930019,0.00697,0.091338
F37->F38,36,140,199.5723,357.0339,-0.747362,0.011244,-1.026912,0.219369,0.348517
F37->F38,36,141,197.5635,378.7084,-0.572866,0.076001,-7.500167,6.809501,9.660617
F37->F38,36,142,203.0151,400.7201,-0.403975,0.090805,1.154876,0.973848,1.791586
F37->F38,36,143,216.4335,419.0504,-0.333988,0.123927,-0.821431,-0.006806,0.50467
F37->F38,36,144,428.6198,422.5394,0.064849,0.17654,-0.03259,0.009914,0.193025
F37->F38,36,145,433.722,400.9223,0.369815,0.259418,-0.951639,1.128861,1.581826
F37->F38,36,146,440.3054,377.6989,0.501579,0.347642,1.315469,0.369525,0.814185
F37->F38,36,147,442.451,353.4546,0.519078,0.314167,0.460219,0.252907,0.084954
F37->F38,36,148,442.5542,330.5904,0.56081,0.202262,1.114309,-0.024878,0.598292
F37->F38,36,149,441.1988,308.5005,0.647455,0.064762,1.024918,0.098187,0.378941
F37->F38,36,150,439.4046,286.2171,0.749335,-0.028576,0.567605,-0.020439,0.181913
F37->F38,36,151,437.8733,263.4827,0.777515,-0.089898,0.197121,0.048966,0.596776
F37->F38,36,152,436.4198,241.1603,0.753415,-0.130473,1.104849,0.105261,0.423175
F37->F38,36,153,433.6882,220.0366,0.688391,-0.151232,0.793,-0.09956,0.116675
F37->F38,36,154,428.8516,199.3264,0.613047,-0.170056,0.54827,-0.211152,0.076713
F37->F38,36,155,422.1926,178.2629,0.511202,-0.172095,0.513601,-0.372095,0.200014
F37->F38,36,156,413.8473,157.1204,0.400748,-0.1748,0.277442,0.239061,0.431839
F37->F38,36,157,403.3506,135.3623,0.314925,-0.156131,0.299134,-0.104767,0.053736
F37->F38,36,158,389.3025,113.277,0.22366,-0.091107,0.109608,0.036249,0.17096
F37->F38,36,159,370.644,93.4021,0.142383,-0.010022,0.089986,-0.074044,0.082729
F37->F38,36,160,348.5831,79.6997,0.053029,0.046533,-0.169076,0.012034,0.224768
F37->F38,36,161,323.979,74.1721,-0.01937,0.098172,-0.017447,0.173414,0.075266
F37->F38,36,162,299.0036,75.5767,-0.07151,0.153926,-0.117498,0.136164,0.049299
F37->F38,36,163,274.5089,83.8847,-0.113687,0.125866,0.039941,-0.012114,0.206494
F37->F38,36,164,253.2711,99.5859,-0.139539,0.007303,-0.109639,0.195965,0.191016
F37->F38,36,165,238.8644,120.8211,-0.19871,-0.085132,-0.18398,-0.117362,0.035437
F37->F38,36,166,226.5535,143.3025,-0.267687,-0.174189,-0.135023,-0.273407,0.165663
F37->F38,36,167,215.7107,166.0571,-0.342682,-0.237106,-0.168882,-0.039562,0.263116
F37->F38,36,168,208.612,187.974,-0.515221,-0.238327,-0.465033,0.192543,0.433783
F37->F38,36,169,205.2921,208.7858,-0.750784,-0.24205,-0.706712,-0.070334,0.177281
F37->F38,36,170,203.5814,229.2962,-0.927967,-0.213774,-0.419209,-0.096436,0.522114
F37->F38,36,171,202.1336,250.0441,-0.991435,-0.17363,-0.662007,-0.196424,0.330215
F37->F38,36,172,200.4076,270.9822,-0.926099,-0.130044,-0.8733,-0.150238,0.056529
F37->F38,36,173,198.3873,291.9257,-0.872122,-0.083202,-0.724328,-0.164502,0.168679
F37->F38,36,174,196.4914,312.9548,-0.85862,-0.035307,-0.002954,-0.077538,0.856707
F37->F38,36,175,193.8712,334.6853,-0.794375,0.014344,-0.876706,-0.042779,0.100207
F37->F38,36,176,190.7383,356.1919,-0.703781,0.074541,-0.73938,-0.047089,0.126733
F37->F38,36,177,187.9221,379.153,-0.532052,0.162513,-5.39646,-5.920664,7.788934
F37->F38,36,178,194.291,403.1565,-0.435714,0.151118,1.554903,1.081586,2.197345
F37->F38,36,179,210.8076,420.305,-0.328516,0.131189,-0.526252,-0.012449,0.244399
F38->F39,37,0,399.8379,419.5721,0.164549,-0.160058,0.913134,-0.074331,0.753477
F38->F39,37,1,407.0664,398.6129,0.380591,-0.150192,0.25088,0.215618,0.388126
F38->F39,37,2,411.5975,374.6844,0.624203,-0.073085,0.716057,-0.118071,0.102278
F38->F39,37,3,415.453,353.26,0.726802,-0.058845,0.754148,0.103961,0.165086
F38->F39,37,4,417.3734,332.3785,0.778128,-0.078441,0.678246,-0.176057,0.139662
F38->F39,37,5,413.9152,312.6039,0.873877,-0.111263,0.682254,-0.121045,0.191873
F38->F39,37,6,409.8082,291.9993,0.943596,-0.136712,0.502309,-0.077905,0.445189
F38->F39,37,7,404.8141,271.5831,0.964724,-0.152332,0.703519,-0.137096,0.261649
F38->F39,37,8,399.3209,251.0628,1.004626,-0.180607,0.574565,-0.122843,0.433923
F38->F39,37,9,393.6738,230.4785,1.017372,-0.196033,0.800647,-0.130696,0.226359
F38->F39,37,10,388.6942,210.1616,0.949762,-0.197659,0.606835,-0.187502,0.343078
F38->F39,37,11,383.9697,190.2186,0.820087,-0.191363,0.972207,-0.022845,0.227022
F38->F39,37,12,378.684,170.4534,0.706133,-0.200782,0.617709,-0.369704,0.190666
F38->F39,37,13,371.9964,151.0924,0.581545,-0.202961,0.262681,0.008039,0.382356
F38->F39,37,14,362.5911,133.3518,0.429747,-0.19223,0.51211,0.047754,0.253724
F38->F39,37,15,350.379,117.5664,0.288399,-0.132247,0.13254,-0.212331,0.17523
F38->F39,37,16,336.1962,105.8685,0.141257,-0.080274,-0.001871,-0.018252,0.155988
F38->F39,37,17,319.7894,99.6971,0.020118,-0.030981,-0.071327,-0.042314,0.092144
F38->F39,37,18,302.222,99.4452,-0.070082,-0.004838,-0.131511,0.040205,0.076173
F38->F39,37,19,284.5422,105.1818,-0.129662,0.020972,-0.185851,-0.080181,0.115711
F38->F39,37,20,268.3033,116.3755,-0.168529,0.010166,-0.082921,0.002206,0.085978
F38->F39,37,21,254.4927,131.8419,-0.230328,-0.048821,-0.274775,-0.025669,0.050116
F38->F39,37,22,244.5513,149.8447,-0.380127,-0.108368,-0.344223,-0.161947,0.064497
F38->F39,37,23,239.9534,170.0048,-0.594667,-0.149066,-0.449662,-0.009097,0.201539
F38->F39,37,24,237.8739,190.4883,-0.803131,-0.170259,-0.827908,-0.27552,0.108138
F38->F39,37,25,237.5321,211.3021,-0.952689,-0.167888,-0.42287,0.025239,0.56392
F38->F39,37,26,237.9967,231.7938,-1.061984,-0.154209,-1.038262,0.033587,0.189288
F38->F39,37,27,237.0475,252.4278,-1.109915,-0.134685,-0.791022,-0.028819,0.336007
F38->F39,37,28,234.8508,273.2884,-1.112931,-0.116463,-0.683597,0.011882,0.448107
F38->F39,37,29,232.104,294.5562,-1.127016,-0.109087,-0.421604,0.05801,0.724933
F38->F39,37,30,229.5929,316.0002,-1.077866,-0.112927,-0.640159,0.066303,0.472981
F38->F39,37,31,227.8808,337.37,-1.011561,-0.129593,-0.547312,0.022126,0.488411
F38->F39,37,32,226.2173,357.9496,-0.909986,-0.129431,-0.559733,-0.238048,0.366708
F38->F39,37,33,226.214,377.158,-0.749014,-0.093918,-0.420427,0.121359,0.392828
F38->F39,37,34,228.9757,396.5265,-0.571793,-0.028047,-1.177056,-0.033778,0.60529
F38->F39,37,35,233.7575,414.908,-0.413382,0.039397,-0.550219,-0.044006,0.160251
F38->F39,37,36,407.3139,419.5459,0.136983,-0.095684,2.141389,-0.764704,2.11311
F38->F39,37,37,413.6495,398.473,0.361829,-0.059808,0.73476,-0.022251,0.374818
F38->F39,37,38,419.4883,374.3025,0.56394,0.050686,0.557645,-0.092516,0.14334
F38->F39,37,39,425.2279,352.6094,0.55057,0.061329,0.625397,-0.055258,0.138534
F38->F39,37,40,425.6228,331.8748,0.602929,-0.00206,0.806853,-0.114221,0.232734
F38->F39,37,41,422.0507,311.3416,0.749832,-0.063674,0.559455,-0.102025,0.194202
F38->F39,37,42,417.846,290.3536,0.861506,-0.109575,0.320591,0.294691,0.675291
F38->F39,37,43,413.3796,269.4019,0.898875,-0.135752,0.556164,-0.20561,0.349758
F38->F39,37,44,408.7537,248.483,0.906692,-0.158928,0.741005,-0.118706,0.170499
F38->F39,37,45,404.1065,227.5274,0.899574,-0.176389,0.69078,-0.07877,0.230488
F38->F39,37,46,399.2069,207.2219,0.812238,-0.176212,0.250605,0.220972,0.687885
F38->F39,37,47,394.4897,186.74,0.69016,-0.172156,0.836977,0.043249,0.260682
F38->F39,37,48,388.5646,166.5172,0.555669,-0.166042,0.3193,-0.030575,0.272437
F38->F39,37,49,380.1529,146.7683,0.463738,-0.163337,0.229063,0.108939,0.359454
F38->F39,37,50,369.2511,127.8033,0.358529,-0.141339,0.079793,-0.10512,0.281079
F38->F39,37,51,355.5327,110.9857,0.2397,-0.06512,0.055486,-0.249202,0.260424
F38->F39,37,52,339.3213,98.6942,0.11712,-0.011021,0.119804,0.074187,0.085249
F38->F39,37,53,320.8833,92.7283,0.01263,0.027653,-0.215487,-0.100155,0.26148
F38->F39,37,54,301.7105,93.1823,-0.081892,0.047856,-0.046408,0.077091,0.045976
F38->F39,37,55,282.2081,99.4093,-0.126822,0.066648,-0.003038,0.010747,0.135821
F38->F39,37,56,264.7923,111.8079,-0.154756,0.034733,0.171842,0.167163,0.352426
F38->F39,37,57,250.5877,128.8153,-0.197809,-0.035143,-0.368201,0.04589,0.188678
F38->F39,37,58,239.9105,147.9149,-0.333854,-0.105568,-0.237015,-0.147214,0.105414
F38->F39,37,59,233.6368,168.7653,-0.505018,-0.146991,-0.460114,-0.085858,0.075853
F38->F39,37,60,230.2113,189.6624,-0.703816,-0.174073,-0.861711,-0.139802,0.161571
F38->F39,37,61,229.2987,210.4957,-0.894538,-0.178753,-0.567617,-0.042515,0.354173
F38->F39,37,62,229.5022,231.1171,-1.049467,-0.171493,-0.870787,0.018291,0.260662
F38->F39,37,63,228.3691,251.7959,-1.085904,-0.14843,-1.053187,0.007923,0.15974
F38->F39,37,64,225.9724,272.6524,-1.045926,-0.127713,-0.47215,-0.042552,0.580062
F38->F39,37,65,223.2644,293.9552,-1.019494,-0.115236,-0.414867,0.127996,0.651718
F38->F39,37,66,221.1043,315.3412,-0.990441,-0.110821,0.084215,0.183973,1.114356
F38->F39,37,67,219.0248,336.9136,-0.92852,-0.119907,-0.440367,0.10965,0.539435
F38->F39,37,68,216.6455,357.6065,-0.83208,-0.113879,0.274524,-0.185489,1.108918
F38->F39,37,69,216.4325,377.8169,-0.662906,-0.085909,-1.114698,0.08142,0.481783
F38->F39,37,70,220.0992,397.9671,-0.476012,-0.037497,-0.247625,0.072809,0.25363
F38->F39,37,71,227.913,416.5405,-0.380441,0.067488,-0.191803,-0.169332,0.302768
F38->F39,37,72,414.5355,420.7788,0.093504,-0.019749,-0.260497,-0.714707,0.779926
F38->F39,37,73,420.6791,399.2146,0.345972,0.054722,1.197217,0.138655,0.855373
F38->F39,37,74,426.9271,375.3614,0.508333,0.15089,0.377369,0.077446,0.150152
F38->F39,37,75,431.9873,352.9369,0.457164,0.142056,1.215479,0.029864,0.76657
F38->F39,37,76,431.6583,331.2943,0.514942,0.054336,1.097832,-0.014363,0.586925
F38->F39,37,77,429.3144,310.3343,0.668303,-0.027062,0.60392,-0.096092,0.094394
F38->F39,37,78,425.3388,288.8949,0.792967,-0.083834,0.608743,-0.194936,0.215132
F38->F39,37,79,421.7996,267.3351,0.836565,-0.121505,0.384804,0.170786,0.538072
F38->F39,37,80,418.4362,245.8141,0.832338,-0.145989,0.82071,-0.001202,0.145253
F38->F39,37,81,414.3573,224.8785,0.795102,-0.162369,0.762347,-0.092627,0.077051
F38->F39,37,82,409.4938,204.4281,0.711745,-0.166656,-0.055452,-0.11873,0.768693
F38->F39,37,83,403.8726,183.8114,0.599908,-0.162805,0.419443,0.193801,0.399669
F38->F39,37,84,397.5834,163.1266,0.468643,-0.153658,0.139061,0.021832,0.373391
F38->F39,37,85,388.1935,142.8066,0.377158,-0.141556,0.323716,0.307409,0.452135
F38->F39,37,86,376.1818,122.7152,0.300547,-0.104399,-0.005035,-0.09412,0.305755
F38->F39,37,87,360.6249,104.9614,0.203497,-0.037683,0.126751,-0.159089,0.14363
F38->F39,37,88,342.3875,91.9397,0.101854,0.034363,0.013505,0.10448,0.112792
F38->F39,37,89,321.8468,86.2885,0.005984,0.067415,-0.183999,-0.00119,0.20199
F38->F39,37,90,300.8216,87.1974,-0.08403,0.090391,0.077545,0.12003,0.164271
F38->F39,37,91,279.7893,94.0076,-0.125688,0.097607,-0.087217,-0.036767,0.139773
F38->F39,37,92,260.8831,107.6134,-0.140811,0.037076,0.122654,0.166205,0.293408
F38->F39,37,93,246.8701,126.0196,-0.197245,-0.039884,-0.220384,0.027729,0.071463
F38->F39,37,94,235.3242,146.1564,-0.298271,-0.11468,0.111622,0.008852,0.428103
F38->F39,37,95,227.393,167.5782,-0.423654,-0.15843,-0.232886,-0.166094,0.190922
F38->F39,37,96,222.4266,188.8793,-0.607932,-0.181575,-0.525901,-0.073345,0.135804
F38->F39,37,97,221.2218,209.8017,-0.839225,-0.193481,-0.433998,0.109242,0.505817
F38->F39,37,98,220.859,230.4906,-1.009149,-0.188423,-0.58182,-0.160894,0.428215
F38->F39,37,99,219.4311,251.141,-1.065135,-0.162859,-0.651295,0.092517,0.486292
F38->F39,37,100,217.2127,272.0532,-0.992427,-0.134976,-1.084669,-0.049019,0.126084
F38->F39,37,101,214.6182,293.2412,-0.944911,-0.11464,-0.674641,-0.021212,0.285963
F38->F39,37,102,212.6776,314.7363,-0.923064,-0.102158,-0.588418,0.108169,0.395253
F38->F39,37,103,210.3143,336.4669,-0.861588,-0.092475,-0.223075,-0.027516,0.641808
F38->F39,37,104,207.5793,357.4453,-0.764758,-0.076446,-0.213951,-0.066801,0.550892
F38->F39,37,105,206.7608,378.4848,-0.593128,-0.044837,-1.201562,0.007225,0.610657
F38->F39,37,106,211.1837,398.9337,-0.405102,-0.026739,0.552957,0.051537,0.961252
F38->F39,37,107,221.8359,417.9179,-0.34601,0.067726,-0.498816,-0.022217,0.177312
F38->F39,37,108,421.4874,421.7551,0.059914,0.055387,-0.636131,-0.40857,0.836502
F38->F39,37,109,427.3443,399.8073,0.3358,0.129282,0.856775,0.003111,0.536035
F38->F39,37,110,434.6087,376.8382,0.469144,0.225162,0.318108,0.067556,0.218292
F38->F39,37,111,437.5036,353.2894,0.446707,0.201328,1.191503,0.066471,0.756907
F38->F39,37,112,437.7317,330.9514,0.50343,0.116404,0.993508,0.119239,0.490086
F38->F39,37,113,435.6481,309.4868,0.612295,0.009681,0.483222,0.191832,0.223247
F38->F39,37,114,432.8589,287.5028,0.732836,-0.062361,0.678243,-0.156402,0.108739
F38->F39,37,115,430.2169,265.3949,0.775285,-0.11094,1.44343,0.13114,0.710648
F38->F39,37,116,427.7881,243.4288,0.763191,-0.140377,0.177741,0.128806,0.644369
F38->F39,37,117,424.4656,222.3339,0.709172,-0.155483,0.447357,0.165567,0.414271
F38->F39,37,118,419.4555,201.8085,0.630508,-0.166042,-0.072827,-0.172975,0.703369
F38->F39,37,119,413.5885,180.8037,0.52706,-0.162299,0.162136,-0.020577,0.391477
F38->F39,37,120,405.9638,160.009,0.406971,-0.153848,0.273659,0.179777,0.359274
F38->F39,37,121,396.1227,138.8985,0.324343,-0.139999,0.258104,0.360886,0.505246
F38->F39,37,122,382.8705,117.8539,0.251294,-0.091545,0.144267,-0.050262,0.114713
F38->F39,37,123,365.7391,98.9086,0.168586,-0.011603,0.258387,-0.117303,0.138696
F38->F39,37,124,345.449,85.7116,0.079157,0.044609,0.010806,0.088771,0.081376
F38->F39,37,125,323.0549,80.0092,-0.010763,0.092302,-0.100355,-0.046329,0.165063
F38->F39,37,126,299.8941,81.359,-0.077487,0.12413,0.005949,0.022328,0.131626
F38->F39,37,127,277.2696,88.7771,-0.11914,0.11618,-0.117324,-0.116751,0.232938
F38->F39,37,128,257.0639,103.5077,-0.135497,0.021128,-0.145143,0.080684,0.060332
F38->F39,37,129,242.8061,123.2343,-0.187864,-0.055191,-0.189522,0.047274,0.102478
F38->F39,37,130,230.9067,144.6214,-0.270825,-0.138388,0.124267,0.006795,0.420922
F38->F39,37,131,221.4322,166.7202,-0.36061,-0.189651,-0.070449,-0.174603,0.290551
F38->F39,37,132,215.2545,188.2696,-0.537504,-0.199009,-0.24467,0.060972,0.39159
F38->F39,37,133,212.9956,209.1189,-0.77596,-0.214067,-1.698469,-0.967879,1.191326
F38->F39,37,134,211.7198,229.7732,-0.954384,-0.20299,-1.807065,-0.83909,1.063809
F38->F39,37,135,210.3138,250.5089,-1.004727,-0.175322,-0.944634,-0.04792,0.140863
F38->F39,37,136,208.3645,271.4666,-0.936229,-0.142557,-0.790101,-0.071232,0.162606
F38->F39,37,137,206.096,292.522,-0.880055,-0.112031,-0.820661,0.089459,0.210061
F38->F39,37,138,204.0655,313.985,-0.867288,-0.085324,-2.063378,-0.017278,1.198025
F38->F39,37,139,201.7525,335.5989,-0.801095,-0.066119,-0.49695,0.033853,0.320153
F38->F39,37,140,198.8249,357.0452,-0.707876,-0.026722,-1.054479,-0.015366,0.346788
F38->F39,37,141,196.9906,378.7844,-0.549058,0.033961,-2.544649,-1.04568,2.268923
F38->F39,37,142,202.6112,400.8109,-0.390878,0.041593,-0.050087,-0.014686,0.345407
F38->F39,37,143,216.0995,419.1743,-0.316981,0.06516,-0.944881,-0.094185,0.647803
F38->F39,37,144,428.6847,422.7159,0.028224,0.113817,-0.088609,0.587885,0.488252
F38->F39,37,145,434.0919,401.1817,0.311023,0.190572,0.735513,-0.025922,0.476509
F38->F39,37,146,440.807,378.0465,0.438702,0.276925,0.271038,0.078088,0.260091
F38->F39,37,147,442.9701,353.7687,0.469488,0.258402,1.207206,0.196407,0.740319
F38->F39,37,148,443.115,330.7927,0.517362,0.161114,1.121293,0.153378,0.60398
F38->F39,37,149,441.8462,308.5653,0.597881,0.035756,0.535438,-0.188674,0.232956
F38->F39,37,150,440.154,286.1886,0.688489,-0.048466,0.653199,-0.075016,0.044162
F38->F39,37,151,438.6508,263.3928,0.715834,-0.103581,1.344279,0.236281,0.714457
F38->F39,37,152,437.1733,241.0298,0.692811,-0.13895,-0.160034,-0.10077,0.853699
F38->F39,37,153,434.3766,219.8853,0.631092,-0.155478,0.249909,0.369612,0.64886
F38->F39,37,154,429.4647,199.1563,0.561179,-0.170315,0.365939,0.05446,0.297729
F38->F39,37,155,422.7038,178.0908,0.468537,-0.170361,0.063412,-0.013316,0.434499
F38->F39,37,156,414.2481,156.9456,0.370475,-0.171964,0.293154,0.149096,0.33024
F38->F39,37,157,403.6655,135.2062,0.291358,-0.152917,0.274247,-0.03342,0.120716
F38->F39,37,158,389.5262,113.1859,0.209104,-0.090652,0.082247,-0.035877,0.138178
F38->F39,37,159,370.7864,93.3921,0.133885,-0.011312,0.100971,0.026371,0.050033
F38->F39,37,160,348.6362,79.7463,0.049973,0.044877,0.053429,0.094694,0.049937
F38->F39,37,161,323.9596,74.2703,-0.01828,0.094597,-0.036772,-0.134117,0.22946
F38->F39,37,162,298.9321,75.7306,-0.067079,0.144794,0.026926,0.002643,0.170423
F38->F39,37,163,274.3953,84.0105,-0.103832,0.112742,-0.090538,0.104312,0.015741
F38->F39,37,164,253.1315,99.5932,-0.127313,-0.001829,0.018064,0.080997,0.167316
F38->F39,37,165,238.6657,120.736,-0.184694,-0.087707,-0.197263,-0.065573,0.025453
F38->F39,37,166,226.2858,143.1283,-0.2512,-0.171707,-0.076998,0.036497,0.271468
F38->F39,37,167,215.368,165.82,-0.323878,-0.234081,-0.156355,-0.145728,0.189394
F38->F39,37,168,208.0968,187.7357,-0.485549,-0.238423,-0.086315,-0.179774,0.403519
F38->F39,37,169,204.5413,208.5438,-0.707653,-0.246362,-1.229601,-0.890561,0.829108
F38->F39,37,170,202.6535,229.0825,-0.874639,-0.22334,-2.489131,-0.60627,1.659283
F38->F39,37,171,201.1422,249.8705,-0.935728,-0.189101,-0.675499,-0.147087,0.263599
F38->F39,37,172,199.4815,270.8522,-0.874258,-0.15119,-0.655989,-0.219783,0.228793
F38->F39,37,173,197.5152,291.8425,-0.823161,-0.110085,-1.315704,0.124831,0.545696
F38->F39,37,174,195.6327,312.9195,-0.814368,-0.067771,-0.646062,0.965303,1.046695
F38->F39,37,175,193.0768,334.6997,-0.754621,-0.023039,-1.112475,0.029867,0.361744
F38->F39,37,176,190.0346,356.2665,-0.668808,0.033768,-0.490696,0.136944,0.205837
F38->F39,37,177,187.3901,379.3155,-0.513944,0.116157,-3.786785,-2.034511,3.916231
F38->F39,37,178,193.8553,403.3076,-0.419363,0.099639,-0.561091,0.024666,0.160337
F38->F39,37,179,210.4791,420.4362,-0.310836,0.072339,-0.650839,-0.122768,0.392007
F39->F40,38,0,400.0024,419.412,0.132946,-0.206133,-1.025443,-0.193658,1.158456
F39->F40,38,1,407.447,398.4627,0.328451,-0.194547,-0.270336,-0.104071,0.605583
F39->F40,38,2,412.2217,374.6113,0.555353,-0.106759,0.763357,-0.262307,0.259732
F39->F40,38,3,416.1798,353.2012,0.651395,-0.083862,0.431079,0.16293,0.330826
F39->F40,38,4,418.1515,332.3001,0.697696,-0.097252,0.671353,-0.230518,0.135844
F39->F40,38,5,414.7891,312.4926,0.790999,-0.125181,0.188901,0.092938,0.640389
F39->F40,38,6,410.7518,291.8626,0.860479,-0.146465,0.935641,-0.081838,0.099126
F39->F40,38,7,405.7788,271.4308,0.884618,-0.158728,0.666554,-0.153414,0.218129
F39->F40,38,8,400.3255,250.8822,0.921574,-0.182082,0.385449,0.065488,0.590526
F39->F40,38,9,394.6912,230.2825,0.930621,-0.192583,0.52811,-0.112402,0.410418
F39->F40,38,10,389.6439,209.964,0.868072,-0.190842,0.181777,-0.169027,0.686642
F39->F40,38,11,384.7897,190.0273,0.751938,-0.182803,-0.081719,-0.309715,0.843262
F39->F40,38,12,379.3901,170.2526,0.648585,-0.189659,0.556229,-0.105747,0.124783
F39->F40,38,13,372.5779,150.8894,0.534976,-0.189876,0.096334,-0.19022,0.438642
F39->F40,38,14,363.0208,133.1596,0.398216,-0.179197,0.091212,0.033631,0.37356
F39->F40,38,15,350.6674,117.4341,0.269345,-0.121588,0.280462,0.077109,0.199007
F39->F40,38,16,336.3374,105.7882,0.132355,-0.072784,0.075933,0.041639,0.127578
F39->F40,38,17,319.8095,99.6662,0.018043,-0.025946,0.016543,-0.108909,0.082977
F39->F40,38,18,302.152,99.4403,-0.066621,-0.002114,-0.095046,-0.076874,0.079981
F39->F40,38,19,284.4125,105.2028,-0.122533,0.019624,-0.255972,0.139278,0.17923
F39->F40,38,20,268.1347,116.3856,-0.158477,0.007575,-0.274217,-0.218408,0.253898
F39->F40,38,21,254.2624,131.7931,-0.215964,-0.048877,-0.415452,-0.15711,0.226958
F39->F40,38,22,244.1712,149.7364,-0.356833,-0.105686,-0.385079,-0.047207,0.064943
F39->F40,38,23,239.3588,169.8557,-0.557201,-0.145758,-0.252665,-0.00167,0.336903
F39->F40,38,24,237.0708,190.3181,-0.755475,-0.169051,-0.514344,-0.338651,0.294802
F39->F40,38,25,236.5794,211.1342,-0.904182,-0.173019,-0.535893,-0.00157,0.40624
F39->F40,38,26,236.9347,231.6396,-1.012472,-0.165029,-0.627283,-0.209848,0.387788
F39->F40,38,27,235.9376,252.2931,-1.055366,-0.150776,-0.326616,0.109356,0.773786
F39->F40,38,28,233.7379,273.1719,-1.047828,-0.137545,-0.771497,-0.000277,0.308548
F39->F40,38,29,230.977,294.4472,-1.058935,-0.134018,-0.340832,-0.003727,0.729827
F39->F40,38,30,228.515,315.8872,-1.017839,-0.141484,-0.60612,-0.063631,0.419014
F39->F40,38,31,226.8692,337.2404,-0.954763,-0.160891,-1.048988,0.121955,0.298127
F39->F40,38,32,225.3073,357.8202,-0.860335,-0.163489,-1.354188,0.142142,0.580777
F39->F40,38,33,225.4649,377.0641,-0.706639,-0.132193,-0.288587,0.034371,0.450012
F39->F40,38,34,228.4039,396.4984,-0.542186,-0.070364,-0.595282,-0.082841,0.054542
F39->F40,38,35,233.3441,414.9474,-0.391901,-0.01018,-0.365265,-0.059061,0.055666
F39->F40,38,36,407.4509,419.4502,0.1067,-0.143047,-1.159632,-0.202902,1.267746
F39->F40,38,37,414.0114,398.4132,0.310507,-0.108819,0.293037,0.086861,0.196459
F39->F40,38,38,420.0522,374.3531,0.500256,0.00676,-0.256486,-0.181984,0.779925
F39->F40,38,39,425.7785,352.6707,0.492112,0.023774,0.572077,-0.02698,0.094713
F39->F40,38,40,426.2258,331.8728,0.542596,-0.028702,0.290858,0.132037,0.298679
F39->F40,38,41,422.8005,311.2779,0.681513,-0.081753,0.296939,0.030507,0.400625
F39->F40,38,42,418.7075,290.2441,0.787492,-0.121916,0.820383,-0.115745,0.033464
F39->F40,38,43,414.2785,269.2662,0.826295,-0.144413,0.457336,0.303694,0.580457
F39->F40,38,44,409.6604,248.3241,0.83404,-0.163278,0.472927,0.189232,0.504644
F39->F40,38,45,405.0061,227.351,0.823878,-0.175446,0.607126,-0.248916,0.228865
F39->F40,38,46,400.0191,207.0457,0.74377,-0.172496,1.379174,-0.683432,0.815348
F39->F40,38,47,395.1799,186.5679,0.634315,-0.166791,0.102403,-0.218754,0.534444
F39->F40,38,48,389.1203,166.3511,0.511797,-0.159274,0.231524,0.075074,0.365338
F39->F40,38,49,380.6167,146.6049,0.427929,-0.155113,-0.039316,-0.184862,0.468191
F39->F40,38,50,369.6096,127.6619,0.333322,-0.133786,0.348815,0.112272,0.246545
F39->F40,38,51,355.7724,110.9205,0.224939,-0.060522,0.18386,0.204763,0.268447
F39->F40,38,52,339.4384,98.6832,0.109965,-0.008142,0.121016,0.035217,0.044745
F39->F40,38,53,320.896,92.756,0.011433,0.028535,0.071696,-0.064016,0.110441
F39->F40,38,54,301.6286,93.2302,-0.077175,0.046482,-0.020037,-0.092255,0.150043
F39->F40,38,55,282.0813,99.4759,-0.118877,0.061128,-0.186413,0.250387,0.200948
F39->F40,38,56,264.6375,111.8427,-0.14457,0.028626,-0.540194,-0.248032,0.48276
F39->F40,38,57,250.3899,128.7801,-0.185215,-0.037545,-0.331312,-0.120376,0.167945
F39->F40,38,58,239.5766,147.8093,-0.31382,-0.10461,-0.344114,-0.132828,0.0414
F39->F40,38,59,233.1318,168.6183,-0.47402,-0.145576,-0.267796,-0.055607,0.224996
F39->F40,38,60,229.5075,189.4883,-0.663582,-0.17438,-0.604951,-0.482316,0.313468
F39->F40,38,61,228.4042,210.3169,-0.850214,-0.184407,-0.218174,0.076068,0.683609
F39->F40,38,62,228.4527,230.9456,-1.001505,-0.182396,-0.602323,-0.203693,0.399749
F39->F40,38,63,227.2832,251.6475,-1.034353,-0.164262,-0.417242,0.182696,0.70796
F39->F40,38,64,224.9265,272.5247,-0.988992,-0.148368,-0.496959,0.184739,0.594185
F39->F40,38,65,222.2449,293.8399,-0.962622,-0.140159,-0.527246,-0.063744,0.442031
F39->F40,38,66,220.1138,315.2304,-0.939818,-0.139301,0.382374,0.030823,1.333091
F39->F40,38,67,218.0963,336.7937,-0.880623,-0.150924,2.603001,10.010889,10.74235
F39->F40,38,68,215.8134,357.4926,-0.790318,-0.147129,-1.291508,0.200399,0.609891
F39->F40,38,69,215.7695,377.7309,-0.630265,-0.122106,0.174385,-0.048993,0.807965
F39->F40,38,70,219.6232,397.9296,-0.456092,-0.080208,-0.582267,-0.189522,0.166943
F39->F40,38,71,227.5325,416.6079,-0.361827,0.014366,-0.246271,-0.082439,0.150746
F39->F40,38,72,414.629,420.759,0.063213,-0.068886,-0.75556,-0.058994,0.818833
F39->F40,38,73,421.0251,399.2693,0.29544,8.7e-05,0.607128,-0.205212,0.373226
F39->F40,38,74,427.4354,375.5123,0.447844,0.095707,0.274277,-0.150804,0.301485
F39->F40,38,75,432.4444,353.0789,0.410299,0.097568,0.759009,-0.06445,0.384511
F39->F40,38,76,432.1732,331.3486,0.470447,0.023278,0.625521,-0.106819,0.202418
F39->F40,38,77,429.9827,310.3072,0.611825,-0.048568,0.373901,0.077641,0.269326
F39->F40,38,78,426.1318,288.811,0.727306,-0.098661,0.879118,-0.152603,0.161111
F39->F40,38,79,422.6362,267.2136,0.770736,-0.131838,0.27585,0.1253,0.557702
F39->F40,38,80,419.2686,245.6681,0.767065,-0.15216,0.549668,-0.269866,0.247217
F39->F40,38,81,415.1524,224.7161,0.729468,-0.163811,0.327054,0.244835,0.573523
F39->F40,38,82,410.2056,204.2614,0.652763,-0.165128,0.427855,0.236669,0.460461
F39->F40,38,83,404.4725,183.6486,0.551919,-0.159548,0.354844,-0.008444,0.248336
F39->F40,38,84,398.052,162.9729,0.432421,-0.149729,0.141428,0.11174,0.391207
F39->F40,38,85,388.5707,142.6651,0.349067,-0.137004,-0.028878,-0.237506,0.391079
F39->F40,38,86,376.4824,122.6108,0.279741,-0.101213,0.336591,0.182119,0.288979
F39->F40,38,87,360.8284,104.9237,0.191175,-0.036018,0.100361,0.141804,0.199669
F39->F40,38,88,342.4894,91.9741,0.095651,0.033617,0.219697,0.077964,0.131734
F39->F40,38,89,321.8528,86.3559,0.00535,0.065519,0.001088,0.089688,0.024542
F39->F40,38,90,300.7376,87.2878,-0.07882,0.085659,0.023585,0.122001,0.108662
F39->F40,38,91,279.6636,94.1052,-0.116782,0.088738,-0.270531,0.365805,0.316868
F39->F40,38,92,260.7423,107.6505,-0.130297,0.028598,-0.626507,-0.320498,0.606706
F39->F40,38,93,246.6729,125.9797,-0.184098,-0.043415,-0.23634,0.059964,0.115829
F39->F40,38,94,235.026,146.0417,-0.280513,-0.114525,-0.386324,-0.15742,0.114176
F39->F40,38,95,226.9694,167.4197,-0.398728,-0.157844,-0.622607,-0.292682,0.261348
F39->F40,38,96,221.8186,188.6977,-0.574812,-0.183264,-1.188482,-0.588655,0.735482
F39->F40,38,97,220.3826,209.6083,-0.79865,-0.199434,-0.277724,0.121226,0.611709
F39->F40,38,98,219.8499,230.3021,-0.962519,-0.199225,-0.20865,0.038274,0.790395
F39->F40,38,99,218.366,250.9781,-1.015209,-0.178551,-1.07655,-0.080564,0.115603
F39->F40,38,100,216.2203,271.9182,-0.942113,-0.155581,-0.767647,-0.199126,0.179818
F39->F40,38,101,213.6733,293.1265,-0.89648,-0.139672,-0.765046,-0.207899,0.148087
F39->F40,38,102,211.7545,314.6342,-0.880138,-0.131028,-0.903911,-0.029688,0.10409
F39->F40,38,103,209.4527,336.3744,-0.821279,-0.124258,3.541321,10.141876,11.15463
F39->F40,38,104,206.8146,357.3689,-0.729676,-0.110609,-1.291599,0.285742,0.687642
F39->F40,38,105,206.1677,378.44,-0.570156,-0.081759,-1.3228,-0.033947,0.754161
F39->F40,38,106,210.7786,398.9069,-0.393379,-0.069969,-0.377803,-0.08928,0.02481
F39->F40,38,107,221.4899,417.9856,-0.329847,0.012643,-1.180172,-0.015732,0.850799
F39->F40,38,108,421.5473,421.8104,0.028896,0.001446,-0.193958,0.029692,0.224637
F39->F40,38,109,427.6801,399.9365,0.283896,0.070461,0.882831,-0.093157,0.620882
F39->F40,38,110,435.0779,377.0634,0.409367,0.164233,0.440522,0.251125,0.092309
F39->F40,38,111,437.9503,353.4907,0.403708,0.153257,0.134014,0.094482,0.276025
F39->F40,38,112,438.2351,331.0678,0.464128,0.081317,0.709327,-0.051483,0.278852
F39->F40,38,113,436.2604,309.4965,0.566313,-0.014986,0.52055,-0.226545,0.216453
F39->F40,38,114,433.5918,287.4404,0.674388,-0.079221,0.267957,0.004178,0.4149
F39->F40,38,115,430.9922,265.2839,0.715691,-0.122469,0.28242,0.018119,0.455509
F39->F40,38,116,428.5513,243.2885,0.704036,-0.147581,0.437624,0.040243,0.325965
F39->F40,38,117,425.1748,222.1784,0.651551,-0.158542,0.457129,0.386168,0.578367
F39->F40,38,118,420.086,201.6424,0.578686,-0.165756,0.581983,-0.062301,0.103507
F39->F40,38,119,414.1155,180.6414,0.484712,-0.160287,0.499917,0.186678,0.347298
F39->F40,38,120,406.3707,159.8552,0.375984,-0.151673,-0.140411,-0.084836,0.520702
F39->F40,38,121,396.4471,138.7585,0.300513,-0.137128,0.09253,-0.007797,0.244916
F39->F40,38,122,383.1218,117.7624,0.234471,-0.090552,0.189313,-0.008983,0.093234
F39->F40,38,123,365.9077,98.897,0.15864,-0.012761,0.227298,0.208062,0.23125
F39->F40,38,124,345.5282,85.7562,0.074346,0.043011,0.213386,0.141474,0.170373
F39->F40,38,125,323.0441,80.1015,-0.010367,0.088962,0.060114,0.154001,0.095905
F39->F40,38,126,299.8166,81.4831,-0.072531,0.116671,0.09612,0.160701,0.174304
F39->F40,38,127,277.1504,88.8933,-0.109609,0.104641,-0.106719,0.313681,0.209059
F39->F40,38,128,256.9284,103.5288,-0.124582,0.012016,-0.065094,-0.108806,0.134672
F39->F40,38,129,242.6182,123.1791,-0.174642,-0.059266,-0.099499,0.044832,0.128386
F39->F40,38,130,230.6359,144.483,-0.254568,-0.137845,-0.378397,-0.117232,0.125533
F39->F40,38,131,221.0716,166.5306,-0.341381,-0.188755,-0.467715,-0.170111,0.127702
F39->F40,38,132,214.717,188.0706,-0.509916,-0.201348,-0.380934,-0.108199,0.1591
F39->F40,38,133,212.2197,208.9049,-0.738927,-0.219905,-0.271255,-0.005552,0.514456
F39->F40,38,134,210.7654,229.5702,-0.909785,-0.213528,-0.068646,0.054165,0.882708
F39->F40,38,135,209.3091,250.3336,-0.959255,-0.190758,-0.629979,-0.260891,0.336662
F39->F40,38,136,207.4283,271.3241,-0.892333,-0.163118,-0.24926,-0.086516,0.647619
F39->F40,38,137,205.2159,292.41,-0.839196,-0.137244,-0.22399,0.00503,0.631443
F39->F40,38,138,203.1982,313.8997,-0.83061,-0.114918,-0.823822,0.018949,0.13404
F39->F40,38,139,200.9514,335.5328,-0.767874,-0.098687,-1.308488,0.100652,0.576194
F39->F40,38,140,198.117,357.0184,-0.679018,-0.062425,-1.554655,-0.181759,0.883731
F39->F40,38,141,196.4416,378.8184,-0.532825,-0.005169,-2.240244,0.308862,1.736057
F39->F40,38,142,202.2203,400.8525,-0.381396,-0.004143,0.12634,-0.033559,0.508588
F39->F40,38,143,215.7826,419.2395,-0.303081,0.010261,-1.708582,-0.072953,1.407962
F39->F40,38,144,428.7129,422.8297,-0.002695,0.057859,-0.421694,0.149991,0.429009
F39->F40,38,145,434.4029,401.3723,0.258944,0.128659,2.709424,-0.936867,2.672115
F39->F40,38,146,441.2457,378.3235,0.380119,0.213129,0.133171,-0.260825,0.53443
F39->F40,38,147,443.4396,354.0271,0.424726,0.207527,-0.210663,-0.04776,0.684756
F39->F40,38,148,443.6324,330.9538,0.478306,0.123417,0.598391,-0.02967,0.194566
F39->F40,38,149,442.4441,308.6011,0.554898,0.009254,0.143448,0.120184,0.426142
F39->F40,38,150,440.8425,286.1401,0.635957,-0.066778,0.037471,-0.105946,0.599766
F39->F40,38,151,439.3666,263.2892,0.661944,-0.116225,-0.031614,-0.142619,0.69406
F39->F40,38,152,437.8661,240.8909,0.639341,-0.146871,0.3924,0.11148,0.357387
F39->F40,38,153,435.0077,219.7299,0.580357,-0.159423,0.24537,0.076658,0.409818
F39->F40,38,154,430.0259,198.986,0.515007,-0.170563,0.31514,0.067701,0.310993
F39->F40,38,155,423.1724,177.9205,0.430607,-0.168999,0.136574,-0.119043,0.298246
F39->F40,38,156,414.6185,156.7736,0.342187,-0.169424,0.223618,0.072956,0.269827
F39->F40,38,157,403.9569,135.0533,0.270153,-0.150256,0.380668,0.191044,0.358746
F39->F40,38,158,389.7353,113.0952,0.195635,-0.090523,0.15669,-0.032341,0.070013
F39->F40,38,159,370.9203,93.3808,0.126021,-0.012833,0.068014,-0.04844,0.068064
F39->F40,38,160,348.6861,79.7912,0.047077,0.043132,0.154552,0.111395,0.127322
F39->F40,38,161,323.9414,74.3649,-0.017211,0.091031,-0.061621,0.087171,0.044577
F39->F40,38,162,298.865,75.8754,-0.06274,0.135885,0.083449,0.228335,0.172969
F39->F40,38,163,274.2914,84.1233,-0.094382,0.099846,-0.000961,0.115139,0.094665
F39->F40,38,164,253.0042,99.5913,-0.116022,-0.010804,0.056949,-0.099014,0.194165
F39->F40,38,165,238.481,120.6483,-0.171436,-0.090548,-0.147734,0.010711,0.103995
F39->F40,38,166,226.0346,142.9566,-0.236403,-0.169756,-0.278508,-0.023265,0.152422
F39->F40,38,167,215.0442,165.5859,-0.308627,-0.231886,-0.165593,-0.13371,0.173485
F39->F40,38,168,207.6112,187.4972,-0.461992,-0.239517,-0.42581,-0.026615,0.215954
F39->F40,38,169,203.8337,208.2974,-0.674436,-0.251151,-1.809137,-0.774791,1.249698
F39->F40,38,170,201.7788,228.8591,-0.834058,-0.233086,0.048085,0.008782,0.9147
F39->F40,38,171,200.2065,249.6814,-0.894853,-0.204199,-0.440195,-0.012883,0.493271
F39->F40,38,172,198.6073,270.701,-0.836939,-0.171565,0.095309,-0.192701,0.932488
F39->F40,38,173,196.692,291.7325,-0.788396,-0.135526,-0.439812,0.269749,0.534564
F39->F40,38,174,194.8184,312.8517,-0.783389,-0.098193,-0.222934,0.117972,0.600698
F39->F40,38,175,192.3222,334.6766,-0.726773,-0.05785,-0.95165,-0.095181,0.227954
F39->F40,38,176,189.3657,356.3003,-0.643943,-0.004102,-1.19493,-0.011068,0.551031
F39->F40,38,177,186.8761,379.4317,-0.502307,0.073662,-6.930468,6.069334,8.790297
F39->F40,38,178,193.4359,403.4072,-0.407031,0.053205,0.258467,0.08448,0.666232
F39->F40,38,179,210.1682,420.5086,-0.296481,0.018108,-1.695353,-0.067775,1.401506
F40->F41,39,0,400.1354,419.2059,0.101386,-0.243939,2.735724,-0.832524,2.699291
F40->F41,39,1,407.7754,398.2682,0.278461,-0.231998,1.118504,-0.012033,0.868365
F40->F41,39,2,412.777,374.5045,0.489806,-0.136739,4.124262,-0.802796,3.694984
F40->F41,39,3,416.8312,353.1173,0.580128,-0.106467,0.547565,0.190157,0.298406
F40->F41,39,4,418.8492,332.2028,0.62224,-0.113473,0.884352,0.030056,0.298836
F40->F41,39,5,415.5801,312.3674,0.712262,-0.136577,0.376245,0.164173,0.450952
F40->F41,39,6,411.6123,291.7161,0.78011,-0.15363,0.37714,0.225999,0.553627
F40->F41,39,7,406.6635,271.272,0.806379,-0.162669,0.323362,0.024603,0.518051
F40->F41,39,8,401.2471,250.7001,0.840156,-0.181743,0.29085,0.060849,0.600491
F40->F41,39,9,395.6218,230.0899,0.846283,-0.187774,0.425287,0.0074,0.464037
F40->F41,39,10,390.512,209.7731,0.789248,-0.183161,0.217368,0.167703,0.670934
F40->F41,39,11,385.5417,189.8445,0.685824,-0.173622,0.543128,-0.207818,0.146736
F40->F41,39,12,380.0387,170.0629,0.59304,-0.178125,0.225675,-0.266075,0.377746
F40->F41,39,13,373.1129,150.6996,0.490341,-0.176549,0.450027,-0.009958,0.1714
F40->F41,39,14,363.4191,132.9804,0.367694,-0.165936,0.263559,-0.001895,0.194303
F40->F41,39,15,350.9367,117.3125,0.250956,-0.110898,0.275034,0.011378,0.124625
F40->F41,39,16,336.4698,105.7154,0.123504,-0.065117,-0.12987,-0.117017,0.258635
F40->F41,39,17,319.8276,99.6402,0.015971,-0.020717,0.0213,0.205507,0.226287
F40->F41,39,18,302.0853,99.4382,-0.063359,0.00084,-0.020539,0.04465,0.061261
F40->F41,39,19,284.29,105.2224,-0.115713,0.018661,-0.057535,-0.098848,0.131122
F40->F41,39,20,267.9763,116.3932,-0.148717,0.005384,-0.044446,0.038052,0.109269
F40->F41,39,21,254.0464,131.7442,-0.201565,-0.048559,-0.084628,0.194496,0.269722
F40->F41,39,22,243.8143,149.6307,-0.332372,-0.102913,-0.376213,-0.091459,0.045313
F40->F41,39,23,238.8016,169.7099,-0.516979,-0.141994,-0.008489,-0.087221,0.511432
F40->F41,39,24,236.3153,190.149,-0.702342,-0.166872,0.089548,0.038603,0.818114
F40->F41,39,25,235.6752,210.9612,-0.846512,-0.176227,-0.260961,-0.214374,0.586792
F40->F41,39,26,235.9223,231.4746,-0.950566,-0.173027,-0.182579,-0.140763,0.768664
F40->F41,39,27,234.8822,252.1423,-0.987155,-0.163429,-0.541712,-0.12008,0.447547
F40->F41,39,28,232.6901,273.0344,-0.971327,-0.154356,-0.715228,-0.126484,0.257611
F40->F41,39,29,229.918,294.3131,-0.980185,-0.153877,-0.959179,0.009687,0.164908
F40->F41,39,30,227.4972,315.7457,-0.947049,-0.164314,-0.823397,0.135132,0.323971
F40->F41,39,31,225.9144,337.0795,-0.888842,-0.185677,-0.643683,-0.039943,0.285204
F40->F41,39,32,224.4469,357.6567,-0.803858,-0.190609,-0.111631,-0.084355,0.700335
F40->F41,39,33,224.7583,376.9319,-0.660394,-0.16332,-0.566756,-0.087552,0.120453
F40->F41,39,34,227.8617,396.428,-0.510069,-0.106092,-1.094216,-0.046092,0.58722
F40->F41,39,35,232.9522,414.9372,-0.369819,-0.053869,0.852778,-0.017802,1.22313
F40->F41,39,36,407.5576,419.3072,0.076539,-0.183181,2.722011,-0.823853,2.721944
F40->F41,39,37,414.3219,398.3044,0.26103,-0.151638,0.893053,-0.01258,0.647139
F40->F41,39,38,420.5525,374.3599,0.439284,-0.033255,1.191922,-0.004839,0.753174
F40->F41,39,39,426.2706,352.6945,0.436472,-0.010035,-0.88065,0.953336,1.631837
F40->F41,39,40,426.7684,331.8441,0.485501,-0.052008,0.89294,0.086574,0.430363
F40->F41,39,41,423.4821,311.1962,0.616271,-0.097053,0.399842,0.273926,0.429495
F40->F41,39,42,419.495,290.1222,0.715399,-0.131523,0.231941,0.089208,0.531464
F40->F41,39,43,415.1048,269.1217,0.754471,-0.150304,0.342788,0.054069,0.459622
F40->F41,39,44,410.4944,248.1608,0.761938,-0.165329,0.352563,0.082136,0.478359
F40->F41,39,45,405.83,227.1755,0.74966,-0.172876,0.170466,0.005907,0.606159
F40->F41,39,46,400.7629,206.8732,0.677046,-0.167475,0.429097,0.20704,0.449155
F40->F41,39,47,395.8142,186.4011,0.579498,-0.160242,0.359816,0.050218,0.304227
F40->F41,39,48,389.6321,166.1918,0.469089,-0.151497,-0.327417,-0.303818,0.81094
F40->F41,39,49,381.0446,146.4498,0.393153,-0.146046,0.351939,0.155824,0.30467
F40->F41,39,50,369.9429,127.5281,0.308639,-0.125404,0.113386,-0.036501,0.21454
F40->F41,39,51,355.9974,110.86,0.210372,-0.055238,0.195197,0.015592,0.072438
F40->F41,39,52,339.5483,98.675,0.102835,-0.0049,0.01253,-0.111229,0.139502
F40->F41,39,53,320.9074,92.7845,0.010221,0.029794,0.039953,0.109118,0.084712
F40->F41,39,54,301.5514,93.2767,-0.072728,0.045619,-0.111162,0.073462,0.04746
F40->F41,39,55,281.9624,99.537,-0.111443,0.056321,-0.097477,-0.037953,0.095302
F40->F41,39,56,264.493,111.8713,-0.134874,0.023384,0.064891,0.04403,0.20083
F40->F41,39,57,250.2047,128.7426,-0.172647,-0.039306,-0.093877,0.288687,0.337318
F40->F41,39,58,239.2628,147.7047,-0.292748,-0.103284,-0.427005,-0.145632,0.140777
F40->F41,39,59,232.6578,168.4727,-0.440248,-0.143335,-0.088701,-0.183785,0.353867
F40->F41,39,60,228.8439,189.3139,-0.617586,-0.173438,-0.002229,-0.015376,0.635333
F40->F41,39,61,227.5539,210.1325,-0.796008,-0.187877,-0.224237,-0.079166,0.582014
F40->F41,39,62,227.4512,230.7632,-0.939646,-0.190222,-0.394396,-0.263195,0.550111
F40->F41,39,63,226.2488,251.4832,-0.968616,-0.176533,-0.723526,-0.255594,0.257526
F40->F41,39,64,223.9375,272.3764,-0.919607,-0.164482,-0.632121,-0.225742,0.29394
F40->F41,39,65,221.2823,293.6998,-0.894293,-0.160031,-0.657043,-0.120415,0.240534
F40->F41,39,66,219.174,315.0911,-0.877709,-0.161984,-0.402554,0.381047,0.721564
F40->F41,39,67,217.2156,336.6428,-0.822905,-0.175463,-0.161426,0.160512,0.741912
F40->F41,39,68,215.0231,357.3455,-0.740977,-0.173515,0.220851,-0.147492,0.96218
F40->F41,39,69,215.1393,377.6088,-0.593004,-0.151042,1.093133,0.855636,1.963787
F40->F41,39,70,219.1671,397.8494,-0.432949,-0.116239,-0.313276,0.206602,0.344307
F40->F41,39,71,227.1707,416.6223,-0.342271,-0.032284,0.609583,0.093346,0.960109
F40->F41,39,72,414.6922,420.6901,0.033464,-0.112324,1.916386,-0.704115,1.973731
F40->F41,39,73,421.3205,399.2694,0.246362,-0.04896,-0.118857,-0.021253,0.366268
F40->F41,39,74,427.8833,375.608,0.390324,0.045895,0.808926,-0.129291,0.453781
F40->F41,39,75,432.8547,353.1765,0.364984,0.057502,-1.160639,1.015276,1.801349
F40->F41,39,76,432.6436,331.3719,0.426566,-0.004073,0.888374,0.020329,0.462452
F40->F41,39,77,430.5946,310.2587,0.556324,-0.066928,0.733468,-0.055586,0.177507
F40->F41,39,78,426.8591,288.7124,0.662856,-0.110627,0.470153,0.116362,0.297754
F40->F41,39,79,423.4069,267.0817,0.704852,-0.139263,0.44153,0.153845,0.394019
F40->F41,39,80,420.0356,245.5159,0.701486,-0.155538,2.102312,-0.883097,1.578499
F40->F41,39,81,415.8819,224.5523,0.664566,-0.163326,0.227624,-0.035057,0.45538
F40->F41,39,82,410.8583,204.0963,0.594778,-0.161762,0.396834,0.144639,0.364779
F40->F41,39,83,405.0244,183.4891,0.504542,-0.154781,-0.041857,0.027004,0.575845
F40->F41,39,84,398.4845,162.8232,0.396947,-0.144273,-0.42064,-0.240054,0.823178
F40->F41,39,85,388.9197,142.5281,0.321345,-0.130997,0.42509,0.220513,0.366501
F40->F41,39,86,376.7621,122.5096,0.259248,-0.096534,0.041012,-0.036241,0.226412
F40->F41,39,87,361.0196,104.8877,0.17904,-0.033388,0.080781,0.037552,0.121191
F40->F41,39,88,342.5851,92.0077,0.089534,0.033634,0.244479,0.009889,0.156754
F40->F41,39,89,321.8581,86.4214,0.004731,0.064101,0.133032,0.181742,0.174071
F40->F41,39,90,300.6587,87.3735,-0.073991,0.081584,-0.126602,0.052024,0.060346
F40->F41,39,91,279.5469,94.194,-0.108626,0.080882,-0.117506,0.009641,0.071792
F40->F41,39,92,260.612,107.6791,-0.120302,0.02132,0.080676,0.111167,0.220147
F40->F41,39,93,246.4888,125.9363,-0.171403,-0.046107,-0.106145,0.28831,0.340725
F40->F41,39,94,234.7454,145.9272,-0.261904,-0.113745,-0.339761,-0.060414,0.094372
F40->F41,39,95,226.5706,167.2619,-0.371047,-0.15613,-0.08493,-0.249389,0.300932
F40->F41,39,96,221.2438,188.5144,-0.536013,-0.183432,-0.193785,-0.049803,0.367392
F40->F41,39,97,219.5839,209.4088,-0.747944,-0.202885,-0.150892,-0.093086,0.607064
F40->F41,39,98,218.8874,230.1029,-0.901744,-0.206666,-0.361309,-0.092473,0.552368
F40->F41,39,99,217.3508,250.7996,-0.95079,-0.190527,-0.221789,0.089126,0.7808
F40->F41,39,100,215.2782,271.7627,-0.87856,-0.171602,-0.464309,0.088576,0.48918
F40->F41,39,101,212.7769,292.9868,-0.835873,-0.159596,-0.495493,0.057637,0.403793
F40->F41,39,102,210.8744,314.5031,-0.824829,-0.154078,-1.478236,0.256513,0.771703
F40->F41,39,103,208.6314,336.2502,-0.770408,-0.149844,-0.343842,0.170386,0.533392
F40->F41,39,104,206.0849,357.2583,-0.686185,-0.138057,-0.418917,-0.003344,0.299299
F40->F41,39,105,205.5975,378.3582,-0.541464,-0.111799,-1.130864,0.169189,0.652952
F40->F41,39,106,210.3853,398.837,-0.377682,-0.106377,0.844018,0.921972,1.596889
F40->F41,39,107,221.16,417.9983,-0.312464,-0.034789,0.077199,0.202741,0.456352
F40->F41,39,108,421.5762,421.8119,-0.001387,-0.045894,0.379615,-0.182393,0.404715
F40->F41,39,109,427.964,400.007,0.233922,0.018611,-1.077924,0.009814,1.311875
F40->F41,39,110,435.4872,377.2276,0.352557,0.109436,0.255814,0.060886,0.108242
F40->F41,39,111,438.354,353.644,0.360057,0.109899,-0.730656,1.075513,1.456731
F40->F41,39,112,438.6993,331.1491,0.423302,0.050091,0.59534,-0.086749,0.219824
F40->F41,39,113,436.8267,309.4815,0.51959,-0.036226,0.520053,-0.130389,0.094164
F40->F41,39,114,434.2662,287.3612,0.616865,-0.092996,0.699386,0.023956,0.143135
F40->F41,39,115,431.7079,265.1614,0.655371,-0.130942,1.096635,-0.166362,0.442683
F40->F41,39,116,429.2553,243.1409,0.644312,-0.151865,2.145423,-0.885967,1.671
F40->F41,39,117,425.8264,222.0199,0.594161,-0.159263,0.181618,-0.056826,0.425071
F40->F41,39,118,420.6647,201.4767,0.527277,-0.16324,0.191462,0.050393,0.398008
F40->F41,39,119,414.6002,180.4811,0.442846,-0.156434,-0.057071,-0.123437,0.501005
F40->F41,39,120,406.7467,159.7035,0.34548,-0.147451,0.262496,0.017276,0.184449
F40->F41,39,121,396.7476,138.6213,0.276943,-0.132471,0.209,0.073251,0.216651
F40->F41,39,122,383.3563,117.6718,0.217706,-0.087833,0.072296,-0.081296,0.145557
F40->F41,39,123,366.0663,98.8843,0.148891,-0.012674,-0.029518,-0.134253,0.215896
F40->F41,39,124,345.6025,85.7992,0.06961,0.042192,0.054156,0.015419,0.030913
F40->F41,39,125,323.0337,80.1905,-0.009989,0.086072,0.244968,0.147203,0.262183
F40->F41,39,126,299.7441,81.5998,-0.067874,0.110048,-0.128556,0.062117,0.077329
F40->F41,39,127,277.0408,88.9979,-0.100932,0.094382,-0.259626,0.23564,0.212457
F40->F41,39,128,256.8038,103.5408,-0.114282,0.004254,0.071775,0.109858,0.213938
F40->F41,39,129,242.4436,123.1198,-0.162143,-0.0622,-0.014329,0.239851,0.336279
F40->F41,39,130,230.3813,144.3452,-0.237648,-0.136484,-0.299491,-0.056469,0.101129
F40->F41,39,131,220.7302,166.3418,-0.319337,-0.186429,-0.105855,-0.228987,0.217683
F40->F41,39,132,214.2071,187.8693,-0.476604,-0.201916,-0.283521,0.081038,0.342555
F40->F41,39,133,211.4807,208.685,-0.691934,-0.222869,-0.263842,-0.091127,0.447905
F40->F41,39,134,209.8557,229.3567,-0.851667,-0.220487,-0.212376,-0.126077,0.646224
F40->F41,39,135,208.3498,250.1428,-0.899179,-0.202262,-0.537763,-0.347825,0.389627
F40->F41,39,136,206.5359,271.1609,-0.834617,-0.179049,-0.662745,-0.066954,0.205196
F40->F41,39,137,204.3767,292.2728,-0.785522,-0.157244,-0.300113,0.034055,0.521743
F40->F41,39,138,202.3676,313.7847,-0.781003,-0.138787,-0.820041,0.168855,0.310109
F40->F41,39,139,200.1835,335.4341,-0.723222,-0.125505,-0.039126,0.083132,0.715203
F40->F41,39,140,197.438,356.956,-0.640969,-0.091968,-0.940291,-0.130179,0.301751
F40->F41,39,141,195.9088,378.8132,-0.509723,-0.038403,-0.830966,-0.034884,0.321262
F40->F41,39,142,201.8389,400.8483,-0.367696,-0.043265,-1.137697,0.160812,0.796585
F40->F41,39,143,215.4795,419.2497,-0.287763,-0.036942,-0.850527,0.080997,0.57499
F40->F41,39,144,428.7102,422.8876,-0.032797,0.00841,0.203394,-0.217963,0.327156
F40->F41,39,145,434.6618,401.5009,0.209002,0.073358,-3.396845,0.835953,3.685604
F40->F41,39,146,441.6258,378.5366,0.324101,0.155792,0.463398,0.122256,0.143278
F40->F41,39,147,443.8643,354.2347,0.379834,0.161613,-0.313131,0.786751,0.933273
F40->F41,39,148,444.1107,331.0772,0.437934,0.089659,0.62643,-0.126352,0.286691
F40->F41,39,149,442.999,308.6103,0.51091,-0.013755,0.680592,-0.175778,0.234614
F40->F41,39,150,441.4784,286.0733,0.583622,-0.081881,0.748104,0.043531,0.206839
F40->F41,39,151,440.0286,263.173,0.606485,-0.125619,0.557676,0.002176,0.136799
F40->F41,39,152,438.5054,240.744,0.585153,-0.151825,2.004993,-0.995631,1.651653
F40->F41,39,153,435.5881,219.5704,0.529351,-0.160591,0.034876,0.100205,0.559035
F40->F41,39,154,430.5409,198.8154,0.469334,-0.168304,0.305444,0.01121,0.243075
F40->F41,39,155,423.603,177.7515,0.393184,-0.165333,0.188281,0.079183,0.319018
F40->F41,39,156,414.9607,156.6042,0.313768,-0.164636,0.10142,0.090045,0.331593
F40->F41,39,157,404.2271,134.903,0.249265,-0.145641,0.070781,-0.196943,0.18571
F40->F41,39,158,389.9309,113.0047,0.182108,-0.088591,0.014746,0.014068,0.196338
F40->F41,39,159,371.0463,93.368,0.118238,-0.013011,0.012189,0.027725,0.113604
F40->F41,39,160,348.7332,79.8343,0.044253,0.04209,-0.017407,-0.043556,0.105533
F40->F41,39,161,323.9242,74.4559,-0.016148,0.087956,0.106046,-0.028427,0.16875
F40->F41,39,162,298.8022,76.0113,-0.058554,0.127828,-0.079734,0.020545,0.109354
F40->F41,39,163,274.197,84.2231,-0.085601,0.088373,-0.209198,0.261835,0.212991
F40->F41,39,164,252.8882,99.5805,-0.105494,-0.0183,0.080122,0.113954,0.227914
F40->F41,39,165,238.3095,120.5577,-0.158863,-0.092203,-0.075803,0.089299,0.199605
F40->F41,39,166,225.7982,142.7868,-0.221043,-0.16675,-0.241749,-0.060164,0.108579
F40->F41,39,167,214.7355,165.354,-0.290289,-0.227927,-0.257338,-0.118597,0.114187
F40->F41,39,168,207.1492,187.2577,-0.432643,-0.238369,-0.254971,0.223353,0.494727
F40->F41,39,169,203.1592,208.0463,-0.631366,-0.252633,-0.115894,-0.127096,0.530538
F40->F41,39,170,200.9448,228.626,-0.7805,-0.239097,-0.310406,-0.171934,0.474868
F40->F41,39,171,199.3116,249.4772,-0.839468,-0.215121,-1.700642,-0.890626,1.094498
F40->F41,39,172,197.7703,270.5294,-0.785555,-0.187324,-0.714404,-0.23842,0.087597
F40->F41,39,173,195.9036,291.5969,-0.740445,-0.155771,-0.224365,-0.047534,0.527308
F40->F41,39,174,194.035,312.7535,-0.739105,-0.123001,-0.707253,0.059977,0.18573
F40->F41,39,175,191.5954,334.6188,-0.686966,-0.087138,-0.680987,-0.18654,0.099582
F40->F41,39,176,188.7218,356.2962,-0.609374,-0.036424,-0.702565,-0.109877,0.118659
F40->F41,39,177,186.3738,379.5053,-0.482993,0.036291,-1.983791,-0.931283,1.785663
F40->F41,39,178,193.0289,403.4604,-0.390838,0.011909,-1.029354,0.108979,0.645852
F40->F41,39,179,209.8717,420.5267,-0.280763,-0.02913,-0.855009,0.102248,0.589083
F41->F42,40,0,400.2368,418.9619,0.069003,-0.275584,-0.192182,0.098202,0.455997
F41->F42,40,1,408.0539,398.0362,0.22935,-0.264713,-0.418231,-0.229243,0.648552
F41->F42,40,2,413.2668,374.3678,0.425583,-0.162969,-0.062443,0.044475,0.530285
F41->F42,40,3,417.4114,353.0109,0.511238,-0.126283,-0.426247,-0.210148,0.941229
F41->F42,40,4,419.4714,332.0893,0.549729,-0.126897,-0.037324,-0.296294,0.611004
F41->F42,40,5,416.2924,312.2309,0.635083,-0.144765,0.74888,-0.147644,0.113833
F41->F42,40,6,412.3924,291.5625,0.699838,-0.157726,0.843601,-0.082126,0.162429
F41->F42,40,7,407.4698,271.1094,0.727191,-0.16365,0.449926,0.104395,0.385647
F41->F42,40,8,402.0872,250.5184,0.757942,-0.179032,0.651615,-0.167393,0.106963
F41->F42,40,9,396.4681,229.9022,0.761814,-0.180879,0.270991,0.044445,0.540072
F41->F42,40,10,391.3013,209.59,0.710639,-0.173916,0.478635,0.101487,0.3601
F41->F42,40,11,386.2275,189.6708,0.620169,-0.16343,0.699751,-0.07094,0.122015
F41->F42,40,12,380.6318,169.8848,0.538464,-0.165644,0.603021,-0.243532,0.101165
F41->F42,40,13,373.6033,150.523,0.446877,-0.162484,0.287741,0.161888,0.361305
F41->F42,40,14,363.7868,132.8145,0.337558,-0.151809,0.259003,0.242834,0.402385
F41->F42,40,15,351.1877,117.2016,0.232682,-0.099642,-0.025133,-0.071009,0.259401
F41->F42,40,16,336.5933,105.6503,0.114662,-0.057069,0.09902,-0.097789,0.043622
F41->F42,40,17,319.8436,99.6195,0.013838,-0.015429,0.069993,-0.024047,0.056812
F41->F42,40,18,302.022,99.4391,-0.060387,0.004119,-0.036046,0.000902,0.024552
F41->F42,40,19,284.1742,105.2411,-0.109153,0.018387,-0.11284,0.059314,0.041093
F41->F42,40,20,267.8276,116.3986,-0.139015,0.003841,-0.258443,-0.040974,0.12756
F41->F42,40,21,253.8448,131.6956,-0.186707,-0.047577,-0.189637,-0.044499,0.004249
F41->F42,40,22,243.482,149.5278,-0.305736,-0.099824,-0.429522,0.017084,0.170266
F41->F42,40,23,238.2846,169.5679,-0.471842,-0.137419,-0.09563,-0.068333,0.382502
F41->F42,40,24,235.613,189.9821,-0.640142,-0.163542,-0.410481,-0.020536,0.270546
F41->F42,40,25,234.8287,210.7849,-0.775153,-0.176958,-0.603558,-0.136709,0.176252
F41->F42,40,26,234.9717,231.3016,-0.870013,-0.177731,-0.611403,-0.134881,0.262136
F41->F42,40,27,233.8951,251.9789,-0.898683,-0.172003,-0.609621,-0.029228,0.322399
F41->F42,40,28,231.7187,272.88,-0.87615,-0.166024,-0.382953,0.053535,0.539861
F41->F42,40,29,228.9379,294.1593,-0.883926,-0.1682,-0.440305,0.026333,0.484399
F41->F42,40,30,226.5502,315.5814,-0.858889,-0.180651,-0.15894,0.238701,0.815957
F41->F42,40,31,225.0256,336.8938,-0.808007,-0.202768,-0.169832,0.035742,0.681289
F41->F42,40,32,223.6431,357.4661,-0.735309,-0.209912,-1.066955,0.066861,0.431964
F41->F42,40,33,224.0979,376.7686,-0.606281,-0.186722,-0.184555,0.02104,0.470126
F41->F42,40,34,227.3516,396.322,-0.473676,-0.134543,-0.357638,0.09737,0.259323
F41->F42,40,35,232.5824,414.8833,-0.34603,-0.088574,-0.352975,-0.012223,0.076666
F41->F42,40,36,407.6342,419.124,0.045835,-0.219044,-0.526596,0.22017,0.721517
F41->F42,40,37,414.5829,398.1527,0.212551,-0.185618,-0.386321,-0.246287,0.601937
F41->F42,40,38,420.9917,374.3266,0.378478,-0.069089,0.59892,0.018102,0.237059
F41->F42,40,39,426.707,352.6845,0.383742,-0.039756,-0.350161,-0.291195,0.77578
F41->F42,40,40,427.2539,331.7921,0.430452,-0.071656,0.181125,-0.073878,0.249337
F41->F42,40,41,424.0983,311.0991,0.550572,-0.109179,0.399106,0.13509,0.287419
F41->F42,40,42,420.2104,289.9906,0.642997,-0.137834,0.759161,-0.057796,0.141068
F41->F42,40,43,415.8592,268.9714,0.681139,-0.152922,0.324333,0.106094,0.440907
F41->F42,40,44,411.2564,247.9955,0.688218,-0.164636,0.326828,0.04875,0.419686
F41->F42,40,45,406.5797,227.0027,0.674587,-0.167984,1.906935,-0.875297,1.420905
F41->F42,40,46,401.44,206.7057,0.609692,-0.160409,1.652297,-1.120472,1.417302
F41->F42,40,47,396.3937,186.2408,0.524524,-0.151929,0.395268,0.31175,0.481358
F41->F42,40,48,390.1012,166.0403,0.42646,-0.142359,0.474158,0.166745,0.312763
F41->F42,40,49,381.4378,146.3038,0.359102,-0.135756,0.363808,0.132206,0.268004
F41->F42,40,50,370.2516,127.4027,0.28408,-0.11562,0.158474,0.15884,0.301836
F41->F42,40,51,356.2077,110.8048,0.195751,-0.048902,0.05301,-0.068296,0.144052
F41->F42,40,52,339.6512,98.6701,0.095581,-0.001318,0.194245,-0.041025,0.106354
F41->F42,40,53,320.9176,92.8143,0.008788,0.031578,-0.013766,0.019983,0.02536
F41->F42,40,54,301.4787,93.3223,-0.068832,0.044917,-0.083989,0.050892,0.016292
F41->F42,40,55,281.8509,99.5934,-0.104406,0.052603,-0.005386,0.08178,0.103229
F41->F42,40,56,264.3581,111.8947,-0.125705,0.019438,-0.051828,-0.039503,0.094509
F41->F42,40,57,250.0321,128.7033,-0.160225,-0.039897,-0.148374,-0.129548,0.090431
F41->F42,40,58,238.9701,147.6014,-0.269822,-0.101243,-0.374865,0.011581,0.154154
F41->F42,40,59,232.2175,168.3294,-0.401627,-0.140086,-0.01384,-0.12135,0.388239
F41->F42,40,60,228.2263,189.1405,-0.562947,-0.170656,-0.22486,-0.139245,0.339543
F41->F42,40,61,226.7579,209.9447,-0.728157,-0.188564,-1.826664,-0.833388,1.27378
F41->F42,40,62,226.5116,230.573,-0.858075,-0.194223,-0.762623,-0.03321,0.18718
F41->F42,40,63,225.2802,251.3067,-0.881754,-0.184379,-0.51212,-0.107768,0.37749
F41->F42,40,64,223.0179,272.2119,-0.830535,-0.175747,-0.311702,0.066646,0.572662
F41->F42,40,65,220.388,293.5398,-0.808106,-0.173941,-0.264975,0.216431,0.668866
F41->F42,40,66,218.2963,314.9291,-0.797675,-0.178138,0.322827,0.214418,1.187277
F41->F42,40,67,216.3927,336.4673,-0.749597,-0.19283,-0.099457,0.00039,0.678245
F41->F42,40,68,214.2821,357.172,-0.678842,-0.192399,-0.814945,0.02871,0.259641
F41->F42,40,69,214.5463,377.4578,-0.547183,-0.172448,-0.113155,-0.055842,0.449419
F41->F42,40,70,218.7341,397.7332,-0.405079,-0.14462,0.056206,-0.021157,0.477521
F41->F42,40,71,226.8284,416.59,-0.320752,-0.069115,-0.285655,-0.059076,0.036505
F41->F42,40,72,414.7257,420.5778,0.00332,-0.151539,-0.237468,0.044688,0.310619
F41->F42,40,73,421.5669,399.2204,0.197808,-0.092081,0.254519,-0.101721,0.057524
F41->F42,40,74,428.2736,375.6539,0.332443,0.001142,0.448821,0.294747,0.315829
F41->F42,40,75,433.2197,353.234,0.320758,0.022243,0.199005,-0.19261,0.246952
F41->F42,40,76,433.0702,331.3678,0.382207,-0.027632,0.457723,0.057866,0.114072
F41->F42,40,77,431.1509,310.1917,0.498258,-0.081888,0.301312,0.138743,0.295746
F41->F42,40,78,427.5219,288.6018,0.597849,-0.119083,0.483652,0.296385,0.430876
F41->F42,40,79,424.1118,266.9425,0.636045,-0.143122,0.156451,0.171061,0.573342
F41->F42,40,80,420.7371,245.3604,0.633623,-0.155882,-0.136839,-0.221627,0.773261
F41->F42,40,81,416.5465,224.389,0.598122,-0.160003,1.867078,-0.938377,1.488663
F41->F42,40,82,411.4531,203.9345,0.535772,-0.156093,1.323296,-0.639886,0.924256
F41->F42,40,83,405.529,183.3343,0.456683,-0.147884,0.48899,0.214749,0.36407
F41->F42,40,84,398.8814,162.6789,0.361022,-0.136624,0.538331,-0.259192,0.215549
F41->F42,40,85,389.2411,142.3971,0.293946,-0.123213,0.207086,0.003725,0.153812
F41->F42,40,86,377.0214,122.413,0.238994,-0.0901,-0.010148,0.067483,0.294796
F41->F42,40,87,361.1986,104.8543,0.166672,-0.029383,0.082786,0.109831,0.162535
F41->F42,40,88,342.6746,92.0413,0.083497,0.034165,0.069659,0.033455,0.013856
F41->F42,40,89,321.8629,86.4855,0.004048,0.063337,-0.11555,-0.028224,0.150623
F41->F42,40,90,300.5847,87.4551,-0.069545,0.078121,-0.098105,0.0375,0.049656
F41->F42,40,91,279.4382,94.2748,-0.100895,0.074398,0.057915,0.152856,0.177133
F41->F42,40,92,260.4917,107.7004,-0.111289,0.015602,-0.093986,-0.09262,0.109597
F41->F42,40,93,246.3174,125.8902,-0.159215,-0.047558,-0.176866,-0.070224,0.028728
F41->F42,40,94,234.4835,145.8135,-0.241764,-0.111965,-0.175752,0.0835,0.206312
F41->F42,40,95,226.1996,167.1057,-0.338749,-0.153255,-0.161298,-0.179289,0.179351
F41->F42,40,96,220.7078,188.331,-0.488912,-0.181212,-0.130823,-0.012822,0.395706
F41->F42,40,97,218.836,209.2059,-0.682962,-0.203122,-0.183292,-0.23274,0.500547
F41->F42,40,98,217.9856,229.8962,-0.821391,-0.209835,-0.493466,0.217072,0.538316
F41->F42,40,99,216.4,250.6091,-0.864308,-0.197738,-0.915831,-0.091009,0.118514
F41->F42,40,100,214.3996,271.5911,-0.794938,-0.18232,-2.721469,-0.915122,2.061193
F41->F42,40,101,211.941,292.8273,-0.756785,-0.173362,-0.944498,-0.001163,0.254732
F41->F42,40,102,210.0496,314.3491,-0.750993,-0.170546,-0.25992,-0.020939,0.513356
F41->F42,40,103,207.861,336.1003,-0.703195,-0.168605,-2.436403,-0.899934,1.881184
F41->F42,40,104,205.3987,357.1202,-0.629413,-0.158155,-0.471872,6.340127,6.500192
F41->F42,40,105,205.056,378.2464,-0.503314,-0.134312,0.387443,-0.172543,0.891576
F41->F42,40,106,210.0076,398.7306,-0.356877,-0.134998,0.104235,-0.004864,0.479123
F41->F42,40,107,220.8476,417.9635,-0.292902,-0.071911,-0.556814,-0.220304,0.302771
F41->F42,40,108,421.5748,421.766,-0.032203,-0.08747,0.892903,0.035521,0.933247
F41->F42,40,109,428.1979,400.0256,0.184506,-0.027554,0.688264,-0.169002,0.52324
F41->F42,40,110,435.8398,377.3371,0.297663,0.06042,0.201231,0.164178,0.141651
F41->F42,40,111,438.7141,353.7539,0.315996,0.071585,0.399336,0.019017,0.098534
F41->F42,40,112,439.1226,331.1992,0.381334,0.023166,0.631536,-0.156493,0.308023
F41->F42,40,113,437.3463,309.4453,0.469562,-0.053985,0.357609,0.139687,0.223702
F41->F42,40,114,434.883,287.2682,0.557752,-0.103189,0.372695,0.267106,0.413963
F41->F42,40,115,432.3632,265.0305,0.590568,-0.135745,0.290765,0.167874,0.426693
F41->F42,40,116,429.8996,242.989,0.581801,-0.152846,0.049672,-0.143878,0.532205
F41->F42,40,117,426.4205,221.8606,0.535153,-0.157028,1.778,-0.994856,1.498874
F41->F42,40,118,421.192,201.3134,0.474735,-0.15813,0.101027,-0.050084,0.389014
F41->F42,40,119,415.0431,180.3247,0.400271,-0.150218,0.538301,-0.255462,0.173575
F41->F42,40,120,407.0922,159.556,0.314436,-0.14065,0.352767,0.118241,0.261713
F41->F42,40,121,397.0245,138.4889,0.253321,-0.125747,0.128789,0.130368,0.284786
F41->F42,40,122,383.574,117.584,0.200883,-0.082952,-0.058885,-0.144271,0.266907
F41->F42,40,123,366.2152,98.8716,0.138687,-0.010874,0.101316,0.174255,0.188863
F41->F42,40,124,345.6721,85.8414,0.065124,0.042007,-0.009652,0.050364,0.075242
F41->F42,40,125,323.0238,80.2766,-0.009219,0.083575,-0.134867,-0.014655,0.159488
F41->F42,40,126,299.6762,81.7099,-0.063483,0.104267,-0.089469,0.058136,0.052946
F41->F42,40,127,276.9399,89.0923,-0.092843,0.085779,0.07513,-0.057013,0.220465
F41->F42,40,128,256.6895,103.5451,-0.104774,-0.001788,-0.145828,-0.036365,0.053675
F41->F42,40,129,242.2814,123.0576,-0.150229,-0.063799,-0.251214,-0.03967,0.103828
F41->F42,40,130,230.1436,144.2087,-0.2196,-0.133946,-0.164495,0.042514,0.184864
F41->F42,40,131,220.4109,166.1554,-0.292677,-0.182666,-0.256435,-0.146398,0.051273
F41->F42,40,132,213.7305,187.6673,-0.435089,-0.199532,-0.043324,-0.048064,0.420027
F41->F42,40,133,210.7888,208.4621,-0.63049,-0.222209,-0.126235,-0.044477,0.53466
F41->F42,40,134,209.004,229.1362,-0.77423,-0.222974,-0.214537,-0.111746,0.570639
F41->F42,40,135,207.4506,249.9406,-0.817343,-0.208945,-0.977947,-0.16795,0.165754
F41->F42,40,136,205.7013,270.9819,-0.756639,-0.18933,-0.87944,-0.272519,0.148325
F41->F42,40,137,203.5912,292.1155,-0.71252,-0.170977,-0.72983,-0.05757,0.11472
F41->F42,40,138,201.5866,313.646,-0.712303,-0.156329,-1.30718,-0.789465,0.868757
F41->F42,40,139,199.4603,335.3086,-0.661656,-0.145528,0.095433,-0.254636,0.764911
F41->F42,40,140,196.7971,356.864,-0.589043,-0.114553,-8.223644,1.996409,7.921066
F41->F42,40,141,195.399,378.7748,-0.47598,-0.065291,-8.625432,-8.157316,11.48453
F41->F42,40,142,201.4712,400.8051,-0.348161,-0.075008,-0.240459,0.14436,0.244381
F41->F42,40,143,215.1917,419.2128,-0.270072,-0.07462,-0.272464,0.028206,0.102854
F41->F42,40,144,428.6774,422.896,-0.064242,-0.035297,4.415345,6.19799,7.675974
F41->F42,40,145,434.8708,401.5743,0.159889,0.024777,1.016346,-0.061384,0.86078
F41->F42,40,146,441.9499,378.6924,0.27242,0.104811,0.318883,0.19171,0.09854
F41->F42,40,147,444.2441,354.3963,0.332884,0.120771,2.725822,-1.042364,2.660645
F41->F42,40,148,444.5486,331.1669,0.39601,0.060074,0.65775,-0.15587,0.339323
F41->F42,40,149,443.5099,308.5966,0.463169,-0.033113,0.627887,-0.123234,0.18776
F41->F42,40,150,442.062,285.9914,0.527861,-0.093341,0.450103,0.291975,0.393083
F41->F42,40,151,440.6351,263.0474,0.54696,-0.13135,0.078762,-0.019775,0.481309
F41->F42,40,152,439.0906,240.5922,0.528531,-0.153276,0.160167,0.179577,0.49647
F41->F42,40,153,436.1174,219.4099,0.476776,-0.15879,0.176454,-0.167264,0.300441
F41->F42,40,154,431.0102,198.6471,0.423015,-0.163469,0.114628,0.007786,0.352748
F41->F42,40,155,423.9962,177.5861,0.354817,-0.158955,0.363657,0.107052,0.266154
F41->F42,40,156,415.2745,156.4396,0.286308,-0.157416,1.092526,-0.716943,0.981354
F41->F42,40,157,404.4763,134.7574,0.227945,-0.138507,0.218127,-0.012939,0.125951
F41->F42,40,158,390.113,112.9161,0.168346,-0.084314,0.053363,-0.038966,0.123602
F41->F42,40,159,371.1645,93.355,0.110276,-0.011449,0.070246,-0.066533,0.068093
F41->F42,40,160,348.7775,79.8764,0.04151,0.041709,-0.045583,0.112873,0.11247
F41->F42,40,161,323.908,74.5439,-0.014927,0.085155,0.060259,0.052131,0.082119
F41->F42,40,162,298.7437,76.1391,-0.054559,0.120638,-0.061113,0.108073,0.014172
F41->F42,40,163,274.1114,84.3115,-0.077738,0.078735,0.0402,-0.132568,0.241988
F41->F42,40,164,252.7827,99.5622,-0.095611,-0.024043,-0.347616,-0.170492,0.291469
F41->F42,40,165,238.1507,120.4655,-0.147073,-0.092483,-0.258948,-0.002304,0.143695
F41->F42,40,166,225.5771,142.6201,-0.20464,-0.162528,-0.239264,-0.121284,0.053851
F41->F42,40,167,214.4453,165.1261,-0.26713,-0.221873,-0.246118,-0.049059,0.174087
F41->F42,40,168,206.7166,187.0194,-0.394954,-0.234002,-0.184798,-0.133421,0.232985
F41->F42,40,169,202.5279,207.7936,-0.574115,-0.250178,-0.071555,0.004301,0.563317
F41->F42,40,170,200.1643,228.3869,-0.708734,-0.24055,-0.215775,-0.131283,0.504923
F41->F42,40,171,198.4722,249.2621,-0.76282,-0.221059,-0.835746,-0.126698,0.119256
F41->F42,40,172,196.9848,270.3421,-0.713795,-0.197499,-1.014695,-0.073937,0.325282
F41->F42,40,173,195.1632,291.4412,-0.672707,-0.170064,-0.591789,-0.080321,0.120836
F41->F42,40,174,193.2959,312.6305,-0.675197,-0.141766,0.163353,-0.061144,0.842416
F41->F42,40,175,190.9084,334.5316,-0.6299,-0.110338,-0.311579,-0.082257,0.319557
F41->F42,40,176,188.1124,356.2597,-0.560453,-0.062796,-0.406752,0.113628,0.233986
F41->F42,40,177,185.8908,379.5416,-0.452933,0.003737,-7.511195,-8.282781,10.885102
F41->F42,40,178,192.6381,403.4723,-0.368963,-0.025607,-0.328419,0.202432,0.231615
F41->F42,40,179,209.591,420.4976,-0.26255,-0.068811,-0.209897,0.044771,0.125193
F42->F43,41,0,400.3058,418.6864,0.063657,-0.310681,-0.511033,-0.152961,0.59594
F42->F43,41,1,408.2832,397.7715,0.209897,-0.297306,2.127834,-0.94355,2.023886
F42->F43,41,2,413.6924,374.2048,0.397147,-0.190257,0.853421,0.050699,0.515989
F42->F43,41,3,417.9226,352.8846,0.480819,-0.148863,0.976366,0.216043,0.615405
F42->F43,41,4,420.0211,331.9625,0.518885,-0.146679,1.323888,0.146554,0.856747
F42->F43,41,5,416.9275,312.0861,0.606736,-0.162936,-0.095299,-0.127499,0.702929
F42->F43,41,6,413.0923,291.4047,0.674465,-0.173854,-0.039856,0.00878,0.737299
F42->F43,41,7,408.197,270.9457,0.706035,-0.178182,0.286981,0.134467,0.522835
F42->F43,41,8,402.8452,250.3393,0.736864,-0.190428,0.550797,-0.081208,0.215755
F42->F43,41,9,397.2299,229.7213,0.736339,-0.188847,0.253717,0.129402,0.578106
F42->F43,41,10,392.0119,209.416,0.682107,-0.179149,0.531429,-0.360684,0.235921
F42->F43,41,11,386.8477,189.5074,0.594153,-0.167266,0.213218,-0.110068,0.385205
F42->F43,41,12,381.1702,169.7192,0.513978,-0.167303,0.381848,0.0917,0.290759
F42->F43,41,13,374.0501,150.3605,0.424804,-0.162644,0.204193,0.022852,0.288232
F42->F43,41,14,364.1243,132.6626,0.320947,-0.150988,0.139771,-0.095883,0.18937
F42->F43,41,15,351.4204,117.102,0.221418,-0.098849,0.313468,0.125638,0.242626
F42->F43,41,16,336.708,105.5932,0.109071,-0.056545,-0.086954,0.135765,0.274606
F42->F43,41,17,319.8574,99.6041,0.012731,-0.015587,0.047916,0.05687,0.080548
F42->F43,41,18,301.9616,99.4432,-0.057209,0.002144,-0.030847,-0.013041,0.030423
F42->F43,41,19,284.0651,105.2595,-0.103502,0.01295,-0.261586,-0.188135,0.255785
F42->F43,41,20,267.6885,116.4024,-0.132083,-0.002856,-0.143753,-0.028514,0.028187
F42->F43,41,21,253.6581,131.6481,-0.181341,-0.052045,-0.094955,-0.054046,0.086409
F42->F43,41,22,243.1762,149.4279,-0.306359,-0.102784,-0.212563,-0.115491,0.094652
F42->F43,41,23,237.8128,169.4305,-0.482428,-0.14155,-0.33277,-0.100942,0.15507
F42->F43,41,24,234.9728,189.8186,-0.667823,-0.171013,-0.420708,0.173409,0.423901
F42->F43,41,25,234.0535,210.608,-0.826645,-0.18974,-0.548446,-0.071013,0.302474
F42->F43,41,26,234.1017,231.1238,-0.944034,-0.19561,-0.715245,-0.173902,0.229817
F42->F43,41,27,232.9964,251.8069,-0.980364,-0.195074,-0.215808,-0.226567,0.765204
F42->F43,41,28,230.8426,272.714,-0.951473,-0.194165,-0.857142,-0.243753,0.106571
F42->F43,41,29,228.0539,293.9911,-0.955869,-0.200375,-0.435926,-0.001426,0.556706
F42->F43,41,30,225.6913,315.4008,-0.931857,-0.217277,-1.686716,-0.174427,0.756075
F42->F43,41,31,224.2176,336.691,-0.869918,-0.242123,-0.605717,0.045991,0.390911
F42->F43,41,32,222.9078,357.2561,-0.782781,-0.251175,-0.69055,-0.076766,0.197295
F42->F43,41,33,223.4916,376.5819,-0.635467,-0.230729,-0.602438,0.083824,0.316282
F42->F43,41,34,226.878,396.1874,-0.486672,-0.177797,-0.304662,0.075247,0.311703
F42->F43,41,35,232.2364,414.7948,-0.348828,-0.136836,-0.719626,-0.111164,0.371685
F42->F43,41,36,407.68,418.905,0.041206,-0.255115,-1.721984,-0.258403,1.763193
F42->F43,41,37,414.7954,397.9671,0.194001,-0.220547,1.897809,-0.930802,1.845922
F42->F43,41,38,421.3702,374.2576,0.35151,-0.101766,1.022853,0.020836,0.682446
F42->F43,41,39,427.0908,352.6447,0.360958,-0.068477,0.599087,0.0896,0.285821
F42->F43,41,40,427.6843,331.7204,0.409036,-0.094956,1.149274,0.159135,0.782633
F42->F43,41,41,424.6489,310.99,0.529836,-0.129183,0.088752,-0.008347,0.457336
F42->F43,41,42,420.8534,289.8528,0.622654,-0.155025,0.076243,-0.049128,0.556578
F42->F43,41,43,416.5404,268.8185,0.664791,-0.168607,0.205678,0.151254,0.55955
F42->F43,41,44,411.9446,247.8308,0.673212,-0.178059,0.355981,0.192519,0.487815
F42->F43,41,45,407.2542,226.8347,0.654954,-0.177834,-0.004392,0.024128,0.689583
F42->F43,41,46,402.0496,206.5453,0.587942,-0.16811,0.251982,-0.018497,0.367767
F42->F43,41,47,396.9182,186.0889,0.504672,-0.158186,0.26156,-0.063134,0.261033
F42->F43,41,48,390.5277,165.898,0.408669,-0.147551,0.249354,0.067622,0.267732
F42->F43,41,49,381.7969,146.168,0.342715,-0.139647,0.124857,-0.034588,0.241867
F42->F43,41,50,370.5357,127.2871,0.270808,-0.118857,0.315951,0.047868,0.172728
F42->F43,41,51,356.4035,110.7559,0.186845,-0.052523,0.203256,0.089942,0.143407
F42->F43,41,52,339.7468,98.6688,0.09108,-0.004335,-0.158029,0.085551,0.264829
F42->F43,41,53,320.9264,92.8459,0.008381,0.028263,0.007926,0.000214,0.028052
F42->F43,41,54,301.4099,93.3672,-0.064418,0.039675,0.118956,-0.022906,0.193759
F42->F43,41,55,281.7465,99.646,-0.097903,0.043893,-0.215234,-0.13133,0.210879
F42->F43,41,56,264.2324,111.9141,-0.117872,0.00993,-0.077004,-0.08866,0.106724
F42->F43,41,57,249.8718,128.6634,-0.153403,-0.046426,-0.189271,0.036597,0.09044
F42->F43,41,58,238.7003,147.5002,-0.269694,-0.105466,-0.243347,-0.141003,0.044238
F42->F43,41,59,231.8159,168.1893,-0.412684,-0.14577,-0.283081,-0.198411,0.139886
F42->F43,41,60,227.6634,188.9698,-0.59127,-0.179123,-0.533702,-0.168368,0.058565
F42->F43,41,61,226.0298,209.7561,-0.782247,-0.20264,-0.40877,0.145829,0.510799
F42->F43,41,62,225.6535,230.3788,-0.93693,-0.213121,-0.789249,-0.147994,0.161404
F42->F43,41,63,224.3984,251.1223,-0.968735,-0.208202,-0.552573,-0.339018,0.436239
F42->F43,41,64,222.1874,272.0361,-0.912723,-0.204266,-0.898736,-0.095999,0.109167
F42->F43,41,65,219.5799,293.3658,-0.885052,-0.207095,-1.991704,-0.784613,1.24828
F42->F43,41,66,217.4986,314.7509,-0.875137,-0.214879,-1.116755,-0.068227,0.282641
F42->F43,41,67,215.6431,336.2745,-0.816155,-0.232289,2.372869,0.962748,3.405582
F42->F43,41,68,213.6033,356.9796,-0.731085,-0.233318,-0.18675,0.193461,0.691694
F42->F43,41,69,213.9991,377.2854,-0.582901,-0.216047,-0.432878,0.323672,0.560182
F42->F43,41,70,218.3291,397.5885,-0.423314,-0.189546,0.668145,0.276706,1.186875
F42->F43,41,71,226.5077,416.5209,-0.325909,-0.119004,-0.187368,0.026665,0.201029
F42->F43,41,72,414.729,420.4263,-0.000646,-0.189147,-1.737137,-0.150638,1.736918
F42->F43,41,73,421.7647,399.1284,0.179547,-0.130966,0.120699,-0.01629,0.128894
F42->F43,41,74,428.6061,375.6551,0.305689,-0.037489,0.366955,0.134896,0.182948
F42->F43,41,75,433.5405,353.2562,0.303205,-0.010767,0.393277,0.187917,0.218148
F42->F43,41,76,433.4524,331.3402,0.368041,-0.053287,1.189806,0.165328,0.850347
F42->F43,41,77,431.6492,310.1098,0.48321,-0.103097,0.255545,0.069212,0.28552
F42->F43,41,78,428.1198,288.4827,0.582181,-0.13736,1.825387,-1.023327,1.526597
F42->F43,41,79,424.7478,266.7993,0.623447,-0.159581,-0.100062,-0.011081,0.738592
F42->F43,41,80,421.3707,245.2045,0.622661,-0.170542,0.463969,0.174736,0.38
F42->F43,41,81,417.1446,224.229,0.58322,-0.171495,-0.149449,-0.078859,0.738502
F42->F43,41,82,411.9889,203.7784,0.518739,-0.165409,0.280604,0.089862,0.349101
F42->F43,41,83,405.9856,183.1864,0.440589,-0.155873,0.083965,-0.094191,0.361919
F42->F43,41,84,399.2424,162.5423,0.346627,-0.143872,-0.001753,0.117035,0.435247
F42->F43,41,85,389.535,142.2738,0.281733,-0.1297,0.245208,-0.08099,0.060883
F42->F43,41,86,377.2604,122.3229,0.228497,-0.096315,0.233309,0.108609,0.20498
F42->F43,41,87,361.3653,104.825,0.159353,-0.034893,-0.074057,-0.127426,0.251082
F42->F43,41,88,342.7581,92.0755,0.079541,0.028548,0.024655,0.022912,0.055175
F42->F43,41,89,321.8669,86.5489,0.004059,0.057986,0.036713,0.045611,0.03492
F42->F43,41,90,300.5152,87.5332,-0.064721,0.07027,0.090055,0.082756,0.155279
F42->F43,41,91,279.3373,94.3492,-0.093618,0.063135,-0.160388,-0.084209,0.161767
F42->F43,41,92,260.3804,107.716,-0.103086,0.003896,-0.165857,-0.01377,0.06521
F42->F43,41,93,246.1581,125.8427,-0.150037,-0.055301,-0.335775,-0.017987,0.189449
F42->F43,41,94,234.2418,145.7015,-0.240611,-0.116866,-0.212346,-0.247661,0.133814
F42->F43,41,95,225.8608,166.9525,-0.350521,-0.160084,-0.228115,-0.214977,0.134151
F42->F43,41,96,220.2189,188.1498,-0.517509,-0.191025,-0.658412,-0.424414,0.272625
F42->F43,41,97,218.153,209.0028,-0.738286,-0.218589,-0.706468,-0.20288,0.035484
F42->F43,41,98,217.1642,229.6864,-0.901539,-0.230188,-1.061688,-0.157872,0.175719
F42->F43,41,99,215.5357,250.4113,-0.955068,-0.222564,-0.314983,0.061492,0.700282
F42->F43,41,100,213.6047,271.4087,-0.881893,-0.211618,-0.877102,0.051619,0.263281
F42->F43,41,101,211.1842,292.6539,-0.838145,-0.206792,-2.059213,-0.902025,1.405118
F42->F43,41,102,209.2986,314.1785,-0.833024,-0.2077,-9.804555,4.362629,10.068579
F42->F43,41,103,207.1578,335.9317,-0.774219,-0.208401,-3.24881,-0.947478,2.582603
F42->F43,41,104,204.7693,356.9621,-0.686509,-0.199285,-0.378131,0.188957,0.495811
F42->F43,41,105,204.5527,378.1121,-0.545264,-0.177443,2.257908,0.870575,2.992676
F42->F43,41,106,209.6507,398.5956,-0.380436,-0.18056,0.021474,0.051848,0.464269
F42->F43,41,107,220.5547,417.8916,-0.299943,-0.123315,-0.221562,0.138167,0.272977
F42->F43,41,108,421.5426,421.6785,-0.035903,-0.126142,-0.745394,-0.250392,0.720288
F42->F43,41,109,428.3824,399.9981,0.16555,-0.069272,0.026881,0.042933,0.178379
F42->F43,41,110,436.1374,377.3975,0.270973,0.017985,0.434127,0.10005,0.182631
F42->F43,41,111,439.0301,353.8255,0.299866,0.035865,0.253697,0.130797,0.105564
F42->F43,41,112,439.5039,331.2223,0.370848,-0.005027,0.806167,0.051982,0.439036
F42->F43,41,113,437.8159,309.3913,0.45993,-0.076684,0.34879,0.124399,0.229753
F42->F43,41,114,435.4408,287.165,0.546129,-0.122452,0.134043,-0.042171,0.419833
F42->F43,41,115,432.9538,264.8948,0.58148,-0.152849,0.073482,-0.064997,0.515538
F42->F43,41,116,430.4814,242.8362,0.573689,-0.168097,0.192441,-0.04473,0.400711
F42->F43,41,117,426.9557,221.7036,0.523759,-0.169741,0.079898,0.028798,0.486241
F42->F43,41,118,421.6667,201.1553,0.461347,-0.16858,0.415162,0.14305,0.315034
F42->F43,41,119,415.4434,180.1745,0.38673,-0.159377,0.08073,0.004662,0.347196
F42->F43,41,120,407.4066,159.4154,0.302655,-0.1493,0.110734,-0.032546,0.224644
F42->F43,41,121,397.2779,138.3631,0.243785,-0.133633,0.114271,-0.194099,0.142934
F42->F43,41,122,383.7749,117.501,0.192767,-0.09033,0.14052,0.056766,0.1561
F42->F43,41,123,366.3539,98.8607,0.132914,-0.01816,0.034604,-0.038404,0.100373
F42->F43,41,124,345.7372,85.8834,0.062314,0.035896,0.13843,-0.006301,0.08703
F42->F43,41,125,323.0145,80.3602,-0.008267,0.077024,0.021886,0.110639,0.045158
F42->F43,41,126,299.6127,81.8141,-0.05875,0.09428,0.103345,0.11893,0.163958
F42->F43,41,127,276.847,89.1781,-0.085159,0.072427,-0.05884,-0.012089,0.088519
F42->F43,41,128,256.5848,103.5433,-0.096351,-0.014436,-0.151603,0.055945,0.089478
F42->F43,41,129,242.1312,122.9938,-0.14031,-0.072495,-0.334024,0.145198,0.291402
F42->F43,41,130,229.924,144.0748,-0.217652,-0.139007,-0.127419,-0.240783,0.136016
F42->F43,41,131,220.1182,165.9727,-0.306106,-0.190451,0.013418,-0.357872,0.360729
F42->F43,41,132,213.2954,187.4678,-0.464512,-0.210752,-0.319892,-0.195965,0.145374
F42->F43,41,133,210.1583,208.2399,-0.686092,-0.239232,-0.666032,-0.203518,0.040961
F42->F43,41,134,208.2298,228.9132,-0.853567,-0.24465,-0.637942,-0.257162,0.215988
F42->F43,41,135,206.6333,249.7316,-0.90865,-0.234318,-0.353724,0.174471,0.68924
F42->F43,41,136,204.9447,270.7926,-0.847573,-0.219232,-0.347758,0.195102,0.64922
F42->F43,41,137,202.8787,291.9445,-0.797754,-0.204589,-0.343446,0.004044,0.499923
F42->F43,41,138,200.8743,313.4896,-0.797416,-0.193077,-9.203684,5.843563,10.34922
F42->F43,41,139,198.7986,335.1631,-0.737169,-0.184885,-0.423626,0.174529,0.476957
F42->F43,41,140,196.208,356.7495,-0.65045,-0.154769,-3.58996,-1.138792,3.099841
F42->F43,41,141,194.9231,378.7095,-0.522984,-0.105541,-2.794449,-0.186662,2.272914
F42->F43,41,142,201.123,400.7301,-0.373507,-0.118235,-1.298277,0.16083,0.965959
F42->F43,41,143,214.9216,419.1382,-0.278636,-0.124955,-0.547231,0.060882,0.326617
F42->F43,41,144,428.6132,422.8607,-0.067571,-0.074983,0.00193,-0.177892,0.12418
F42->F43,41,145,435.0307,401.5991,0.141346,-0.01873,-0.661975,0.127692,0.816556
F42->F43,41,146,442.2223,378.7972,0.246474,0.059936,0.134787,0.068872,0.112044
F42->F43,41,147,444.577,354.5171,0.315902,0.08265,0.097883,0.116007,0.220556
F42->F43,41,148,444.9446,331.227,0.387342,0.030283,0.550909,-0.012082,0.168964
F42->F43,41,149,443.9731,308.5634,0.456195,-0.056671,0.324348,0.143738,0.23989
F42->F43,41,150,442.5899,285.8981,0.5192,-0.113139,0.37063,0.059363,0.227662
F42->F43,41,151,441.182,262.9161,0.540667,-0.149036,0.066895,0.055174,0.515909
F42->F43,41,152,439.6191,240.4389,0.522596,-0.16891,0.334003,0.08936,0.319798
F42->F43,41,153,436.5942,219.2511,0.468759,-0.172222,0.001095,0.13917,0.56185
F42->F43,41,154,431.4332,198.4837,0.411388,-0.174709,0.337254,0.106401,0.290721
F42->F43,41,155,424.351,177.4272,0.343215,-0.168752,0.124641,0.002484,0.277662
F42->F43,41,156,415.5608,156.2822,0.276463,-0.16632,0.190805,-0.011447,0.176983
F42->F43,41,157,404.7043,134.6189,0.22011,-0.146966,0.159387,-0.110409,0.070878
F42->F43,41,158,390.2814,112.8318,0.162261,-0.092169,0.02674,-0.034502,0.147281
F42->F43,41,159,371.2748,93.3435,0.105953,-0.018787,0.044658,-0.049706,0.068651
F42->F43,41,160,348.819,79.9181,0.040082,0.035535,0.083949,0.026551,0.044777
F42->F43,41,161,323.8931,74.629,-0.013392,0.078328,-0.04487,0.105955,0.041882
F42->F43,41,162,298.6891,76.2598,-0.050206,0.109547,0.006493,0.050557,0.081821
F42->F43,41,163,274.0337,84.3902,-0.070299,0.064294,-0.043214,0.163947,0.103269
F42->F43,41,164,252.6871,99.5382,-0.087141,-0.03701,-0.489829,0.15711,0.447035
F42->F43,41,165,238.0036,120.373,-0.136288,-0.101001,-0.303603,0.050657,0.225819
F42->F43,41,166,225.3725,142.4576,-0.202247,-0.167737,-0.046782,-0.068661,0.184351
F42->F43,41,167,214.1781,164.9042,-0.282214,-0.230565,-0.119279,-0.32317,0.187412
F42->F43,41,168,206.3216,186.7854,-0.425984,-0.246963,0.002681,-0.325955,0.435883
F42->F43,41,169,201.9537,207.5435,-0.629805,-0.268659,-0.61709,-0.150695,0.118647
F42->F43,41,170,199.4555,228.1464,-0.785868,-0.263083,-0.04773,-0.17039,0.743935
F42->F43,41,171,197.7093,249.041,-0.853701,-0.247175,-0.265506,0.158109,0.714303
F42->F43,41,172,196.271,270.1446,-0.806484,-0.227461,-0.26644,-0.0454,0.569906
F42->F43,41,173,194.4905,291.2711,-0.760719,-0.203436,-1.955742,-0.904141,1.385304
F42->F43,41,174,192.6207,312.4887,-0.763041,-0.177956,-1.481465,0.168385,0.797549
F42->F43,41,175,190.2785,334.4213,-0.708959,-0.148714,-1.301728,0.319768,0.755546
F42->F43,41,176,187.552,356.1969,-0.62506,-0.10083,-3.055789,-1.046902,2.608352
F42->F43,41,177,185.4379,379.5454,-0.502982,-0.033287,2.346356,-15.140459,15.373529
F42->F43,41,178,192.2691,403.4467,-0.392997,-0.064565,-0.745637,0.219528,0.45284
F42->F43,41,179,209.3284,420.4287,-0.271264,-0.118417,-0.446293,0.226421,0.386715
F43->F44,42,0,400.3694,418.3757,0.024874,-0.329657,-0.38672,-0.093151,0.474706
F43->F44,42,1,408.4931,397.4742,0.156126,-0.315884,-0.542173,-0.006836,0.76363
F43->F44,42,2,414.0896,374.0145,0.328069,-0.207933,1.920262,-0.877711,1.727333
F43->F44,42,3,418.4034,352.7357,0.40696,-0.161909,-0.349771,-0.251575,0.762024
F43->F44,42,4,420.54,331.8158,0.441805,-0.152414,-0.113698,-0.282252,0.570475
F43->F44,42,5,417.5342,311.9232,0.519855,-0.162594,0.939398,-0.178623,0.419849
F43->F44,42,6,413.7667,291.2309,0.58001,-0.168962,0.260845,-0.008556,0.357206
F43->F44,42,7,408.9031,270.7675,0.608842,-0.170252,-0.061233,-0.17753,0.670114
F43->F44,42,8,403.582,250.1489,0.635996,-0.178543,-0.271931,-0.305954,0.916823
F43->F44,42,9,397.9662,229.5324,0.635093,-0.174036,0.249165,-0.051632,0.404874
F43->F44,42,10,392.694,209.2369,0.591109,-0.162872,0.061887,-0.013403,0.549925
F43->F44,42,11,387.4418,189.3401,0.519558,-0.149998,1.524962,-0.938172,1.277519
F43->F44,42,12,381.6842,169.5519,0.452876,-0.148438,0.225372,-0.155579,0.227616
F43->F44,42,13,374.4749,150.1979,0.377231,-0.142862,0.376454,-0.195025,0.052169
F43->F44,42,14,364.4453,132.5117,0.288729,-0.13172,-0.011245,0.005569,0.329898
F43->F44,42,15,351.6418,117.0031,0.201953,-0.083904,-0.265051,-0.179529,0.476693
F43->F44,42,16,336.817,105.5367,0.099868,-0.045768,-0.10397,-0.208096,0.260577
F43->F44,42,17,319.8701,99.5885,0.010535,-0.008593,-0.030385,-0.112336,0.111521
F43->F44,42,18,301.9044,99.4453,-0.054367,0.006775,-0.190486,-0.073632,0.158094
F43->F44,42,19,283.9616,105.2724,-0.096662,0.015013,-0.039332,0.117751,0.117652
F43->F44,42,20,267.5565,116.3996,-0.121989,-0.001272,0.211266,0.023666,0.334187
F43->F44,42,21,253.4768,131.596,-0.161686,-0.048825,-0.329901,0.039556,0.190019
F43->F44,42,22,242.8699,149.3252,-0.263908,-0.096989,0.035285,0.033101,0.326252
F43->F44,42,23,237.3303,169.289,-0.402338,-0.132034,-0.124397,0.086856,0.353785
F43->F44,42,24,234.305,189.6476,-0.547027,-0.159605,-0.079527,-0.098853,0.47143
F43->F44,42,25,233.2269,210.4182,-0.669183,-0.180306,-0.189738,-0.086933,0.488453
F43->F44,42,26,233.1576,230.9282,-0.751512,-0.187336,-0.18369,-0.087202,0.576584
F43->F44,42,27,232.016,251.6118,-0.769375,-0.187607,-0.686537,-0.061356,0.151002
F43->F44,42,28,229.8911,272.5198,-0.738344,-0.18756,-0.456154,0.236715,0.509549
F43->F44,42,29,227.0981,293.7907,-0.743415,-0.193887,-0.182524,-0.01426,0.588952
F43->F44,42,30,224.7594,315.1835,-0.731751,-0.209466,0.201724,-0.070602,0.943747
F43->F44,42,31,223.3477,336.4489,-0.689616,-0.232839,0.040329,-0.167293,0.732882
F43->F44,42,32,222.125,357.005,-0.634163,-0.24249,-0.602798,-0.23107,0.033379
F43->F44,42,33,222.8562,376.3512,-0.526078,-0.225939,-0.415462,0.04974,0.297043
F43->F44,42,34,226.3913,396.0096,-0.417356,-0.182851,-1.840077,-0.79889,1.550367
F43->F44,42,35,231.8875,414.6579,-0.30825,-0.146511,0.108548,-0.02169,0.435087
F43->F44,42,36,407.7212,418.6499,0.004067,-0.275411,-0.529385,0.123063,0.665847
F43->F44,42,37,414.9894,397.7466,0.140163,-0.246203,-0.321201,-0.207156,0.463013
F43->F44,42,38,421.7217,374.1558,0.286773,-0.129352,-0.416255,-0.208952,0.707521
F43->F44,42,39,427.4517,352.5762,0.302456,-0.090507,-0.176822,-0.250853,0.505389
F43->F44,42,40,428.0933,331.6255,0.349369,-0.10699,-0.410013,-0.301844,0.783983
F43->F44,42,41,425.1787,310.8608,0.455978,-0.132662,0.686853,-0.185182,0.236773
F43->F44,42,42,421.4761,289.6978,0.535101,-0.152327,0.065129,0.051712,0.512354
F43->F44,42,43,417.2052,268.6499,0.572341,-0.161733,0.037454,-0.045003,0.547475
F43->F44,42,44,412.6178,247.6528,0.579466,-0.167703,-0.094575,-0.168861,0.674042
F43->F44,42,45,407.9092,226.6568,0.56311,-0.164114,0.255231,0.088635,0.398335
F43->F44,42,46,402.6376,206.3772,0.507639,-0.153019,0.385692,0.003488,0.198408
F43->F44,42,47,397.4229,185.9307,0.440108,-0.142061,0.343107,0.030686,0.198119
F43->F44,42,48,390.9363,165.7504,0.359693,-0.13092,-0.135696,-0.080104,0.497989
F43->F44,42,49,382.1396,146.0284,0.304339,-0.122413,0.013302,0.007013,0.318518
F43->F44,42,50,370.8065,127.1683,0.244121,-0.102762,0.169972,0.232338,0.343206
F43->F44,42,51,356.5903,110.7034,0.1709,-0.041523,-0.036298,-0.05387,0.207565
F43->F44,42,52,339.8378,98.6645,0.083653,0.002871,0.041834,-0.07418,0.087668
F43->F44,42,53,320.9348,92.8741,0.006952,0.031984,-0.122797,-0.130529,0.207955
F43->F44,42,54,301.3455,93.4069,-0.060938,0.041414,-0.338172,0.002298,0.279981
F43->F44,42,55,281.6486,99.6899,-0.091189,0.043205,-0.099983,0.117932,0.075242
F43->F44,42,56,264.1145,111.924,-0.109058,0.009699,0.191306,0.021677,0.300603
F43->F44,42,57,249.7184,128.617,-0.138639,-0.043811,-0.248183,0.07661,0.162791
F43->F44,42,58,238.4306,147.3947,-0.233514,-0.100019,-0.16036,-0.180245,0.108571
F43->F44,42,59,231.4032,168.0435,-0.342789,-0.136492,-0.076848,0.048357,0.323873
F43->F44,42,60,227.0721,188.7907,-0.481652,-0.168065,-0.239531,-0.112691,0.248372
F43->F44,42,61,225.2475,209.5535,-0.627651,-0.19178,0.032498,-0.2045,0.660272
F43->F44,42,62,224.7166,230.1657,-0.738897,-0.203051,-0.229545,-0.035597,0.536172
F43->F44,42,63,223.4297,250.9141,-0.755393,-0.199173,-0.483053,0.049789,0.368987
F43->F44,42,64,221.2746,271.8319,-0.702655,-0.19645,-0.03489,0.206138,0.779735
F43->F44,42,65,218.6948,293.1587,-0.683625,-0.199329,0.069176,-0.039628,0.769554
F43->F44,42,66,216.6235,314.5361,-0.682481,-0.206806,0.931726,0.078006,1.63914
F43->F44,42,67,214.827,336.0422,-0.642872,-0.223176,0.689026,0.017781,1.353518
F43->F44,42,68,212.8722,356.7462,-0.587733,-0.225166,-0.876095,0.112013,0.443669
F43->F44,42,69,213.4162,377.0693,-0.480371,-0.20911,0.161364,-0.228461,0.642026
F43->F44,42,70,217.9058,397.399,-0.362995,-0.193021,-0.315481,-0.094122,0.109721
F43->F44,42,71,226.1818,416.4019,-0.28671,-0.132238,0.294753,-0.181575,0.583552
F43->F44,42,72,414.7284,420.2371,-0.036985,-0.21348,-0.509103,0.144528,0.592508
F43->F44,42,73,421.9443,398.9974,0.125336,-0.163337,0.121358,-0.056416,0.106995
F43->F44,42,74,428.9117,375.6176,0.244166,-0.073418,-0.11797,-0.001145,0.369278
F43->F44,42,75,433.8437,353.2455,0.253094,-0.037957,0.101545,-0.095488,0.162101
F43->F44,42,76,433.8205,331.2869,0.317377,-0.069137,-0.051116,-0.140633,0.375364
F43->F44,42,77,432.1324,310.0067,0.418093,-0.109469,0.54828,-0.234683,0.18063
F43->F44,42,78,428.702,288.3453,0.500518,-0.136795,0.349042,0.173808,0.345571
F43->F44,42,79,425.3713,266.6398,0.53566,-0.153687,0.272104,0.108314,0.371626
F43->F44,42,80,421.9934,245.034,0.534523,-0.160916,0.177129,0.0259,0.403276
F43->F44,42,81,417.7278,224.0575,0.500172,-0.158694,0.419554,0.340294,0.505458
F43->F44,42,82,412.5076,203.613,0.446719,-0.150718,0.344315,0.07453,0.247433
F43->F44,42,83,406.4262,183.0305,0.383101,-0.140217,0.078314,0.123806,0.403241
F43->F44,42,84,399.589,162.3984,0.304513,-0.128332,-0.138268,-0.006107,0.459341
F43->F44,42,85,389.8168,142.1441,0.250134,-0.114002,-0.060495,0.056813,0.354497
F43->F44,42,86,377.4888,122.2266,0.20596,-0.083205,0.224339,0.193261,0.277076
F43->F44,42,87,361.5247,104.7901,0.145986,-0.025874,0.136665,0.121384,0.147553
F43->F44,42,88,342.8376,92.104,0.07315,0.033017,0.026007,0.109192,0.089583
F43->F44,42,89,321.871,86.6069,0.003151,0.059565,-0.078576,-0.056403,0.141872
F43->F44,42,90,300.4505,87.6035,-0.060897,0.069445,-0.301469,0.04506,0.241805
F43->F44,42,91,279.2437,94.4124,-0.086514,0.060206,-0.182135,0.163441,0.140715
F43->F44,42,92,260.2773,107.7199,-0.094533,0.002891,0.008954,-0.058306,0.120227
F43->F44,42,93,246.0081,125.7874,-0.137463,-0.052746,-0.078341,0.027866,0.099969
F43->F44,42,94,234.0012,145.5846,-0.209426,-0.110938,-0.209676,-0.182248,0.071311
F43->F44,42,95,225.5103,166.7924,-0.289953,-0.150029,-0.220621,0.031065,0.193913
F43->F44,42,96,219.7014,187.9588,-0.41868,-0.179466,-0.197677,0.064725,0.32935
F43->F44,42,97,217.4147,208.7842,-0.586746,-0.205601,0.103333,-0.284656,0.694593
F43->F44,42,98,216.2627,229.4562,-0.704227,-0.217458,-0.126987,0.008521,0.619898
F43->F44,42,99,214.5806,250.1888,-0.73911,-0.21171,-0.179915,0.113658,0.646964
F43->F44,42,100,212.7228,271.1971,-0.675043,-0.202598,-0.038037,0.001405,0.668875
F43->F44,42,101,210.3461,292.4471,-0.643382,-0.198912,-0.235578,0.103161,0.507495
F43->F44,42,102,208.4655,313.9708,-0.644996,-0.19996,-0.49908,-0.011285,0.238516
F43->F44,42,103,206.3836,335.7233,-0.606284,-0.201274,0.610046,0.150847,1.266273
F43->F44,42,104,204.0828,356.7628,-0.546709,-0.193687,0.608776,1.007215,1.666527
F43->F44,42,105,204.0075,377.9347,-0.448124,-0.173593,10.451638,-18.844265,21.619408
F43->F44,42,106,209.2703,398.415,-0.326401,-0.184027,-0.506856,-0.142947,0.185071
F43->F44,42,107,220.2547,417.7683,-0.261778,-0.138124,0.358598,-0.169689,0.621178
F43->F44,42,108,421.5067,421.5524,-0.072623,-0.155121,-0.689845,0.092166,0.664917
F43->F44,42,109,428.548,399.9288,0.110442,-0.10685,0.102564,0.095412,0.202415
F43->F44,42,110,436.4084,377.4155,0.210993,-0.021593,-0.15231,0.012499,0.3649
F43->F44,42,111,439.3299,353.8613,0.25053,0.006096,-0.084305,-0.090843,0.348586
F43->F44,42,112,439.8747,331.2173,0.320635,-0.024504,0.342612,0.057265,0.084671
F43->F44,42,113,438.2758,309.3146,0.399843,-0.086093,0.312273,0.043367,0.156296
F43->F44,42,114,435.9869,287.0426,0.469516,-0.12372,0.283637,0.034146,0.24387
F43->F44,42,115,433.5353,264.7419,0.498935,-0.147827,0.708009,-0.170442,0.210294
F43->F44,42,116,431.0551,242.6681,0.491019,-0.158729,2.015826,-0.802595,1.655174
F43->F44,42,117,427.4794,221.5338,0.447482,-0.15728,0.482652,0.315644,0.47423
F43->F44,42,118,422.1281,200.9867,0.395926,-0.1539,0.232875,-0.050506,0.193069
F43->F44,42,119,415.8301,180.0151,0.335039,-0.143505,-0.036157,-0.166292,0.371894
F43->F44,42,120,407.7093,159.2661,0.265377,-0.133797,0.007358,0.03821,0.310097
F43->F44,42,121,397.5216,138.2295,0.215841,-0.118243,-0.065321,0.188398,0.41603
F43->F44,42,122,383.9677,117.4107,0.173617,-0.078456,0.208273,-0.059113,0.039688
F43->F44,42,123,366.4868,98.8426,0.122055,-0.011035,0.003434,-0.241947,0.259598
F43->F44,42,124,345.7996,85.9193,0.057403,0.039514,-0.006278,0.120604,0.103107
F43->F44,42,125,323.0063,80.4372,-0.008234,0.077369,0.010399,-0.000343,0.079914
F43->F44,42,126,299.554,81.9084,-0.054879,0.091328,-0.21575,0.092445,0.160875
F43->F44,42,127,276.7619,89.2505,-0.077876,0.06785,-0.158635,0.068059,0.08076
F43->F44,42,128,256.4884,103.5289,-0.087722,-0.01504,-0.424429,-0.063991,0.340247
F43->F44,42,129,241.9909,122.9213,-0.128915,-0.069015,0.021425,-0.02836,0.15574
F43->F44,42,130,229.7064,143.9358,-0.190129,-0.131492,-0.200281,-0.099418,0.033642
F43->F44,42,131,219.8121,165.7823,-0.252725,-0.177754,-0.131864,0.014439,0.227037
F43->F44,42,132,212.8309,187.2571,-0.372905,-0.197338,-0.134719,0.025352,0.326073
F43->F44,42,133,209.4722,208.0007,-0.539937,-0.223179,0.293277,-0.25824,0.833951
F43->F44,42,134,207.3762,228.6686,-0.661409,-0.229307,-0.321336,-0.039643,0.389387
F43->F44,42,135,205.7246,249.4973,-0.699694,-0.221928,-0.67607,-0.143638,0.081776
F43->F44,42,136,204.0971,270.5733,-0.645492,-0.209134,0.210292,-0.143138,0.858325
F43->F44,42,137,202.0809,291.74,-0.608591,-0.196825,0.04269,0.14258,0.734413
F43->F44,42,138,200.0769,313.2965,-0.614279,-0.187546,-0.502711,0.163841,0.368673
F43->F44,42,139,198.0615,334.9782,-0.573741,-0.18049,0.080705,0.116925,0.718857
F43->F44,42,140,195.5576,356.5947,-0.513845,-0.154407,-4.270007,10.438061,11.238733
F43->F44,42,141,194.4001,378.604,-0.42834,-0.111549,-7.40773,8.408541,11.013801
F43->F44,42,142,200.7495,400.6118,-0.319751,-0.130291,0.733807,-0.010159,1.060385
F43->F44,42,143,214.643,419.0132,-0.242036,-0.139624,-0.121691,-0.023885,0.166968
F43->F44,42,144,428.5456,422.7857,-0.104121,-0.106747,-0.58316,0.14632,0.541776
F43->F44,42,145,435.1721,401.5803,0.087276,-0.059286,-0.265776,-0.108074,0.356407
F43->F44,42,146,442.4688,378.8571,0.187941,0.019075,0.173893,0.039597,0.02487
F43->F44,42,147,444.8929,354.5997,0.262535,0.050399,-0.031406,-0.055124,0.312308
F43->F44,42,148,445.332,331.2572,0.333531,0.00828,0.761651,-0.181227,0.468188
F43->F44,42,149,444.4293,308.5068,0.396078,-0.068034,0.081796,0.083124,0.348743
F43->F44,42,150,443.1091,285.785,0.446448,-0.115733,-0.103883,-0.200479,0.556819
F43->F44,42,151,441.7227,262.767,0.462641,-0.144963,0.201073,-0.019336,0.290173
F43->F44,42,152,440.1417,240.27,0.445038,-0.159697,1.803953,-0.97091,1.58263
F43->F44,42,153,437.0629,219.0788,0.399003,-0.15969,0.211511,-0.019574,0.234063
F43->F44,42,154,431.8446,198.309,0.350585,-0.159448,0.378222,0.060758,0.221934
F43->F44,42,155,424.6942,177.2584,0.296149,-0.152285,0.109477,-0.116083,0.19015
F43->F44,42,156,415.8373,156.1159,0.241488,-0.149289,0.138983,0.089981,0.260303
F43->F44,42,157,404.9244,134.4719,0.194298,-0.130881,0.122644,-0.094661,0.080288
F43->F44,42,158,390.4436,112.7396,0.146073,-0.080643,0.100955,-0.033877,0.064982
F43->F44,42,159,371.3808,93.3247,0.097134,-0.012093,0.045556,-0.076899,0.082825
F43->F44,42,160,348.8591,79.9536,0.037102,0.038823,-0.094296,0.151755,0.173259
F43->F44,42,161,323.8797,74.7073,-0.012649,0.078287,0.072491,0.003065,0.113609
F43->F44,42,162,298.6389,76.3693,-0.046687,0.1054,-0.123099,0.165939,0.097487
F43->F44,42,163,273.9634,84.4545,-0.063229,0.05916,-0.083714,0.076467,0.026817
F43->F44,42,164,252.6,99.5012,-0.078369,-0.0368,-0.375698,-0.241816,0.361159
F43->F44,42,165,237.8673,120.272,-0.126009,-0.095375,-0.219552,0.083284,0.201666
F43->F44,42,166,225.1702,142.2898,-0.17785,-0.157161,-0.188245,-0.032446,0.125147
F43->F44,42,167,213.8959,164.6737,-0.232582,-0.213415,0.001312,-0.006063,0.312572
F43->F44,42,168,205.8957,186.5384,-0.339022,-0.228338,-0.322248,-0.055811,0.17334
F43->F44,42,169,201.3239,207.2748,-0.490286,-0.248062,-0.018007,-0.184322,0.476561
F43->F44,42,170,198.6697,227.8833,-0.6044,-0.244657,-0.527755,-0.317956,0.106053
F43->F44,42,171,196.8556,248.7938,-0.653502,-0.232908,-0.883593,-0.00566,0.323393
F43->F44,42,172,195.4645,269.9171,-0.612267,-0.216561,0.380371,-0.268536,0.993998
F43->F44,42,173,193.7297,291.0677,-0.577069,-0.196364,0.357293,-0.075433,0.942156
F43->F44,42,174,191.8576,312.3108,-0.584734,-0.174859,0.144864,0.254577,0.846598
F43->F44,42,175,189.5696,334.2726,-0.548826,-0.150246,-2.739411,-0.836054,2.295429
F43->F44,42,176,186.9269,356.0961,-0.490382,-0.108566,-7.927487,2.891463,8.019396
F43->F44,42,177,184.9349,379.5121,-0.410314,-0.051593,-1.31949,-10.911743,10.898141
F43->F44,42,178,191.8761,403.3822,-0.335796,-0.08678,1.072543,-0.169302,1.410755
F43->F44,42,179,209.0572,420.3103,-0.234204,-0.135527,0.086553,0.042981,0.367083
F44->F45,43,0,400.3943,418.046,-0.021355,-0.346756,-0.936708,0.006117,0.981014
F44->F45,43,1,408.6492,397.1583,0.090336,-0.338542,0.16503,-0.007995,0.338881
F44->F45,43,2,414.4176,373.8066,0.242227,-0.231027,-0.160685,-0.151162,0.410751
F44->F45,43,3,418.8104,352.5738,0.31338,-0.180241,0.066198,0.00961,0.311676
F44->F45,43,4,420.9818,331.6634,0.339166,-0.160972,0.044084,-0.095607,0.302235
F44->F45,43,5,418.0541,311.7606,0.394782,-0.161218,-0.066601,0.007871,0.491391
F44->F45,43,6,414.3467,291.0619,0.436517,-0.160485,0.059553,0.05349,0.433459
F44->F45,43,7,409.5119,270.5973,0.456277,-0.156653,0.737802,-0.148186,0.281652
F44->F45,43,8,404.218,249.9704,0.479039,-0.160603,-0.299012,-0.195723,0.778842
F44->F45,43,9,398.6013,229.3584,0.481551,-0.152023,0.16683,0.104826,0.406228
F44->F45,43,10,393.2851,209.074,0.457511,-0.139427,0.126773,-0.0019,0.358192
F44->F45,43,11,387.9614,189.1901,0.412325,-0.126058,0.421782,0.090068,0.216333
F44->F45,43,12,382.1371,169.4034,0.368446,-0.123036,0.224481,0.001458,0.190328
F44->F45,43,13,374.8522,150.055,0.315009,-0.116487,0.129326,0.073531,0.265679
F44->F45,43,14,364.734,132.3799,0.249422,-0.107243,0.343407,-0.025676,0.124444
F44->F45,43,15,351.8437,116.9192,0.181799,-0.067512,0.001029,-0.045262,0.182135
F44->F45,43,16,336.9169,105.4909,0.093211,-0.036417,0.11723,0.068256,0.107393
F44->F45,43,17,319.8807,99.5799,0.013447,-0.00602,0.009223,0.181846,0.187913
F44->F45,43,18,301.85,99.4521,-0.04533,0.005784,0.068737,-0.047046,0.125708
F44->F45,43,19,283.8649,105.2874,-0.081391,0.011633,-0.05814,-0.130932,0.144449
F44->F45,43,20,267.4345,116.3983,-0.099448,-0.004664,-0.379736,-0.153414,0.317314
F44->F45,43,21,253.3151,131.5472,-0.11158,-0.053121,-0.128214,0.064817,0.119105
F44->F45,43,22,242.606,149.2282,-0.144588,-0.101063,-0.320208,-0.177624,0.191583
F44->F45,43,23,236.928,169.1569,-0.157042,-0.122134,-0.072464,-0.251041,0.154177
F44->F45,43,24,233.758,189.488,-0.150583,-0.138933,0.085203,0.022787,0.285916
F44->F45,43,25,232.5577,210.2379,-0.108441,-0.153066,0.133824,-0.200418,0.246849
F44->F45,43,26,232.4061,230.7409,-0.026113,-0.151173,0.098772,0.178927,0.352934
F44->F45,43,27,231.2466,251.4242,0.037359,-0.142388,0.212507,0.095024,0.295027
F44->F45,43,28,229.1528,272.3323,0.061715,-0.132018,0.309239,-0.138496,0.247608
F44->F45,43,29,226.3546,293.5968,0.037103,-0.128285,0.276842,-0.102468,0.241125
F44->F45,43,30,224.0277,314.974,0.015856,-0.128407,0.396855,-0.151192,0.38168
F44->F45,43,31,222.658,336.2161,-0.021882,-0.138269,0.193035,-0.100728,0.218171
F44->F45,43,32,221.4908,356.7625,-0.089089,-0.142283,-0.006628,-0.050036,0.123731
F44->F45,43,33,222.3301,376.1252,-0.133744,-0.130118,0.039428,-0.075182,0.181677
F44->F45,43,34,225.9739,395.8268,-0.179677,-0.116276,-0.31501,0.122477,0.274441
F44->F45,43,35,231.5793,414.5114,-0.171967,-0.089262,-0.315641,0.049484,0.199731
F44->F45,43,36,407.7253,418.3744,-0.041278,-0.298391,-1.35852,-0.184737,1.322136
F44->F45,43,37,415.1296,397.5004,0.073215,-0.275451,-0.212117,-0.217337,0.291191
F44->F45,43,38,422.0085,374.0264,0.204194,-0.165359,-0.093649,-0.1008,0.304759
F44->F45,43,39,427.7542,352.4857,0.226354,-0.120196,0.100482,-0.016107,0.163335
F44->F45,43,40,428.4427,331.5185,0.266097,-0.123705,-0.064049,-0.148631,0.331085
F44->F45,43,41,425.6347,310.7281,0.344017,-0.136724,0.33437,0.073674,0.210619
F44->F45,43,42,422.0112,289.5454,0.397629,-0.146705,0.303959,0.070333,0.236389
F44->F45,43,43,417.7775,268.4882,0.421829,-0.149224,0.311421,0.093461,0.266619
F44->F45,43,44,413.1973,247.4851,0.427001,-0.150642,1.763566,-1.100433,1.639668
F44->F45,43,45,408.4723,226.4927,0.417362,-0.142729,0.187225,0.051521,0.301158
F44->F45,43,46,403.1452,206.2242,0.383299,-0.129638,-0.086943,-0.197778,0.475153
F44->F45,43,47,397.863,185.7887,0.342203,-0.118346,0.091108,0.131044,0.353898
F44->F45,43,48,391.296,165.6195,0.288467,-0.10664,0.063739,-0.098577,0.224873
F44->F45,43,49,382.4439,145.906,0.251931,-0.097652,0.045079,0.062857,0.261822
F44->F45,43,50,371.0506,127.0655,0.210722,-0.080829,0.15455,-0.046722,0.065716
F44->F45,43,51,356.7612,110.6618,0.153885,-0.028403,-0.161569,-0.136506,0.333463
F44->F45,43,52,339.9215,98.6673,0.078333,0.008805,0.245592,0.077026,0.180637
F44->F45,43,53,320.9417,92.9061,0.009741,0.0321,0.231318,0.075485,0.225784
F44->F45,43,54,301.2845,93.4483,-0.053127,0.038027,0.120766,-0.042325,0.19156
F44->F45,43,55,281.5574,99.7331,-0.078116,0.038404,0.017591,0.006447,0.100901
F44->F45,43,56,264.0054,111.9337,-0.091914,0.006817,-0.201916,-0.211832,0.24476
F44->F45,43,57,249.5798,128.5731,-0.103654,-0.045013,-0.144793,-0.064639,0.045581
F44->F45,43,58,238.197,147.2947,-0.131279,-0.102159,-0.282687,-0.152481,0.159551
F44->F45,43,59,231.0604,167.907,-0.122475,-0.123532,-0.035724,-0.358811,0.250762
F44->F45,43,60,226.5905,188.6226,-0.111816,-0.144674,0.084196,0.017096,0.254147
F44->F45,43,61,224.6199,209.3617,-0.066428,-0.156926,0.287136,-0.12239,0.355247
F44->F45,43,62,223.9777,229.9626,0.014182,-0.158904,-0.013261,0.064086,0.224673
F44->F45,43,63,222.6743,250.7149,0.071224,-0.147766,0.333745,-0.034818,0.285787
F44->F45,43,64,220.572,271.6354,0.106801,-0.137822,0.167886,-0.224905,0.106372
F44->F45,43,65,218.0112,292.9594,0.081342,-0.128452,0.151103,0.043895,0.18593
F44->F45,43,66,215.941,314.3293,0.057808,-0.125472,-0.179169,-0.010058,0.263588
F44->F45,43,67,214.1841,335.819,0.018857,-0.12947,-0.135997,0.098902,0.275923
F44->F45,43,68,212.2845,356.5211,-0.043281,-0.128295,0.371742,-0.270678,0.438768
F44->F45,43,69,212.9358,376.8602,-0.090651,-0.110566,0.24307,0.007999,0.354158
F44->F45,43,70,217.5428,397.206,-0.139084,-0.12047,0.230539,0.00331,0.389799
F44->F45,43,71,225.895,416.2697,-0.149782,-0.082551,-0.259085,0.002011,0.138196
F44->F45,43,72,414.6914,420.0236,-0.08204,-0.243775,-1.367065,-0.267418,1.285242
F44->F45,43,73,422.0696,398.8341,0.056446,-0.204442,0.328088,-0.249925,0.275423
F44->F45,43,74,429.1559,375.5442,0.165624,-0.118853,-0.278575,-0.232396,0.458481
F44->F45,43,75,434.0968,353.2075,0.183175,-0.074175,0.14852,-0.051744,0.041282
F44->F45,43,76,434.1378,331.2177,0.243008,-0.091124,0.0299,-0.215154,0.246574
F44->F45,43,77,432.5505,309.8973,0.314912,-0.117662,0.428748,0.090069,0.236877
F44->F45,43,78,429.2025,288.2085,0.36894,-0.134061,2.246443,-0.71367,1.964934
F44->F45,43,79,425.9069,266.4861,0.388198,-0.142507,0.048428,0.006574,0.371037
F44->F45,43,80,422.5279,244.873,0.386419,-0.143932,0.239823,0.024514,0.223303
F44->F45,43,81,418.228,223.8988,0.363985,-0.137453,0.105572,0.049324,0.318847
F44->F45,43,82,412.9544,203.4623,0.330872,-0.127187,-0.179863,-0.193234,0.514988
F44->F45,43,83,406.8093,182.8903,0.292715,-0.1162,-0.019492,0.116305,0.389271
F44->F45,43,84,399.8936,162.2701,0.24152,-0.1044,-0.094974,-0.081182,0.337294
F44->F45,43,85,390.0669,142.0301,0.205245,-0.090424,-0.002042,0.060837,0.256608
F44->F45,43,86,377.6948,122.1434,0.176848,-0.06443,0.135619,-0.134214,0.081054
F44->F45,43,87,361.6707,104.7642,0.131393,-0.01471,-0.215598,-0.151224,0.37288
F44->F45,43,88,342.9108,92.137,0.068793,0.036548,0.245914,0.071514,0.18054
F44->F45,43,89,321.8741,86.6664,0.006107,0.057979,0.167913,0.036384,0.16324
F44->F45,43,90,300.3896,87.6729,-0.053339,0.064504,0.06487,0.044482,0.119893
F44->F45,43,91,279.1572,94.4726,-0.074195,0.053834,0.077337,0.048759,0.151617
F44->F45,43,92,260.1828,107.7228,-0.079387,0.000657,0.011904,-0.334649,0.347511
F44->F45,43,93,245.8706,125.7346,-0.112633,-0.052521,-0.246345,-0.048693,0.133766
F44->F45,43,94,233.7917,145.4737,-0.12137,-0.10992,0.07129,-0.089807,0.193707
F44->F45,43,95,225.2204,166.6424,-0.092133,-0.131838,-0.139945,-0.344173,0.217651
F44->F45,43,96,219.2827,187.7793,-0.075483,-0.150406,-0.047647,-0.042749,0.111198
F44->F45,43,97,216.828,208.5786,-0.028648,-0.160714,0.299292,-0.107232,0.332273
F44->F45,43,98,215.5585,229.2388,0.050908,-0.161837,0.038232,-0.142058,0.023492
F44->F45,43,99,213.8415,249.9771,0.103957,-0.152412,0.312554,-0.3203,0.267767
F44->F45,43,100,212.0477,270.9945,0.136323,-0.138648,-0.001718,-0.225345,0.163008
F44->F45,43,101,209.7027,292.2482,0.115948,-0.127146,-0.378124,0.057323,0.527385
F44->F45,43,102,207.8205,313.7709,0.095345,-0.118946,-0.073118,-0.014153,0.198397
F44->F45,43,103,205.7773,335.5221,0.053177,-0.113794,-0.017707,0.113045,0.237656
F44->F45,43,104,203.5361,356.5691,0.000723,-0.105732,0.533769,-0.097613,0.533107
F44->F45,43,105,203.5593,377.7611,-0.058775,-0.085843,-0.019416,-0.046715,0.0555
F44->F45,43,106,208.9439,398.231,-0.108055,-0.112931,0.895291,0.075267,1.020843
F44->F45,43,107,219.993,417.6301,-0.124278,-0.088397,-0.666352,-0.144271,0.544947
F44->F45,43,108,421.4341,421.3973,-0.11894,-0.192115,-0.211567,-0.12865,0.112284
F44->F45,43,109,428.6584,399.8219,0.04017,-0.152231,0.219993,-0.219881,0.192127
F44->F45,43,110,436.6194,377.3939,0.134208,-0.071592,-0.917863,-0.074955,1.052077
F44->F45,43,111,439.5805,353.8674,0.177578,-0.033654,0.156003,-0.044689,0.024234
F44->F45,43,112,440.1954,331.1928,0.24377,-0.05136,-0.154996,-0.153573,0.411658
F44->F45,43,113,438.6756,309.2286,0.301441,-0.09861,0.225569,0.072111,0.186821
F44->F45,43,114,436.4564,286.9188,0.342529,-0.123396,0.717777,-0.089752,0.376753
F44->F45,43,115,434.0342,264.5941,0.355685,-0.137711,-0.039355,-0.124289,0.395268
F44->F45,43,116,431.5461,242.5093,0.349404,-0.141673,-1.001801,0.790918,1.641792
F44->F45,43,117,427.9269,221.3766,0.319401,-0.135838,0.08809,0.001028,0.26877
F44->F45,43,118,422.524,200.8328,0.287278,-0.129674,0.263844,0.188373,0.318909
F44->F45,43,119,416.1651,179.8716,0.251434,-0.118389,0.19629,-0.027317,0.106466
F44->F45,43,120,407.9747,159.1323,0.208122,-0.109375,-0.064034,-0.076238,0.274166
F44->F45,43,121,397.7375,138.1112,0.175144,-0.094915,0.024647,-0.161795,0.164688
F44->F45,43,122,384.1413,117.3323,0.148336,-0.061233,0.054324,0.034755,0.134357
F44->F45,43,123,366.6089,98.8315,0.10975,-0.001732,-0.048078,-0.068718,0.171455
F44->F45,43,124,345.857,85.9588,0.054177,0.042261,0.16041,0.049369,0.10647
F44->F45,43,125,322.998,80.5145,-0.004636,0.074621,0.09327,0.0363,0.105138
F44->F45,43,126,299.4991,81.9997,-0.047688,0.085045,-0.086711,0.026136,0.070661
F44->F45,43,127,276.684,89.3184,-0.066167,0.060355,0.076441,-0.024185,0.165782
F44->F45,43,128,256.4007,103.5138,-0.072774,-0.015944,0.055573,-0.173406,0.203144
F44->F45,43,129,241.862,122.8523,-0.10843,-0.065569,-0.014013,-0.058247,0.094701
F44->F45,43,130,229.5163,143.8043,-0.112473,-0.125019,0.093263,-0.207788,0.221761
F44->F45,43,131,219.5594,165.6045,-0.069972,-0.148693,-0.076144,-0.316423,0.167844
F44->F45,43,132,212.458,187.0597,-0.045064,-0.158445,0.009432,-0.031193,0.13843
F44->F45,43,133,208.9323,207.7775,0.007082,-0.164917,0.372866,-0.342078,0.406428
F44->F45,43,134,206.7148,228.4393,0.078041,-0.163123,-0.044535,-0.221521,0.135775
F44->F45,43,135,205.0249,249.2754,0.123087,-0.1563,0.159482,-0.028454,0.132926
F44->F45,43,136,203.4516,270.3642,0.161141,-0.140507,-0.301843,-0.046357,0.472459
F44->F45,43,137,201.4723,291.5431,0.146214,-0.125195,-0.196288,0.110189,0.415587
F44->F45,43,138,199.4626,313.109,0.121325,-0.114274,0.278517,-0.157007,0.162897
F44->F45,43,139,197.4877,334.7977,0.085389,-0.102538,0.143023,0.008204,0.124843
F44->F45,43,140,195.0437,356.4403,0.036357,-0.085114,-6.550576,19.179188,20.359298
F44->F45,43,141,193.9717,378.4924,-0.034122,-0.060935,-0.048594,-0.060059,0.014498
F44->F45,43,142,200.4298,400.4815,-0.095909,-0.092174,1.78077,-0.023235,1.877944
F44->F45,43,143,214.401,418.8736,-0.105167,-0.094673,-3.769121,-1.064884,3.790233
F44->F45,43,144,428.4415,422.679,-0.151456,-0.147113,0.433751,0.094042,0.632948
F44->F45,43,145,435.2593,401.521,0.017803,-0.107674,-0.021753,-0.288141,0.184752
F44->F45,43,146,442.6567,378.8762,0.112115,-0.032836,-0.741539,-0.179667,0.866189
F44->F45,43,147,445.1555,354.6501,0.183395,0.007632,-2.224643,0.88977,2.56453
F44->F45,43,148,445.6655,331.2655,0.249095,-0.022358,-0.14674,-0.020298,0.39584
F44->F45,43,149,444.8254,308.4387,0.295953,-0.083554,0.029199,0.018996,0.285786
F44->F45,43,150,443.5555,285.6692,0.322767,-0.117526,0.425681,0.278677,0.40935
F44->F45,43,151,442.1853,262.6221,0.326331,-0.135955,-0.220844,-0.026191,0.558076
F44->F45,43,152,440.5867,240.1103,0.311696,-0.142727,0.0176,0.068141,0.36188
F44->F45,43,153,437.4619,218.9192,0.278724,-0.137852,0.210276,0.337728,0.48048
F44->F45,43,154,432.1952,198.1495,0.250196,-0.133862,0.229072,-0.001471,0.134065
F44->F45,43,155,424.9904,177.1061,0.218296,-0.125716,-0.115611,-0.107723,0.334391
F44->F45,43,156,416.0788,155.9666,0.187947,-0.122696,0.165536,0.057514,0.181598
F44->F45,43,157,405.1187,134.341,0.156516,-0.106229,0.074994,-0.192094,0.118401
F44->F45,43,158,390.5897,112.659,0.124539,-0.063899,0.133276,-0.007613,0.05696
F44->F45,43,159,371.4779,93.3126,0.087399,-0.003373,0.072349,-0.104417,0.102159
F44->F45,43,160,348.8962,79.9924,0.035581,0.041405,0.059293,0.036918,0.024133
F44->F45,43,161,323.867,74.7856,-0.009046,0.075464,0.043447,0.008039,0.08545
F44->F45,43,162,298.5922,76.4747,-0.040045,0.098029,-0.18083,-0.060062,0.211691
F44->F45,43,163,273.9002,84.5137,-0.051907,0.051284,0.000225,0.006378,0.068806
F44->F45,43,164,252.5216,99.4644,-0.062998,-0.036193,0.080106,-0.048409,0.143624
F44->F45,43,165,237.7413,120.1767,-0.110681,-0.087371,-0.006205,-0.199652,0.153369
F44->F45,43,166,224.9924,142.1327,-0.109134,-0.141469,-0.014163,-0.228833,0.129042
F44->F45,43,167,213.6633,164.4603,-0.055765,-0.168258,0.178868,-0.204005,0.237341
F44->F45,43,168,205.5566,186.3101,-0.017639,-0.16913,0.068645,0.066249,0.250695
F44->F45,43,169,200.8337,207.0267,0.040896,-0.171888,-0.350497,-0.688095,0.647811
F44->F45,43,170,198.0653,227.6387,0.100325,-0.166925,0.115991,-0.06316,0.104941
F44->F45,43,171,196.2021,248.5609,0.142098,-0.159436,0.443873,-0.177018,0.302286
F44->F45,43,172,194.8522,269.7006,0.175467,-0.144806,-0.46571,-0.017947,0.653606
F44->F45,43,173,193.1527,290.8713,0.16993,-0.126944,0.285088,-0.046051,0.140731
F44->F45,43,174,191.2729,312.1359,0.145687,-0.110269,0.06932,0.09294,0.217085
F44->F45,43,175,189.0207,334.1223,0.110485,-0.093055,-0.19167,0.02222,0.323397
F44->F45,43,176,186.4365,355.9875,0.064137,-0.069073,0.75915,4.119367,4.245712
F44->F45,43,177,184.5246,379.4605,-0.015114,-0.046791,0.26371,0.343262,0.479462
F44->F45,43,178,191.5403,403.2954,-0.101289,-0.094136,2.939907,9.132988,9.715384
F44->F45,43,179,208.823,420.1748,-0.094278,-0.10203,-2.315826,-0.884886,2.355448
F45->F46,44,0,400.3729,417.6993,0.429927,-0.558458,12.002197,5.370731,13.002796
F45->F46,44,1,408.7396,396.8197,0.523422,-0.52946,1.32597,-0.92908,0.896537
F45->F46,44,2,414.6599,373.5756,0.742514,-0.380481,2.582679,-0.877415,1.906083
F45->F46,44,3,419.1238,352.3936,0.815971,-0.342075,-0.014585,-0.201784,0.842321
F45->F46,44,4,421.321,331.5024,0.846451,-0.37279,0.957295,-0.004774,0.384346
F45->F46,44,5,418.4488,311.5993,0.99898,-0.415602,2.106461,-0.772857,1.163677
F45->F46,44,6,414.7833,290.9014,1.126417,-0.435092,1.688175,-1.082225,0.856944
F45->F46,44,7,409.9682,270.4406,1.207583,-0.443686,2.369204,-0.688958,1.187233
F45->F46,44,8,404.6971,249.8098,1.277063,-0.452764,0.38888,0.067562,1.029373
F45->F46,44,9,399.0829,229.2064,1.238748,-0.433402,0.665484,-0.031963,0.699846
F45->F46,44,10,393.7426,208.9346,1.087108,-0.403864,0.489119,0.142383,0.809924
F45->F46,44,11,388.3737,189.0641,0.903539,-0.384569,0.555369,-0.357976,0.349183
F45->F46,44,12,382.5055,169.2804,0.73979,-0.375581,0.455665,-0.132655,0.373819
F45->F46,44,13,375.1672,149.9385,0.581063,-0.362678,0.546029,-0.132438,0.23289
F45->F46,44,14,364.9834,132.2727,0.426501,-0.341691,0.48424,-0.037861,0.309268
F45->F46,44,15,352.0255,116.8517,0.291816,-0.265317,0.14068,-0.066794,0.249506
F45->F46,44,16,337.0101,105.4545,0.160631,-0.195471,0.016836,-0.013117,0.232227
F45->F46,44,17,319.8941,99.5739,0.06262,-0.140305,0.104285,-0.12898,0.043176
F45->F46,44,18,301.8047,99.4579,0.003008,-0.13221,0.07532,-0.136095,0.072416
F45->F46,44,19,283.7835,105.2991,-0.038267,-0.13666,-0.020953,-0.244898,0.109614
F45->F46,44,20,267.335,116.3937,-0.060561,-0.157825,-0.088248,-0.113397,0.052349
F45->F46,44,21,253.2035,131.4941,-0.107555,-0.216826,-0.027419,-0.347827,0.153568
F45->F46,44,22,242.4614,149.1271,-0.236623,-0.290541,-0.124118,-0.39511,0.153597
F45->F46,44,23,236.7709,169.0348,-0.325271,-0.309475,0.042664,-0.237542,0.374901
F45->F46,44,24,233.6074,189.349,-0.397713,-0.3302,0.139411,-0.262663,0.541353
F45->F46,44,25,232.4493,210.0849,-0.389525,-0.339698,0.502315,-0.081727,0.9284
F45->F46,44,26,232.38,230.5897,-0.293877,-0.327944,-0.372267,-0.54572,0.231455
F45->F46,44,27,231.284,251.2818,-0.200803,-0.314512,0.160685,-0.207908,0.37688
F45->F46,44,28,229.2145,272.2002,-0.155414,-0.296094,0.470512,-0.46933,0.649457
F45->F46,44,29,226.3918,293.4685,-0.198691,-0.279722,-0.408039,0.24465,0.564618
F45->F46,44,30,224.0435,314.8456,-0.210324,-0.266959,-1.971406,-0.868038,1.860835
F45->F46,44,31,222.6362,336.0778,-0.212795,-0.256382,-0.000715,-0.013491,0.32245
F45->F46,44,32,221.4017,356.6202,-0.238978,-0.236977,0.372395,-0.177681,0.614242
F45->F46,44,33,222.1963,375.9951,-0.234166,-0.214307,0.223649,-0.153323,0.461859
F45->F46,44,34,225.7943,395.7105,-0.221955,-0.181277,-0.482215,-0.016186,0.308205
F45->F46,44,35,231.4073,414.4222,-0.151587,-0.181568,-0.303018,-0.022299,0.219768
F45->F46,44,36,407.684,418.0761,0.390217,-0.508194,-15.835733,0.911171,16.287911
F45->F46,44,37,415.2028,397.2249,0.514018,-0.435671,-1.266553,-0.290598,1.786472
F45->F46,44,38,422.2127,373.8611,0.651929,-0.273678,0.93845,0.076484,0.452446
F45->F46,44,39,427.9805,352.3655,0.617924,-0.257986,-0.043395,-0.148548,0.670313
F45->F46,44,40,428.7088,331.3948,0.677457,-0.310702,1.114349,-0.007426,0.531837
F45->F46,44,41,425.9787,310.5914,0.890285,-0.371014,0.384938,-0.058712,0.594061
F45->F46,44,42,422.4088,289.3987,1.053126,-0.40976,1.712089,-1.077295,0.937995
F45->F46,44,43,418.1993,268.339,1.15284,-0.435595,2.299518,-0.779393,1.197108
F45->F46,44,44,413.6243,247.3344,1.18787,-0.446208,0.316262,0.077459,1.016823
F45->F46,44,45,408.8897,226.35,1.112087,-0.430112,0.230362,0.134949,1.04725
F45->F46,44,46,403.5285,206.0945,0.944344,-0.404724,0.609632,-0.256519,0.366056
F45->F46,44,47,398.2052,185.6703,0.770217,-0.390957,0.593059,-0.372702,0.178097
F45->F46,44,48,391.5845,165.5129,0.589139,-0.36983,0.052569,-0.195053,0.564317
F45->F46,44,49,382.6959,145.8083,0.471635,-0.352962,0.588991,-0.3125,0.124135
F45->F46,44,50,371.2613,126.9847,0.358252,-0.321329,0.27109,0.069676,0.400602
F45->F46,44,51,356.9151,110.6334,0.243962,-0.227122,0.084311,-0.138136,0.182776
F45->F46,44,52,339.9998,98.6761,0.134495,-0.145167,-0.009579,-0.049695,0.172835
F45->F46,44,53,320.9515,92.9382,0.05378,-0.097336,0.026453,-0.110201,0.030203
F45->F46,44,54,301.2314,93.4863,-0.007394,-0.097735,-0.032872,-0.093517,0.025825
F45->F46,44,55,281.4793,99.7715,-0.035743,-0.108744,0.098156,-0.17417,0.149028
F45->F46,44,56,263.9135,111.9405,-0.048117,-0.147768,-0.04625,-0.072228,0.075563
F45->F46,44,57,249.4762,128.5281,-0.078465,-0.205435,-0.049965,-0.299298,0.098095
F45->F46,44,58,238.0658,147.1925,-0.19815,-0.290189,-0.124654,-0.435473,0.162816
F45->F46,44,59,230.9379,167.7835,-0.256017,-0.306325,-0.003109,-0.182676,0.281516
F45->F46,44,60,226.4787,188.478,-0.316076,-0.330022,0.036256,-0.362852,0.353858
F45->F46,44,61,224.5534,209.2047,-0.31242,-0.341261,0.370725,-0.310867,0.683821
F45->F46,44,62,223.9919,229.8037,-0.235623,-0.336086,-0.485659,-0.543216,0.324686
F45->F46,44,63,222.7455,250.5672,-0.150292,-0.322168,0.048648,-0.344497,0.200189
F45->F46,44,64,220.6788,271.4976,-0.08339,-0.306168,0.07888,-0.275855,0.165077
F45->F46,44,65,218.0926,292.8309,-0.114917,-0.28424,0.054657,0.047504,0.372572
F45->F46,44,66,215.9988,314.2038,-0.131979,-0.265745,0.507562,-0.027579,0.682449
F45->F46,44,67,214.203,335.6895,-0.134898,-0.245679,0.614228,-0.062981,0.771082
F45->F46,44,68,212.2412,356.3928,-0.159419,-0.222248,0.438484,-0.051719,0.621746
F45->F46,44,69,212.8452,376.7496,-0.16222,-0.199701,-0.180668,0.086748,0.287042
F45->F46,44,70,217.4037,397.0855,-0.167121,-0.197391,0.012723,-0.212,0.180437
F45->F46,44,71,225.7453,416.1871,-0.129412,-0.18177,-0.100856,-0.070629,0.114751
F45->F46,44,72,414.6093,419.7799,0.346684,-0.439233,-2.449464,0.938592,3.117185
F45->F46,44,73,422.126,398.6296,0.497648,-0.332186,-0.49898,-0.172963,1.009266
F45->F46,44,74,429.3215,375.4253,0.571969,-0.207227,1.523696,-0.0822,0.959903
F45->F46,44,75,434.28,353.1333,0.529227,-0.211651,0.109766,-0.043021,0.452088
F45->F46,44,76,434.3808,331.1266,0.636852,-0.266334,1.153734,-0.061786,0.555884
F45->F46,44,77,432.8654,309.7796,0.834464,-0.335274,0.577837,-0.219165,0.281671
F45->F46,44,78,429.5714,288.0745,1.002919,-0.386999,1.987044,-1.014953,1.167402
F45->F46,44,79,426.2951,266.3436,1.099977,-0.427267,2.065698,-0.903136,1.0766
F45->F46,44,80,422.9143,244.7291,1.115517,-0.44297,1.666221,-1.172165,0.913784
F45->F46,44,81,418.592,223.7613,1.005439,-0.430502,-0.039894,-0.119619,1.090582
F45->F46,44,82,413.2852,203.3351,0.842057,-0.414159,1.841624,-0.869618,1.098443
F45->F46,44,83,407.1021,182.7741,0.674801,-0.400538,0.39904,-0.065363,0.434035
F45->F46,44,84,400.1351,162.1657,0.5028,-0.380275,-0.206032,-0.180126,0.736547
F45->F46,44,85,390.2721,141.9397,0.395193,-0.357916,0.30874,0.065675,0.432323
F45->F46,44,86,377.8717,122.079,0.304843,-0.30683,0.108762,0.080594,0.434218
F45->F46,44,87,361.802,104.7495,0.208473,-0.21155,0.144108,-0.286319,0.098657
F45->F46,44,88,342.9796,92.1736,0.115222,-0.113524,0.068341,0.003779,0.126324
F45->F46,44,89,321.8802,86.7244,0.044536,-0.066076,-0.035896,-0.056848,0.08096
F45->F46,44,90,300.3362,87.7374,-0.011738,-0.067584,0.030772,-0.041986,0.049622
F45->F46,44,91,279.083,94.5264,-0.034285,-0.09327,0.071185,-0.059793,0.110655
F45->F46,44,92,260.1034,107.7234,-0.036298,-0.163608,-0.101218,0.041498,0.215134
F45->F46,44,93,245.758,125.6821,-0.076397,-0.218168,-0.018566,-0.153183,0.086992
F45->F46,44,94,233.6704,145.3638,-0.165466,-0.296537,-0.192059,-0.369958,0.078089
F45->F46,44,95,225.1282,166.5105,-0.197462,-0.312563,-0.160169,-0.109452,0.206507
F45->F46,44,96,219.2072,187.6289,-0.238719,-0.330507,0.079161,-0.392997,0.323964
F45->F46,44,97,216.7993,208.4179,-0.240661,-0.343212,0.067972,-0.303448,0.311183
F45->F46,44,98,215.6094,229.0769,-0.172405,-0.338166,-0.966479,-0.750609,0.894797
F45->F46,44,99,213.9455,249.8246,-0.102365,-0.326404,0.197087,-0.272432,0.304277
F45->F46,44,100,212.1841,270.8559,-0.03434,-0.307896,0.33884,-0.345174,0.375037
F45->F46,44,101,209.8186,292.121,-0.050551,-0.282214,0.27465,-0.229447,0.329453
F45->F46,44,102,207.9159,313.6519,-0.064406,-0.25743,0.235207,-0.113803,0.33226
F45->F46,44,103,205.8305,335.4083,-0.071844,-0.229554,-1.217107,-0.905455,1.329838
F45->F46,44,104,203.5368,356.4634,-0.088484,-0.202507,0.331387,-0.107606,0.430462
F45->F46,44,105,203.5006,377.6753,-0.104732,-0.173205,-0.77004,0.168122,0.747756
F45->F46,44,106,208.8358,398.1181,-0.123963,-0.196999,0.2665,-0.272688,0.397731
F45->F46,44,107,219.8687,417.5417,-0.100096,-0.189676,0.28657,-0.165574,0.387416
F45->F46,44,108,421.3151,421.2052,0.317744,-0.36317,-2.576208,1.176287,3.277939
F45->F46,44,109,428.6986,399.6697,0.47862,-0.256425,0.07239,0.158796,0.580888
F45->F46,44,110,436.7536,377.3223,0.503024,-0.172847,1.270378,0.038799,0.796007
F45->F46,44,111,439.758,353.8338,0.530986,-0.179366,-0.013017,-0.111611,0.548206
F45->F46,44,112,440.4391,331.1414,0.671836,-0.222232,0.964506,-0.129586,0.306984
F45->F46,44,113,438.9771,309.1299,0.822941,-0.303575,0.657094,-0.206703,0.192066
F45->F46,44,114,436.799,286.7955,0.959425,-0.36897,0.293737,0.059987,0.791925
F45->F46,44,115,434.3899,264.4564,1.047223,-0.420722,2.141571,-0.942891,1.212543
F45->F46,44,116,431.8955,242.3677,1.046098,-0.443032,1.680545,-1.211886,0.996825
F45->F46,44,117,428.2463,221.2407,0.917552,-0.436473,1.635083,-1.168052,1.024723
F45->F46,44,118,422.8113,200.7031,0.759121,-0.428498,0.325335,-0.05857,0.570102
F45->F46,44,119,416.4166,179.7532,0.594266,-0.41547,0.588446,-0.222532,0.193026
F45->F46,44,120,408.1828,159.0229,0.444167,-0.401401,1.081071,-0.823775,0.764229
F45->F46,44,121,397.9126,138.0163,0.356536,-0.376804,0.331592,0.245311,0.622614
F45->F46,44,122,384.2896,117.271,0.265559,-0.304106,-0.039733,-0.155352,0.339604
F45->F46,44,123,366.7186,98.8298,0.17426,-0.196489,0.057787,-0.2645,0.134876
F45->F46,44,124,345.9111,86.0011,0.093109,-0.103236,0.044269,-0.080985,0.053669
F45->F46,44,125,322.9934,80.5892,0.028143,-0.045503,-0.007935,-0.013031,0.04854
F45->F46,44,126,299.4514,82.0848,-0.010631,-0.04329,0.015043,-0.120692,0.081549
F45->F46,44,127,276.6178,89.3787,-0.0282,-0.089821,0.061023,-0.036327,0.10403
F45->F46,44,128,256.3279,103.4979,-0.032525,-0.192237,0.108776,-0.065363,0.189903
F45->F46,44,129,241.7535,122.7868,-0.06768,-0.240871,0.08507,-0.084484,0.218609
F45->F46,44,130,229.4038,143.6793,-0.138672,-0.310551,-0.26204,-0.308672,0.123381
F45->F46,44,131,219.4894,165.4558,-0.157831,-0.327305,-0.033341,-0.224963,0.161157
F45->F46,44,132,212.4129,186.9013,-0.176371,-0.334665,0.076811,-0.341864,0.253284
F45->F46,44,133,208.9394,207.6126,-0.169805,-0.344802,-0.132176,-0.130608,0.217474
F45->F46,44,134,206.7928,228.2762,-0.116169,-0.340162,-1.026161,-0.613404,0.95013
F45->F46,44,135,205.148,249.1191,-0.061416,-0.325582,-0.923981,-0.777031,0.973562
F45->F46,44,136,203.6128,270.2237,0.010062,-0.308573,0.644334,-0.188854,0.645472
F45->F46,44,137,201.6185,291.4179,0.006266,-0.277946,0.925542,-0.236038,0.920231
F45->F46,44,138,199.5839,312.9947,-0.012004,-0.248842,0.288253,-0.022102,0.376251
F45->F46,44,139,197.5731,334.6952,-0.014513,-0.215329,-0.750071,-0.937449,1.030777
F45->F46,44,140,195.0801,356.3552,-0.028318,-0.18205,0.071495,-0.179348,0.099849
F45->F46,44,141,193.9376,378.4315,-0.064712,-0.14782,-1.363337,0.243203,1.356217
F45->F46,44,142,200.3339,400.3894,-0.09667,-0.184068,-3.97438,-1.071526,3.977967
F45->F46,44,143,214.2958,418.7789,-0.076645,-0.197887,0.481917,-0.029231,0.58347
F45->F46,44,144,428.29,422.5319,0.289053,-0.29833,-0.438319,-0.089011,0.756892
F45->F46,44,145,435.2771,401.4134,0.447674,-0.203434,0.497806,0.309853,0.515729
F45->F46,44,146,442.7689,378.8434,0.453161,-0.157561,1.038624,-0.058891,0.59372
F45->F46,44,147,445.3388,354.6577,0.572219,-0.142168,-0.309606,-0.254937,0.889006
F45->F46,44,148,445.9146,331.2432,0.721113,-0.187987,0.673982,-0.191302,0.047247
F45->F46,44,149,445.1213,308.3552,0.837778,-0.281737,0.978104,-0.188993,0.168205
F45->F46,44,150,443.8783,285.5517,0.93163,-0.356772,0.305493,0.174111,0.820905
F45->F46,44,151,442.5117,262.4861,0.998055,-0.415318,1.653139,-1.051556,0.9132
F45->F46,44,152,440.8984,239.9676,0.975034,-0.446081,1.689905,-1.067443,0.94717
F45->F46,44,153,437.7407,218.7813,0.838268,-0.446885,0.001743,-0.132622,0.893608
F45->F46,44,154,432.4454,198.0157,0.688962,-0.44496,0.304828,-0.052881,0.548895
F45->F46,44,155,425.2087,176.9804,0.530667,-0.436098,0.335255,0.188173,0.654141
F45->F46,44,156,416.2667,155.8439,0.417293,-0.432332,0.102224,-0.012333,0.525041
F45->F46,44,157,405.2752,134.2348,0.337809,-0.404443,0.325889,0.117589,0.522168
F45->F46,44,158,390.7142,112.5951,0.23334,-0.308783,-0.024306,-0.02003,0.386988
F45->F46,44,159,371.5653,93.3093,0.145057,-0.194423,0.079076,-0.084083,0.128563
F45->F46,44,160,348.9317,80.0338,0.067177,-0.099759,0.217346,0.061612,0.220435
F45->F46,44,161,323.858,74.8611,0.020146,-0.041496,-0.067367,-0.064708,0.09054
F45->F46,44,162,298.5522,76.5728,-0.004957,-0.027708,0.026353,-0.077436,0.058765
F45->F46,44,163,273.8483,84.565,-0.015176,-0.104452,0.082076,0.095963,0.222765
F45->F46,44,164,252.4586,99.4282,-0.024597,-0.223293,0.067407,-0.176221,0.103347
F45->F46,44,165,237.6306,120.0893,-0.070198,-0.273618,0.012783,-0.198354,0.112029
F45->F46,44,166,224.8833,141.9912,-0.125031,-0.330153,-0.227572,-0.30196,0.106346
F45->F46,44,167,213.6076,164.292,-0.131773,-0.347688,-0.139427,-0.234297,0.113649
F45->F46,44,168,205.539,186.1409,-0.124798,-0.342955,0.04162,-0.277818,0.178711
F45->F46,44,169,200.8745,206.8548,-0.103726,-0.347242,0.000204,-0.166218,0.208737
F45->F46,44,170,198.1656,227.4717,-0.060521,-0.340061,-0.141697,-0.236077,0.131917
F45->F46,44,171,196.3442,248.4015,-0.016769,-0.32581,0.631246,-0.03124,0.711825
F45->F46,44,172,195.0277,269.5558,0.043846,-0.306699,0.476688,-0.352046,0.435211
F45->F46,44,173,193.3226,290.7444,0.051472,-0.274357,-0.564506,-0.900911,0.878634
F45->F46,44,174,191.4186,312.0257,0.037374,-0.240873,0.815859,0.060822,0.834901
F45->F46,44,175,189.1312,334.0293,0.030763,-0.204124,-0.471878,-0.71778,0.718673
F45->F46,44,176,186.5007,355.9185,0.021522,-0.163358,0.879031,0.112686,0.900845
F45->F46,44,177,184.5095,379.4137,-0.02784,-0.132579,-1.921395,4.631893,5.126962
F45->F46,44,178,191.439,403.2012,-0.080311,-0.196755,-3.622449,-1.118683,3.660149
F45->F46,44,179,208.7287,420.0728,-0.059958,-0.208743,0.509139,0.26265,0.738974
F46->F47,45,0,400.8029,417.1408,0.851945,-0.781578,11.858981,5.290476,12.570787
F46->F47,45,1,409.263,396.2903,0.928702,-0.720774,-0.808543,-0.137485,1.832552
F46->F47,45,2,415.4024,373.1951,1.195615,-0.518559,1.46609,-0.01857,0.56846
F46->F47,45,3,419.9397,352.0515,1.251722,-0.493049,0.818674,-0.045898,0.622474
F46->F47,45,4,422.1675,331.1296,1.286362,-0.566027,2.433312,-0.972958,1.216999
F46->F47,45,5,419.4478,311.1837,1.534303,-0.642544,2.629077,-1.016046,1.156733
F46->F47,45,6,415.9097,290.4664,1.746863,-0.679766,3.016979,-0.783286,1.274327
F46->F47,45,7,411.1758,269.9969,1.886071,-0.700063,1.081754,-0.156738,0.970633
F46->F47,45,8,405.9741,249.357,1.982773,-0.711438,2.836124,-1.011603,0.904603
F46->F47,45,9,400.3216,228.773,1.893304,-0.681016,2.053414,-1.071382,0.421925
F46->F47,45,10,394.8297,208.5307,1.623695,-0.63625,1.822104,-1.03146,0.442219
F46->F47,45,11,389.2773,188.6795,1.320043,-0.611463,1.98573,-0.927348,0.736832
F46->F47,45,12,383.2453,168.9048,1.049679,-0.596436,1.396862,-0.617428,0.347817
F46->F47,45,13,375.7482,149.5759,0.799904,-0.577696,0.78053,-1.004303,0.427047
F46->F47,45,14,365.4099,131.931,0.569969,-0.545595,0.373088,0.037573,0.615506
F46->F47,45,15,352.3174,116.5864,0.377185,-0.435137,0.149006,-0.210402,0.320268
F46->F47,45,16,337.1707,105.259,0.208647,-0.329094,-0.132324,-0.404807,0.349275
F46->F47,45,17,319.9567,99.4336,0.093127,-0.248478,0.088652,-0.141321,0.10725
F46->F47,45,18,301.8077,99.3257,0.031644,-0.239972,-0.073904,-0.205635,0.110993
F46->F47,45,19,283.7453,105.1624,-0.016084,-0.251161,-0.159534,-0.161451,0.169191
F46->F47,45,20,267.2745,116.2358,-0.045582,-0.274636,-0.233964,-0.395072,0.223591
F46->F47,45,21,253.096,131.2772,-0.139664,-0.335565,-0.163582,-0.142155,0.194883
F46->F47,45,22,242.2248,148.8366,-0.395788,-0.42454,-0.118311,-0.193948,0.360785
F46->F47,45,23,236.4457,168.7253,-0.647527,-0.454698,-0.998626,-0.734057,0.448678
F46->F47,45,24,233.2097,189.0188,-0.909751,-0.489549,-0.751827,-0.962725,0.498834
F46->F47,45,25,232.0597,209.7452,-1.085198,-0.507993,-0.75298,-0.33649,0.373874
F46->F47,45,26,232.0861,230.2618,-1.136315,-0.501584,-0.55162,-0.435476,0.588421
F46->F47,45,27,231.0832,250.9673,-1.095689,-0.496258,-0.023571,-0.001234,1.180884
F46->F47,45,28,229.0591,271.9041,-1.022722,-0.485352,-0.91285,-0.43866,0.119382
F46->F47,45,29,226.1931,293.1888,-1.052782,-0.47199,-1.021302,-0.851596,0.380909
F46->F47,45,30,223.8332,314.5787,-1.029626,-0.466281,-0.079993,-0.191112,0.988697
F46->F47,45,31,222.4234,335.8214,-0.931607,-0.453505,0.098131,-0.298295,1.041369
F46->F47,45,32,221.1628,356.3832,-0.814651,-0.423418,-0.378148,-0.01718,0.596292
F46->F47,45,33,221.9622,375.7808,-0.633725,-0.391692,0.189748,-0.24985,0.835599
F46->F47,45,34,225.5723,395.5292,-0.433609,-0.321466,-0.978867,-0.933118,0.819404
F46->F47,45,35,231.2557,414.2406,-0.225579,-0.342503,-0.516004,-0.815732,0.55524
F46->F47,45,36,408.0742,417.5679,0.799532,-0.722979,4.513437,4.179466,6.150371
F46->F47,45,37,415.7168,396.7892,0.931523,-0.592549,2.53165,-1.014332,1.654783
F46->F47,45,38,422.8646,373.5874,1.059192,-0.379515,0.81443,-0.093865,0.37617
F46->F47,45,39,428.5985,352.1076,0.968156,-0.394979,2.775982,-0.921145,1.88284
F46->F47,45,40,429.3863,331.0841,1.049865,-0.485919,2.24094,-0.900421,1.26114
F46->F47,45,41,426.869,310.2204,1.389476,-0.583267,2.380618,-0.788595,1.012187
F46->F47,45,42,423.4619,288.989,1.651899,-0.646147,2.892615,-0.883377,1.263192
F46->F47,45,43,419.3522,267.9034,1.819653,-0.693431,0.943186,-0.041244,1.092494
F46->F47,45,44,414.8122,246.8882,1.868972,-0.71015,2.5679,-1.082141,0.791757
F46->F47,45,45,410.0018,225.9199,1.718417,-0.684408,1.926418,-1.095144,0.4604
F46->F47,45,46,404.4729,205.6898,1.430476,-0.648673,1.890394,-0.964391,0.557855
F46->F47,45,47,398.9754,185.2794,1.138763,-0.631574,1.927814,-0.881893,0.827805
F46->F47,45,48,392.1736,165.143,0.844247,-0.601857,1.631809,-1.061581,0.911921
F46->F47,45,49,383.1675,145.4553,0.655807,-0.578042,0.660279,-0.997802,0.419783
F46->F47,45,50,371.6196,126.6633,0.478913,-0.531558,0.910361,-0.65516,0.448804
F46->F47,45,51,357.1591,110.4063,0.314056,-0.398767,0.397171,-0.187279,0.227234
F46->F47,45,52,340.1343,98.531,0.17386,-0.275334,-0.041915,-0.398557,0.248481
F46->F47,45,53,321.0053,92.8409,0.081099,-0.202511,-0.191587,-0.192578,0.272867
F46->F47,45,54,301.224,93.3886,0.021275,-0.204463,0.010117,-0.112904,0.092236
F46->F47,45,55,281.4436,99.6627,-0.011765,-0.223905,-0.070667,-0.171989,0.078516
F46->F47,45,56,263.8654,111.7928,-0.025361,-0.267916,0.005341,-0.448655,0.183328
F46->F47,45,57,249.3977,128.3227,-0.082744,-0.326039,-0.138934,-0.041868,0.289673
F46->F47,45,58,237.8676,146.9023,-0.325926,-0.425817,-0.195277,-0.102678,0.348552
F46->F47,45,59,230.6819,167.4771,-0.535251,-0.452029,-0.706347,-0.860988,0.443308
F46->F47,45,60,226.1626,188.1479,-0.776778,-0.487738,-0.768752,-1.021454,0.533777
F46->F47,45,61,224.241,208.8635,-0.983766,-0.514522,-0.205391,-0.181018,0.846813
F46->F47,45,62,223.7563,229.4676,-1.088357,-0.516829,-0.396389,-0.188844,0.765764
F46->F47,45,63,222.5952,250.245,-1.053659,-0.510429,-0.182379,0.153882,1.095645
F46->F47,45,64,220.5954,271.1914,-0.945321,-0.499687,-0.412093,-0.217193,0.603436
F46->F47,45,65,217.9776,292.5467,-0.936143,-0.482142,-0.918408,-0.755083,0.273517
F46->F47,45,66,215.8668,313.938,-0.926002,-0.464485,0.689725,0.13123,1.722048
F46->F47,45,67,214.0681,335.4438,-0.827504,-0.438568,0.610276,0.034327,1.513553
F46->F47,45,68,212.0818,356.1705,-0.715689,-0.402238,-0.134061,-0.076971,0.666401
F46->F47,45,69,212.6829,376.5499,-0.544013,-0.374732,-1.903491,-0.937469,1.471345
F46->F47,45,70,217.2366,396.8881,-0.364338,-0.348215,0.483162,0.040432,0.932364
F46->F47,45,71,225.6159,416.0053,-0.206836,-0.341087,1.331076,-0.276046,1.539286
F46->F47,45,72,414.956,419.3406,0.758209,-0.633949,0.918043,0.08112,0.732714
F46->F47,45,73,422.6237,398.2974,0.918616,-0.455961,3.533295,-0.953671,2.661627
F46->F47,45,74,429.8935,375.2181,0.943342,-0.304761,0.809331,0.027802,0.358549
F46->F47,45,75,434.8092,352.9217,0.854193,-0.351552,2.427807,-0.844722,1.649084
F46->F47,45,76,435.0177,330.8603,1.016788,-0.432873,2.255699,-0.739909,1.27639
F46->F47,45,77,433.6998,309.4443,1.322282,-0.53562,2.6072,-1.056413,1.386448
F46->F47,45,78,430.5743,287.6875,1.591238,-0.617891,2.499629,-0.6471,0.90886
F46->F47,45,79,427.3951,265.9163,1.754365,-0.685361,0.575363,-0.145745,1.296623
F46->F47,45,80,424.0298,244.2861,1.771324,-0.712036,2.178187,-0.82068,0.421118
F46->F47,45,81,419.5974,223.3308,1.571424,-0.692313,1.723149,-1.032243,0.372254
F46->F47,45,82,414.1273,202.9209,1.290627,-0.670407,0.488394,0.014233,1.054661
F46->F47,45,83,407.7769,182.3736,1.006993,-0.653047,1.649019,-1.044418,0.751909
F46->F47,45,84,400.6379,161.7854,0.727252,-0.625294,0.108043,-0.03731,0.8539
F46->F47,45,85,390.6673,141.5818,0.557313,-0.595178,0.874208,-0.910482,0.447033
F46->F47,45,86,378.1765,121.7722,0.410622,-0.519627,0.795076,-0.914483,0.551104
F46->F47,45,87,362.0105,104.5379,0.268257,-0.382217,0.230015,-0.051455,0.332965
F46->F47,45,88,343.0948,92.0601,0.146981,-0.241005,0.092143,-0.35125,0.123131
F46->F47,45,89,321.9248,86.6583,0.067866,-0.167389,-0.133459,-0.086294,0.217044
F46->F47,45,90,300.3245,87.6698,0.014313,-0.172348,0.049924,-0.095983,0.08426
F46->F47,45,91,279.0487,94.4331,-0.011139,-0.208834,-0.005046,-0.126423,0.082637
F46->F47,45,92,260.0671,107.5598,-0.013372,-0.292385,0.26415,-0.474592,0.331991
F46->F47,45,93,245.6816,125.4639,-0.064133,-0.344367,-0.134337,-0.049285,0.303317
F46->F47,45,94,233.5049,145.0672,-0.265468,-0.434028,-0.204162,-0.117763,0.322152
F46->F47,45,95,224.9308,166.198,-0.441313,-0.462212,-0.715365,-0.935676,0.547058
F46->F47,45,96,218.9685,187.2984,-0.650281,-0.490417,-0.656455,-0.938561,0.448187
F46->F47,45,97,216.5587,208.0747,-0.884026,-0.523389,-0.084544,-0.233003,0.850585
F46->F47,45,98,215.437,228.7388,-1.007761,-0.527853,0.43496,0.001359,1.53672
F46->F47,45,99,213.8431,249.4982,-1.00957,-0.520351,-0.070221,-0.037691,1.056095
F46->F47,45,100,212.1497,270.548,-0.888947,-0.505939,-0.249115,-0.238363,0.693529
F46->F47,45,101,209.7681,291.8388,-0.848329,-0.479546,-1.443989,-0.761237,0.658909
F46->F47,45,102,207.8515,313.3945,-0.841391,-0.453494,-0.631128,-0.209683,0.321953
F46->F47,45,103,205.7586,335.1787,-0.746023,-0.415347,0.343886,-0.161964,1.118975
F46->F47,45,104,203.4483,356.2608,-0.629056,-0.374496,-0.235215,0.009057,0.549748
F46->F47,45,105,203.3958,377.502,-0.469417,-0.337583,-1.20486,-0.805878,0.871882
F46->F47,45,106,208.7118,397.9211,-0.311754,-0.346133,0.084965,0.068508,0.573858
F46->F47,45,107,219.7686,417.3521,-0.175895,-0.347291,0.856513,-0.075016,1.067708
F46->F47,45,108,421.6329,420.842,0.739021,-0.532209,9.670483,-4.866735,9.927695
F46->F47,45,109,429.1772,399.4133,0.898187,-0.360129,1.10856,-0.204379,0.261754
F46->F47,45,110,437.2566,377.1494,0.842582,-0.287277,0.537651,-0.148167,0.335163
F46->F47,45,111,440.289,353.6544,0.877353,-0.326246,3.52326,-2.215608,3.251232
F46->F47,45,112,441.111,330.9192,1.095522,-0.385704,0.328959,-0.092928,0.82057
F46->F47,45,113,439.8,308.8264,1.324968,-0.495215,2.572224,-1.126846,1.398072
F46->F47,45,114,437.7584,286.4265,1.53951,-0.595511,2.236773,-0.80581,0.728287
F46->F47,45,115,435.4371,264.0356,1.686546,-0.67899,2.16954,-0.785445,0.494587
F46->F47,45,116,432.9416,241.9246,1.674314,-0.715881,1.859804,-1.308688,0.62115
F46->F47,45,117,429.1639,220.8043,1.448559,-0.707333,1.64454,-1.203489,0.53346
F46->F47,45,118,423.5704,200.2746,1.176465,-0.696944,1.547518,-1.208193,0.631709
F46->F47,45,119,417.0108,179.3377,0.894409,-0.681135,1.127818,-0.957486,0.361731
F46->F47,45,120,408.627,158.6215,0.650601,-0.662492,0.099839,-0.051872,0.822311
F46->F47,45,121,398.2692,137.6395,0.512506,-0.627631,0.76214,-0.971093,0.424598
F46->F47,45,122,384.5552,116.9669,0.362673,-0.518469,-0.045099,-0.287917,0.468435
F46->F47,45,123,366.8929,98.6333,0.224032,-0.366031,-0.015518,0.004411,0.441148
F46->F47,45,124,346.0042,85.8979,0.118872,-0.22727,0.217302,-0.390308,0.190446
F46->F47,45,125,323.0215,80.5437,0.047288,-0.144002,0.041146,-0.06458,0.079659
F46->F47,45,126,299.4408,82.0415,0.012067,-0.145787,0.086289,-0.015091,0.1503
F46->F47,45,127,276.5896,89.2889,-0.006159,-0.207728,0.070583,-0.16161,0.089534
F46->F47,45,128,256.2954,103.3056,-0.01229,-0.330314,0.268918,-0.329708,0.281209
F46->F47,45,129,241.6858,122.5459,-0.049425,-0.376772,-0.123087,0.093938,0.476439
F46->F47,45,130,229.2651,143.3687,-0.218037,-0.451645,-0.107796,0.021425,0.485745
F46->F47,45,131,219.3316,165.1285,-0.380621,-0.485664,-0.649956,-0.872371,0.471258
F46->F47,45,132,212.2365,186.5666,-0.554319,-0.501157,-0.682346,-0.805303,0.329993
F46->F47,45,133,208.7696,207.2678,-0.779687,-0.534654,-0.802946,-0.863673,0.32984
F46->F47,45,134,206.6767,227.936,-0.916554,-0.538833,0.42293,-0.091064,1.412343
F46->F47,45,135,205.0866,248.7935,-0.936359,-0.521193,-1.298605,-0.809324,0.462862
F46->F47,45,136,203.6228,269.9151,-0.829994,-0.509259,0.021991,-0.280165,0.882248
F46->F47,45,137,201.6248,291.14,-0.772791,-0.472881,-1.047345,-0.776685,0.409483
F46->F47,45,138,199.5719,312.7459,-0.768094,-0.434278,-0.843686,-0.11926,0.32396
F46->F47,45,139,197.5586,334.4798,-0.673808,-0.389488,-0.028779,-0.035087,0.735977
F46->F47,45,140,195.0518,356.1732,-0.556449,-0.337084,-8.401137,-1.871283,7.993304
F46->F47,45,141,193.8729,378.2837,-0.425218,-0.279344,-1.852762,-0.878167,1.548054
F46->F47,45,142,200.2372,400.2053,-0.278053,-0.310036,-2.216112,-0.791404,1.996944
F46->F47,45,143,214.2192,418.581,-0.150488,-0.348275,-2.669148,-0.960274,2.591947
F46->F47,45,144,428.5791,422.2335,0.716626,-0.446977,4.508193,-2.326649,4.231919
F46->F47,45,145,435.7248,401.2099,0.854711,-0.305543,0.169672,0.126565,0.809936
F46->F47,45,146,443.222,378.6858,0.77273,-0.295745,0.230304,0.046015,0.641113
F46->F47,45,147,445.9111,354.5156,0.957653,-0.293194,3.262525,-1.878795,2.7976
F46->F47,45,148,446.6357,331.0552,1.189056,-0.348266,0.357523,-0.025852,0.89185
F46->F47,45,149,445.9591,308.0734,1.362258,-0.468872,2.151016,-0.831612,0.868171
F46->F47,45,150,444.8099,285.1949,1.50814,-0.579625,2.032163,-0.845737,0.587721
F46->F47,45,151,443.5097,262.0708,1.619435,-0.672868,2.116945,-0.779059,0.508716
F46->F47,45,152,441.8735,239.5215,1.574149,-0.722835,1.704749,-1.290836,0.582822
F46->F47,45,153,438.5789,218.3344,1.338335,-0.727398,1.583946,-1.215289,0.546226
F46->F47,45,154,433.1344,197.5707,1.077496,-0.726257,1.390537,-0.852892,0.337684
F46->F47,45,155,425.7393,176.5443,0.80594,-0.715547,0.819268,-1.126927,0.411596
F46->F47,45,156,416.684,155.4115,0.619097,-0.710766,0.162029,-0.257536,0.643684
F46->F47,45,157,405.613,133.8304,0.493436,-0.670415,0.019585,-0.193539,0.672269
F46->F47,45,158,390.9476,112.2863,0.323216,-0.526088,0.043115,-0.131115,0.484211
F46->F47,45,159,371.7104,93.1148,0.188516,-0.361546,-0.053796,-0.013583,0.42402
F46->F47,45,160,348.9989,79.9341,0.086889,-0.220597,-0.038761,-0.357789,0.186037
F46->F47,45,161,323.8781,74.8196,0.03686,-0.137776,0.107241,-0.09748,0.0811
F46->F47,45,162,298.5472,76.545,0.016226,-0.128272,0.040837,0.047797,0.177782
F46->F47,45,163,273.8331,84.4605,0.005395,-0.225989,0.051917,-0.077834,0.155288
F46->F47,45,164,252.434,99.2049,-0.006997,-0.369137,0.402981,-0.245858,0.428112
F46->F47,45,165,237.5604,119.8157,-0.048584,-0.420213,-0.138825,0.090214,0.518343
F46->F47,45,166,224.7582,141.661,-0.189829,-0.480553,-0.157821,0.048408,0.529928
F46->F47,45,167,213.4758,163.9443,-0.342833,-0.520084,-0.658046,-0.90351,0.496362
F46->F47,45,168,205.4142,185.798,-0.483148,-0.525481,0.089675,-0.333355,0.604184
F46->F47,45,169,200.7708,206.5076,-0.678896,-0.549206,-0.638425,-0.96502,0.417778
F46->F47,45,170,198.1051,227.1317,-0.807932,-0.545811,0.259558,-0.177368,1.129286
F46->F47,45,171,196.3275,248.0757,-0.849653,-0.526162,-0.067086,-0.308251,0.81234
F46->F47,45,172,195.0715,269.2491,-0.768038,-0.505231,-1.078968,-0.854264,0.467442
F46->F47,45,173,193.3741,290.47,-0.709276,-0.463087,0.679228,-0.132945,1.427213
F46->F47,45,174,191.456,311.7848,-0.699146,-0.415071,-3.063801,-0.984676,2.432292
F46->F47,45,175,189.162,333.8252,-0.616485,-0.35891,-0.46801,0.14392,0.524293
F46->F47,45,176,186.5222,355.7551,-0.496652,-0.290084,-7.823627,-1.968963,7.516861
F46->F47,45,177,184.4816,379.2811,-0.377128,-0.223392,-1.777354,-0.893132,1.552154
F46->F47,45,178,191.3587,403.0045,-0.250355,-0.290593,-0.119217,-0.176503,0.173821
F46->F47,45,179,208.6687,419.864,-0.131502,-0.349481,-1.770473,-1.039845,1.778434
F47->F48,46,0,401.6548,416.3592,0.58226,-0.778983,-0.034059,0.105459,1.078002
F47->F48,46,1,410.1917,395.5695,0.623083,-0.734794,-1.878327,-0.122295,2.575307
F47->F48,46,2,416.598,372.6765,0.798385,-0.532307,-0.004154,-0.130269,0.89761
F47->F48,46,3,421.1915,351.5584,0.831899,-0.473447,0.115235,-0.039532,0.837789
F47->F48,46,4,423.4538,330.5636,0.853648,-0.486644,0.171446,0.031517,0.856675
F47->F48,46,5,420.9821,310.5412,1.021481,-0.514108,1.522888,-1.027496,0.717618
F47->F48,46,6,417.6565,289.7866,1.157554,-0.523862,-0.245134,-0.168094,1.447102
F47->F48,46,7,413.0618,269.2969,1.241159,-0.524824,2.053365,-0.734494,0.838832
F47->F48,46,8,407.9569,248.6456,1.276161,-0.519667,0.287254,0.039264,1.135932
F47->F48,46,9,402.2149,228.092,1.193522,-0.485055,0.593068,-0.199892,0.664729
F47->F48,46,10,396.4534,207.8945,1.016811,-0.44444,1.766427,-0.888649,0.871347
F47->F48,46,11,390.5973,188.0681,0.839155,-0.419021,1.277582,-0.699176,0.520293
F47->F48,46,12,384.295,168.3084,0.6765,-0.402738,1.151541,-0.67391,0.54699
F47->F48,46,13,376.5481,148.9982,0.521837,-0.383111,0.341349,-0.098796,0.336765
F47->F48,46,14,365.9799,131.3854,0.378357,-0.356577,0.121457,-0.247961,0.278918
F47->F48,46,15,352.6945,116.1513,0.254156,-0.276421,-0.031887,-0.143887,0.315256
F47->F48,46,16,337.3794,104.9299,0.131357,-0.200267,0.079953,-0.067684,0.1422
F47->F48,46,17,320.0499,99.1851,0.037815,-0.13705,0.057293,-0.123839,0.023535
F47->F48,46,18,301.8393,99.0857,-0.017196,-0.122702,-0.037636,-0.004687,0.119772
F47->F48,46,19,283.7292,104.9113,-0.056537,-0.125571,0.010242,-0.154791,0.072892
F47->F48,46,20,267.2289,115.9612,-0.081634,-0.142203,-0.007802,-0.004783,0.155998
F47->F48,46,21,252.9563,130.9417,-0.159516,-0.182298,-0.055614,-0.231643,0.115024
F47->F48,46,22,241.829,148.412,-0.368199,-0.238735,-0.344536,-0.137017,0.104435
F47->F48,46,23,235.7981,168.2706,-0.638699,-0.284846,-0.219771,-0.004471,0.504094
F47->F48,46,24,232.2999,188.5293,-0.945482,-0.333823,-0.87665,-0.784011,0.45542
F47->F48,46,25,230.9745,209.2372,-1.245525,-0.377558,-0.12411,-0.124802,1.149547
F47->F48,46,26,230.9498,229.7602,-1.463069,-0.402003,-1.691377,-0.796639,0.45592
F47->F48,46,27,229.9875,250.4711,-1.516407,-0.418679,-2.420924,-0.618964,0.926426
F47->F48,46,28,228.0364,271.4188,-1.442023,-0.436188,-0.975683,-0.254546,0.500466
F47->F48,46,29,225.1403,292.7168,-1.419348,-0.452289,-0.595097,-0.125862,0.886535
F47->F48,46,30,222.8036,314.1124,-1.384654,-0.479143,-0.284947,0.004409,1.201324
F47->F48,46,31,221.4918,335.3679,-1.241324,-0.501138,0.272966,-0.285614,1.529551
F47->F48,46,32,220.3481,355.9598,-1.050209,-0.501345,-2.217513,-0.959664,1.254055
F47->F48,46,33,221.3284,375.3891,-0.782672,-0.477943,-0.358705,-0.205292,0.50407
F47->F48,46,34,225.1387,395.2077,-0.497484,-0.417064,0.238317,-0.334884,0.740376
F47->F48,46,35,231.0301,413.8981,-0.259683,-0.42938,-0.476702,-0.140184,0.361568
F47->F48,46,36,408.8737,416.8449,0.547404,-0.720859,-0.186399,0.167405,1.152163
F47->F48,46,37,416.6484,396.1967,0.625042,-0.623463,-2.538963,0.055613,3.236058
F47->F48,46,38,423.9238,373.2079,0.708651,-0.433668,0.168885,0.011699,0.699785
F47->F48,46,39,429.5666,351.7126,0.655683,-0.409341,0.123567,-0.032321,0.652143
F47->F48,46,40,430.4361,330.5981,0.722786,-0.437388,-0.012528,-0.106719,0.806244
F47->F48,46,41,428.2585,309.6371,0.94704,-0.47863,-0.081307,-0.21819,1.060814
F47->F48,46,42,425.1138,288.3428,1.109101,-0.504815,0.053122,-0.153317,1.112943
F47->F48,46,43,421.1718,267.2099,1.206793,-0.523889,0.451005,0.187181,1.037707
F47->F48,46,44,416.6811,246.1781,1.211967,-0.52124,0.166581,0.041611,1.18728
F47->F48,46,45,411.7202,225.2355,1.089173,-0.488238,2.017622,-0.785005,0.974725
F47->F48,46,46,405.9033,205.0411,0.901173,-0.453847,1.808366,-1.010746,1.064488
F47->F48,46,47,400.1142,184.6478,0.727475,-0.433213,0.876057,-0.801711,0.397325
F47->F48,46,48,393.0179,164.5412,0.54798,-0.407416,-0.106255,-0.197038,0.687227
F47->F48,46,49,383.8233,144.8773,0.43103,-0.38522,0.271149,-0.066349,0.356708
F47->F48,46,50,372.0985,126.1318,0.320944,-0.346447,0.149038,-0.195787,0.228583
F47->F48,46,51,357.4731,110.0075,0.213833,-0.248088,-0.120507,-0.181978,0.340813
F47->F48,46,52,340.3082,98.2556,0.108857,-0.157767,-0.046629,0.010836,0.229353
F47->F48,46,53,321.0864,92.6384,0.032063,-0.100905,0.052979,-0.138082,0.042657
F47->F48,46,54,301.2453,93.1841,-0.021973,-0.094611,-0.034565,-0.074719,0.023542
F47->F48,46,55,281.4318,99.4388,-0.048347,-0.105984,-0.072475,-0.014738,0.094383
F47->F48,46,56,263.8401,111.5249,-0.061961,-0.139798,-0.046433,0.010516,0.151114
F47->F48,46,57,249.3149,127.9967,-0.112046,-0.182065,0.025472,-0.130003,0.147043
F47->F48,46,58,237.5417,146.4765,-0.31351,-0.245096,-0.329391,-0.172977,0.073846
F47->F48,46,59,230.1467,167.0251,-0.549387,-0.291896,-0.301452,-0.018522,0.369061
F47->F48,46,60,225.3858,187.6602,-0.84379,-0.340974,-0.322282,-0.291122,0.523885
F47->F48,46,61,223.2573,208.349,-1.184865,-0.392272,-0.122907,-0.098817,1.101758
F47->F48,46,62,222.6679,228.9508,-1.454583,-0.420853,-1.785018,-0.886616,0.571071
F47->F48,46,63,221.5416,249.7346,-1.518299,-0.432987,-2.369785,-0.832018,0.940348
F47->F48,46,64,219.6501,270.6917,-1.414892,-0.444689,-1.371285,-0.212022,0.236718
F47->F48,46,65,217.0415,292.0646,-1.348639,-0.457687,-0.536202,-0.002614,0.931206
F47->F48,46,66,214.9408,313.4736,-1.328933,-0.472353,-0.011392,-0.029154,1.390086
F47->F48,46,67,213.2406,335.0053,-1.185865,-0.482598,0.123598,-0.167714,1.34679
F47->F48,46,68,211.3661,355.7683,-0.997619,-0.469641,0.041597,-0.123176,1.095449
F47->F48,46,69,212.1389,376.1752,-0.735537,-0.444325,0.229997,-0.164712,1.005206
F47->F48,46,70,216.8722,396.5399,-0.452361,-0.425789,0.446701,-0.015374,0.988309
F47->F48,46,71,225.409,415.6643,-0.24911,-0.413794,0.14735,-0.216787,0.442711
F47->F48,46,72,415.7142,418.7067,0.514438,-0.637114,0.191161,0.163997,0.863879
F47->F48,46,73,423.5423,397.8415,0.615632,-0.508478,-0.537742,-0.082459,1.229538
F47->F48,46,74,430.8368,374.9133,0.626661,-0.385454,0.08581,0.016036,0.673583
F47->F48,46,75,435.6634,352.5701,0.58799,-0.375632,-0.012424,-0.097125,0.661863
F47->F48,46,76,436.0345,330.4274,0.72889,-0.400566,0.257729,-0.135874,0.540421
F47->F48,46,77,435.0221,308.9087,0.922169,-0.450908,-0.05209,-0.168468,1.014373
F47->F48,46,78,432.1656,287.0696,1.08252,-0.491169,1.924878,-0.953726,0.961003
F47->F48,46,79,429.1495,265.2309,1.171013,-0.521777,0.274954,0.012381,1.043191
F47->F48,46,80,425.8012,243.5741,1.15208,-0.525383,0.231687,0.064232,1.093054
F47->F48,46,81,421.1688,222.6385,0.999704,-0.497166,0.331877,0.07081,0.876693
F47->F48,46,82,415.4179,202.2505,0.81542,-0.471358,1.347023,-0.744587,0.597709
F47->F48,46,83,408.7838,181.7205,0.643413,-0.450508,-0.328564,-0.372183,0.975128
F47->F48,46,84,401.3651,161.1601,0.472724,-0.427291,-0.134551,-0.111308,0.684565
F47->F48,46,85,391.2246,140.9866,0.367264,-0.399768,0.107416,-0.101092,0.395889
F47->F48,46,86,378.5871,121.2525,0.275609,-0.341148,0.132327,-0.100783,0.27983
F47->F48,46,87,362.2788,104.1557,0.182259,-0.237874,-0.029339,-0.282114,0.216174
F47->F48,46,88,343.2418,91.8191,0.09208,-0.131633,-0.174353,0.055993,0.325868
F47->F48,46,89,321.9926,86.4909,0.025048,-0.073901,0.038855,-0.043898,0.033027
F47->F48,46,90,300.3388,87.4975,-0.023888,-0.070424,-0.112548,-0.028226,0.09819
F47->F48,46,91,279.0376,94.2243,-0.043726,-0.095129,0.097803,-0.170713,0.160448
F47->F48,46,92,260.0538,107.2674,-0.049037,-0.158437,-0.168235,0.033078,0.22558
F47->F48,46,93,245.6175,125.1196,-0.094921,-0.197246,-0.124591,-0.05476,0.145543
F47->F48,46,94,233.2394,144.6332,-0.266747,-0.257616,-0.321583,-0.150804,0.120065
F47->F48,46,95,224.4894,165.7358,-0.475261,-0.309652,-0.368529,-0.184397,0.164562
F47->F48,46,96,218.3182,186.808,-0.746233,-0.355341,-0.50489,-0.422907,0.250622
F47->F48,46,97,215.6746,207.5513,-1.117895,-0.410949,-0.040119,-0.122608,1.115679
F47->F48,46,98,214.4292,228.2109,-1.406727,-0.44088,-1.880917,-1.077761,0.794024
F47->F48,46,99,212.8335,248.9779,-1.505111,-0.447599,-1.041834,-0.199945,0.525318
F47->F48,46,100,211.2608,270.042,-1.393758,-0.451755,-2.871552,-0.860976,1.533406
F47->F48,46,101,208.9197,291.3593,-1.302169,-0.453454,-0.861352,-0.039172,0.604937
F47->F48,46,102,207.0101,312.941,-1.286485,-0.459701,-2.73415,-1.05014,1.563443
F47->F48,46,103,205.0126,334.7634,-1.143961,-0.451147,-0.575111,-0.225733,0.611885
F47->F48,46,104,202.8193,355.8863,-0.950398,-0.427726,-0.345874,0.105324,0.805973
F47->F48,46,105,202.9264,377.1645,-0.696836,-0.397291,-2.726475,-1.253025,2.202661
F47->F48,46,106,208.4001,397.5749,-0.418533,-0.401597,-0.471204,0.367614,0.771012
F47->F48,46,107,219.5927,417.0048,-0.226937,-0.409451,0.041477,-0.153101,0.371162
F47->F48,46,108,422.3719,420.3098,0.494,-0.547584,-0.0304,0.044429,0.79087
F47->F48,46,109,430.0754,399.0532,0.603835,-0.423622,-0.298628,-0.171536,0.93701
F47->F48,46,110,438.0992,376.8622,0.553679,-0.367486,0.007201,0.089993,0.712689
F47->F48,46,111,441.1664,353.3282,0.617532,-0.34879,0.612865,-0.219878,0.128996
F47->F48,46,112,442.2065,330.5335,0.796171,-0.363232,0.438036,-0.048881,0.476527
F47->F48,46,113,441.125,308.3312,0.941289,-0.427026,-0.038119,-0.17246,1.011951
F47->F48,46,114,439.2979,285.831,1.060365,-0.479815,2.160807,-0.902481,1.178822
F47->F48,46,115,437.1237,263.3567,1.132019,-0.521349,1.941833,-0.934059,0.908915
F47->F48,46,116,434.6159,241.2088,1.089612,-0.531685,0.377256,-0.003954,0.886539
F47->F48,46,117,430.6124,220.0969,0.921682,-0.511645,1.773538,-1.026949,0.995589
F47->F48,46,118,424.7468,199.5777,0.74363,-0.493115,0.201882,-0.123243,0.65597
F47->F48,46,119,417.9052,178.6566,0.569083,-0.47345,-0.149539,-0.330474,0.732708
F47->F48,46,120,409.2776,157.959,0.422812,-0.456419,-0.033875,-0.106972,0.575044
F47->F48,46,121,398.7817,137.0119,0.334256,-0.426256,0.00021,-0.08646,0.476495
F47->F48,46,122,384.9178,116.4485,0.241243,-0.345794,0.139756,-0.158047,0.21342
F47->F48,46,123,367.1169,98.2673,0.151611,-0.228023,-0.099953,-0.418543,0.315566
F47->F48,46,124,346.1231,85.6706,0.071769,-0.123714,-0.153441,0.029755,0.272529
F47->F48,46,125,323.0688,80.3997,0.01091,-0.056417,0.027118,-0.025869,0.034582
F47->F48,46,126,299.4528,81.8957,-0.021899,-0.050866,-0.124516,-0.056635,0.102779
F47->F48,46,127,276.5835,89.0812,-0.036545,-0.093782,0.221212,-0.333898,0.35227
F47->F48,46,128,256.2831,102.9753,-0.04624,-0.185479,-0.037771,-0.046913,0.138824
F47->F48,46,129,241.6364,122.1691,-0.081885,-0.222565,-0.142784,-0.056124,0.177232
F47->F48,46,130,229.0471,142.9171,-0.231095,-0.279719,-0.272143,-0.165654,0.121226
F47->F48,46,131,218.951,164.6428,-0.429349,-0.34486,-0.182389,-0.303456,0.250407
F47->F48,46,132,211.6822,186.0655,-0.676358,-0.37918,-0.399093,-0.073425,0.412749
F47->F48,46,133,207.9899,206.7331,-1.043904,-0.43481,-0.446264,-0.051937,0.709764
F47->F48,46,134,205.7601,227.3972,-1.331764,-0.458756,-1.663611,-1.022605,0.654254
F47->F48,46,135,204.1502,248.2723,-1.443216,-0.457001,-0.681939,-0.13614,0.826132
F47->F48,46,136,202.7928,269.4059,-1.361904,-0.457912,-2.596896,-0.960617,1.333386
F47->F48,46,137,200.852,290.6671,-1.26301,-0.446708,-0.893923,-0.038199,0.550549
F47->F48,46,138,198.8038,312.3116,-1.243141,-0.435669,-2.648767,-1.216736,1.608057
F47->F48,46,139,196.8848,334.0904,-1.107641,-0.417914,-0.558281,0.024479,0.705343
F47->F48,46,140,194.4953,355.8361,-0.913788,-0.373464,-0.240556,-0.013314,0.763511
F47->F48,46,141,193.4477,378.0043,-0.677884,-0.307143,-2.999409,-6.018008,6.164695
F47->F48,46,142,199.9591,399.8953,-0.400598,-0.329848,-0.627974,-0.109305,0.316763
F47->F48,46,143,214.0687,418.2328,-0.208516,-0.393331,-0.189659,-0.023975,0.369837
F47->F48,46,144,429.2957,421.7865,0.473345,-0.471049,-2.96587,9.743765,10.778248
F47->F48,46,145,436.5795,400.9044,0.563208,-0.379516,-0.406335,-0.182328,0.989392
F47->F48,46,146,443.9947,378.3901,0.502772,-0.365352,0.187929,0.195206,0.642924
F47->F48,46,147,446.8687,354.2224,0.677779,-0.318226,0.832056,-0.112592,0.257073
F47->F48,46,148,447.8248,330.7069,0.864499,-0.335604,0.391555,0.032341,0.599215
F47->F48,46,149,447.3214,307.6046,0.974887,-0.410586,-0.083172,-0.172991,1.084407
F47->F48,46,150,446.3181,284.6153,1.046823,-0.474242,0.241375,-0.007829,0.930746
F47->F48,46,151,445.1292,261.3979,1.088776,-0.523593,0.306985,0.022126,0.953418
F47->F48,46,152,443.4476,238.7987,1.024606,-0.54199,0.432437,0.057038,0.842317
F47->F48,46,153,439.9173,217.607,0.85132,-0.530061,1.130238,-0.84106,0.417751
F47->F48,46,154,434.2118,196.8444,0.67797,-0.517517,0.285418,0.031874,0.675224
F47->F48,46,155,426.5453,175.8288,0.509787,-0.501759,0.00478,-0.182856,0.59727
F47->F48,46,156,417.3031,154.7008,0.399704,-0.49482,0.103658,-0.099057,0.494238
F47->F48,46,157,406.1064,133.16,0.317562,-0.459838,0.066504,-0.164876,0.387341
F47->F48,46,158,391.2708,111.7602,0.212253,-0.356867,0.075639,-0.051893,0.334174
F47->F48,46,159,371.8989,92.7533,0.123112,-0.229358,-0.022843,-0.155118,0.163751
F47->F48,46,160,349.0858,79.7135,0.047592,-0.121875,-0.060069,-0.090507,0.112138
F47->F48,46,161,323.915,74.6818,0.004511,-0.053925,-0.0004,-0.035305,0.019257
F47->F48,46,162,298.5635,76.4168,-0.016405,-0.037673,-0.044432,-0.173799,0.138981
F47->F48,46,163,273.8385,84.2345,-0.025209,-0.107007,0.21019,-0.234844,0.267871
F47->F48,46,164,252.427,98.8358,-0.040974,-0.212841,-0.074367,-0.174889,0.05055
F47->F48,46,165,237.5118,119.3955,-0.077192,-0.25614,-0.529424,-0.385539,0.470381
F47->F48,46,166,224.5684,141.1805,-0.207603,-0.310676,-0.153696,-0.368763,0.079247
F47->F48,46,167,213.133,163.4242,-0.403289,-0.390159,-0.943516,-0.677845,0.612052
F47->F48,46,168,204.9311,185.2725,-0.630369,-0.421751,-0.438398,0.113304,0.568451
F47->F48,46,169,200.0919,205.9584,-0.967145,-0.467076,-2.124275,-0.765515,1.194996
F47->F48,46,170,197.2972,226.5859,-1.23288,-0.478066,-1.243941,-0.738361,0.26053
F47->F48,46,171,195.4778,247.5495,-1.362209,-0.470334,-0.733203,-0.165452,0.699
F47->F48,46,172,194.3035,268.7438,-1.312775,-0.460612,-2.776553,-0.927899,1.536556
F47->F48,46,173,192.6648,290.0069,-1.224361,-0.438387,-1.224662,0.077179,0.515567
F47->F48,46,174,190.7568,311.3697,-1.205479,-0.409933,-0.794966,-0.099865,0.514455
F47->F48,46,175,188.5455,333.4663,-1.079258,-0.371104,-1.541246,-0.131891,0.520245
F47->F48,46,176,186.0255,355.465,-0.886375,-0.301162,1.718014,0.133154,2.640354
F47->F48,46,177,184.1045,379.0577,-0.649808,-0.217044,0.829705,-5.097622,5.099902
F47->F48,46,178,191.1083,402.7139,-0.388959,-0.263189,-2.7621,-0.983722,2.480114
F47->F48,46,179,208.5372,419.5145,-0.19482,-0.375811,-0.319553,0.064619,0.457752
F48->F49,47,0,402.2371,415.5802,-0.039476,-0.7498,-1.321081,-0.327225,1.349474
F48->F49,47,1,410.8148,394.8347,-0.051222,-0.770325,1.797267,-1.08578,1.875213
F48->F49,47,2,417.3964,372.1442,0.011117,-0.593797,0.889478,-1.164455,1.047458
F48->F49,47,3,422.0234,351.085,0.069003,-0.450413,-0.660945,-0.047956,0.833544
F48->F49,47,4,424.3075,330.0769,0.086439,-0.353581,-0.340814,-0.353705,0.427253
F48->F49,47,5,422.0036,310.0271,0.102769,-0.299423,-0.337877,-0.267689,0.441787
F48->F49,47,6,418.8141,289.2627,0.09801,-0.260177,-0.058553,-0.239844,0.157878
F48->F49,47,7,414.303,268.7721,0.087867,-0.225229,-0.160909,-0.02869,0.317045
F48->F49,47,8,409.2331,248.1259,0.04923,-0.195409,-0.057043,-0.104716,0.139712
F48->F49,47,9,403.4084,227.6069,0.014492,-0.155079,-0.088442,-0.04464,0.150971
F48->F49,47,10,397.4702,207.45,0.017666,-0.119529,-0.030899,-0.124301,0.048799
F48->F49,47,11,391.4364,187.649,0.061322,-0.089386,0.073811,0.015672,0.105798
F48->F49,47,12,384.9715,167.9056,0.090168,-0.069453,0.167386,0.103437,0.18935
F48->F49,47,13,377.07,148.6151,0.092166,-0.043972,-0.138487,0.003049,0.235396
F48->F49,47,14,366.3582,131.0288,0.085302,-0.022559,0.12157,-0.003691,0.040883
F48->F49,47,15,352.9487,115.8748,0.072908,0.005492,-0.191131,-0.0404,0.267997
F48->F49,47,16,337.5108,104.7297,0.030667,0.023582,0.075916,0.154125,0.138163
F48->F49,47,17,320.0877,99.048,-0.018116,0.042208,-0.033969,0.114459,0.07397
F48->F49,47,18,301.8221,98.963,-0.058308,0.053134,0.132802,-0.102649,0.246559
F48->F49,47,19,283.6727,104.7857,-0.074702,0.054299,0.019334,-0.175012,0.247844
F48->F49,47,20,267.1472,115.819,-0.082288,0.038135,0.054277,-0.197195,0.272085
F48->F49,47,21,252.7968,130.7594,-0.097827,0.011586,-0.157619,0.122179,0.125721
F48->F49,47,22,241.4608,148.1733,-0.149157,-0.01222,-0.085164,0.057306,0.094493
F48->F49,47,23,235.1594,167.9858,-0.285337,-0.069829,-0.454559,0.030895,0.19693
F48->F49,47,24,231.3545,188.1955,-0.467358,-0.135939,-0.285906,0.039307,0.252262
F48->F49,47,25,229.729,208.8596,-0.692096,-0.20908,-0.077244,-0.175756,0.615754
F48->F49,47,26,229.4868,229.3582,-0.884628,-0.266061,-0.46147,0.087371,0.551341
F48->F49,47,27,228.4711,250.0524,-0.933117,-0.305168,-0.574686,-0.06545,0.431205
F48->F49,47,28,226.5943,270.9826,-0.85743,-0.348014,-0.574583,-0.326198,0.283687
F48->F49,47,29,223.7209,292.2645,-0.814028,-0.392188,-0.275129,-0.022596,0.653461
F48->F49,47,30,221.4189,313.6332,-0.80934,-0.442699,0.086075,-0.228296,0.920725
F48->F49,47,31,220.2504,334.8668,-0.705348,-0.497147,-0.400712,0.013588,0.594687
F48->F49,47,32,219.2979,355.4585,-0.588681,-0.532911,0.144387,-0.193966,0.807634
F48->F49,47,33,220.5458,374.9112,-0.40836,-0.520862,-0.096924,-0.152913,0.482057
F48->F49,47,34,224.6412,394.7907,-0.24881,-0.513138,-0.788863,-1.093241,0.792576
F48->F49,47,35,230.7705,413.4687,-0.120985,-0.519385,2.213523,-0.305332,2.344301
F48->F49,47,36,409.4211,416.124,-0.050718,-0.702844,-2.569541,-0.072162,2.59658
F48->F49,47,37,417.2734,395.5732,-0.060732,-0.704384,1.881869,-1.125565,1.987735
F48->F49,47,38,424.6325,372.7742,0.01169,-0.549483,1.285535,-0.941949,1.332933
F48->F49,47,39,430.2223,351.3032,0.057583,-0.421558,-0.759191,0.031324,0.933928
F48->F49,47,40,431.1589,330.1608,0.105702,-0.343438,-0.347173,-0.308871,0.454192
F48->F49,47,41,429.2055,309.1585,0.125375,-0.296104,-0.204431,-0.136643,0.366333
F48->F49,47,42,426.2229,287.838,0.118379,-0.260714,-0.06659,-0.217729,0.189898
F48->F49,47,43,422.3786,266.686,0.103287,-0.2277,-0.248119,-0.137977,0.36268
F48->F49,47,44,417.8931,245.6568,0.060912,-0.19458,-0.120864,-0.135242,0.191216
F48->F49,47,45,412.8093,224.7472,0.026471,-0.15231,-0.090801,-0.093797,0.131059
F48->F49,47,46,406.8045,204.5873,0.022695,-0.11686,-0.277212,-0.299059,0.350914
F48->F49,47,47,400.8416,184.2146,0.061612,-0.089491,0.151075,0.030799,0.149911
F48->F49,47,48,393.5659,164.1338,0.083455,-0.068611,0.026585,0.078678,0.157888
F48->F49,47,49,384.2543,144.4921,0.083643,-0.044718,-0.094255,-0.119688,0.193049
F48->F49,47,50,372.4194,125.7853,0.081174,-0.016188,0.002566,-0.035853,0.08103
F48->F49,47,51,357.687,109.7595,0.069571,0.021869,-0.071536,-0.022273,0.147851
F48->F49,47,52,340.417,98.0979,0.028427,0.047585,0.208046,0.114378,0.191636
F48->F49,47,53,321.1184,92.5375,-0.015137,0.062983,0.082358,0.074138,0.098132
F48->F49,47,54,301.2233,93.0895,-0.057846,0.069488,0.049474,-0.019544,0.139443
F48->F49,47,55,281.3835,99.3328,-0.064327,0.060263,-0.088516,0.04612,0.02802
F48->F49,47,56,263.7781,111.3851,-0.06851,0.030538,0.175461,-0.273121,0.389526
F48->F49,47,57,249.2029,127.8146,-0.0842,0.001009,-0.164687,0.030034,0.08556
F48->F49,47,58,237.2282,146.2314,-0.139,-0.024613,-0.062081,0.066372,0.119142
F48->F49,47,59,229.5973,166.7332,-0.260916,-0.089013,-0.33862,-0.036082,0.094019
F48->F49,47,60,224.542,187.3192,-0.443208,-0.153036,-0.578811,-0.3886,0.271807
F48->F49,47,61,222.0724,207.9567,-0.692502,-0.225551,-0.243445,-0.089013,0.469357
F48->F49,47,62,221.2133,228.5299,-0.908562,-0.278817,-0.5997,-0.209339,0.31658
F48->F49,47,63,220.0233,249.3016,-0.974469,-0.309974,-0.710004,0.043037,0.441088
F48->F49,47,64,218.2352,270.2471,-0.891834,-0.345286,-0.126012,-0.23589,0.773596
F48->F49,47,65,215.6929,291.6069,-0.826257,-0.38565,-0.157978,-0.125105,0.717272
F48->F49,47,66,213.6119,313.0012,-0.8242,-0.429687,0.548638,-0.113763,1.40872
F48->F49,47,67,212.0547,334.5227,-0.727676,-0.47742,0.026764,0.003804,0.894849
F48->F49,47,68,210.3685,355.2987,-0.598688,-0.492622,0.342217,-0.365755,0.949419
F48->F49,47,69,211.4034,375.7309,-0.430058,-0.471359,0.759488,-0.081719,1.251735
F48->F49,47,70,216.4199,396.1141,-0.250274,-0.489119,0.394672,-1.267147,1.010586
F48->F49,47,71,225.1599,415.2505,-0.118824,-0.497884,1.700707,-0.08723,1.865296
F48->F49,47,72,416.2287,418.0696,-0.082811,-0.640917,0.349406,-0.805165,0.462373
F48->F49,47,73,424.1579,397.333,-0.06886,-0.631493,2.157664,-1.123912,2.280325
F48->F49,47,74,431.4635,374.5279,-0.018016,-0.525145,-0.623924,-0.00185,0.800601
F48->F49,47,75,436.2514,352.1945,0.048095,-0.393956,-0.718281,0.051992,0.88668
F48->F49,47,76,436.7634,330.0268,0.13354,-0.326595,-0.088397,-0.278404,0.227109
F48->F49,47,77,435.9443,308.4578,0.151471,-0.293775,0.03704,-0.08347,0.239421
F48->F49,47,78,433.2481,286.5784,0.1384,-0.261562,-0.004694,-0.242486,0.14436
F48->F49,47,79,430.3205,264.7092,0.114519,-0.22993,-0.298092,-0.175416,0.416196
F48->F49,47,80,426.9532,243.0487,0.06696,-0.195775,-0.054475,-0.114461,0.146145
F48->F49,47,81,422.1685,222.1413,0.027884,-0.15593,-0.232698,-0.155528,0.260583
F48->F49,47,82,416.2333,201.7792,0.023993,-0.121789,-0.16337,-0.137871,0.188053
F48->F49,47,83,409.4273,181.27,0.055346,-0.095938,0.072556,0.119157,0.215782
F48->F49,47,84,401.8379,160.7328,0.07338,-0.078468,-0.060701,0.039625,0.178672
F48->F49,47,85,391.5919,140.5869,0.073362,-0.052204,-0.037696,-0.010329,0.118691
F48->F49,47,86,378.8627,120.9114,0.072107,-0.019774,0.0966,-0.139867,0.122565
F48->F49,47,87,362.461,103.9178,0.060851,0.022331,0.056096,0.126987,0.104764
F48->F49,47,88,343.3339,91.6874,0.02848,0.060014,0.264225,0.07561,0.23626
F48->F49,47,89,322.0177,86.417,-0.012561,0.076692,-0.030683,0.068438,0.019914
F48->F49,47,90,300.3149,87.4271,-0.05157,0.081042,-0.034046,0.054768,0.031582
F48->F49,47,91,278.9939,94.1292,-0.05417,0.060615,-0.094858,0.125227,0.076356
F48->F49,47,92,260.0047,107.109,-0.053335,0.013989,0.061011,-0.269465,0.30565
F48->F49,47,93,245.5226,124.9223,-0.079785,-0.012857,0.231576,0.012291,0.312375
F48->F49,47,94,232.9727,144.3756,-0.130694,-0.042613,0.158289,0.061504,0.307167
F48->F49,47,95,224.0142,165.4261,-0.240459,-0.112587,-0.426007,0.051775,0.247877
F48->F49,47,96,217.572,186.4526,-0.417016,-0.176462,-0.39322,-0.059591,0.11927
F48->F49,47,97,214.5567,207.1404,-0.682759,-0.245106,-0.385592,0.079596,0.440158
F48->F49,47,98,213.0225,227.77,-0.907241,-0.295964,-0.683027,-0.156226,0.264194
F48->F49,47,99,211.3284,248.5303,-0.993575,-0.321779,-0.490281,0.282583,0.786485
F48->F49,47,100,209.867,269.5903,-0.921129,-0.346411,0.007056,-0.269736,0.931346
F48->F49,47,101,207.6176,290.9058,-0.8438,-0.378583,-2.235419,-0.744646,1.438959
F48->F49,47,102,205.7236,312.4813,-0.842462,-0.416806,-1.651326,-0.982117,0.986832
F48->F49,47,103,203.8686,334.3122,-0.743371,-0.445096,0.486055,-0.268088,1.242103
F48->F49,47,104,201.8689,355.4586,-0.609417,-0.444129,0.364215,-0.374022,0.976153
F48->F49,47,105,202.2296,376.7672,-0.45224,-0.417647,-1.044308,-0.758535,0.683191
F48->F49,47,106,207.9816,397.1733,-0.25373,-0.44121,0.929826,-0.905346,1.271309
F48->F49,47,107,219.3657,416.5953,-0.110244,-0.480264,1.003154,-0.164161,1.1574
F48->F49,47,108,422.8659,419.7622,-0.115494,-0.57972,0.63877,-1.062861,0.895735
F48->F49,47,109,430.6792,398.6295,-0.077793,-0.568166,0.715561,-0.932571,0.873041
F48->F49,47,110,438.6529,376.4947,-0.045307,-0.486328,-0.883373,-0.124413,0.912873
F48->F49,47,111,441.7839,352.9794,0.053776,-0.358473,-0.692443,0.07732,0.864151
F48->F49,47,112,443.0027,330.1703,0.154542,-0.298829,-0.111157,-0.313821,0.266122
F48->F49,47,113,442.0663,307.9041,0.176638,-0.289464,0.096031,-0.025194,0.27629
F48->F49,47,114,440.3583,285.3512,0.156573,-0.262616,-0.291347,-0.267463,0.447947
F48->F49,47,115,438.2557,262.8353,0.122477,-0.233485,-0.062932,-0.082486,0.239117
F48->F49,47,116,435.7056,240.6771,0.06664,-0.200563,-0.284143,-0.239558,0.352944
F48->F49,47,117,431.5341,219.5853,0.027059,-0.162648,-0.147486,-0.046928,0.20942
F48->F49,47,118,425.4905,199.0846,0.023357,-0.130285,-0.186674,-0.092545,0.213394
F48->F49,47,119,418.4743,178.1831,0.046153,-0.105923,0.012905,-0.108114,0.03332
F48->F49,47,120,409.7004,157.5026,0.065053,-0.090956,-0.02956,0.070398,0.187047
F48->F49,47,121,399.1159,136.5856,0.059769,-0.067711,-0.018218,0.215749,0.293992
F48->F49,47,122,385.1591,116.1027,0.059187,-0.03295,0.022668,-0.068744,0.051136
F48->F49,47,123,367.2685,98.0392,0.052167,0.022458,0.097561,0.137557,0.123727
F48->F49,47,124,346.1949,85.5469,0.021519,0.057279,0.122964,-0.04021,0.140695
F48->F49,47,125,323.0797,80.3432,-0.016389,0.0841,-0.086198,0.065088,0.072352
F48->F49,47,126,299.4309,81.8448,-0.041688,0.08903,0.066167,-0.044202,0.171416
F48->F49,47,127,276.5469,88.9874,-0.04235,0.056695,-0.118292,0.126544,0.10318
F48->F49,47,128,256.2369,102.7898,-0.043768,-0.005067,-0.271098,-0.001848,0.227353
F48->F49,47,129,241.5545,121.9466,-0.070709,-0.031055,0.397265,0.153939,0.503211
F48->F49,47,130,228.816,142.6373,-0.12317,-0.068611,0.277809,0.133218,0.448908
F48->F49,47,131,218.5216,164.298,-0.229213,-0.151794,-0.431398,0.032098,0.273305
F48->F49,47,132,211.0059,185.6863,-0.397986,-0.20507,-0.220417,-0.100617,0.206013
F48->F49,47,133,206.946,206.2983,-0.663322,-0.268592,-0.393016,0.067624,0.431401
F48->F49,47,134,204.4283,226.9384,-0.882081,-0.311641,-0.79217,-0.160519,0.175846
F48->F49,47,135,202.707,247.8153,-0.981387,-0.334809,-0.480253,0.096449,0.66115
F48->F49,47,136,201.4309,268.948,-0.93965,-0.350308,-0.312681,-0.083675,0.68131
F48->F49,47,137,199.589,290.2204,-0.861245,-0.371834,-0.141417,0.029177,0.823991
F48->F49,47,138,197.5607,311.8759,-0.850423,-0.395759,0.228643,-0.151696,1.106323
F48->F49,47,139,195.7772,333.6724,-0.758766,-0.415202,-1.751932,-1.184494,1.25626
F48->F49,47,140,193.5815,355.4626,-0.616411,-0.389333,-0.040471,-0.191227,0.609059
F48->F49,47,141,192.7698,377.6972,-0.462801,-0.332321,-0.45956,-0.748225,0.415916
F48->F49,47,142,199.5585,399.5654,-0.245084,-0.367477,-0.700771,-0.859093,0.670326
F48->F49,47,143,213.8602,417.8394,-0.097245,-0.452527,1.154654,-0.168473,1.28372
F48->F49,47,144,429.769,421.3155,-0.143061,-0.524322,0.421859,-0.842929,0.648572
F48->F49,47,145,437.1427,400.5249,-0.097574,-0.51867,-2.944724,-0.047201,2.885922
F48->F49,47,146,444.4975,378.0247,-0.066601,-0.446701,0.709069,-4.007553,3.644356
F48->F49,47,147,447.5465,353.9041,0.062357,-0.321303,-0.508156,0.21486,0.782915
F48->F49,47,148,448.6893,330.3713,0.167953,-0.28024,-0.575013,-0.044769,0.779388
F48->F49,47,149,448.2962,307.194,0.19391,-0.282915,0.107666,-0.028627,0.268516
F48->F49,47,150,447.3649,284.1411,0.168915,-0.268166,-0.424468,-0.311523,0.594966
F48->F49,47,151,446.2179,260.8743,0.124265,-0.242917,-0.312145,-0.14117,0.448114
F48->F49,47,152,444.4722,238.2567,0.063208,-0.209843,-0.118635,-0.160768,0.188348
F48->F49,47,153,440.7686,217.077,0.024743,-0.171294,-0.089575,0.064719,0.262242
F48->F49,47,154,434.8898,196.3269,0.016509,-0.141206,-0.149602,-0.218806,0.183343
F48->F49,47,155,427.055,175.327,0.035858,-0.119612,-0.006023,-0.155406,0.055093
F48->F49,47,156,417.7028,154.2059,0.056283,-0.109962,-0.020729,-0.093383,0.078776
F48->F49,47,157,406.424,132.7001,0.049224,-0.085602,-0.002603,0.038598,0.134579
F48->F49,47,158,391.4831,111.4033,0.047878,-0.049805,0.013738,-0.026396,0.041394
F48->F49,47,159,372.022,92.5239,0.036373,0.011396,0.022362,-0.018245,0.032786
F48->F49,47,160,349.1334,79.5916,0.010397,0.050197,0.094064,0.011803,0.092056
F48->F49,47,161,323.9195,74.6279,-0.016509,0.079728,-0.040038,0.067827,0.026368
F48->F49,47,162,298.5471,76.3791,-0.032285,0.093747,0.02848,0.024971,0.091774
F48->F49,47,163,273.8133,84.1275,-0.027694,0.043603,0.003855,0.220205,0.179398
F48->F49,47,164,252.386,98.6229,-0.032386,-0.024418,-0.09954,0.086876,0.129985
F48->F49,47,165,237.4346,119.1393,-0.062796,-0.05316,0.357767,0.076481,0.440091
F48->F49,47,166,224.3608,140.8698,-0.116821,-0.096497,0.178943,0.217,0.430994
F48->F49,47,167,212.7297,163.0341,-0.227648,-0.196703,-0.189302,0.081817,0.281147
F48->F49,47,168,204.3007,184.8507,-0.387322,-0.247671,-0.252099,-0.037099,0.250252
F48->F49,47,169,199.1248,205.4913,-0.637895,-0.303036,-0.159091,-0.066995,0.533825
F48->F49,47,170,196.0643,226.1078,-0.843034,-0.332241,-0.987554,-0.078098,0.292361
F48->F49,47,171,194.1156,247.0792,-0.955832,-0.347588,-0.386591,-0.024957,0.654313
F48->F49,47,172,192.9907,268.2832,-0.94006,-0.358584,-0.477819,0.12649,0.670047
F48->F49,47,173,191.4404,289.5685,-0.866996,-0.367792,0.207347,-0.182922,1.090132
F48->F49,47,174,189.5513,310.9598,-0.861525,-0.373408,-0.383968,0.288197,0.815955
F48->F49,47,175,187.4662,333.0952,-0.771154,-0.368315,-1.737023,-1.11047,1.218071
F48->F49,47,176,185.1392,355.1639,-0.626162,-0.320266,-1.148911,-0.090265,0.57111
F48->F49,47,177,183.4547,378.8407,-0.462948,-0.256054,1.923549,-10.96655,10.973153
F48->F49,47,178,190.7194,402.4507,-0.240772,-0.299086,0.24607,-0.082521,0.532838
F48->F49,47,179,208.3424,419.1387,-0.085659,-0.422996,0.951681,-0.103911,1.085306
F49->F50,48,0,402.1976,414.8304,-0.924083,-0.753952,-1.052566,-0.953486,0.237322
F49->F50,48,1,410.7636,394.0644,-0.991845,-0.867805,-0.323914,-1.055585,0.693826
F49->F50,48,2,417.4075,371.5504,-1.032204,-0.72281,-1.859506,0.016859,1.109747
F49->F50,48,3,422.0924,350.6346,-0.912476,-0.460488,-0.413633,-1.067663,0.785815
F49->F50,48,4,424.3939,329.7233,-0.888142,-0.222467,-1.625966,-0.009711,0.767886
F49->F50,48,5,422.1064,309.7277,-1.05178,-0.06982,-0.953037,-0.133874,0.117699
F49->F50,48,6,418.9121,289.0025,-1.216784,0.030512,-1.292324,-0.013633,0.087493
F49->F50,48,7,414.3909,268.5468,-1.324449,0.109755,-1.2529,-0.168915,0.287709
F49->F50,48,8,409.2823,247.9305,-1.432335,0.168723,-1.089319,-0.107718,0.440544
F49->F50,48,9,403.4229,227.4518,-1.39282,0.218662,-1.12991,0.056262,0.309023
F49->F50,48,10,397.4879,207.3305,-1.158768,0.252056,-0.739746,0.231214,0.41954
F49->F50,48,11,391.4978,187.5596,-0.841557,0.292736,-0.693973,0.342111,0.155624
F49->F50,48,12,385.0617,167.8362,-0.578779,0.32105,-0.27485,0.099113,0.376336
F49->F50,48,13,377.1621,148.5711,-0.391192,0.358902,-0.442717,0.611315,0.257618
F49->F50,48,14,366.4435,131.0063,-0.240763,0.380192,-0.143817,0.163322,0.237552
F49->F50,48,15,353.0216,115.8803,-0.122239,0.348053,0.138678,0.310025,0.263673
F49->F50,48,16,337.5414,104.7533,-0.063685,0.29244,0.00552,0.212429,0.105788
F49->F50,48,17,320.0696,99.0902,-0.050088,0.244293,-0.114883,0.195186,0.081301
F49->F50,48,18,301.7638,99.0161,-0.067442,0.238305,0.030855,0.245629,0.098569
F49->F50,48,19,283.598,104.84,-0.046714,0.233504,-0.115253,0.130674,0.123578
F49->F50,48,20,267.065,115.8571,-0.023171,0.206958,-0.134058,0.131771,0.133974
F49->F50,48,21,252.699,130.771,0.065726,0.179176,0.007866,0.139371,0.07023
F49->F50,48,22,241.3116,148.1611,0.261334,0.174574,0.370626,0.120739,0.121831
F49->F50,48,23,234.8741,167.916,0.409259,0.110677,0.536763,0.058583,0.137736
F49->F50,48,24,230.8871,188.0595,0.519877,0.022475,0.58066,0.159676,0.150062
F49->F50,48,25,229.0369,208.6505,0.610772,-0.082593,0.094593,0.020675,0.526408
F49->F50,48,26,228.6021,229.0921,0.695071,-0.165168,0.973994,-0.181503,0.279401
F49->F50,48,27,227.538,249.7472,0.796484,-0.222631,1.226939,-0.008031,0.480983
F49->F50,48,28,225.7369,270.6346,0.8755,-0.281719,1.244456,-0.205857,0.376675
F49->F50,48,29,222.9069,291.8723,0.884537,-0.343166,1.173273,-0.057139,0.406424
F49->F50,48,30,220.6096,313.1905,0.814563,-0.399951,-1.07397,-0.796367,1.929689
F49->F50,48,31,219.5451,334.3696,0.788821,-0.472714,2.717461,-0.04268,1.976001
F49->F50,48,32,218.7092,354.9255,0.666496,-0.536499,0.529756,-0.09215,0.464913
F49->F50,48,33,220.1374,374.3903,0.566493,-0.539898,0.277,-1.08092,0.613604
F49->F50,48,34,224.3924,394.2775,0.362197,-0.617631,-0.949952,-0.772797,1.321292
F49->F50,48,35,230.6495,412.9493,0.227665,-0.630449,1.97859,-0.063179,1.840525
F49->F50,48,36,409.3704,415.4212,-0.904165,-0.724047,0.116996,-0.776975,1.022532
F49->F50,48,37,417.2127,394.8688,-1.011471,-0.861577,-2.835197,-0.08719,1.981326
F49->F50,48,38,424.6442,372.2247,-0.923412,-0.743073,-1.544979,0.168274,1.103131
F49->F50,48,39,430.2799,350.8817,-0.723066,-0.462337,-0.366579,-1.060649,0.696462
F49->F50,48,40,431.2646,329.8173,-0.689724,-0.253288,-1.621075,0.003989,0.966233
F49->F50,48,41,429.3309,308.8624,-0.915775,-0.099764,-1.121073,-0.144073,0.210025
F49->F50,48,42,426.3413,287.5773,-1.114709,0.009748,-1.590837,0.125419,0.489976
F49->F50,48,43,422.4819,266.4583,-1.250316,0.107683,-1.165824,-0.150165,0.271338
F49->F50,48,44,417.954,245.4622,-1.330968,0.176912,-0.846674,0.075791,0.494739
F49->F50,48,45,412.8358,224.5949,-1.241286,0.232299,-0.796106,0.249202,0.445501
F49->F50,48,46,406.8272,204.4704,-1.011466,0.272982,-0.359033,-0.092681,0.747916
F49->F50,48,47,400.9033,184.1251,-0.7075,0.311054,-0.80486,0.245603,0.117315
F49->F50,48,48,393.6493,164.0652,-0.441405,0.329619,-0.111706,0.04055,0.438477
F49->F50,48,49,384.338,144.4474,-0.302845,0.360866,-0.390044,0.718179,0.367799
F49->F50,48,50,372.5006,125.7692,-0.182196,0.383164,-0.107498,0.055954,0.335628
F49->F50,48,51,357.7565,109.7813,-0.081501,0.350134,0.117732,0.370402,0.200261
F49->F50,48,52,340.4455,98.1455,-0.041603,0.29318,0.125541,0.200002,0.191363
F49->F50,48,53,321.1033,92.6004,-0.038076,0.246533,-0.097469,0.164072,0.101623
F49->F50,48,54,301.1655,93.159,-0.063787,0.240083,0.166111,0.290629,0.235389
F49->F50,48,55,281.3191,99.3931,-0.037059,0.220383,-0.080684,0.048149,0.177673
F49->F50,48,56,263.7096,111.4156,-0.020449,0.182171,0.070171,0.158482,0.093665
F49->F50,48,57,249.1187,127.8156,0.02416,0.157387,0.124893,0.183074,0.103956
F49->F50,48,58,237.0892,146.2068,0.201965,0.155143,0.550799,0.229332,0.356636
F49->F50,48,59,229.3364,166.6442,0.334045,0.079376,0.707325,0.057189,0.373939
F49->F50,48,60,224.0988,187.1662,0.432514,-0.002081,0.710885,0.112997,0.30122
F49->F50,48,61,221.3799,207.7311,0.536274,-0.091455,0.476984,-0.102274,0.06027
F49->F50,48,62,220.3048,228.2511,0.651106,-0.161695,0.675949,0.057561,0.220658
F49->F50,48,63,219.0488,248.9916,0.730636,-0.208891,0.924408,0.035311,0.311741
F49->F50,48,64,217.3434,269.9018,0.785962,-0.262873,0.88727,-0.145515,0.155036
F49->F50,48,65,214.8666,291.2212,0.768675,-0.31952,1.208124,-0.082411,0.499336
F49->F50,48,66,212.7877,312.5715,0.724897,-0.380682,-0.816758,-0.795289,1.596433
F49->F50,48,67,211.327,334.0453,0.677839,-0.453368,-0.137961,-0.792549,0.883501
F49->F50,48,68,209.7698,354.806,0.587149,-0.492187,0.532429,-0.070465,0.425257
F49->F50,48,69,210.9733,375.2595,0.46412,-0.476941,0.634601,-1.00555,0.55542
F49->F50,48,70,216.1696,395.625,0.293826,-0.549426,0.939356,0.077048,0.899543
F49->F50,48,71,225.0411,414.7526,0.218299,-0.612485,1.719395,-0.034885,1.608388
F49->F50,48,72,416.1459,417.4287,-0.938829,-0.690232,0.545714,-0.902199,1.499599
F49->F50,48,73,424.0891,396.7015,-1.027375,-0.849654,-2.639304,-0.150496,1.757025
F49->F50,48,74,431.4455,374.0027,-0.888436,-0.741669,-1.460148,-0.193264,0.792214
F49->F50,48,75,436.2995,351.8006,-0.66265,-0.438315,-2.218375,-0.176318,1.577632
F49->F50,48,76,436.8969,329.7003,-0.645882,-0.254325,-1.482967,-0.209889,0.838264
F49->F50,48,77,436.0958,308.164,-0.82917,-0.122601,-0.986884,-0.117427,0.157798
F49->F50,48,78,433.3865,286.3168,-1.039719,-0.002079,-1.104695,-0.249996,0.25629
F49->F50,48,79,430.435,264.4792,-1.182673,0.104447,-1.10994,-0.220237,0.33273
F49->F50,48,80,427.0202,242.8529,-1.243657,0.184163,-0.705493,0.161493,0.538642
F49->F50,48,81,422.1964,221.9854,-1.130269,0.239018,-0.758831,0.204017,0.373083
F49->F50,48,82,416.2573,201.6574,-0.904984,0.285991,-0.235607,-0.065072,0.755851
F49->F50,48,83,409.4826,181.1741,-0.620523,0.318852,-0.365503,-0.056896,0.454116
F49->F50,48,84,401.9112,160.6544,-0.373292,0.332216,0.027975,0.192631,0.424852
F49->F50,48,85,391.6653,140.5346,-0.249179,0.361506,-0.742214,0.989172,0.798153
F49->F50,48,86,378.9348,120.8916,-0.148249,0.36954,-0.127924,0.08557,0.284696
F49->F50,48,87,362.5219,103.9402,-0.063451,0.339112,-0.089813,0.511737,0.174626
F49->F50,48,88,343.3623,91.7474,-0.02126,0.288236,0.034567,0.199287,0.105017
F49->F50,48,89,322.0051,86.4937,-0.024542,0.243884,-0.178949,0.268253,0.156318
F49->F50,48,90,300.2634,87.5081,-0.047494,0.23595,0.168426,0.280804,0.220529
F49->F50,48,91,278.9397,94.1898,-0.020779,0.203385,-0.115619,0.060743,0.171294
F49->F50,48,92,259.9514,107.123,-0.001996,0.158448,-0.257722,0.267643,0.278064
F49->F50,48,93,245.4428,124.9095,0.00601,0.139121,0.337316,0.050199,0.343032
F49->F50,48,94,232.842,144.333,0.151545,0.130382,0.461758,0.262684,0.337248
F49->F50,48,95,223.7737,165.3135,0.27214,0.052233,0.671829,0.072068,0.400181
F49->F50,48,96,217.155,186.2762,0.358698,-0.027989,0.549696,0.052348,0.207206
F49->F50,48,97,213.874,206.8953,0.479222,-0.097604,0.752003,0.017947,0.296245
F49->F50,48,98,212.1152,227.4741,0.601319,-0.161643,0.473723,-0.381057,0.253817
F49->F50,48,99,210.3348,248.2085,0.67919,-0.208418,0.865278,-0.002272,0.277714
F49->F50,48,100,208.9459,269.2439,0.697143,-0.251203,0.706995,-0.125077,0.12651
F49->F50,48,101,206.7738,290.5272,0.679511,-0.30878,0.978579,-0.044127,0.399353
F49->F50,48,102,204.8811,312.0645,0.638467,-0.367587,1.049973,-0.139658,0.470414
F49->F50,48,103,203.1253,333.8671,0.599362,-0.432523,-1.247477,-0.862759,1.896291
F49->F50,48,104,201.2595,355.0145,0.517125,-0.44888,0.78413,-0.097136,0.441606
F49->F50,48,105,201.7773,376.3495,0.366784,-0.422054,0.461495,-0.95901,0.545244
F49->F50,48,106,207.7278,396.7321,0.237631,-0.486297,0.725036,0.07074,0.740171
F49->F50,48,107,219.2555,416.115,0.213396,-0.583973,-0.634236,-0.881839,0.898446
F49->F50,48,108,422.7504,419.1825,-0.99886,-0.670942,9.86406,-6.72974,12.43833
F49->F50,48,109,430.6014,398.0614,-1.045969,-0.819825,-2.166431,-0.306932,1.232272
F49->F50,48,110,438.6076,376.0083,-0.860283,-0.668076,0.135773,-0.857402,1.013889
F49->F50,48,111,441.8377,352.6209,-0.701446,-0.387896,0.090215,-0.946573,0.968941
F49->F50,48,112,443.1572,329.8714,-0.685555,-0.232259,-1.195725,-0.097101,0.52777
F49->F50,48,113,442.2429,307.6147,-0.7998,-0.136066,-0.946418,-0.061881,0.164318
F49->F50,48,114,440.5148,285.0885,-0.974059,-0.013798,-0.736062,0.021359,0.24058
F49->F50,48,115,438.3782,262.6018,-1.119491,0.100646,-1.084421,-0.312661,0.414793
F49->F50,48,116,435.7722,240.4765,-1.165748,0.185289,-0.784849,0.07528,0.396467
F49->F50,48,117,431.5612,219.4226,-1.034248,0.245564,-0.693657,0.113122,0.365435
F49->F50,48,118,425.5138,198.9543,-0.818173,0.296138,-0.163731,-0.001753,0.719051
F49->F50,48,119,418.5205,178.0772,-0.548615,0.325893,0.094523,0.256077,0.646916
F49->F50,48,120,409.7654,157.4117,-0.330062,0.339227,0.123835,0.064107,0.530767
F49->F50,48,121,399.1757,136.5179,-0.2377,0.357773,0.15091,0.266888,0.399097
F49->F50,48,122,385.2183,116.0697,-0.136012,0.345942,0.068707,0.171416,0.269015
F49->F50,48,123,367.3207,98.0617,-0.046405,0.327757,0.044879,0.182994,0.17114
F49->F50,48,124,346.2164,85.6042,-0.011776,0.271376,0.033984,0.310904,0.060469
F49->F50,48,125,323.0634,80.4273,-0.016193,0.238414,-0.185477,0.275543,0.173309
F49->F50,48,126,299.3893,81.9339,-0.027219,0.229232,-0.00131,0.293246,0.069059
F49->F50,48,127,276.5046,89.0441,-0.002174,0.186567,-0.05058,0.126244,0.077343
F49->F50,48,128,256.1931,102.7848,0.019434,0.137887,-0.482155,0.260643,0.516392
F49->F50,48,129,241.4838,121.9155,0.00957,0.122744,0.52057,0.263242,0.529963
F49->F50,48,130,228.6928,142.5687,0.118759,0.101054,0.490444,0.214166,0.388516
F49->F50,48,131,218.2924,164.1462,0.233644,0.019141,0.699362,0.190786,0.496342
F49->F50,48,132,210.6079,185.4812,0.315254,-0.048128,0.427018,-0.09201,0.12007
F49->F50,48,133,206.2826,206.0297,0.43111,-0.103367,0.925612,-0.083418,0.494904
F49->F50,48,134,203.5463,226.6268,0.544139,-0.161886,0.693276,-0.184005,0.150769
F49->F50,48,135,201.7256,247.4805,0.598868,-0.215921,0.452743,-0.204311,0.146585
F49->F50,48,136,200.4913,268.5976,0.607066,-0.246991,0.671274,-0.137238,0.127155
F49->F50,48,137,198.7278,289.8486,0.597542,-0.302281,0.827707,-0.089837,0.313223
F49->F50,48,138,196.7103,311.4802,0.568347,-0.358473,1.066301,-0.074741,0.573116
F49->F50,48,139,195.0184,333.2572,0.527253,-0.417371,-0.83733,-0.872056,1.438342
F49->F50,48,140,192.9651,355.0733,0.472201,-0.415459,-0.471491,-0.682842,0.980841
F49->F50,48,141,192.307,377.3649,0.322599,-0.389574,-0.386012,-0.649119,0.754648
F49->F50,48,142,199.3135,399.1979,0.251934,-0.456593,2.078257,-0.076846,1.865386
F49->F50,48,143,213.7629,417.3869,0.225552,-0.554301,-0.728009,-0.962512,1.037263
F49->F50,48,144,429.626,420.7912,-1.044485,-0.646642,-0.880436,-0.055096,0.613871
F49->F50,48,145,437.0452,400.0062,-1.03202,-0.751883,-2.132838,-0.108178,1.275208
F49->F50,48,146,444.4309,377.578,-0.845709,-0.572155,-1.952551,-0.110484,1.199266
F49->F50,48,147,447.6089,353.5828,-0.764392,-0.333711,2.730023,-2.117564,3.9234
F49->F50,48,148,448.8572,330.0911,-0.744228,-0.21921,-0.844605,-0.040533,0.204941
F49->F50,48,149,448.4901,306.9111,-0.805078,-0.136261,-0.711791,0.107517,0.261017
F49->F50,48,150,447.5338,283.8729,-0.93042,-0.027956,-0.633296,0.134921,0.338838
F49->F50,48,151,446.3422,260.6314,-1.0597,0.087127,-1.378211,0.155743,0.325818
F49->F50,48,152,444.5354,238.0468,-1.093181,0.181935,-0.976566,-0.000293,0.216347
F49->F50,48,153,440.7933,216.9057,-0.95102,0.252909,-0.69336,0.052104,0.326667
F49->F50,48,154,434.9063,196.1857,-0.750901,0.303794,0.040097,0.229251,0.794502
F49->F50,48,155,427.0909,175.2074,-0.498842,0.331107,0.083462,0.184816,0.600398
F49->F50,48,156,417.7591,154.096,-0.318112,0.34323,0.175073,0.073485,0.562133
F49->F50,48,157,406.4732,132.6145,-0.237467,0.35703,0.233559,0.106243,0.533628
F49->F50,48,158,391.5309,111.3535,-0.125521,0.320832,0.002767,0.050498,0.299229
F49->F50,48,159,372.0584,92.5353,-0.046169,0.304473,0.047606,0.001901,0.31677
F49->F50,48,160,349.1438,79.6418,-0.007172,0.252484,0.040036,0.296049,0.064238
F49->F50,48,161,323.903,74.7076,-0.009058,0.224887,-0.115268,0.223542,0.106218
F49->F50,48,162,298.5148,76.4728,-0.011423,0.22195,-0.013645,0.182333,0.039679
F49->F50,48,163,273.7856,84.1711,0.01997,0.164833,-0.102004,0.164748,0.121974
F49->F50,48,164,252.3536,98.5985,0.04404,0.116833,-0.30561,0.204481,0.360469
F49->F50,48,165,237.3719,119.0862,0.019623,0.108141,0.485114,-0.123171,0.519795
F49->F50,48,166,224.244,140.7733,0.09758,0.080132,0.59442,0.472761,0.633251
F49->F50,48,167,212.502,162.8374,0.200971,-0.012325,0.76295,0.380662,0.685754
F49->F50,48,168,203.9134,184.6031,0.29066,-0.067043,0.29501,-0.148358,0.081432
F49->F50,48,169,198.4869,205.1883,0.385415,-0.118934,1.066645,-0.118496,0.68123
F49->F50,48,170,195.2212,225.7756,0.474117,-0.169073,1.145605,-0.244285,0.675688
F49->F50,48,171,193.1598,246.7316,0.515868,-0.217054,0.648102,0.110694,0.353418
F49->F50,48,172,192.0507,267.9246,0.521082,-0.257259,0.855839,-0.155637,0.349842
F49->F50,48,173,190.5734,289.2007,0.534595,-0.304673,-0.054673,-0.709122,0.714714
F49->F50,48,174,188.6898,310.5864,0.500845,-0.350876,1.519812,0.121652,1.123199
F49->F50,48,175,186.6951,332.7268,0.470567,-0.39427,-0.121826,-0.747643,0.689784
F49->F50,48,176,184.513,354.8436,0.433453,-0.389254,-0.242273,-0.838031,0.811176
F49->F50,48,177,182.9918,378.5846,0.290354,-0.385037,-0.169405,-0.998395,0.766542
F49->F50,48,178,190.4786,402.1516,0.260512,-0.451949,0.594653,-0.710432,0.422449
F49->F50,48,179,208.2567,418.7157,0.239202,-0.524369,-0.12225,-1.006045,0.602212
